slug_ko,keyword,scheme,region,category,intent,needs_correction,correction_terms,source_no
개인회생-신청자격,개인회생 신청자격,rehab,,신청자격,신청 가능 여부,0,,1
개인회생-신청자격-확인,개인회생 신청자격 확인,rehab,,신청자격,신청 가능 여부,0,,2
개인회생-신청자격-상담,개인회생 신청자격 상담,rehab,,신청자격,상담·서비스 탐색,0,,3
개인회생-신청자격-사례,개인회생 신청자격 사례,rehab,,신청자격,사례·경험 탐색,0,,4
개인회생-자격조건,개인회생 자격조건,rehab,,신청자격,신청 가능 여부,0,,5
개인회생-자격조건-확인,개인회생 자격조건 확인,rehab,,신청자격,신청 가능 여부,0,,6
개인회생-자격조건-상담,개인회생 자격조건 상담,rehab,,신청자격,상담·서비스 탐색,0,,7
개인회생-자격조건-사례,개인회생 자격조건 사례,rehab,,신청자격,사례·경험 탐색,0,,8
개인회생-신청대상,개인회생 신청대상,rehab,,신청자격,신청 가능 여부,0,,9
개인회생-신청대상-확인,개인회생 신청대상 확인,rehab,,신청자격,신청 가능 여부,0,,10
개인회생-신청대상-상담,개인회생 신청대상 상담,rehab,,신청자격,상담·서비스 탐색,0,,11
개인회생-신청대상-사례,개인회생 신청대상 사례,rehab,,신청자격,사례·경험 탐색,0,,12
개인회생-소득-요건,개인회생 소득 요건,rehab,,신청자격,신청 가능 여부,0,,13
개인회생-소득-요건-확인,개인회생 소득 요건 확인,rehab,,신청자격,신청 가능 여부,0,,14
개인회생-소득-요건-상담,개인회생 소득 요건 상담,rehab,,신청자격,상담·서비스 탐색,0,,15
개인회생-소득-요건-사례,개인회생 소득 요건 사례,rehab,,신청자격,사례·경험 탐색,0,,16
개인회생-채무-한도,개인회생 채무 한도,rehab,,신청자격,신청 가능 여부,0,,17
개인회생-채무-한도-확인,개인회생 채무 한도 확인,rehab,,신청자격,신청 가능 여부,0,,18
개인회생-채무-한도-상담,개인회생 채무 한도 상담,rehab,,신청자격,상담·서비스 탐색,0,,19
개인회생-채무-한도-사례,개인회생 채무 한도 사례,rehab,,신청자격,사례·경험 탐색,0,,20
개인회생-재산-요건,개인회생 재산 요건,rehab,,신청자격,신청 가능 여부,0,,21
개인회생-재산-요건-확인,개인회생 재산 요건 확인,rehab,,신청자격,신청 가능 여부,0,,22
개인회생-재산-요건-상담,개인회생 재산 요건 상담,rehab,,신청자격,상담·서비스 탐색,0,,23
개인회생-재산-요건-사례,개인회생 재산 요건 사례,rehab,,신청자격,사례·경험 탐색,0,,24
개인회생-연체-전-신청,개인회생 연체 전 신청,rehab,,신청자격,신청 가능 여부,0,,25
개인회생-연체-전-신청-확인,개인회생 연체 전 신청 확인,rehab,,신청자격,신청 가능 여부,0,,26
개인회생-연체-전-신청-상담,개인회생 연체 전 신청 상담,rehab,,신청자격,상담·서비스 탐색,0,,27
개인회생-연체-전-신청-사례,개인회생 연체 전 신청 사례,rehab,,신청자격,사례·경험 탐색,0,,28
개인회생-연체-후-신청,개인회생 연체 후 신청,rehab,,신청자격,신청 가능 여부,0,,29
개인회생-연체-후-신청-확인,개인회생 연체 후 신청 확인,rehab,,신청자격,신청 가능 여부,0,,30
개인회생-연체-후-신청-상담,개인회생 연체 후 신청 상담,rehab,,신청자격,상담·서비스 탐색,0,,31
개인회생-연체-후-신청-사례,개인회생 연체 후 신청 사례,rehab,,신청자격,사례·경험 탐색,0,,32
개인회생-신용불량-상태-신청,개인회생 신용불량 상태 신청,rehab,,신청자격,신청 가능 여부,0,,33
개인회생-신용불량-상태-신청-확인,개인회생 신용불량 상태 신청 확인,rehab,,신청자격,신청 가능 여부,0,,34
개인회생-신용불량-상태-신청-상담,개인회생 신용불량 상태 신청 상담,rehab,,신청자격,상담·서비스 탐색,0,,35
개인회생-신용불량-상태-신청-사례,개인회생 신용불량 상태 신청 사례,rehab,,신청자격,사례·경험 탐색,0,,36
개인회생-신규-취업자-신청,개인회생 신규 취업자 신청,rehab,,신청자격,신청 가능 여부,0,,37
개인회생-신규-취업자-신청-확인,개인회생 신규 취업자 신청 확인,rehab,,신청자격,신청 가능 여부,0,,38
개인회생-신규-취업자-신청-상담,개인회생 신규 취업자 신청 상담,rehab,,신청자격,상담·서비스 탐색,0,,39
개인회생-신규-취업자-신청-사례,개인회생 신규 취업자 신청 사례,rehab,,신청자격,사례·경험 탐색,0,,40
개인회생-단기-근무자-신청,개인회생 단기 근무자 신청,rehab,,신청자격,신청 가능 여부,0,,41
개인회생-단기-근무자-신청-확인,개인회생 단기 근무자 신청 확인,rehab,,신청자격,신청 가능 여부,0,,42
개인회생-단기-근무자-신청-상담,개인회생 단기 근무자 신청 상담,rehab,,신청자격,상담·서비스 탐색,0,,43
개인회생-단기-근무자-신청-사례,개인회생 단기 근무자 신청 사례,rehab,,신청자격,사례·경험 탐색,0,,44
개인회생-고령자-신청,개인회생 고령자 신청,rehab,,신청자격,신청 가능 여부,0,,45
개인회생-고령자-신청-확인,개인회생 고령자 신청 확인,rehab,,신청자격,신청 가능 여부,0,,46
개인회생-고령자-신청-상담,개인회생 고령자 신청 상담,rehab,,신청자격,상담·서비스 탐색,0,,47
개인회생-고령자-신청-사례,개인회생 고령자 신청 사례,rehab,,신청자격,사례·경험 탐색,0,,48
개인회생-청년-신청,개인회생 청년 신청,rehab,,신청자격,신청 가능 여부,0,,49
개인회생-청년-신청-확인,개인회생 청년 신청 확인,rehab,,신청자격,신청 가능 여부,0,,50
개인회생-청년-신청-상담,개인회생 청년 신청 상담,rehab,,신청자격,상담·서비스 탐색,0,,51
개인회생-청년-신청-사례,개인회생 청년 신청 사례,rehab,,신청자격,사례·경험 탐색,0,,52
개인회생-외국인-신청,개인회생 외국인 신청,rehab,,신청자격,신청 가능 여부,0,,53
개인회생-외국인-신청-확인,개인회생 외국인 신청 확인,rehab,,신청자격,신청 가능 여부,0,,54
개인회생-외국인-신청-상담,개인회생 외국인 신청 상담,rehab,,신청자격,상담·서비스 탐색,0,,55
개인회생-외국인-신청-사례,개인회생 외국인 신청 사례,rehab,,신청자격,사례·경험 탐색,0,,56
개인회생-해외-거주자-신청,개인회생 해외 거주자 신청,rehab,,신청자격,신청 가능 여부,0,,57
개인회생-해외-거주자-신청-확인,개인회생 해외 거주자 신청 확인,rehab,,신청자격,신청 가능 여부,0,,58
개인회생-해외-거주자-신청-상담,개인회생 해외 거주자 신청 상담,rehab,,신청자격,상담·서비스 탐색,0,,59
개인회생-해외-거주자-신청-사례,개인회생 해외 거주자 신청 사례,rehab,,신청자격,사례·경험 탐색,0,,60
개인회생-미성년자-신청,개인회생 미성년자 신청,rehab,,신청자격,신청 가능 여부,0,,61
개인회생-미성년자-신청-확인,개인회생 미성년자 신청 확인,rehab,,신청자격,신청 가능 여부,0,,62
개인회생-미성년자-신청-상담,개인회생 미성년자 신청 상담,rehab,,신청자격,상담·서비스 탐색,0,,63
개인회생-미성년자-신청-사례,개인회생 미성년자 신청 사례,rehab,,신청자격,사례·경험 탐색,0,,64
개인회생-기초생활수급자-신청,개인회생 기초생활수급자 신청,rehab,,신청자격,신청 가능 여부,0,,65
개인회생-기초생활수급자-신청-확인,개인회생 기초생활수급자 신청 확인,rehab,,신청자격,신청 가능 여부,0,,66
개인회생-기초생활수급자-신청-상담,개인회생 기초생활수급자 신청 상담,rehab,,신청자격,상담·서비스 탐색,0,,67
개인회생-기초생활수급자-신청-사례,개인회생 기초생활수급자 신청 사례,rehab,,신청자격,사례·경험 탐색,0,,68
개인회생-차상위계층-신청,개인회생 차상위계층 신청,rehab,,신청자격,신청 가능 여부,0,,69
개인회생-차상위계층-신청-확인,개인회생 차상위계층 신청 확인,rehab,,신청자격,신청 가능 여부,0,,70
개인회생-차상위계층-신청-상담,개인회생 차상위계층 신청 상담,rehab,,신청자격,상담·서비스 탐색,0,,71
개인회생-차상위계층-신청-사례,개인회생 차상위계층 신청 사례,rehab,,신청자격,사례·경험 탐색,0,,72
개인회생-과거-면책-이력,개인회생 과거 면책 이력,rehab,,신청자격,신청 가능 여부,0,,73
개인회생-과거-면책-이력-확인,개인회생 과거 면책 이력 확인,rehab,,신청자격,신청 가능 여부,0,,74
개인회생-과거-면책-이력-상담,개인회생 과거 면책 이력 상담,rehab,,신청자격,상담·서비스 탐색,0,,75
개인회생-과거-면책-이력-사례,개인회생 과거 면책 이력 사례,rehab,,신청자격,사례·경험 탐색,0,,76
개인회생-지급불능-상태,개인회생 지급불능 상태,rehab,,신청자격,신청 가능 여부,0,,77
개인회생-지급불능-상태-확인,개인회생 지급불능 상태 확인,rehab,,신청자격,신청 가능 여부,0,,78
개인회생-지급불능-상태-상담,개인회생 지급불능 상태 상담,rehab,,신청자격,상담·서비스 탐색,0,,79
개인회생-지급불능-상태-사례,개인회생 지급불능 상태 사례,rehab,,신청자격,사례·경험 탐색,0,,80
개인회생-월급,개인회생 월급,rehab,,소득,소득 반영 방식 확인,0,,81
개인회생-월급-산정-기준,개인회생 월급 산정 기준,rehab,,소득,소득 반영 방식 확인,0,,82
개인회생-월급-증빙-방법,개인회생 월급 증빙 방법,rehab,,소득,서류·증빙 준비,0,,83
개인회생-월급-변제금-영향,개인회생 월급 변제금 영향,rehab,,소득,소득 반영 방식 확인,0,,84
개인회생-상여금,개인회생 상여금,rehab,,소득,소득 반영 방식 확인,0,,85
개인회생-상여금-산정-기준,개인회생 상여금 산정 기준,rehab,,소득,소득 반영 방식 확인,0,,86
개인회생-상여금-증빙-방법,개인회생 상여금 증빙 방법,rehab,,소득,서류·증빙 준비,0,,87
개인회생-상여금-변제금-영향,개인회생 상여금 변제금 영향,rehab,,소득,소득 반영 방식 확인,0,,88
개인회생-성과급,개인회생 성과급,rehab,,소득,소득 반영 방식 확인,0,,89
개인회생-성과급-산정-기준,개인회생 성과급 산정 기준,rehab,,소득,소득 반영 방식 확인,0,,90
개인회생-성과급-증빙-방법,개인회생 성과급 증빙 방법,rehab,,소득,서류·증빙 준비,0,,91
개인회생-성과급-변제금-영향,개인회생 성과급 변제금 영향,rehab,,소득,소득 반영 방식 확인,0,,92
개인회생-퇴직금,개인회생 퇴직금,rehab,,소득,소득 반영 방식 확인,0,,93
개인회생-퇴직금-산정-기준,개인회생 퇴직금 산정 기준,rehab,,소득,소득 반영 방식 확인,0,,94
개인회생-퇴직금-증빙-방법,개인회생 퇴직금 증빙 방법,rehab,,소득,서류·증빙 준비,0,,95
개인회생-퇴직금-변제금-영향,개인회생 퇴직금 변제금 영향,rehab,,소득,소득 반영 방식 확인,0,,96
개인회생-퇴직연금,개인회생 퇴직연금,rehab,,소득,소득 반영 방식 확인,0,,97
개인회생-퇴직연금-산정-기준,개인회생 퇴직연금 산정 기준,rehab,,소득,소득 반영 방식 확인,0,,98
개인회생-퇴직연금-증빙-방법,개인회생 퇴직연금 증빙 방법,rehab,,소득,서류·증빙 준비,0,,99
개인회생-퇴직연금-변제금-영향,개인회생 퇴직연금 변제금 영향,rehab,,소득,소득 반영 방식 확인,0,,100
개인회생-국민연금,개인회생 국민연금,rehab,,소득,소득 반영 방식 확인,0,,101
개인회생-국민연금-산정-기준,개인회생 국민연금 산정 기준,rehab,,소득,소득 반영 방식 확인,0,,102
개인회생-국민연금-증빙-방법,개인회생 국민연금 증빙 방법,rehab,,소득,서류·증빙 준비,0,,103
개인회생-국민연금-변제금-영향,개인회생 국민연금 변제금 영향,rehab,,소득,소득 반영 방식 확인,0,,104
개인회생-일용근로소득,개인회생 일용근로소득,rehab,,소득,소득 반영 방식 확인,0,,105
개인회생-일용근로소득-산정-기준,개인회생 일용근로소득 산정 기준,rehab,,소득,소득 반영 방식 확인,0,,106
개인회생-일용근로소득-증빙-방법,개인회생 일용근로소득 증빙 방법,rehab,,소득,서류·증빙 준비,0,,107
개인회생-일용근로소득-변제금-영향,개인회생 일용근로소득 변제금 영향,rehab,,소득,소득 반영 방식 확인,0,,108
개인회생-사업소득,개인회생 사업소득,rehab,,소득,소득 반영 방식 확인,0,,109
개인회생-사업소득-산정-기준,개인회생 사업소득 산정 기준,rehab,,소득,소득 반영 방식 확인,0,,110
개인회생-사업소득-증빙-방법,개인회생 사업소득 증빙 방법,rehab,,소득,서류·증빙 준비,0,,111
개인회생-사업소득-변제금-영향,개인회생 사업소득 변제금 영향,rehab,,소득,소득 반영 방식 확인,0,,112
개인회생-프리랜서-소득,개인회생 프리랜서 소득,rehab,,소득,소득 반영 방식 확인,0,,113
개인회생-프리랜서-소득-산정-기준,개인회생 프리랜서 소득 산정 기준,rehab,,소득,소득 반영 방식 확인,0,,114
개인회생-프리랜서-소득-증빙-방법,개인회생 프리랜서 소득 증빙 방법,rehab,,소득,서류·증빙 준비,0,,115
개인회생-프리랜서-소득-변제금-영향,개인회생 프리랜서 소득 변제금 영향,rehab,,소득,소득 반영 방식 확인,0,,116
개인회생-부업소득,개인회생 부업소득,rehab,,소득,소득 반영 방식 확인,0,,117
개인회생-부업소득-산정-기준,개인회생 부업소득 산정 기준,rehab,,소득,소득 반영 방식 확인,0,,118
개인회생-부업소득-증빙-방법,개인회생 부업소득 증빙 방법,rehab,,소득,서류·증빙 준비,0,,119
개인회생-부업소득-변제금-영향,개인회생 부업소득 변제금 영향,rehab,,소득,소득 반영 방식 확인,0,,120
개인회생-임대소득,개인회생 임대소득,rehab,,소득,소득 반영 방식 확인,0,,121
개인회생-임대소득-산정-기준,개인회생 임대소득 산정 기준,rehab,,소득,소득 반영 방식 확인,0,,122
개인회생-임대소득-증빙-방법,개인회생 임대소득 증빙 방법,rehab,,소득,서류·증빙 준비,0,,123
개인회생-임대소득-변제금-영향,개인회생 임대소득 변제금 영향,rehab,,소득,소득 반영 방식 확인,0,,124
개인회생-현금-급여,개인회생 현금 급여,rehab,,소득,소득 반영 방식 확인,0,,125
개인회생-현금-급여-산정-기준,개인회생 현금 급여 산정 기준,rehab,,소득,소득 반영 방식 확인,0,,126
개인회생-현금-급여-증빙-방법,개인회생 현금 급여 증빙 방법,rehab,,소득,서류·증빙 준비,0,,127
개인회생-현금-급여-변제금-영향,개인회생 현금 급여 변제금 영향,rehab,,소득,소득 반영 방식 확인,0,,128
개인회생-급여-실수령액,개인회생 급여 실수령액,rehab,,소득,소득 반영 방식 확인,0,,129
개인회생-급여-실수령액-산정-기준,개인회생 급여 실수령액 산정 기준,rehab,,소득,소득 반영 방식 확인,0,,130
개인회생-급여-실수령액-증빙-방법,개인회생 급여 실수령액 증빙 방법,rehab,,소득,서류·증빙 준비,0,,131
개인회생-급여-실수령액-변제금-영향,개인회생 급여 실수령액 변제금 영향,rehab,,소득,소득 반영 방식 확인,0,,132
개인회생-세전-급여,개인회생 세전 급여,rehab,,소득,소득 반영 방식 확인,0,,133
개인회생-세전-급여-산정-기준,개인회생 세전 급여 산정 기준,rehab,,소득,소득 반영 방식 확인,0,,134
개인회생-세전-급여-증빙-방법,개인회생 세전 급여 증빙 방법,rehab,,소득,서류·증빙 준비,0,,135
개인회생-세전-급여-변제금-영향,개인회생 세전 급여 변제금 영향,rehab,,소득,소득 반영 방식 확인,0,,136
개인회생-비정기-소득,개인회생 비정기 소득,rehab,,소득,소득 반영 방식 확인,0,,137
개인회생-비정기-소득-산정-기준,개인회생 비정기 소득 산정 기준,rehab,,소득,소득 반영 방식 확인,0,,138
개인회생-비정기-소득-증빙-방법,개인회생 비정기 소득 증빙 방법,rehab,,소득,서류·증빙 준비,0,,139
개인회생-비정기-소득-변제금-영향,개인회생 비정기 소득 변제금 영향,rehab,,소득,소득 반영 방식 확인,0,,140
개인회생-수습기간-급여,개인회생 수습기간 급여,rehab,,소득,소득 반영 방식 확인,0,,141
개인회생-수습기간-급여-산정-기준,개인회생 수습기간 급여 산정 기준,rehab,,소득,소득 반영 방식 확인,0,,142
개인회생-수습기간-급여-증빙-방법,개인회생 수습기간 급여 증빙 방법,rehab,,소득,서류·증빙 준비,0,,143
개인회생-수습기간-급여-변제금-영향,개인회생 수습기간 급여 변제금 영향,rehab,,소득,소득 반영 방식 확인,0,,144
개인회생-육아휴직-급여,개인회생 육아휴직 급여,rehab,,소득,소득 반영 방식 확인,0,,145
개인회생-육아휴직-급여-산정-기준,개인회생 육아휴직 급여 산정 기준,rehab,,소득,소득 반영 방식 확인,0,,146
개인회생-육아휴직-급여-증빙-방법,개인회생 육아휴직 급여 증빙 방법,rehab,,소득,서류·증빙 준비,0,,147
개인회생-육아휴직-급여-변제금-영향,개인회생 육아휴직 급여 변제금 영향,rehab,,소득,소득 반영 방식 확인,0,,148
개인회생-실업급여,개인회생 실업급여,rehab,,소득,소득 반영 방식 확인,0,,149
개인회생-실업급여-산정-기준,개인회생 실업급여 산정 기준,rehab,,소득,소득 반영 방식 확인,0,,150
개인회생-실업급여-증빙-방법,개인회생 실업급여 증빙 방법,rehab,,소득,서류·증빙 준비,0,,151
개인회생-실업급여-변제금-영향,개인회생 실업급여 변제금 영향,rehab,,소득,소득 반영 방식 확인,0,,152
개인회생-소득-감소,개인회생 소득 감소,rehab,,소득,소득 반영 방식 확인,0,,153
개인회생-소득-감소-산정-기준,개인회생 소득 감소 산정 기준,rehab,,소득,소득 반영 방식 확인,0,,154
개인회생-소득-감소-증빙-방법,개인회생 소득 감소 증빙 방법,rehab,,소득,서류·증빙 준비,0,,155
개인회생-소득-감소-변제금-영향,개인회생 소득 감소 변제금 영향,rehab,,소득,소득 반영 방식 확인,0,,156
개인회생-소득-증가,개인회생 소득 증가,rehab,,소득,소득 반영 방식 확인,0,,157
개인회생-소득-증가-산정-기준,개인회생 소득 증가 산정 기준,rehab,,소득,소득 반영 방식 확인,0,,158
개인회생-소득-증가-증빙-방법,개인회생 소득 증가 증빙 방법,rehab,,소득,서류·증빙 준비,0,,159
개인회생-소득-증가-변제금-영향,개인회생 소득 증가 변제금 영향,rehab,,소득,소득 반영 방식 확인,0,,160
개인회생-신용대출,개인회생 신용대출,rehab,,채무,채무 포함 여부 확인,0,,161
개인회생-신용대출-포함-여부,개인회생 신용대출 포함 여부,rehab,,채무,채무 포함 여부 확인,0,,162
개인회생-신용대출-처리-방법,개인회생 신용대출 처리 방법,rehab,,채무,방법·절차 확인,0,,163
개인회생-신용대출-상담,개인회생 신용대출 상담,rehab,,채무,상담·서비스 탐색,0,,164
개인회생-카드론,개인회생 카드론,rehab,,채무,채무 포함 여부 확인,0,,165
개인회생-카드론-포함-여부,개인회생 카드론 포함 여부,rehab,,채무,채무 포함 여부 확인,0,,166
개인회생-카드론-처리-방법,개인회생 카드론 처리 방법,rehab,,채무,방법·절차 확인,0,,167
개인회생-카드론-상담,개인회생 카드론 상담,rehab,,채무,상담·서비스 탐색,0,,168
개인회생-현금서비스,개인회생 현금서비스,rehab,,채무,채무 포함 여부 확인,0,,169
개인회생-현금서비스-포함-여부,개인회생 현금서비스 포함 여부,rehab,,채무,채무 포함 여부 확인,0,,170
개인회생-현금서비스-처리-방법,개인회생 현금서비스 처리 방법,rehab,,채무,방법·절차 확인,0,,171
개인회생-현금서비스-상담,개인회생 현금서비스 상담,rehab,,채무,상담·서비스 탐색,0,,172
개인회생-카드대금,개인회생 카드대금,rehab,,채무,채무 포함 여부 확인,0,,173
개인회생-카드대금-포함-여부,개인회생 카드대금 포함 여부,rehab,,채무,채무 포함 여부 확인,0,,174
개인회생-카드대금-처리-방법,개인회생 카드대금 처리 방법,rehab,,채무,방법·절차 확인,0,,175
개인회생-카드대금-상담,개인회생 카드대금 상담,rehab,,채무,상담·서비스 탐색,0,,176
개인회생-리볼빙,개인회생 리볼빙,rehab,,채무,채무 포함 여부 확인,0,,177
개인회생-리볼빙-포함-여부,개인회생 리볼빙 포함 여부,rehab,,채무,채무 포함 여부 확인,0,,178
개인회생-리볼빙-처리-방법,개인회생 리볼빙 처리 방법,rehab,,채무,방법·절차 확인,0,,179
개인회생-리볼빙-상담,개인회생 리볼빙 상담,rehab,,채무,상담·서비스 탐색,0,,180
개인회생-대부업-대출,개인회생 대부업 대출,rehab,,채무,채무 포함 여부 확인,0,,181
개인회생-대부업-대출-포함-여부,개인회생 대부업 대출 포함 여부,rehab,,채무,채무 포함 여부 확인,0,,182
개인회생-대부업-대출-처리-방법,개인회생 대부업 대출 처리 방법,rehab,,채무,방법·절차 확인,0,,183
개인회생-대부업-대출-상담,개인회생 대부업 대출 상담,rehab,,채무,상담·서비스 탐색,0,,184
개인회생-저축은행-대출,개인회생 저축은행 대출,rehab,,채무,채무 포함 여부 확인,0,,185
개인회생-저축은행-대출-포함-여부,개인회생 저축은행 대출 포함 여부,rehab,,채무,채무 포함 여부 확인,0,,186
개인회생-저축은행-대출-처리-방법,개인회생 저축은행 대출 처리 방법,rehab,,채무,방법·절차 확인,0,,187
개인회생-저축은행-대출-상담,개인회생 저축은행 대출 상담,rehab,,채무,상담·서비스 탐색,0,,188
개인회생-인터넷은행-대출,개인회생 인터넷은행 대출,rehab,,채무,채무 포함 여부 확인,0,,189
개인회생-인터넷은행-대출-포함-여부,개인회생 인터넷은행 대출 포함 여부,rehab,,채무,채무 포함 여부 확인,0,,190
개인회생-인터넷은행-대출-처리-방법,개인회생 인터넷은행 대출 처리 방법,rehab,,채무,방법·절차 확인,0,,191
개인회생-인터넷은행-대출-상담,개인회생 인터넷은행 대출 상담,rehab,,채무,상담·서비스 탐색,0,,192
개인회생-학자금대출,개인회생 학자금대출,rehab,,채무,채무 포함 여부 확인,0,,193
개인회생-학자금대출-포함-여부,개인회생 학자금대출 포함 여부,rehab,,채무,채무 포함 여부 확인,0,,194
개인회생-학자금대출-처리-방법,개인회생 학자금대출 처리 방법,rehab,,채무,방법·절차 확인,0,,195
개인회생-학자금대출-상담,개인회생 학자금대출 상담,rehab,,채무,상담·서비스 탐색,0,,196
개인회생-보증채무,개인회생 보증채무,rehab,,채무,채무 포함 여부 확인,0,,197
개인회생-보증채무-포함-여부,개인회생 보증채무 포함 여부,rehab,,채무,채무 포함 여부 확인,0,,198
개인회생-보증채무-처리-방법,개인회생 보증채무 처리 방법,rehab,,채무,방법·절차 확인,0,,199
개인회생-보증채무-상담,개인회생 보증채무 상담,rehab,,채무,상담·서비스 탐색,0,,200
개인회생-연대보증,개인회생 연대보증,rehab,,채무,채무 포함 여부 확인,0,,201
개인회생-연대보증-포함-여부,개인회생 연대보증 포함 여부,rehab,,채무,채무 포함 여부 확인,0,,202
개인회생-연대보증-처리-방법,개인회생 연대보증 처리 방법,rehab,,채무,방법·절차 확인,0,,203
개인회생-연대보증-상담,개인회생 연대보증 상담,rehab,,채무,상담·서비스 탐색,0,,204
개인회생-개인-간-차용금,개인회생 개인 간 차용금,rehab,,채무,채무 포함 여부 확인,0,,205
개인회생-개인-간-차용금-포함-여부,개인회생 개인 간 차용금 포함 여부,rehab,,채무,채무 포함 여부 확인,0,,206
개인회생-개인-간-차용금-처리-방법,개인회생 개인 간 차용금 처리 방법,rehab,,채무,방법·절차 확인,0,,207
개인회생-개인-간-차용금-상담,개인회생 개인 간 차용금 상담,rehab,,채무,상담·서비스 탐색,0,,208
개인회생-가족에게-빌린-돈,개인회생 가족에게 빌린 돈,rehab,,채무,채무 포함 여부 확인,0,,209
개인회생-가족에게-빌린-돈-포함-여부,개인회생 가족에게 빌린 돈 포함 여부,rehab,,채무,채무 포함 여부 확인,0,,210
개인회생-가족에게-빌린-돈-처리-방법,개인회생 가족에게 빌린 돈 처리 방법,rehab,,채무,방법·절차 확인,0,,211
개인회생-가족에게-빌린-돈-상담,개인회생 가족에게 빌린 돈 상담,rehab,,채무,상담·서비스 탐색,0,,212
개인회생-사업자대출,개인회생 사업자대출,rehab,,채무,채무 포함 여부 확인,0,,213
개인회생-사업자대출-포함-여부,개인회생 사업자대출 포함 여부,rehab,,채무,채무 포함 여부 확인,0,,214
개인회생-사업자대출-처리-방법,개인회생 사업자대출 처리 방법,rehab,,채무,방법·절차 확인,0,,215
개인회생-사업자대출-상담,개인회생 사업자대출 상담,rehab,,채무,상담·서비스 탐색,0,,216
개인회생-통신요금-미납,개인회생 통신요금 미납,rehab,,채무,채무 포함 여부 확인,0,,217
개인회생-통신요금-미납-포함-여부,개인회생 통신요금 미납 포함 여부,rehab,,채무,채무 포함 여부 확인,0,,218
개인회생-통신요금-미납-처리-방법,개인회생 통신요금 미납 처리 방법,rehab,,채무,방법·절차 확인,0,,219
개인회생-통신요금-미납-상담,개인회생 통신요금 미납 상담,rehab,,채무,상담·서비스 탐색,0,,220
개인회생-렌탈료-미납,개인회생 렌탈료 미납,rehab,,채무,채무 포함 여부 확인,0,,221
개인회생-렌탈료-미납-포함-여부,개인회생 렌탈료 미납 포함 여부,rehab,,채무,채무 포함 여부 확인,0,,222
개인회생-렌탈료-미납-처리-방법,개인회생 렌탈료 미납 처리 방법,rehab,,채무,방법·절차 확인,0,,223
개인회생-렌탈료-미납-상담,개인회생 렌탈료 미납 상담,rehab,,채무,상담·서비스 탐색,0,,224
개인회생-세금-체납,개인회생 세금 체납,rehab,,채무,채무 포함 여부 확인,0,,225
개인회생-세금-체납-포함-여부,개인회생 세금 체납 포함 여부,rehab,,채무,채무 포함 여부 확인,0,,226
개인회생-세금-체납-처리-방법,개인회생 세금 체납 처리 방법,rehab,,채무,방법·절차 확인,0,,227
개인회생-세금-체납-상담,개인회생 세금 체납 상담,rehab,,채무,상담·서비스 탐색,0,,228
개인회생-건강보험료-체납,개인회생 건강보험료 체납,rehab,,채무,채무 포함 여부 확인,0,,229
개인회생-건강보험료-체납-포함-여부,개인회생 건강보험료 체납 포함 여부,rehab,,채무,채무 포함 여부 확인,0,,230
개인회생-건강보험료-체납-처리-방법,개인회생 건강보험료 체납 처리 방법,rehab,,채무,방법·절차 확인,0,,231
개인회생-건강보험료-체납-상담,개인회생 건강보험료 체납 상담,rehab,,채무,상담·서비스 탐색,0,,232
개인회생-손해배상채무,개인회생 손해배상채무,rehab,,채무,채무 포함 여부 확인,0,,233
개인회생-손해배상채무-포함-여부,개인회생 손해배상채무 포함 여부,rehab,,채무,채무 포함 여부 확인,0,,234
개인회생-손해배상채무-처리-방법,개인회생 손해배상채무 처리 방법,rehab,,채무,방법·절차 확인,0,,235
개인회생-손해배상채무-상담,개인회생 손해배상채무 상담,rehab,,채무,상담·서비스 탐색,0,,236
개인회생-양육비-채무,개인회생 양육비 채무,rehab,,채무,채무 포함 여부 확인,0,,237
개인회생-양육비-채무-포함-여부,개인회생 양육비 채무 포함 여부,rehab,,채무,채무 포함 여부 확인,0,,238
개인회생-양육비-채무-처리-방법,개인회생 양육비 채무 처리 방법,rehab,,채무,방법·절차 확인,0,,239
개인회생-양육비-채무-상담,개인회생 양육비 채무 상담,rehab,,채무,상담·서비스 탐색,0,,240
개인회생-자가주택,개인회생 자가주택,rehab,,재산,재산 평가 및 유지 확인,0,,241
개인회생-자가주택-평가-기준,개인회생 자가주택 평가 기준,rehab,,재산,재산 평가 및 유지 확인,0,,242
개인회생-자가주택-신고-방법,개인회생 자가주택 신고 방법,rehab,,재산,방법·절차 확인,0,,243
개인회생-자가주택-청산가치-반영,개인회생 자가주택 청산가치 반영,rehab,,재산,재산 평가 및 유지 확인,0,,244
개인회생-전세보증금,개인회생 전세보증금,rehab,,재산,재산 평가 및 유지 확인,0,,245
개인회생-전세보증금-평가-기준,개인회생 전세보증금 평가 기준,rehab,,재산,재산 평가 및 유지 확인,0,,246
개인회생-전세보증금-신고-방법,개인회생 전세보증금 신고 방법,rehab,,재산,방법·절차 확인,0,,247
개인회생-전세보증금-청산가치-반영,개인회생 전세보증금 청산가치 반영,rehab,,재산,재산 평가 및 유지 확인,0,,248
개인회생-월세보증금,개인회생 월세보증금,rehab,,재산,재산 평가 및 유지 확인,0,,249
개인회생-월세보증금-평가-기준,개인회생 월세보증금 평가 기준,rehab,,재산,재산 평가 및 유지 확인,0,,250
개인회생-월세보증금-신고-방법,개인회생 월세보증금 신고 방법,rehab,,재산,방법·절차 확인,0,,251
개인회생-월세보증금-청산가치-반영,개인회생 월세보증금 청산가치 반영,rehab,,재산,재산 평가 및 유지 확인,0,,252
개인회생-자동차,개인회생 자동차,rehab,,재산,재산 평가 및 유지 확인,0,,253
개인회생-자동차-평가-기준,개인회생 자동차 평가 기준,rehab,,재산,재산 평가 및 유지 확인,0,,254
개인회생-자동차-신고-방법,개인회생 자동차 신고 방법,rehab,,재산,방법·절차 확인,0,,255
개인회생-자동차-청산가치-반영,개인회생 자동차 청산가치 반영,rehab,,재산,재산 평가 및 유지 확인,0,,256
개인회생-배우자-재산,개인회생 배우자 재산,rehab,,재산,재산 평가 및 유지 확인,0,,257
개인회생-배우자-재산-평가-기준,개인회생 배우자 재산 평가 기준,rehab,,재산,재산 평가 및 유지 확인,0,,258
개인회생-배우자-재산-신고-방법,개인회생 배우자 재산 신고 방법,rehab,,재산,방법·절차 확인,0,,259
개인회생-배우자-재산-청산가치-반영,개인회생 배우자 재산 청산가치 반영,rehab,,재산,재산 평가 및 유지 확인,0,,260
개인회생-공동명의-부동산,개인회생 공동명의 부동산,rehab,,재산,재산 평가 및 유지 확인,0,,261
개인회생-공동명의-부동산-평가-기준,개인회생 공동명의 부동산 평가 기준,rehab,,재산,재산 평가 및 유지 확인,0,,262
개인회생-공동명의-부동산-신고-방법,개인회생 공동명의 부동산 신고 방법,rehab,,재산,방법·절차 확인,0,,263
개인회생-공동명의-부동산-청산가치-반영,개인회생 공동명의 부동산 청산가치 반영,rehab,,재산,재산 평가 및 유지 확인,0,,264
개인회생-상속재산,개인회생 상속재산,rehab,,재산,재산 평가 및 유지 확인,0,,265
개인회생-상속재산-평가-기준,개인회생 상속재산 평가 기준,rehab,,재산,재산 평가 및 유지 확인,0,,266
개인회생-상속재산-신고-방법,개인회생 상속재산 신고 방법,rehab,,재산,방법·절차 확인,0,,267
개인회생-상속재산-청산가치-반영,개인회생 상속재산 청산가치 반영,rehab,,재산,재산 평가 및 유지 확인,0,,268
개인회생-증여재산,개인회생 증여재산,rehab,,재산,재산 평가 및 유지 확인,0,,269
개인회생-증여재산-평가-기준,개인회생 증여재산 평가 기준,rehab,,재산,재산 평가 및 유지 확인,0,,270
개인회생-증여재산-신고-방법,개인회생 증여재산 신고 방법,rehab,,재산,방법·절차 확인,0,,271
개인회생-증여재산-청산가치-반영,개인회생 증여재산 청산가치 반영,rehab,,재산,재산 평가 및 유지 확인,0,,272
개인회생-보험-해약환급금,개인회생 보험 해약환급금,rehab,,재산,재산 평가 및 유지 확인,0,,273
개인회생-보험-해약환급금-평가-기준,개인회생 보험 해약환급금 평가 기준,rehab,,재산,재산 평가 및 유지 확인,0,,274
개인회생-보험-해약환급금-신고-방법,개인회생 보험 해약환급금 신고 방법,rehab,,재산,방법·절차 확인,0,,275
개인회생-보험-해약환급금-청산가치-반영,개인회생 보험 해약환급금 청산가치 반영,rehab,,재산,재산 평가 및 유지 확인,0,,276
개인회생-예금-잔액,개인회생 예금 잔액,rehab,,재산,재산 평가 및 유지 확인,0,,277
개인회생-예금-잔액-평가-기준,개인회생 예금 잔액 평가 기준,rehab,,재산,재산 평가 및 유지 확인,0,,278
개인회생-예금-잔액-신고-방법,개인회생 예금 잔액 신고 방법,rehab,,재산,방법·절차 확인,0,,279
개인회생-예금-잔액-청산가치-반영,개인회생 예금 잔액 청산가치 반영,rehab,,재산,재산 평가 및 유지 확인,0,,280
개인회생-적금,개인회생 적금,rehab,,재산,재산 평가 및 유지 확인,0,,281
개인회생-적금-평가-기준,개인회생 적금 평가 기준,rehab,,재산,재산 평가 및 유지 확인,0,,282
개인회생-적금-신고-방법,개인회생 적금 신고 방법,rehab,,재산,방법·절차 확인,0,,283
개인회생-적금-청산가치-반영,개인회생 적금 청산가치 반영,rehab,,재산,재산 평가 및 유지 확인,0,,284
개인회생-주식-보유액,개인회생 주식 보유액,rehab,,재산,재산 평가 및 유지 확인,0,,285
개인회생-주식-보유액-평가-기준,개인회생 주식 보유액 평가 기준,rehab,,재산,재산 평가 및 유지 확인,0,,286
개인회생-주식-보유액-신고-방법,개인회생 주식 보유액 신고 방법,rehab,,재산,방법·절차 확인,0,,287
개인회생-주식-보유액-청산가치-반영,개인회생 주식 보유액 청산가치 반영,rehab,,재산,재산 평가 및 유지 확인,0,,288
개인회생-가상자산-보유액,개인회생 가상자산 보유액,rehab,,재산,재산 평가 및 유지 확인,0,,289
개인회생-가상자산-보유액-평가-기준,개인회생 가상자산 보유액 평가 기준,rehab,,재산,재산 평가 및 유지 확인,0,,290
개인회생-가상자산-보유액-신고-방법,개인회생 가상자산 보유액 신고 방법,rehab,,재산,방법·절차 확인,0,,291
개인회생-가상자산-보유액-청산가치-반영,개인회생 가상자산 보유액 청산가치 반영,rehab,,재산,재산 평가 및 유지 확인,0,,292
개인회생-퇴직금-예상액,개인회생 퇴직금 예상액,rehab,,재산,재산 평가 및 유지 확인,0,,293
개인회생-퇴직금-예상액-평가-기준,개인회생 퇴직금 예상액 평가 기준,rehab,,재산,재산 평가 및 유지 확인,0,,294
개인회생-퇴직금-예상액-신고-방법,개인회생 퇴직금 예상액 신고 방법,rehab,,재산,방법·절차 확인,0,,295
개인회생-퇴직금-예상액-청산가치-반영,개인회생 퇴직금 예상액 청산가치 반영,rehab,,재산,재산 평가 및 유지 확인,0,,296
개인회생-사업장-보증금,개인회생 사업장 보증금,rehab,,재산,재산 평가 및 유지 확인,0,,297
개인회생-사업장-보증금-평가-기준,개인회생 사업장 보증금 평가 기준,rehab,,재산,재산 평가 및 유지 확인,0,,298
개인회생-사업장-보증금-신고-방법,개인회생 사업장 보증금 신고 방법,rehab,,재산,방법·절차 확인,0,,299
개인회생-사업장-보증금-청산가치-반영,개인회생 사업장 보증금 청산가치 반영,rehab,,재산,재산 평가 및 유지 확인,0,,300
개인회생-임대차보증금-반환채권,개인회생 임대차보증금 반환채권,rehab,,재산,재산 평가 및 유지 확인,0,,301
개인회생-임대차보증금-반환채권-평가-기준,개인회생 임대차보증금 반환채권 평가 기준,rehab,,재산,재산 평가 및 유지 확인,0,,302
개인회생-임대차보증금-반환채권-신고-방법,개인회생 임대차보증금 반환채권 신고 방법,rehab,,재산,방법·절차 확인,0,,303
개인회생-임대차보증금-반환채권-청산가치-반영,개인회생 임대차보증금 반환채권 청산가치 반영,rehab,,재산,재산 평가 및 유지 확인,0,,304
개인회생-부동산-지분,개인회생 부동산 지분,rehab,,재산,재산 평가 및 유지 확인,0,,305
개인회생-부동산-지분-평가-기준,개인회생 부동산 지분 평가 기준,rehab,,재산,재산 평가 및 유지 확인,0,,306
개인회생-부동산-지분-신고-방법,개인회생 부동산 지분 신고 방법,rehab,,재산,방법·절차 확인,0,,307
개인회생-부동산-지분-청산가치-반영,개인회생 부동산 지분 청산가치 반영,rehab,,재산,재산 평가 및 유지 확인,0,,308
개인회생-토지,개인회생 토지,rehab,,재산,재산 평가 및 유지 확인,0,,309
개인회생-토지-평가-기준,개인회생 토지 평가 기준,rehab,,재산,재산 평가 및 유지 확인,0,,310
개인회생-토지-신고-방법,개인회생 토지 신고 방법,rehab,,재산,방법·절차 확인,0,,311
개인회생-토지-청산가치-반영,개인회생 토지 청산가치 반영,rehab,,재산,재산 평가 및 유지 확인,0,,312
개인회생-경매-진행-부동산,개인회생 경매 진행 부동산,rehab,,재산,재산 평가 및 유지 확인,0,,313
개인회생-경매-진행-부동산-평가-기준,개인회생 경매 진행 부동산 평가 기준,rehab,,재산,재산 평가 및 유지 확인,0,,314
개인회생-경매-진행-부동산-신고-방법,개인회생 경매 진행 부동산 신고 방법,rehab,,재산,방법·절차 확인,0,,315
개인회생-경매-진행-부동산-청산가치-반영,개인회생 경매 진행 부동산 청산가치 반영,rehab,,재산,재산 평가 및 유지 확인,0,,316
개인회생-압류된-재산,개인회생 압류된 재산,rehab,,재산,재산 평가 및 유지 확인,0,,317
개인회생-압류된-재산-평가-기준,개인회생 압류된 재산 평가 기준,rehab,,재산,재산 평가 및 유지 확인,0,,318
개인회생-압류된-재산-신고-방법,개인회생 압류된 재산 신고 방법,rehab,,재산,방법·절차 확인,0,,319
개인회생-압류된-재산-청산가치-반영,개인회생 압류된 재산 청산가치 반영,rehab,,재산,재산 평가 및 유지 확인,0,,320
개인회생-월변제금-계산,개인회생 월변제금 계산,rehab,,변제금,변제금 산정 및 납부 확인,0,,321
개인회생-월변제금-계산-방법,개인회생 월변제금 계산 방법,rehab,,변제금,방법·절차 확인,0,,322
개인회생-월변제금-계산-상담,개인회생 월변제금 계산 상담,rehab,,변제금,상담·서비스 탐색,0,,323
개인회생-월변제금-계산-사례,개인회생 월변제금 계산 사례,rehab,,변제금,사례·경험 탐색,0,,324
개인회생-예상변제금-산정,개인회생 예상변제금 산정,rehab,,변제금,변제금 산정 및 납부 확인,0,,325
개인회생-예상변제금-산정-방법,개인회생 예상변제금 산정 방법,rehab,,변제금,방법·절차 확인,0,,326
개인회생-예상변제금-산정-상담,개인회생 예상변제금 산정 상담,rehab,,변제금,상담·서비스 탐색,0,,327
개인회생-예상변제금-산정-사례,개인회생 예상변제금 산정 사례,rehab,,변제금,사례·경험 탐색,0,,328
개인회생-변제율-계산,개인회생 변제율 계산,rehab,,변제금,변제금 산정 및 납부 확인,0,,329
개인회생-변제율-계산-방법,개인회생 변제율 계산 방법,rehab,,변제금,방법·절차 확인,0,,330
개인회생-변제율-계산-상담,개인회생 변제율 계산 상담,rehab,,변제금,상담·서비스 탐색,0,,331
개인회생-변제율-계산-사례,개인회생 변제율 계산 사례,rehab,,변제금,사례·경험 탐색,0,,332
개인회생-가용소득-산정,개인회생 가용소득 산정,rehab,,변제금,변제금 산정 및 납부 확인,0,,333
개인회생-가용소득-산정-방법,개인회생 가용소득 산정 방법,rehab,,변제금,방법·절차 확인,0,,334
개인회생-가용소득-산정-상담,개인회생 가용소득 산정 상담,rehab,,변제금,상담·서비스 탐색,0,,335
개인회생-가용소득-산정-사례,개인회생 가용소득 산정 사례,rehab,,변제금,사례·경험 탐색,0,,336
개인회생-청산가치-보장,개인회생 청산가치 보장,rehab,,변제금,변제금 산정 및 납부 확인,0,,337
개인회생-청산가치-보장-방법,개인회생 청산가치 보장 방법,rehab,,변제금,방법·절차 확인,0,,338
개인회생-청산가치-보장-상담,개인회생 청산가치 보장 상담,rehab,,변제금,상담·서비스 탐색,0,,339
개인회생-청산가치-보장-사례,개인회생 청산가치 보장 사례,rehab,,변제금,사례·경험 탐색,0,,340
개인회생-변제금-감액,개인회생 변제금 감액,rehab,,변제금,변제금 산정 및 납부 확인,0,,341
개인회생-변제금-감액-방법,개인회생 변제금 감액 방법,rehab,,변제금,방법·절차 확인,0,,342
개인회생-변제금-감액-상담,개인회생 변제금 감액 상담,rehab,,변제금,상담·서비스 탐색,0,,343
개인회생-변제금-감액-사례,개인회생 변제금 감액 사례,rehab,,변제금,사례·경험 탐색,0,,344
개인회생-변제금-증액,개인회생 변제금 증액,rehab,,변제금,변제금 산정 및 납부 확인,0,,345
개인회생-변제금-증액-방법,개인회생 변제금 증액 방법,rehab,,변제금,방법·절차 확인,0,,346
개인회생-변제금-증액-상담,개인회생 변제금 증액 상담,rehab,,변제금,상담·서비스 탐색,0,,347
개인회생-변제금-증액-사례,개인회생 변제금 증액 사례,rehab,,변제금,사례·경험 탐색,0,,348
개인회생-변제금-미납,개인회생 변제금 미납,rehab,,변제금,변제금 산정 및 납부 확인,0,,349
개인회생-변제금-미납-방법,개인회생 변제금 미납 방법,rehab,,변제금,방법·절차 확인,0,,350
개인회생-변제금-미납-상담,개인회생 변제금 미납 상담,rehab,,변제금,상담·서비스 탐색,0,,351
개인회생-변제금-미납-사례,개인회생 변제금 미납 사례,rehab,,변제금,사례·경험 탐색,0,,352
개인회생-변제금-연체,개인회생 변제금 연체,rehab,,변제금,변제금 산정 및 납부 확인,0,,353
개인회생-변제금-연체-방법,개인회생 변제금 연체 방법,rehab,,변제금,방법·절차 확인,0,,354
개인회생-변제금-연체-상담,개인회생 변제금 연체 상담,rehab,,변제금,상담·서비스 탐색,0,,355
개인회생-변제금-연체-사례,개인회생 변제금 연체 사례,rehab,,변제금,사례·경험 탐색,0,,356
개인회생-변제금-납부,개인회생 변제금 납부,rehab,,변제금,변제금 산정 및 납부 확인,0,,357
개인회생-변제금-납부-방법,개인회생 변제금 납부 방법,rehab,,변제금,방법·절차 확인,0,,358
개인회생-변제금-납부-상담,개인회생 변제금 납부 상담,rehab,,변제금,상담·서비스 탐색,0,,359
개인회생-변제금-납부-사례,개인회생 변제금 납부 사례,rehab,,변제금,사례·경험 탐색,0,,360
개인회생-변제금-선납,개인회생 변제금 선납,rehab,,변제금,변제금 산정 및 납부 확인,0,,361
개인회생-변제금-선납-방법,개인회생 변제금 선납 방법,rehab,,변제금,방법·절차 확인,0,,362
개인회생-변제금-선납-상담,개인회생 변제금 선납 상담,rehab,,변제금,상담·서비스 탐색,0,,363
개인회생-변제금-선납-사례,개인회생 변제금 선납 사례,rehab,,변제금,사례·경험 탐색,0,,364
개인회생-변제금-일시납,개인회생 변제금 일시납,rehab,,변제금,변제금 산정 및 납부 확인,0,,365
개인회생-변제금-일시납-방법,개인회생 변제금 일시납 방법,rehab,,변제금,방법·절차 확인,0,,366
개인회생-변제금-일시납-상담,개인회생 변제금 일시납 상담,rehab,,변제금,상담·서비스 탐색,0,,367
개인회생-변제금-일시납-사례,개인회생 변제금 일시납 사례,rehab,,변제금,사례·경험 탐색,0,,368
개인회생-변제계획-변경,개인회생 변제계획 변경,rehab,,변제금,변제금 산정 및 납부 확인,0,,369
개인회생-변제계획-변경-방법,개인회생 변제계획 변경 방법,rehab,,변제금,방법·절차 확인,0,,370
개인회생-변제계획-변경-상담,개인회생 변제계획 변경 상담,rehab,,변제금,상담·서비스 탐색,0,,371
개인회생-변제계획-변경-사례,개인회생 변제계획 변경 사례,rehab,,변제금,사례·경험 탐색,0,,372
개인회생-변제기간-단축,개인회생 변제기간 단축,rehab,,변제금,변제금 산정 및 납부 확인,0,,373
개인회생-변제기간-단축-방법,개인회생 변제기간 단축 방법,rehab,,변제금,방법·절차 확인,0,,374
개인회생-변제기간-단축-상담,개인회생 변제기간 단축 상담,rehab,,변제금,상담·서비스 탐색,0,,375
개인회생-변제기간-단축-사례,개인회생 변제기간 단축 사례,rehab,,변제금,사례·경험 탐색,0,,376
개인회생-변제기간-연장,개인회생 변제기간 연장,rehab,,변제금,변제금 산정 및 납부 확인,0,,377
개인회생-변제기간-연장-방법,개인회생 변제기간 연장 방법,rehab,,변제금,방법·절차 확인,0,,378
개인회생-변제기간-연장-상담,개인회생 변제기간 연장 상담,rehab,,변제금,상담·서비스 탐색,0,,379
개인회생-변제기간-연장-사례,개인회생 변제기간 연장 사례,rehab,,변제금,사례·경험 탐색,0,,380
개인회생-첫-변제금-납부,개인회생 첫 변제금 납부,rehab,,변제금,변제금 산정 및 납부 확인,0,,381
개인회생-첫-변제금-납부-방법,개인회생 첫 변제금 납부 방법,rehab,,변제금,방법·절차 확인,0,,382
개인회생-첫-변제금-납부-상담,개인회생 첫 변제금 납부 상담,rehab,,변제금,상담·서비스 탐색,0,,383
개인회생-첫-변제금-납부-사례,개인회생 첫 변제금 납부 사례,rehab,,변제금,사례·경험 탐색,0,,384
개인회생-인가-전-변제금-적립,개인회생 인가 전 변제금 적립,rehab,,변제금,변제금 산정 및 납부 확인,0,,385
개인회생-인가-전-변제금-적립-방법,개인회생 인가 전 변제금 적립 방법,rehab,,변제금,방법·절차 확인,0,,386
개인회생-인가-전-변제금-적립-상담,개인회생 인가 전 변제금 적립 상담,rehab,,변제금,상담·서비스 탐색,0,,387
개인회생-인가-전-변제금-적립-사례,개인회생 인가 전 변제금 적립 사례,rehab,,변제금,사례·경험 탐색,0,,388
개인회생-미납금-분할납부,개인회생 미납금 분할납부,rehab,,변제금,변제금 산정 및 납부 확인,0,,389
개인회생-미납금-분할납부-방법,개인회생 미납금 분할납부 방법,rehab,,변제금,방법·절차 확인,0,,390
개인회생-미납금-분할납부-상담,개인회생 미납금 분할납부 상담,rehab,,변제금,상담·서비스 탐색,0,,391
개인회생-미납금-분할납부-사례,개인회생 미납금 분할납부 사례,rehab,,변제금,사례·경험 탐색,0,,392
개인회생-변제금-납부계좌-변경,개인회생 변제금 납부계좌 변경,rehab,,변제금,변제금 산정 및 납부 확인,0,,393
개인회생-변제금-납부계좌-변경-방법,개인회생 변제금 납부계좌 변경 방법,rehab,,변제금,방법·절차 확인,0,,394
개인회생-변제금-납부계좌-변경-상담,개인회생 변제금 납부계좌 변경 상담,rehab,,변제금,상담·서비스 탐색,0,,395
개인회생-변제금-납부계좌-변경-사례,개인회생 변제금 납부계좌 변경 사례,rehab,,변제금,사례·경험 탐색,0,,396
개인회생-변제금-초과납부,개인회생 변제금 초과납부,rehab,,변제금,변제금 산정 및 납부 확인,0,,397
개인회생-변제금-초과납부-방법,개인회생 변제금 초과납부 방법,rehab,,변제금,방법·절차 확인,0,,398
개인회생-변제금-초과납부-상담,개인회생 변제금 초과납부 상담,rehab,,변제금,상담·서비스 탐색,0,,399
개인회생-변제금-초과납부-사례,개인회생 변제금 초과납부 사례,rehab,,변제금,사례·경험 탐색,0,,400
개인회생-최저생계비,개인회생 최저생계비,rehab,,생계비,생계비 인정 범위 확인,0,,401
개인회생-최저생계비-인정-기준,개인회생 최저생계비 인정 기준,rehab,,생계비,생계비 인정 범위 확인,0,,402
개인회생-최저생계비-증빙서류,개인회생 최저생계비 증빙서류,rehab,,생계비,서류·증빙 준비,0,,403
개인회생-최저생계비-변제금-반영,개인회생 최저생계비 변제금 반영,rehab,,생계비,생계비 인정 범위 확인,0,,404
개인회생-추가생계비,개인회생 추가생계비,rehab,,생계비,생계비 인정 범위 확인,0,,405
개인회생-추가생계비-인정-기준,개인회생 추가생계비 인정 기준,rehab,,생계비,생계비 인정 범위 확인,0,,406
개인회생-추가생계비-증빙서류,개인회생 추가생계비 증빙서류,rehab,,생계비,서류·증빙 준비,0,,407
개인회생-추가생계비-변제금-반영,개인회생 추가생계비 변제금 반영,rehab,,생계비,생계비 인정 범위 확인,0,,408
개인회생-주거비,개인회생 주거비,rehab,,생계비,생계비 인정 범위 확인,0,,409
개인회생-주거비-인정-기준,개인회생 주거비 인정 기준,rehab,,생계비,생계비 인정 범위 확인,0,,410
개인회생-주거비-증빙서류,개인회생 주거비 증빙서류,rehab,,생계비,서류·증빙 준비,0,,411
개인회생-주거비-변제금-반영,개인회생 주거비 변제금 반영,rehab,,생계비,생계비 인정 범위 확인,0,,412
개인회생-월세,개인회생 월세,rehab,,생계비,생계비 인정 범위 확인,0,,413
개인회생-월세-인정-기준,개인회생 월세 인정 기준,rehab,,생계비,생계비 인정 범위 확인,0,,414
개인회생-월세-증빙서류,개인회생 월세 증빙서류,rehab,,생계비,서류·증빙 준비,0,,415
개인회생-월세-변제금-반영,개인회생 월세 변제금 반영,rehab,,생계비,생계비 인정 범위 확인,0,,416
개인회생-의료비,개인회생 의료비,rehab,,생계비,생계비 인정 범위 확인,0,,417
개인회생-의료비-인정-기준,개인회생 의료비 인정 기준,rehab,,생계비,생계비 인정 범위 확인,0,,418
개인회생-의료비-증빙서류,개인회생 의료비 증빙서류,rehab,,생계비,서류·증빙 준비,0,,419
개인회생-의료비-변제금-반영,개인회생 의료비 변제금 반영,rehab,,생계비,생계비 인정 범위 확인,0,,420
개인회생-교육비,개인회생 교육비,rehab,,생계비,생계비 인정 범위 확인,0,,421
개인회생-교육비-인정-기준,개인회생 교육비 인정 기준,rehab,,생계비,생계비 인정 범위 확인,0,,422
개인회생-교육비-증빙서류,개인회생 교육비 증빙서류,rehab,,생계비,서류·증빙 준비,0,,423
개인회생-교육비-변제금-반영,개인회생 교육비 변제금 반영,rehab,,생계비,생계비 인정 범위 확인,0,,424
개인회생-교통비,개인회생 교통비,rehab,,생계비,생계비 인정 범위 확인,0,,425
개인회생-교통비-인정-기준,개인회생 교통비 인정 기준,rehab,,생계비,생계비 인정 범위 확인,0,,426
개인회생-교통비-증빙서류,개인회생 교통비 증빙서류,rehab,,생계비,서류·증빙 준비,0,,427
개인회생-교통비-변제금-반영,개인회생 교통비 변제금 반영,rehab,,생계비,생계비 인정 범위 확인,0,,428
개인회생-식비,개인회생 식비,rehab,,생계비,생계비 인정 범위 확인,0,,429
개인회생-식비-인정-기준,개인회생 식비 인정 기준,rehab,,생계비,생계비 인정 범위 확인,0,,430
개인회생-식비-증빙서류,개인회생 식비 증빙서류,rehab,,생계비,서류·증빙 준비,0,,431
개인회생-식비-변제금-반영,개인회생 식비 변제금 반영,rehab,,생계비,생계비 인정 범위 확인,0,,432
개인회생-통신비,개인회생 통신비,rehab,,생계비,생계비 인정 범위 확인,0,,433
개인회생-통신비-인정-기준,개인회생 통신비 인정 기준,rehab,,생계비,생계비 인정 범위 확인,0,,434
개인회생-통신비-증빙서류,개인회생 통신비 증빙서류,rehab,,생계비,서류·증빙 준비,0,,435
개인회생-통신비-변제금-반영,개인회생 통신비 변제금 반영,rehab,,생계비,생계비 인정 범위 확인,0,,436
개인회생-보험료,개인회생 보험료,rehab,,생계비,생계비 인정 범위 확인,0,,437
개인회생-보험료-인정-기준,개인회생 보험료 인정 기준,rehab,,생계비,생계비 인정 범위 확인,0,,438
개인회생-보험료-증빙서류,개인회생 보험료 증빙서류,rehab,,생계비,서류·증빙 준비,0,,439
개인회생-보험료-변제금-반영,개인회생 보험료 변제금 반영,rehab,,생계비,생계비 인정 범위 확인,0,,440
개인회생-자녀-양육비,개인회생 자녀 양육비,rehab,,생계비,생계비 인정 범위 확인,0,,441
개인회생-자녀-양육비-인정-기준,개인회생 자녀 양육비 인정 기준,rehab,,생계비,생계비 인정 범위 확인,0,,442
개인회생-자녀-양육비-증빙서류,개인회생 자녀 양육비 증빙서류,rehab,,생계비,서류·증빙 준비,0,,443
개인회생-자녀-양육비-변제금-반영,개인회생 자녀 양육비 변제금 반영,rehab,,생계비,생계비 인정 범위 확인,0,,444
개인회생-부모님-생활비,개인회생 부모님 생활비,rehab,,생계비,생계비 인정 범위 확인,0,,445
개인회생-부모님-생활비-인정-기준,개인회생 부모님 생활비 인정 기준,rehab,,생계비,생계비 인정 범위 확인,0,,446
개인회생-부모님-생활비-증빙서류,개인회생 부모님 생활비 증빙서류,rehab,,생계비,서류·증빙 준비,0,,447
개인회생-부모님-생활비-변제금-반영,개인회생 부모님 생활비 변제금 반영,rehab,,생계비,생계비 인정 범위 확인,0,,448
개인회생-간병비,개인회생 간병비,rehab,,생계비,생계비 인정 범위 확인,0,,449
개인회생-간병비-인정-기준,개인회생 간병비 인정 기준,rehab,,생계비,생계비 인정 범위 확인,0,,450
개인회생-간병비-증빙서류,개인회생 간병비 증빙서류,rehab,,생계비,서류·증빙 준비,0,,451
개인회생-간병비-변제금-반영,개인회생 간병비 변제금 반영,rehab,,생계비,생계비 인정 범위 확인,0,,452
개인회생-장애-관련-지출,개인회생 장애 관련 지출,rehab,,생계비,생계비 인정 범위 확인,0,,453
개인회생-장애-관련-지출-인정-기준,개인회생 장애 관련 지출 인정 기준,rehab,,생계비,생계비 인정 범위 확인,0,,454
개인회생-장애-관련-지출-증빙서류,개인회생 장애 관련 지출 증빙서류,rehab,,생계비,서류·증빙 준비,0,,455
개인회생-장애-관련-지출-변제금-반영,개인회생 장애 관련 지출 변제금 반영,rehab,,생계비,생계비 인정 범위 확인,0,,456
개인회생-만성질환-치료비,개인회생 만성질환 치료비,rehab,,생계비,생계비 인정 범위 확인,0,,457
개인회생-만성질환-치료비-인정-기준,개인회생 만성질환 치료비 인정 기준,rehab,,생계비,생계비 인정 범위 확인,0,,458
개인회생-만성질환-치료비-증빙서류,개인회생 만성질환 치료비 증빙서류,rehab,,생계비,서류·증빙 준비,0,,459
개인회생-만성질환-치료비-변제금-반영,개인회생 만성질환 치료비 변제금 반영,rehab,,생계비,생계비 인정 범위 확인,0,,460
개인회생-치과-치료비,개인회생 치과 치료비,rehab,,생계비,생계비 인정 범위 확인,0,,461
개인회생-치과-치료비-인정-기준,개인회생 치과 치료비 인정 기준,rehab,,생계비,생계비 인정 범위 확인,0,,462
개인회생-치과-치료비-증빙서류,개인회생 치과 치료비 증빙서류,rehab,,생계비,서류·증빙 준비,0,,463
개인회생-치과-치료비-변제금-반영,개인회생 치과 치료비 변제금 반영,rehab,,생계비,생계비 인정 범위 확인,0,,464
개인회생-난방비,개인회생 난방비,rehab,,생계비,생계비 인정 범위 확인,0,,465
개인회생-난방비-인정-기준,개인회생 난방비 인정 기준,rehab,,생계비,생계비 인정 범위 확인,0,,466
개인회생-난방비-증빙서류,개인회생 난방비 증빙서류,rehab,,생계비,서류·증빙 준비,0,,467
개인회생-난방비-변제금-반영,개인회생 난방비 변제금 반영,rehab,,생계비,생계비 인정 범위 확인,0,,468
개인회생-사업상-필수경비,개인회생 사업상 필수경비,rehab,,생계비,생계비 인정 범위 확인,0,,469
개인회생-사업상-필수경비-인정-기준,개인회생 사업상 필수경비 인정 기준,rehab,,생계비,생계비 인정 범위 확인,0,,470
개인회생-사업상-필수경비-증빙서류,개인회생 사업상 필수경비 증빙서류,rehab,,생계비,서류·증빙 준비,0,,471
개인회생-사업상-필수경비-변제금-반영,개인회생 사업상 필수경비 변제금 반영,rehab,,생계비,생계비 인정 범위 확인,0,,472
개인회생-1인-가구-생계비,개인회생 1인 가구 생계비,rehab,,생계비,생계비 인정 범위 확인,0,,473
개인회생-1인-가구-생계비-인정-기준,개인회생 1인 가구 생계비 인정 기준,rehab,,생계비,생계비 인정 범위 확인,0,,474
개인회생-1인-가구-생계비-증빙서류,개인회생 1인 가구 생계비 증빙서류,rehab,,생계비,서류·증빙 준비,0,,475
개인회생-1인-가구-생계비-변제금-반영,개인회생 1인 가구 생계비 변제금 반영,rehab,,생계비,생계비 인정 범위 확인,0,,476
개인회생-다인-가구-생계비,개인회생 다인 가구 생계비,rehab,,생계비,생계비 인정 범위 확인,0,,477
개인회생-다인-가구-생계비-인정-기준,개인회생 다인 가구 생계비 인정 기준,rehab,,생계비,생계비 인정 범위 확인,0,,478
개인회생-다인-가구-생계비-증빙서류,개인회생 다인 가구 생계비 증빙서류,rehab,,생계비,서류·증빙 준비,0,,479
개인회생-다인-가구-생계비-변제금-반영,개인회생 다인 가구 생계비 변제금 반영,rehab,,생계비,생계비 인정 범위 확인,0,,480
개인회생-미성년-자녀,개인회생 미성년 자녀,rehab,,부양가족,부양가족 인정 여부 확인,0,,481
개인회생-미성년-자녀-부양가족-인정,개인회생 미성년 자녀 부양가족 인정,rehab,,부양가족,부양가족 인정 여부 확인,0,,482
개인회생-미성년-자녀-부양-증빙서류,개인회생 미성년 자녀 부양 증빙서류,rehab,,부양가족,서류·증빙 준비,0,,483
개인회생-미성년-자녀-생계비-계산,개인회생 미성년 자녀 생계비 계산,rehab,,부양가족,부양가족 인정 여부 확인,0,,484
개인회생-성년-자녀,개인회생 성년 자녀,rehab,,부양가족,부양가족 인정 여부 확인,0,,485
개인회생-성년-자녀-부양가족-인정,개인회생 성년 자녀 부양가족 인정,rehab,,부양가족,부양가족 인정 여부 확인,0,,486
개인회생-성년-자녀-부양-증빙서류,개인회생 성년 자녀 부양 증빙서류,rehab,,부양가족,서류·증빙 준비,0,,487
개인회생-성년-자녀-생계비-계산,개인회생 성년 자녀 생계비 계산,rehab,,부양가족,부양가족 인정 여부 확인,0,,488
개인회생-대학생-자녀,개인회생 대학생 자녀,rehab,,부양가족,부양가족 인정 여부 확인,0,,489
개인회생-대학생-자녀-부양가족-인정,개인회생 대학생 자녀 부양가족 인정,rehab,,부양가족,부양가족 인정 여부 확인,0,,490
개인회생-대학생-자녀-부양-증빙서류,개인회생 대학생 자녀 부양 증빙서류,rehab,,부양가족,서류·증빙 준비,0,,491
개인회생-대학생-자녀-생계비-계산,개인회생 대학생 자녀 생계비 계산,rehab,,부양가족,부양가족 인정 여부 확인,0,,492
개인회생-고령-부모,개인회생 고령 부모,rehab,,부양가족,부양가족 인정 여부 확인,0,,493
개인회생-고령-부모-부양가족-인정,개인회생 고령 부모 부양가족 인정,rehab,,부양가족,부양가족 인정 여부 확인,0,,494
개인회생-고령-부모-부양-증빙서류,개인회생 고령 부모 부양 증빙서류,rehab,,부양가족,서류·증빙 준비,0,,495
개인회생-고령-부모-생계비-계산,개인회생 고령 부모 생계비 계산,rehab,,부양가족,부양가족 인정 여부 확인,0,,496
개인회생-장애인-부모,개인회생 장애인 부모,rehab,,부양가족,부양가족 인정 여부 확인,0,,497
개인회생-장애인-부모-부양가족-인정,개인회생 장애인 부모 부양가족 인정,rehab,,부양가족,부양가족 인정 여부 확인,0,,498
개인회생-장애인-부모-부양-증빙서류,개인회생 장애인 부모 부양 증빙서류,rehab,,부양가족,서류·증빙 준비,0,,499
개인회생-장애인-부모-생계비-계산,개인회생 장애인 부모 생계비 계산,rehab,,부양가족,부양가족 인정 여부 확인,0,,500
개인회생-배우자-부양,개인회생 배우자 부양,rehab,,부양가족,부양가족 인정 여부 확인,0,,501
개인회생-배우자-부양-부양가족-인정,개인회생 배우자 부양 부양가족 인정,rehab,,부양가족,부양가족 인정 여부 확인,0,,502
개인회생-배우자-부양-부양-증빙서류,개인회생 배우자 부양 부양 증빙서류,rehab,,부양가족,서류·증빙 준비,0,,503
개인회생-배우자-부양-생계비-계산,개인회생 배우자 부양 생계비 계산,rehab,,부양가족,부양가족 인정 여부 확인,0,,504
개인회생-무직-배우자,개인회생 무직 배우자,rehab,,부양가족,부양가족 인정 여부 확인,0,,505
개인회생-무직-배우자-부양가족-인정,개인회생 무직 배우자 부양가족 인정,rehab,,부양가족,부양가족 인정 여부 확인,0,,506
개인회생-무직-배우자-부양-증빙서류,개인회생 무직 배우자 부양 증빙서류,rehab,,부양가족,서류·증빙 준비,0,,507
개인회생-무직-배우자-생계비-계산,개인회생 무직 배우자 생계비 계산,rehab,,부양가족,부양가족 인정 여부 확인,0,,508
개인회생-맞벌이-배우자,개인회생 맞벌이 배우자,rehab,,부양가족,부양가족 인정 여부 확인,0,,509
개인회생-맞벌이-배우자-부양가족-인정,개인회생 맞벌이 배우자 부양가족 인정,rehab,,부양가족,부양가족 인정 여부 확인,0,,510
개인회생-맞벌이-배우자-부양-증빙서류,개인회생 맞벌이 배우자 부양 증빙서류,rehab,,부양가족,서류·증빙 준비,0,,511
개인회생-맞벌이-배우자-생계비-계산,개인회생 맞벌이 배우자 생계비 계산,rehab,,부양가족,부양가족 인정 여부 확인,0,,512
개인회생-임신-중-배우자,개인회생 임신 중 배우자,rehab,,부양가족,부양가족 인정 여부 확인,0,,513
개인회생-임신-중-배우자-부양가족-인정,개인회생 임신 중 배우자 부양가족 인정,rehab,,부양가족,부양가족 인정 여부 확인,0,,514
개인회생-임신-중-배우자-부양-증빙서류,개인회생 임신 중 배우자 부양 증빙서류,rehab,,부양가족,서류·증빙 준비,0,,515
개인회생-임신-중-배우자-생계비-계산,개인회생 임신 중 배우자 생계비 계산,rehab,,부양가족,부양가족 인정 여부 확인,0,,516
개인회생-태아,개인회생 태아,rehab,,부양가족,부양가족 인정 여부 확인,0,,517
개인회생-태아-부양가족-인정,개인회생 태아 부양가족 인정,rehab,,부양가족,부양가족 인정 여부 확인,0,,518
개인회생-태아-부양-증빙서류,개인회생 태아 부양 증빙서류,rehab,,부양가족,서류·증빙 준비,0,,519
개인회생-태아-생계비-계산,개인회생 태아 생계비 계산,rehab,,부양가족,부양가족 인정 여부 확인,0,,520
개인회생-신생아,개인회생 신생아,rehab,,부양가족,부양가족 인정 여부 확인,0,,521
개인회생-신생아-부양가족-인정,개인회생 신생아 부양가족 인정,rehab,,부양가족,부양가족 인정 여부 확인,0,,522
개인회생-신생아-부양-증빙서류,개인회생 신생아 부양 증빙서류,rehab,,부양가족,서류·증빙 준비,0,,523
개인회생-신생아-생계비-계산,개인회생 신생아 생계비 계산,rehab,,부양가족,부양가족 인정 여부 확인,0,,524
개인회생-손자녀,개인회생 손자녀,rehab,,부양가족,부양가족 인정 여부 확인,0,,525
개인회생-손자녀-부양가족-인정,개인회생 손자녀 부양가족 인정,rehab,,부양가족,부양가족 인정 여부 확인,0,,526
개인회생-손자녀-부양-증빙서류,개인회생 손자녀 부양 증빙서류,rehab,,부양가족,서류·증빙 준비,0,,527
개인회생-손자녀-생계비-계산,개인회생 손자녀 생계비 계산,rehab,,부양가족,부양가족 인정 여부 확인,0,,528
개인회생-형제자매,개인회생 형제자매,rehab,,부양가족,부양가족 인정 여부 확인,0,,529
개인회생-형제자매-부양가족-인정,개인회생 형제자매 부양가족 인정,rehab,,부양가족,부양가족 인정 여부 확인,0,,530
개인회생-형제자매-부양-증빙서류,개인회생 형제자매 부양 증빙서류,rehab,,부양가족,서류·증빙 준비,0,,531
개인회생-형제자매-생계비-계산,개인회생 형제자매 생계비 계산,rehab,,부양가족,부양가족 인정 여부 확인,0,,532
개인회생-별거-중-가족,개인회생 별거 중 가족,rehab,,부양가족,부양가족 인정 여부 확인,0,,533
개인회생-별거-중-가족-부양가족-인정,개인회생 별거 중 가족 부양가족 인정,rehab,,부양가족,부양가족 인정 여부 확인,0,,534
개인회생-별거-중-가족-부양-증빙서류,개인회생 별거 중 가족 부양 증빙서류,rehab,,부양가족,서류·증빙 준비,0,,535
개인회생-별거-중-가족-생계비-계산,개인회생 별거 중 가족 생계비 계산,rehab,,부양가족,부양가족 인정 여부 확인,0,,536
개인회생-동거-부모,개인회생 동거 부모,rehab,,부양가족,부양가족 인정 여부 확인,0,,537
개인회생-동거-부모-부양가족-인정,개인회생 동거 부모 부양가족 인정,rehab,,부양가족,부양가족 인정 여부 확인,0,,538
개인회생-동거-부모-부양-증빙서류,개인회생 동거 부모 부양 증빙서류,rehab,,부양가족,서류·증빙 준비,0,,539
개인회생-동거-부모-생계비-계산,개인회생 동거 부모 생계비 계산,rehab,,부양가족,부양가족 인정 여부 확인,0,,540
개인회생-비동거-부모,개인회생 비동거 부모,rehab,,부양가족,부양가족 인정 여부 확인,0,,541
개인회생-비동거-부모-부양가족-인정,개인회생 비동거 부모 부양가족 인정,rehab,,부양가족,부양가족 인정 여부 확인,0,,542
개인회생-비동거-부모-부양-증빙서류,개인회생 비동거 부모 부양 증빙서류,rehab,,부양가족,서류·증빙 준비,0,,543
개인회생-비동거-부모-생계비-계산,개인회생 비동거 부모 생계비 계산,rehab,,부양가족,부양가족 인정 여부 확인,0,,544
개인회생-이혼-후-자녀,개인회생 이혼 후 자녀,rehab,,부양가족,부양가족 인정 여부 확인,0,,545
개인회생-이혼-후-자녀-부양가족-인정,개인회생 이혼 후 자녀 부양가족 인정,rehab,,부양가족,부양가족 인정 여부 확인,0,,546
개인회생-이혼-후-자녀-부양-증빙서류,개인회생 이혼 후 자녀 부양 증빙서류,rehab,,부양가족,서류·증빙 준비,0,,547
개인회생-이혼-후-자녀-생계비-계산,개인회생 이혼 후 자녀 생계비 계산,rehab,,부양가족,부양가족 인정 여부 확인,0,,548
개인회생-공동양육-자녀,개인회생 공동양육 자녀,rehab,,부양가족,부양가족 인정 여부 확인,0,,549
개인회생-공동양육-자녀-부양가족-인정,개인회생 공동양육 자녀 부양가족 인정,rehab,,부양가족,부양가족 인정 여부 확인,0,,550
개인회생-공동양육-자녀-부양-증빙서류,개인회생 공동양육 자녀 부양 증빙서류,rehab,,부양가족,서류·증빙 준비,0,,551
개인회생-공동양육-자녀-생계비-계산,개인회생 공동양육 자녀 생계비 계산,rehab,,부양가족,부양가족 인정 여부 확인,0,,552
개인회생-재혼가정-자녀,개인회생 재혼가정 자녀,rehab,,부양가족,부양가족 인정 여부 확인,0,,553
개인회생-재혼가정-자녀-부양가족-인정,개인회생 재혼가정 자녀 부양가족 인정,rehab,,부양가족,부양가족 인정 여부 확인,0,,554
개인회생-재혼가정-자녀-부양-증빙서류,개인회생 재혼가정 자녀 부양 증빙서류,rehab,,부양가족,서류·증빙 준비,0,,555
개인회생-재혼가정-자녀-생계비-계산,개인회생 재혼가정 자녀 생계비 계산,rehab,,부양가족,부양가족 인정 여부 확인,0,,556
개인회생-소득-있는-부모,개인회생 소득 있는 부모,rehab,,부양가족,부양가족 인정 여부 확인,0,,557
개인회생-소득-있는-부모-부양가족-인정,개인회생 소득 있는 부모 부양가족 인정,rehab,,부양가족,부양가족 인정 여부 확인,0,,558
개인회생-소득-있는-부모-부양-증빙서류,개인회생 소득 있는 부모 부양 증빙서류,rehab,,부양가족,서류·증빙 준비,0,,559
개인회생-소득-있는-부모-생계비-계산,개인회생 소득 있는 부모 생계비 계산,rehab,,부양가족,부양가족 인정 여부 확인,0,,560
개인회생-신청-준비,개인회생 신청 준비,rehab,,절차,진행 순서와 기간 확인,0,,561
개인회생-신청-준비-절차,개인회생 신청 준비 절차,rehab,,절차,방법·절차 확인,0,,562
개인회생-신청-준비-소요기간,개인회생 신청 준비 소요기간,rehab,,절차,진행 순서와 기간 확인,0,,563
개인회생-신청-준비-준비사항,개인회생 신청 준비 준비사항,rehab,,절차,진행 순서와 기간 확인,0,,564
개인회생-신청서-접수,개인회생 신청서 접수,rehab,,절차,진행 순서와 기간 확인,0,,565
개인회생-신청서-접수-절차,개인회생 신청서 접수 절차,rehab,,절차,방법·절차 확인,0,,566
개인회생-신청서-접수-소요기간,개인회생 신청서 접수 소요기간,rehab,,절차,진행 순서와 기간 확인,0,,567
개인회생-신청서-접수-준비사항,개인회생 신청서 접수 준비사항,rehab,,절차,진행 순서와 기간 확인,0,,568
개인회생-사건번호-발급,개인회생 사건번호 발급,rehab,,절차,진행 순서와 기간 확인,0,,569
개인회생-사건번호-발급-절차,개인회생 사건번호 발급 절차,rehab,,절차,방법·절차 확인,0,,570
개인회생-사건번호-발급-소요기간,개인회생 사건번호 발급 소요기간,rehab,,절차,진행 순서와 기간 확인,0,,571
개인회생-사건번호-발급-준비사항,개인회생 사건번호 발급 준비사항,rehab,,절차,진행 순서와 기간 확인,0,,572
개인회생-서류-심사,개인회생 서류 심사,rehab,,절차,진행 순서와 기간 확인,0,,573
개인회생-서류-심사-절차,개인회생 서류 심사 절차,rehab,,절차,방법·절차 확인,0,,574
개인회생-서류-심사-소요기간,개인회생 서류 심사 소요기간,rehab,,절차,진행 순서와 기간 확인,0,,575
개인회생-서류-심사-준비사항,개인회생 서류 심사 준비사항,rehab,,절차,진행 순서와 기간 확인,0,,576
개인회생-회생위원-면담,개인회생 회생위원 면담,rehab,,절차,진행 순서와 기간 확인,0,,577
개인회생-회생위원-면담-절차,개인회생 회생위원 면담 절차,rehab,,절차,방법·절차 확인,0,,578
개인회생-회생위원-면담-소요기간,개인회생 회생위원 면담 소요기간,rehab,,절차,진행 순서와 기간 확인,0,,579
개인회생-회생위원-면담-준비사항,개인회생 회생위원 면담 준비사항,rehab,,절차,진행 순서와 기간 확인,0,,580
개인회생-채권자목록-제출,개인회생 채권자목록 제출,rehab,,절차,진행 순서와 기간 확인,0,,581
개인회생-채권자목록-제출-절차,개인회생 채권자목록 제출 절차,rehab,,절차,방법·절차 확인,0,,582
개인회생-채권자목록-제출-소요기간,개인회생 채권자목록 제출 소요기간,rehab,,절차,진행 순서와 기간 확인,0,,583
개인회생-채권자목록-제출-준비사항,개인회생 채권자목록 제출 준비사항,rehab,,절차,진행 순서와 기간 확인,0,,584
개인회생-변제계획안-제출,개인회생 변제계획안 제출,rehab,,절차,진행 순서와 기간 확인,0,,585
개인회생-변제계획안-제출-절차,개인회생 변제계획안 제출 절차,rehab,,절차,방법·절차 확인,0,,586
개인회생-변제계획안-제출-소요기간,개인회생 변제계획안 제출 소요기간,rehab,,절차,진행 순서와 기간 확인,0,,587
개인회생-변제계획안-제출-준비사항,개인회생 변제계획안 제출 준비사항,rehab,,절차,진행 순서와 기간 확인,0,,588
개인회생-개시결정,개인회생 개시결정,rehab,,절차,진행 순서와 기간 확인,0,,589
개인회생-개시결정-절차,개인회생 개시결정 절차,rehab,,절차,방법·절차 확인,0,,590
개인회생-개시결정-소요기간,개인회생 개시결정 소요기간,rehab,,절차,진행 순서와 기간 확인,0,,591
개인회생-개시결정-준비사항,개인회생 개시결정 준비사항,rehab,,절차,진행 순서와 기간 확인,0,,592
개인회생-채권자-이의신청,개인회생 채권자 이의신청,rehab,,절차,진행 순서와 기간 확인,0,,593
개인회생-채권자-이의신청-절차,개인회생 채권자 이의신청 절차,rehab,,절차,방법·절차 확인,0,,594
개인회생-채권자-이의신청-소요기간,개인회생 채권자 이의신청 소요기간,rehab,,절차,진행 순서와 기간 확인,0,,595
개인회생-채권자-이의신청-준비사항,개인회생 채권자 이의신청 준비사항,rehab,,절차,진행 순서와 기간 확인,0,,596
개인회생-채권조사확정재판,개인회생 채권조사확정재판,rehab,,절차,진행 순서와 기간 확인,0,,597
개인회생-채권조사확정재판-절차,개인회생 채권조사확정재판 절차,rehab,,절차,방법·절차 확인,0,,598
개인회생-채권조사확정재판-소요기간,개인회생 채권조사확정재판 소요기간,rehab,,절차,진행 순서와 기간 확인,0,,599
개인회생-채권조사확정재판-준비사항,개인회생 채권조사확정재판 준비사항,rehab,,절차,진행 순서와 기간 확인,0,,600
개인회생-채권자집회,개인회생 채권자집회,rehab,,절차,진행 순서와 기간 확인,0,,601
개인회생-채권자집회-절차,개인회생 채권자집회 절차,rehab,,절차,방법·절차 확인,0,,602
개인회생-채권자집회-소요기간,개인회생 채권자집회 소요기간,rehab,,절차,진행 순서와 기간 확인,0,,603
개인회생-채권자집회-준비사항,개인회생 채권자집회 준비사항,rehab,,절차,진행 순서와 기간 확인,0,,604
개인회생-인가결정,개인회생 인가결정,rehab,,절차,진행 순서와 기간 확인,0,,605
개인회생-인가결정-절차,개인회생 인가결정 절차,rehab,,절차,방법·절차 확인,0,,606
개인회생-인가결정-소요기간,개인회생 인가결정 소요기간,rehab,,절차,진행 순서와 기간 확인,0,,607
개인회생-인가결정-준비사항,개인회생 인가결정 준비사항,rehab,,절차,진행 순서와 기간 확인,0,,608
개인회생-변제-수행,개인회생 변제 수행,rehab,,절차,진행 순서와 기간 확인,0,,609
개인회생-변제-수행-절차,개인회생 변제 수행 절차,rehab,,절차,방법·절차 확인,0,,610
개인회생-변제-수행-소요기간,개인회생 변제 수행 소요기간,rehab,,절차,진행 순서와 기간 확인,0,,611
개인회생-변제-수행-준비사항,개인회생 변제 수행 준비사항,rehab,,절차,진행 순서와 기간 확인,0,,612
개인회생-면책신청,개인회생 면책신청,rehab,,절차,진행 순서와 기간 확인,0,,613
개인회생-면책신청-절차,개인회생 면책신청 절차,rehab,,절차,방법·절차 확인,0,,614
개인회생-면책신청-소요기간,개인회생 면책신청 소요기간,rehab,,절차,진행 순서와 기간 확인,0,,615
개인회생-면책신청-준비사항,개인회생 면책신청 준비사항,rehab,,절차,진행 순서와 기간 확인,0,,616
개인회생-신청-취하,개인회생 신청 취하,rehab,,절차,진행 순서와 기간 확인,0,,617
개인회생-신청-취하-절차,개인회생 신청 취하 절차,rehab,,절차,방법·절차 확인,0,,618
개인회생-신청-취하-소요기간,개인회생 신청 취하 소요기간,rehab,,절차,진행 순서와 기간 확인,0,,619
개인회생-신청-취하-준비사항,개인회생 신청 취하 준비사항,rehab,,절차,진행 순서와 기간 확인,0,,620
개인회생-사건-이송,개인회생 사건 이송,rehab,,절차,진행 순서와 기간 확인,0,,621
개인회생-사건-이송-절차,개인회생 사건 이송 절차,rehab,,절차,방법·절차 확인,0,,622
개인회생-사건-이송-소요기간,개인회생 사건 이송 소요기간,rehab,,절차,진행 순서와 기간 확인,0,,623
개인회생-사건-이송-준비사항,개인회생 사건 이송 준비사항,rehab,,절차,진행 순서와 기간 확인,0,,624
개인회생-채권자-추가,개인회생 채권자 추가,rehab,,절차,진행 순서와 기간 확인,0,,625
개인회생-채권자-추가-절차,개인회생 채권자 추가 절차,rehab,,절차,방법·절차 확인,0,,626
개인회생-채권자-추가-소요기간,개인회생 채권자 추가 소요기간,rehab,,절차,진행 순서와 기간 확인,0,,627
개인회생-채권자-추가-준비사항,개인회생 채권자 추가 준비사항,rehab,,절차,진행 순서와 기간 확인,0,,628
개인회생-채무-누락-정정,개인회생 채무 누락 정정,rehab,,절차,진행 순서와 기간 확인,0,,629
개인회생-채무-누락-정정-절차,개인회생 채무 누락 정정 절차,rehab,,절차,방법·절차 확인,0,,630
개인회생-채무-누락-정정-소요기간,개인회생 채무 누락 정정 소요기간,rehab,,절차,진행 순서와 기간 확인,0,,631
개인회생-채무-누락-정정-준비사항,개인회생 채무 누락 정정 준비사항,rehab,,절차,진행 순서와 기간 확인,0,,632
개인회생-주소-변경-신고,개인회생 주소 변경 신고,rehab,,절차,진행 순서와 기간 확인,0,,633
개인회생-주소-변경-신고-절차,개인회생 주소 변경 신고 절차,rehab,,절차,방법·절차 확인,0,,634
개인회생-주소-변경-신고-소요기간,개인회생 주소 변경 신고 소요기간,rehab,,절차,진행 순서와 기간 확인,0,,635
개인회생-주소-변경-신고-준비사항,개인회생 주소 변경 신고 준비사항,rehab,,절차,진행 순서와 기간 확인,0,,636
개인회생-송달장소-변경,개인회생 송달장소 변경,rehab,,절차,진행 순서와 기간 확인,0,,637
개인회생-송달장소-변경-절차,개인회생 송달장소 변경 절차,rehab,,절차,방법·절차 확인,0,,638
개인회생-송달장소-변경-소요기간,개인회생 송달장소 변경 소요기간,rehab,,절차,진행 순서와 기간 확인,0,,639
개인회생-송달장소-변경-준비사항,개인회생 송달장소 변경 준비사항,rehab,,절차,진행 순서와 기간 확인,0,,640
개인회생-관할법원,개인회생 관할법원,rehab,,법원,관할 및 법원 이용 안내,0,,641
개인회생-관할법원-접수-안내,개인회생 관할법원 접수 안내,rehab,,법원,관할 및 법원 이용 안내,0,,642
개인회생-관할법원-이용-방법,개인회생 관할법원 이용 방법,rehab,,법원,방법·절차 확인,0,,643
개인회생-관할법원-문의-방법,개인회생 관할법원 문의 방법,rehab,,법원,방법·절차 확인,0,,644
개인회생-주소지-관할,개인회생 주소지 관할,rehab,,법원,관할 및 법원 이용 안내,0,,645
개인회생-주소지-관할-접수-안내,개인회생 주소지 관할 접수 안내,rehab,,법원,관할 및 법원 이용 안내,0,,646
개인회생-주소지-관할-이용-방법,개인회생 주소지 관할 이용 방법,rehab,,법원,방법·절차 확인,0,,647
개인회생-주소지-관할-문의-방법,개인회생 주소지 관할 문의 방법,rehab,,법원,방법·절차 확인,0,,648
개인회생-직장-소재지-관할,개인회생 직장 소재지 관할,rehab,,법원,관할 및 법원 이용 안내,0,,649
개인회생-직장-소재지-관할-접수-안내,개인회생 직장 소재지 관할 접수 안내,rehab,,법원,관할 및 법원 이용 안내,0,,650
개인회생-직장-소재지-관할-이용-방법,개인회생 직장 소재지 관할 이용 방법,rehab,,법원,방법·절차 확인,0,,651
개인회생-직장-소재지-관할-문의-방법,개인회생 직장 소재지 관할 문의 방법,rehab,,법원,방법·절차 확인,0,,652
개인회생-사업장-소재지-관할,개인회생 사업장 소재지 관할,rehab,,법원,관할 및 법원 이용 안내,0,,653
개인회생-사업장-소재지-관할-접수-안내,개인회생 사업장 소재지 관할 접수 안내,rehab,,법원,관할 및 법원 이용 안내,0,,654
개인회생-사업장-소재지-관할-이용-방법,개인회생 사업장 소재지 관할 이용 방법,rehab,,법원,방법·절차 확인,0,,655
개인회생-사업장-소재지-관할-문의-방법,개인회생 사업장 소재지 관할 문의 방법,rehab,,법원,방법·절차 확인,0,,656
개인회생-서울회생법원,개인회생 서울회생법원,rehab,,법원,관할 및 법원 이용 안내,0,,657
개인회생-서울회생법원-접수-안내,개인회생 서울회생법원 접수 안내,rehab,,법원,관할 및 법원 이용 안내,0,,658
개인회생-서울회생법원-이용-방법,개인회생 서울회생법원 이용 방법,rehab,,법원,방법·절차 확인,0,,659
개인회생-서울회생법원-문의-방법,개인회생 서울회생법원 문의 방법,rehab,,법원,방법·절차 확인,0,,660
개인회생-수원회생법원,개인회생 수원회생법원,rehab,,법원,관할 및 법원 이용 안내,0,,661
개인회생-수원회생법원-접수-안내,개인회생 수원회생법원 접수 안내,rehab,,법원,관할 및 법원 이용 안내,0,,662
개인회생-수원회생법원-이용-방법,개인회생 수원회생법원 이용 방법,rehab,,법원,방법·절차 확인,0,,663
개인회생-수원회생법원-문의-방법,개인회생 수원회생법원 문의 방법,rehab,,법원,방법·절차 확인,0,,664
개인회생-부산회생법원,개인회생 부산회생법원,rehab,,법원,관할 및 법원 이용 안내,0,,665
개인회생-부산회생법원-접수-안내,개인회생 부산회생법원 접수 안내,rehab,,법원,관할 및 법원 이용 안내,0,,666
개인회생-부산회생법원-이용-방법,개인회생 부산회생법원 이용 방법,rehab,,법원,방법·절차 확인,0,,667
개인회생-부산회생법원-문의-방법,개인회생 부산회생법원 문의 방법,rehab,,법원,방법·절차 확인,0,,668
개인회생-대전-지역-법원,개인회생 대전 지역 법원,rehab,,법원,관할 및 법원 이용 안내,0,,669
개인회생-대전-지역-법원-접수-안내,개인회생 대전 지역 법원 접수 안내,rehab,,법원,관할 및 법원 이용 안내,0,,670
개인회생-대전-지역-법원-이용-방법,개인회생 대전 지역 법원 이용 방법,rehab,,법원,방법·절차 확인,0,,671
개인회생-대전-지역-법원-문의-방법,개인회생 대전 지역 법원 문의 방법,rehab,,법원,방법·절차 확인,0,,672
개인회생-대구-지역-법원,개인회생 대구 지역 법원,rehab,,법원,관할 및 법원 이용 안내,0,,673
개인회생-대구-지역-법원-접수-안내,개인회생 대구 지역 법원 접수 안내,rehab,,법원,관할 및 법원 이용 안내,0,,674
개인회생-대구-지역-법원-이용-방법,개인회생 대구 지역 법원 이용 방법,rehab,,법원,방법·절차 확인,0,,675
개인회생-대구-지역-법원-문의-방법,개인회생 대구 지역 법원 문의 방법,rehab,,법원,방법·절차 확인,0,,676
개인회생-광주-지역-법원,개인회생 광주 지역 법원,rehab,,법원,관할 및 법원 이용 안내,0,,677
개인회생-광주-지역-법원-접수-안내,개인회생 광주 지역 법원 접수 안내,rehab,,법원,관할 및 법원 이용 안내,0,,678
개인회생-광주-지역-법원-이용-방법,개인회생 광주 지역 법원 이용 방법,rehab,,법원,방법·절차 확인,0,,679
개인회생-광주-지역-법원-문의-방법,개인회생 광주 지역 법원 문의 방법,rehab,,법원,방법·절차 확인,0,,680
개인회생-인천-지역-법원,개인회생 인천 지역 법원,rehab,,법원,관할 및 법원 이용 안내,0,,681
개인회생-인천-지역-법원-접수-안내,개인회생 인천 지역 법원 접수 안내,rehab,,법원,관할 및 법원 이용 안내,0,,682
개인회생-인천-지역-법원-이용-방법,개인회생 인천 지역 법원 이용 방법,rehab,,법원,방법·절차 확인,0,,683
개인회생-인천-지역-법원-문의-방법,개인회생 인천 지역 법원 문의 방법,rehab,,법원,방법·절차 확인,0,,684
개인회생-울산-지역-법원,개인회생 울산 지역 법원,rehab,,법원,관할 및 법원 이용 안내,0,,685
개인회생-울산-지역-법원-접수-안내,개인회생 울산 지역 법원 접수 안내,rehab,,법원,관할 및 법원 이용 안내,0,,686
개인회생-울산-지역-법원-이용-방법,개인회생 울산 지역 법원 이용 방법,rehab,,법원,방법·절차 확인,0,,687
개인회생-울산-지역-법원-문의-방법,개인회생 울산 지역 법원 문의 방법,rehab,,법원,방법·절차 확인,0,,688
개인회생-창원-지역-법원,개인회생 창원 지역 법원,rehab,,법원,관할 및 법원 이용 안내,0,,689
개인회생-창원-지역-법원-접수-안내,개인회생 창원 지역 법원 접수 안내,rehab,,법원,관할 및 법원 이용 안내,0,,690
개인회생-창원-지역-법원-이용-방법,개인회생 창원 지역 법원 이용 방법,rehab,,법원,방법·절차 확인,0,,691
개인회생-창원-지역-법원-문의-방법,개인회생 창원 지역 법원 문의 방법,rehab,,법원,방법·절차 확인,0,,692
개인회생-전주-지역-법원,개인회생 전주 지역 법원,rehab,,법원,관할 및 법원 이용 안내,0,,693
개인회생-전주-지역-법원-접수-안내,개인회생 전주 지역 법원 접수 안내,rehab,,법원,관할 및 법원 이용 안내,0,,694
개인회생-전주-지역-법원-이용-방법,개인회생 전주 지역 법원 이용 방법,rehab,,법원,방법·절차 확인,0,,695
개인회생-전주-지역-법원-문의-방법,개인회생 전주 지역 법원 문의 방법,rehab,,법원,방법·절차 확인,0,,696
개인회생-청주-지역-법원,개인회생 청주 지역 법원,rehab,,법원,관할 및 법원 이용 안내,0,,697
개인회생-청주-지역-법원-접수-안내,개인회생 청주 지역 법원 접수 안내,rehab,,법원,관할 및 법원 이용 안내,0,,698
개인회생-청주-지역-법원-이용-방법,개인회생 청주 지역 법원 이용 방법,rehab,,법원,방법·절차 확인,0,,699
개인회생-청주-지역-법원-문의-방법,개인회생 청주 지역 법원 문의 방법,rehab,,법원,방법·절차 확인,0,,700
개인회생-춘천-지역-법원,개인회생 춘천 지역 법원,rehab,,법원,관할 및 법원 이용 안내,0,,701
개인회생-춘천-지역-법원-접수-안내,개인회생 춘천 지역 법원 접수 안내,rehab,,법원,관할 및 법원 이용 안내,0,,702
개인회생-춘천-지역-법원-이용-방법,개인회생 춘천 지역 법원 이용 방법,rehab,,법원,방법·절차 확인,0,,703
개인회생-춘천-지역-법원-문의-방법,개인회생 춘천 지역 법원 문의 방법,rehab,,법원,방법·절차 확인,0,,704
개인회생-제주-지역-법원,개인회생 제주 지역 법원,rehab,,법원,관할 및 법원 이용 안내,0,,705
개인회생-제주-지역-법원-접수-안내,개인회생 제주 지역 법원 접수 안내,rehab,,법원,관할 및 법원 이용 안내,0,,706
개인회생-제주-지역-법원-이용-방법,개인회생 제주 지역 법원 이용 방법,rehab,,법원,방법·절차 확인,0,,707
개인회생-제주-지역-법원-문의-방법,개인회생 제주 지역 법원 문의 방법,rehab,,법원,방법·절차 확인,0,,708
개인회생-의정부-지역-법원,개인회생 의정부 지역 법원,rehab,,법원,관할 및 법원 이용 안내,0,,709
개인회생-의정부-지역-법원-접수-안내,개인회생 의정부 지역 법원 접수 안내,rehab,,법원,관할 및 법원 이용 안내,0,,710
개인회생-의정부-지역-법원-이용-방법,개인회생 의정부 지역 법원 이용 방법,rehab,,법원,방법·절차 확인,0,,711
개인회생-의정부-지역-법원-문의-방법,개인회생 의정부 지역 법원 문의 방법,rehab,,법원,방법·절차 확인,0,,712
개인회생-법원-민원실,개인회생 법원 민원실,rehab,,법원,관할 및 법원 이용 안내,0,,713
개인회생-법원-민원실-접수-안내,개인회생 법원 민원실 접수 안내,rehab,,법원,관할 및 법원 이용 안내,0,,714
개인회생-법원-민원실-이용-방법,개인회생 법원 민원실 이용 방법,rehab,,법원,방법·절차 확인,0,,715
개인회생-법원-민원실-문의-방법,개인회생 법원 민원실 문의 방법,rehab,,법원,방법·절차 확인,0,,716
개인회생-법원-전자소송,개인회생 법원 전자소송,rehab,,법원,관할 및 법원 이용 안내,0,,717
개인회생-법원-전자소송-접수-안내,개인회생 법원 전자소송 접수 안내,rehab,,법원,관할 및 법원 이용 안내,0,,718
개인회생-법원-전자소송-이용-방법,개인회생 법원 전자소송 이용 방법,rehab,,법원,방법·절차 확인,0,,719
개인회생-법원-전자소송-문의-방법,개인회생 법원 전자소송 문의 방법,rehab,,법원,방법·절차 확인,0,,720
개인회생-주민등록등본,개인회생 주민등록등본,rehab,,서류,필요서류 준비 및 작성,0,,721
개인회생-주민등록등본-준비-방법,개인회생 주민등록등본 준비 방법,rehab,,서류,방법·절차 확인,0,,722
개인회생-주민등록등본-제출-방법,개인회생 주민등록등본 제출 방법,rehab,,서류,방법·절차 확인,0,,723
개인회생-주민등록등본-누락-시-대응,개인회생 주민등록등본 누락 시 대응,rehab,,서류,필요서류 준비 및 작성,0,,724
개인회생-주민등록초본,개인회생 주민등록초본,rehab,,서류,필요서류 준비 및 작성,0,,725
개인회생-주민등록초본-준비-방법,개인회생 주민등록초본 준비 방법,rehab,,서류,방법·절차 확인,0,,726
개인회생-주민등록초본-제출-방법,개인회생 주민등록초본 제출 방법,rehab,,서류,방법·절차 확인,0,,727
개인회생-주민등록초본-누락-시-대응,개인회생 주민등록초본 누락 시 대응,rehab,,서류,필요서류 준비 및 작성,0,,728
개인회생-가족관계증명서,개인회생 가족관계증명서,rehab,,서류,필요서류 준비 및 작성,0,,729
개인회생-가족관계증명서-준비-방법,개인회생 가족관계증명서 준비 방법,rehab,,서류,방법·절차 확인,0,,730
개인회생-가족관계증명서-제출-방법,개인회생 가족관계증명서 제출 방법,rehab,,서류,방법·절차 확인,0,,731
개인회생-가족관계증명서-누락-시-대응,개인회생 가족관계증명서 누락 시 대응,rehab,,서류,필요서류 준비 및 작성,0,,732
개인회생-혼인관계증명서,개인회생 혼인관계증명서,rehab,,서류,필요서류 준비 및 작성,0,,733
개인회생-혼인관계증명서-준비-방법,개인회생 혼인관계증명서 준비 방법,rehab,,서류,방법·절차 확인,0,,734
개인회생-혼인관계증명서-제출-방법,개인회생 혼인관계증명서 제출 방법,rehab,,서류,방법·절차 확인,0,,735
개인회생-혼인관계증명서-누락-시-대응,개인회생 혼인관계증명서 누락 시 대응,rehab,,서류,필요서류 준비 및 작성,0,,736
개인회생-급여명세서,개인회생 급여명세서,rehab,,서류,필요서류 준비 및 작성,0,,737
개인회생-급여명세서-준비-방법,개인회생 급여명세서 준비 방법,rehab,,서류,방법·절차 확인,0,,738
개인회생-급여명세서-제출-방법,개인회생 급여명세서 제출 방법,rehab,,서류,방법·절차 확인,0,,739
개인회생-급여명세서-누락-시-대응,개인회생 급여명세서 누락 시 대응,rehab,,서류,필요서류 준비 및 작성,0,,740
개인회생-재직증명서,개인회생 재직증명서,rehab,,서류,필요서류 준비 및 작성,0,,741
개인회생-재직증명서-준비-방법,개인회생 재직증명서 준비 방법,rehab,,서류,방법·절차 확인,0,,742
개인회생-재직증명서-제출-방법,개인회생 재직증명서 제출 방법,rehab,,서류,방법·절차 확인,0,,743
개인회생-재직증명서-누락-시-대응,개인회생 재직증명서 누락 시 대응,rehab,,서류,필요서류 준비 및 작성,0,,744
개인회생-원천징수영수증,개인회생 원천징수영수증,rehab,,서류,필요서류 준비 및 작성,0,,745
개인회생-원천징수영수증-준비-방법,개인회생 원천징수영수증 준비 방법,rehab,,서류,방법·절차 확인,0,,746
개인회생-원천징수영수증-제출-방법,개인회생 원천징수영수증 제출 방법,rehab,,서류,방법·절차 확인,0,,747
개인회생-원천징수영수증-누락-시-대응,개인회생 원천징수영수증 누락 시 대응,rehab,,서류,필요서류 준비 및 작성,0,,748
개인회생-소득금액증명,개인회생 소득금액증명,rehab,,서류,필요서류 준비 및 작성,0,,749
개인회생-소득금액증명-준비-방법,개인회생 소득금액증명 준비 방법,rehab,,서류,방법·절차 확인,0,,750
개인회생-소득금액증명-제출-방법,개인회생 소득금액증명 제출 방법,rehab,,서류,방법·절차 확인,0,,751
개인회생-소득금액증명-누락-시-대응,개인회생 소득금액증명 누락 시 대응,rehab,,서류,필요서류 준비 및 작성,0,,752
개인회생-사업자등록증,개인회생 사업자등록증,rehab,,서류,필요서류 준비 및 작성,0,,753
개인회생-사업자등록증-준비-방법,개인회생 사업자등록증 준비 방법,rehab,,서류,방법·절차 확인,0,,754
개인회생-사업자등록증-제출-방법,개인회생 사업자등록증 제출 방법,rehab,,서류,방법·절차 확인,0,,755
개인회생-사업자등록증-누락-시-대응,개인회생 사업자등록증 누락 시 대응,rehab,,서류,필요서류 준비 및 작성,0,,756
개인회생-부가가치세-신고자료,개인회생 부가가치세 신고자료,rehab,,서류,필요서류 준비 및 작성,0,,757
개인회생-부가가치세-신고자료-준비-방법,개인회생 부가가치세 신고자료 준비 방법,rehab,,서류,방법·절차 확인,0,,758
개인회생-부가가치세-신고자료-제출-방법,개인회생 부가가치세 신고자료 제출 방법,rehab,,서류,방법·절차 확인,0,,759
개인회생-부가가치세-신고자료-누락-시-대응,개인회생 부가가치세 신고자료 누락 시 대응,rehab,,서류,필요서류 준비 및 작성,0,,760
개인회생-통장거래내역,개인회생 통장거래내역,rehab,,서류,필요서류 준비 및 작성,0,,761
개인회생-통장거래내역-준비-방법,개인회생 통장거래내역 준비 방법,rehab,,서류,방법·절차 확인,0,,762
개인회생-통장거래내역-제출-방법,개인회생 통장거래내역 제출 방법,rehab,,서류,방법·절차 확인,0,,763
개인회생-통장거래내역-누락-시-대응,개인회생 통장거래내역 누락 시 대응,rehab,,서류,필요서류 준비 및 작성,0,,764
개인회생-부채증명서,개인회생 부채증명서,rehab,,서류,필요서류 준비 및 작성,0,,765
개인회생-부채증명서-준비-방법,개인회생 부채증명서 준비 방법,rehab,,서류,방법·절차 확인,0,,766
개인회생-부채증명서-제출-방법,개인회생 부채증명서 제출 방법,rehab,,서류,방법·절차 확인,0,,767
개인회생-부채증명서-누락-시-대응,개인회생 부채증명서 누락 시 대응,rehab,,서류,필요서류 준비 및 작성,0,,768
개인회생-신용정보조회서,개인회생 신용정보조회서,rehab,,서류,필요서류 준비 및 작성,0,,769
개인회생-신용정보조회서-준비-방법,개인회생 신용정보조회서 준비 방법,rehab,,서류,방법·절차 확인,0,,770
개인회생-신용정보조회서-제출-방법,개인회생 신용정보조회서 제출 방법,rehab,,서류,방법·절차 확인,0,,771
개인회생-신용정보조회서-누락-시-대응,개인회생 신용정보조회서 누락 시 대응,rehab,,서류,필요서류 준비 및 작성,0,,772
개인회생-임대차계약서,개인회생 임대차계약서,rehab,,서류,필요서류 준비 및 작성,0,,773
개인회생-임대차계약서-준비-방법,개인회생 임대차계약서 준비 방법,rehab,,서류,방법·절차 확인,0,,774
개인회생-임대차계약서-제출-방법,개인회생 임대차계약서 제출 방법,rehab,,서류,방법·절차 확인,0,,775
개인회생-임대차계약서-누락-시-대응,개인회생 임대차계약서 누락 시 대응,rehab,,서류,필요서류 준비 및 작성,0,,776
개인회생-부동산-등기사항증명서,개인회생 부동산 등기사항증명서,rehab,,서류,필요서류 준비 및 작성,0,,777
개인회생-부동산-등기사항증명서-준비-방법,개인회생 부동산 등기사항증명서 준비 방법,rehab,,서류,방법·절차 확인,0,,778
개인회생-부동산-등기사항증명서-제출-방법,개인회생 부동산 등기사항증명서 제출 방법,rehab,,서류,방법·절차 확인,0,,779
개인회생-부동산-등기사항증명서-누락-시-대응,개인회생 부동산 등기사항증명서 누락 시 대응,rehab,,서류,필요서류 준비 및 작성,0,,780
개인회생-자동차등록원부,개인회생 자동차등록원부,rehab,,서류,필요서류 준비 및 작성,0,,781
개인회생-자동차등록원부-준비-방법,개인회생 자동차등록원부 준비 방법,rehab,,서류,방법·절차 확인,0,,782
개인회생-자동차등록원부-제출-방법,개인회생 자동차등록원부 제출 방법,rehab,,서류,방법·절차 확인,0,,783
개인회생-자동차등록원부-누락-시-대응,개인회생 자동차등록원부 누락 시 대응,rehab,,서류,필요서류 준비 및 작성,0,,784
개인회생-보험가입내역,개인회생 보험가입내역,rehab,,서류,필요서류 준비 및 작성,0,,785
개인회생-보험가입내역-준비-방법,개인회생 보험가입내역 준비 방법,rehab,,서류,방법·절차 확인,0,,786
개인회생-보험가입내역-제출-방법,개인회생 보험가입내역 제출 방법,rehab,,서류,방법·절차 확인,0,,787
개인회생-보험가입내역-누락-시-대응,개인회생 보험가입내역 누락 시 대응,rehab,,서류,필요서류 준비 및 작성,0,,788
개인회생-보험-해약환급금-증명서,개인회생 보험 해약환급금 증명서,rehab,,서류,필요서류 준비 및 작성,0,,789
개인회생-보험-해약환급금-증명서-준비-방법,개인회생 보험 해약환급금 증명서 준비 방법,rehab,,서류,방법·절차 확인,0,,790
개인회생-보험-해약환급금-증명서-제출-방법,개인회생 보험 해약환급금 증명서 제출 방법,rehab,,서류,방법·절차 확인,0,,791
개인회생-보험-해약환급금-증명서-누락-시-대응,개인회생 보험 해약환급금 증명서 누락 시 대응,rehab,,서류,필요서류 준비 및 작성,0,,792
개인회생-진술서,개인회생 진술서,rehab,,서류,필요서류 준비 및 작성,0,,793
개인회생-진술서-준비-방법,개인회생 진술서 준비 방법,rehab,,서류,방법·절차 확인,0,,794
개인회생-진술서-제출-방법,개인회생 진술서 제출 방법,rehab,,서류,방법·절차 확인,0,,795
개인회생-진술서-누락-시-대응,개인회생 진술서 누락 시 대응,rehab,,서류,필요서류 준비 및 작성,0,,796
개인회생-재산목록,개인회생 재산목록,rehab,,서류,필요서류 준비 및 작성,0,,797
개인회생-재산목록-준비-방법,개인회생 재산목록 준비 방법,rehab,,서류,방법·절차 확인,0,,798
개인회생-재산목록-제출-방법,개인회생 재산목록 제출 방법,rehab,,서류,방법·절차 확인,0,,799
개인회생-재산목록-누락-시-대응,개인회생 재산목록 누락 시 대응,rehab,,서류,필요서류 준비 및 작성,0,,800
개인회생-보정권고,개인회생 보정권고,rehab,,보정,보정 요구 대응,0,,801
개인회생-보정권고-대응-방법,개인회생 보정권고 대응 방법,rehab,,보정,방법·절차 확인,0,,802
개인회생-보정권고-제출서류,개인회생 보정권고 제출서류,rehab,,보정,서류·증빙 준비,0,,803
개인회생-보정권고-사례,개인회생 보정권고 사례,rehab,,보정,사례·경험 탐색,0,,804
개인회생-보정명령,개인회생 보정명령,rehab,,보정,보정 요구 대응,0,,805
개인회생-보정명령-대응-방법,개인회생 보정명령 대응 방법,rehab,,보정,방법·절차 확인,0,,806
개인회생-보정명령-제출서류,개인회생 보정명령 제출서류,rehab,,보정,서류·증빙 준비,0,,807
개인회생-보정명령-사례,개인회생 보정명령 사례,rehab,,보정,사례·경험 탐색,0,,808
개인회생-보정서-작성,개인회생 보정서 작성,rehab,,보정,보정 요구 대응,0,,809
개인회생-보정서-작성-대응-방법,개인회생 보정서 작성 대응 방법,rehab,,보정,방법·절차 확인,0,,810
개인회생-보정서-작성-제출서류,개인회생 보정서 작성 제출서류,rehab,,보정,서류·증빙 준비,0,,811
개인회생-보정서-작성-사례,개인회생 보정서 작성 사례,rehab,,보정,사례·경험 탐색,0,,812
개인회생-보정기한-연장,개인회생 보정기한 연장,rehab,,보정,보정 요구 대응,0,,813
개인회생-보정기한-연장-대응-방법,개인회생 보정기한 연장 대응 방법,rehab,,보정,방법·절차 확인,0,,814
개인회생-보정기한-연장-제출서류,개인회생 보정기한 연장 제출서류,rehab,,보정,서류·증빙 준비,0,,815
개인회생-보정기한-연장-사례,개인회생 보정기한 연장 사례,rehab,,보정,사례·경험 탐색,0,,816
개인회생-소득자료-보정,개인회생 소득자료 보정,rehab,,보정,보정 요구 대응,0,,817
개인회생-소득자료-보정-대응-방법,개인회생 소득자료 보정 대응 방법,rehab,,보정,방법·절차 확인,0,,818
개인회생-소득자료-보정-제출서류,개인회생 소득자료 보정 제출서류,rehab,,보정,서류·증빙 준비,0,,819
개인회생-소득자료-보정-사례,개인회생 소득자료 보정 사례,rehab,,보정,사례·경험 탐색,0,,820
개인회생-재산자료-보정,개인회생 재산자료 보정,rehab,,보정,보정 요구 대응,0,,821
개인회생-재산자료-보정-대응-방법,개인회생 재산자료 보정 대응 방법,rehab,,보정,방법·절차 확인,0,,822
개인회생-재산자료-보정-제출서류,개인회생 재산자료 보정 제출서류,rehab,,보정,서류·증빙 준비,0,,823
개인회생-재산자료-보정-사례,개인회생 재산자료 보정 사례,rehab,,보정,사례·경험 탐색,0,,824
개인회생-채무증대-경위-보정,개인회생 채무증대 경위 보정,rehab,,보정,보정 요구 대응,0,,825
개인회생-채무증대-경위-보정-대응-방법,개인회생 채무증대 경위 보정 대응 방법,rehab,,보정,방법·절차 확인,0,,826
개인회생-채무증대-경위-보정-제출서류,개인회생 채무증대 경위 보정 제출서류,rehab,,보정,서류·증빙 준비,0,,827
개인회생-채무증대-경위-보정-사례,개인회생 채무증대 경위 보정 사례,rehab,,보정,사례·경험 탐색,0,,828
개인회생-최근대출-사용처-보정,개인회생 최근대출 사용처 보정,rehab,,보정,보정 요구 대응,0,,829
개인회생-최근대출-사용처-보정-대응-방법,개인회생 최근대출 사용처 보정 대응 방법,rehab,,보정,방법·절차 확인,0,,830
개인회생-최근대출-사용처-보정-제출서류,개인회생 최근대출 사용처 보정 제출서류,rehab,,보정,서류·증빙 준비,0,,831
개인회생-최근대출-사용처-보정-사례,개인회생 최근대출 사용처 보정 사례,rehab,,보정,사례·경험 탐색,0,,832
개인회생-현금인출-내역-보정,개인회생 현금인출 내역 보정,rehab,,보정,보정 요구 대응,0,,833
개인회생-현금인출-내역-보정-대응-방법,개인회생 현금인출 내역 보정 대응 방법,rehab,,보정,방법·절차 확인,0,,834
개인회생-현금인출-내역-보정-제출서류,개인회생 현금인출 내역 보정 제출서류,rehab,,보정,서류·증빙 준비,0,,835
개인회생-현금인출-내역-보정-사례,개인회생 현금인출 내역 보정 사례,rehab,,보정,사례·경험 탐색,0,,836
개인회생-가족-간-거래-보정,개인회생 가족 간 거래 보정,rehab,,보정,보정 요구 대응,0,,837
개인회생-가족-간-거래-보정-대응-방법,개인회생 가족 간 거래 보정 대응 방법,rehab,,보정,방법·절차 확인,0,,838
개인회생-가족-간-거래-보정-제출서류,개인회생 가족 간 거래 보정 제출서류,rehab,,보정,서류·증빙 준비,0,,839
개인회생-가족-간-거래-보정-사례,개인회생 가족 간 거래 보정 사례,rehab,,보정,사례·경험 탐색,0,,840
개인회생-배우자-재산-보정,개인회생 배우자 재산 보정,rehab,,보정,보정 요구 대응,0,,841
개인회생-배우자-재산-보정-대응-방법,개인회생 배우자 재산 보정 대응 방법,rehab,,보정,방법·절차 확인,0,,842
개인회생-배우자-재산-보정-제출서류,개인회생 배우자 재산 보정 제출서류,rehab,,보정,서류·증빙 준비,0,,843
개인회생-배우자-재산-보정-사례,개인회생 배우자 재산 보정 사례,rehab,,보정,사례·경험 탐색,0,,844
개인회생-보험자료-보정,개인회생 보험자료 보정,rehab,,보정,보정 요구 대응,0,,845
개인회생-보험자료-보정-대응-방법,개인회생 보험자료 보정 대응 방법,rehab,,보정,방법·절차 확인,0,,846
개인회생-보험자료-보정-제출서류,개인회생 보험자료 보정 제출서류,rehab,,보정,서류·증빙 준비,0,,847
개인회생-보험자료-보정-사례,개인회생 보험자료 보정 사례,rehab,,보정,사례·경험 탐색,0,,848
개인회생-가상자산-거래-보정,개인회생 가상자산 거래 보정,rehab,,보정,보정 요구 대응,0,,849
개인회생-가상자산-거래-보정-대응-방법,개인회생 가상자산 거래 보정 대응 방법,rehab,,보정,방법·절차 확인,0,,850
개인회생-가상자산-거래-보정-제출서류,개인회생 가상자산 거래 보정 제출서류,rehab,,보정,서류·증빙 준비,0,,851
개인회생-가상자산-거래-보정-사례,개인회생 가상자산 거래 보정 사례,rehab,,보정,사례·경험 탐색,0,,852
개인회생-주식-거래-보정,개인회생 주식 거래 보정,rehab,,보정,보정 요구 대응,0,,853
개인회생-주식-거래-보정-대응-방법,개인회생 주식 거래 보정 대응 방법,rehab,,보정,방법·절차 확인,0,,854
개인회생-주식-거래-보정-제출서류,개인회생 주식 거래 보정 제출서류,rehab,,보정,서류·증빙 준비,0,,855
개인회생-주식-거래-보정-사례,개인회생 주식 거래 보정 사례,rehab,,보정,사례·경험 탐색,0,,856
개인회생-사업경비-보정,개인회생 사업경비 보정,rehab,,보정,보정 요구 대응,0,,857
개인회생-사업경비-보정-대응-방법,개인회생 사업경비 보정 대응 방법,rehab,,보정,방법·절차 확인,0,,858
개인회생-사업경비-보정-제출서류,개인회생 사업경비 보정 제출서류,rehab,,보정,서류·증빙 준비,0,,859
개인회생-사업경비-보정-사례,개인회생 사업경비 보정 사례,rehab,,보정,사례·경험 탐색,0,,860
개인회생-부양가족-보정,개인회생 부양가족 보정,rehab,,보정,보정 요구 대응,0,,861
개인회생-부양가족-보정-대응-방법,개인회생 부양가족 보정 대응 방법,rehab,,보정,방법·절차 확인,0,,862
개인회생-부양가족-보정-제출서류,개인회생 부양가족 보정 제출서류,rehab,,보정,서류·증빙 준비,0,,863
개인회생-부양가족-보정-사례,개인회생 부양가족 보정 사례,rehab,,보정,사례·경험 탐색,0,,864
개인회생-주거비-보정,개인회생 주거비 보정,rehab,,보정,보정 요구 대응,0,,865
개인회생-주거비-보정-대응-방법,개인회생 주거비 보정 대응 방법,rehab,,보정,방법·절차 확인,0,,866
개인회생-주거비-보정-제출서류,개인회생 주거비 보정 제출서류,rehab,,보정,서류·증빙 준비,0,,867
개인회생-주거비-보정-사례,개인회생 주거비 보정 사례,rehab,,보정,사례·경험 탐색,0,,868
개인회생-채권자목록-보정,개인회생 채권자목록 보정,rehab,,보정,보정 요구 대응,0,,869
개인회생-채권자목록-보정-대응-방법,개인회생 채권자목록 보정 대응 방법,rehab,,보정,방법·절차 확인,0,,870
개인회생-채권자목록-보정-제출서류,개인회생 채권자목록 보정 제출서류,rehab,,보정,서류·증빙 준비,0,,871
개인회생-채권자목록-보정-사례,개인회생 채권자목록 보정 사례,rehab,,보정,사례·경험 탐색,0,,872
개인회생-변제계획안-보정,개인회생 변제계획안 보정,rehab,,보정,보정 요구 대응,0,,873
개인회생-변제계획안-보정-대응-방법,개인회생 변제계획안 보정 대응 방법,rehab,,보정,방법·절차 확인,0,,874
개인회생-변제계획안-보정-제출서류,개인회생 변제계획안 보정 제출서류,rehab,,보정,서류·증빙 준비,0,,875
개인회생-변제계획안-보정-사례,개인회생 변제계획안 보정 사례,rehab,,보정,사례·경험 탐색,0,,876
개인회생-추가-보정,개인회생 추가 보정,rehab,,보정,보정 요구 대응,0,,877
개인회생-추가-보정-대응-방법,개인회생 추가 보정 대응 방법,rehab,,보정,방법·절차 확인,0,,878
개인회생-추가-보정-제출서류,개인회생 추가 보정 제출서류,rehab,,보정,서류·증빙 준비,0,,879
개인회생-추가-보정-사례,개인회생 추가 보정 사례,rehab,,보정,사례·경험 탐색,0,,880
개인회생-금지명령-신청,개인회생 금지명령 신청,rehab,,금지명령,명령 신청 및 효력 확인,0,,881
개인회생-금지명령-신청-확인사항,개인회생 금지명령 신청 확인사항,rehab,,금지명령,명령 신청 및 효력 확인,0,,882
개인회생-금지명령-신청-대응-상담,개인회생 금지명령 신청 대응 상담,rehab,,금지명령,상담·서비스 탐색,0,,883
개인회생-금지명령-신청-사례,개인회생 금지명령 신청 사례,rehab,,금지명령,사례·경험 탐색,0,,884
개인회생-중지명령-신청,개인회생 중지명령 신청,rehab,,금지명령,명령 신청 및 효력 확인,0,,885
개인회생-중지명령-신청-확인사항,개인회생 중지명령 신청 확인사항,rehab,,금지명령,명령 신청 및 효력 확인,0,,886
개인회생-중지명령-신청-대응-상담,개인회생 중지명령 신청 대응 상담,rehab,,금지명령,상담·서비스 탐색,0,,887
개인회생-중지명령-신청-사례,개인회생 중지명령 신청 사례,rehab,,금지명령,사례·경험 탐색,0,,888
개인회생-금지명령-기각,개인회생 금지명령 기각,rehab,,금지명령,명령 신청 및 효력 확인,0,,889
개인회생-금지명령-기각-확인사항,개인회생 금지명령 기각 확인사항,rehab,,금지명령,명령 신청 및 효력 확인,0,,890
개인회생-금지명령-기각-대응-상담,개인회생 금지명령 기각 대응 상담,rehab,,금지명령,상담·서비스 탐색,0,,891
개인회생-금지명령-기각-사례,개인회생 금지명령 기각 사례,rehab,,금지명령,사례·경험 탐색,0,,892
개인회생-금지명령-지연,개인회생 금지명령 지연,rehab,,금지명령,명령 신청 및 효력 확인,0,,893
개인회생-금지명령-지연-확인사항,개인회생 금지명령 지연 확인사항,rehab,,금지명령,명령 신청 및 효력 확인,0,,894
개인회생-금지명령-지연-대응-상담,개인회생 금지명령 지연 대응 상담,rehab,,금지명령,상담·서비스 탐색,0,,895
개인회생-금지명령-지연-사례,개인회생 금지명령 지연 사례,rehab,,금지명령,사례·경험 탐색,0,,896
개인회생-금지명령-송달,개인회생 금지명령 송달,rehab,,금지명령,명령 신청 및 효력 확인,0,,897
개인회생-금지명령-송달-확인사항,개인회생 금지명령 송달 확인사항,rehab,,금지명령,명령 신청 및 효력 확인,0,,898
개인회생-금지명령-송달-대응-상담,개인회생 금지명령 송달 대응 상담,rehab,,금지명령,상담·서비스 탐색,0,,899
개인회생-금지명령-송달-사례,개인회생 금지명령 송달 사례,rehab,,금지명령,사례·경험 탐색,0,,900
개인회생-금지명령-재신청,개인회생 금지명령 재신청,rehab,,금지명령,명령 신청 및 효력 확인,0,,901
개인회생-금지명령-재신청-확인사항,개인회생 금지명령 재신청 확인사항,rehab,,금지명령,명령 신청 및 효력 확인,0,,902
개인회생-금지명령-재신청-대응-상담,개인회생 금지명령 재신청 대응 상담,rehab,,금지명령,상담·서비스 탐색,0,,903
개인회생-금지명령-재신청-사례,개인회생 금지명령 재신청 사례,rehab,,금지명령,사례·경험 탐색,0,,904
개인회생-금지명령-효력,개인회생 금지명령 효력,rehab,,금지명령,명령 신청 및 효력 확인,0,,905
개인회생-금지명령-효력-확인사항,개인회생 금지명령 효력 확인사항,rehab,,금지명령,명령 신청 및 효력 확인,0,,906
개인회생-금지명령-효력-대응-상담,개인회생 금지명령 효력 대응 상담,rehab,,금지명령,상담·서비스 탐색,0,,907
개인회생-금지명령-효력-사례,개인회생 금지명령 효력 사례,rehab,,금지명령,사례·경험 탐색,0,,908
개인회생-중지명령-효력,개인회생 중지명령 효력,rehab,,금지명령,명령 신청 및 효력 확인,0,,909
개인회생-중지명령-효력-확인사항,개인회생 중지명령 효력 확인사항,rehab,,금지명령,명령 신청 및 효력 확인,0,,910
개인회생-중지명령-효력-대응-상담,개인회생 중지명령 효력 대응 상담,rehab,,금지명령,상담·서비스 탐색,0,,911
개인회생-중지명령-효력-사례,개인회생 중지명령 효력 사례,rehab,,금지명령,사례·경험 탐색,0,,912
개인회생-금지명령-후-독촉,개인회생 금지명령 후 독촉,rehab,,금지명령,명령 신청 및 효력 확인,0,,913
개인회생-금지명령-후-독촉-확인사항,개인회생 금지명령 후 독촉 확인사항,rehab,,금지명령,명령 신청 및 효력 확인,0,,914
개인회생-금지명령-후-독촉-대응-상담,개인회생 금지명령 후 독촉 대응 상담,rehab,,금지명령,상담·서비스 탐색,0,,915
개인회생-금지명령-후-독촉-사례,개인회생 금지명령 후 독촉 사례,rehab,,금지명령,사례·경험 탐색,0,,916
개인회생-금지명령-후-압류,개인회생 금지명령 후 압류,rehab,,금지명령,명령 신청 및 효력 확인,0,,917
개인회생-금지명령-후-압류-확인사항,개인회생 금지명령 후 압류 확인사항,rehab,,금지명령,명령 신청 및 효력 확인,0,,918
개인회생-금지명령-후-압류-대응-상담,개인회생 금지명령 후 압류 대응 상담,rehab,,금지명령,상담·서비스 탐색,0,,919
개인회생-금지명령-후-압류-사례,개인회생 금지명령 후 압류 사례,rehab,,금지명령,사례·경험 탐색,0,,920
개인회생-금지명령-전-추심,개인회생 금지명령 전 추심,rehab,,금지명령,명령 신청 및 효력 확인,0,,921
개인회생-금지명령-전-추심-확인사항,개인회생 금지명령 전 추심 확인사항,rehab,,금지명령,명령 신청 및 효력 확인,0,,922
개인회생-금지명령-전-추심-대응-상담,개인회생 금지명령 전 추심 대응 상담,rehab,,금지명령,상담·서비스 탐색,0,,923
개인회생-금지명령-전-추심-사례,개인회생 금지명령 전 추심 사례,rehab,,금지명령,사례·경험 탐색,0,,924
개인회생-금지명령-누락-채권,개인회생 금지명령 누락 채권,rehab,,금지명령,명령 신청 및 효력 확인,0,,925
개인회생-금지명령-누락-채권-확인사항,개인회생 금지명령 누락 채권 확인사항,rehab,,금지명령,명령 신청 및 효력 확인,0,,926
개인회생-금지명령-누락-채권-대응-상담,개인회생 금지명령 누락 채권 대응 상담,rehab,,금지명령,상담·서비스 탐색,0,,927
개인회생-금지명령-누락-채권-사례,개인회생 금지명령 누락 채권 사례,rehab,,금지명령,사례·경험 탐색,0,,928
개인회생-금지명령-채권자-추가,개인회생 금지명령 채권자 추가,rehab,,금지명령,명령 신청 및 효력 확인,0,,929
개인회생-금지명령-채권자-추가-확인사항,개인회생 금지명령 채권자 추가 확인사항,rehab,,금지명령,명령 신청 및 효력 확인,0,,930
개인회생-금지명령-채권자-추가-대응-상담,개인회생 금지명령 채권자 추가 대응 상담,rehab,,금지명령,상담·서비스 탐색,0,,931
개인회생-금지명령-채권자-추가-사례,개인회생 금지명령 채권자 추가 사례,rehab,,금지명령,사례·경험 탐색,0,,932
개인회생-금지명령-금융회사-통지,개인회생 금지명령 금융회사 통지,rehab,,금지명령,명령 신청 및 효력 확인,0,,933
개인회생-금지명령-금융회사-통지-확인사항,개인회생 금지명령 금융회사 통지 확인사항,rehab,,금지명령,명령 신청 및 효력 확인,0,,934
개인회생-금지명령-금융회사-통지-대응-상담,개인회생 금지명령 금융회사 통지 대응 상담,rehab,,금지명령,상담·서비스 탐색,0,,935
개인회생-금지명령-금융회사-통지-사례,개인회생 금지명령 금융회사 통지 사례,rehab,,금지명령,사례·경험 탐색,0,,936
개인회생-중지명령-급여압류,개인회생 중지명령 급여압류,rehab,,금지명령,명령 신청 및 효력 확인,0,,937
개인회생-중지명령-급여압류-확인사항,개인회생 중지명령 급여압류 확인사항,rehab,,금지명령,명령 신청 및 효력 확인,0,,938
개인회생-중지명령-급여압류-대응-상담,개인회생 중지명령 급여압류 대응 상담,rehab,,금지명령,상담·서비스 탐색,0,,939
개인회생-중지명령-급여압류-사례,개인회생 중지명령 급여압류 사례,rehab,,금지명령,사례·경험 탐색,0,,940
개인회생-중지명령-통장압류,개인회생 중지명령 통장압류,rehab,,금지명령,명령 신청 및 효력 확인,0,,941
개인회생-중지명령-통장압류-확인사항,개인회생 중지명령 통장압류 확인사항,rehab,,금지명령,명령 신청 및 효력 확인,0,,942
개인회생-중지명령-통장압류-대응-상담,개인회생 중지명령 통장압류 대응 상담,rehab,,금지명령,상담·서비스 탐색,0,,943
개인회생-중지명령-통장압류-사례,개인회생 중지명령 통장압류 사례,rehab,,금지명령,사례·경험 탐색,0,,944
개인회생-중지명령-경매,개인회생 중지명령 경매,rehab,,금지명령,명령 신청 및 효력 확인,0,,945
개인회생-중지명령-경매-확인사항,개인회생 중지명령 경매 확인사항,rehab,,금지명령,명령 신청 및 효력 확인,0,,946
개인회생-중지명령-경매-대응-상담,개인회생 중지명령 경매 대응 상담,rehab,,금지명령,상담·서비스 탐색,0,,947
개인회생-중지명령-경매-사례,개인회생 중지명령 경매 사례,rehab,,금지명령,사례·경험 탐색,0,,948
개인회생-중지명령-집행사건,개인회생 중지명령 집행사건,rehab,,금지명령,명령 신청 및 효력 확인,0,,949
개인회생-중지명령-집행사건-확인사항,개인회생 중지명령 집행사건 확인사항,rehab,,금지명령,명령 신청 및 효력 확인,0,,950
개인회생-중지명령-집행사건-대응-상담,개인회생 중지명령 집행사건 대응 상담,rehab,,금지명령,상담·서비스 탐색,0,,951
개인회생-중지명령-집행사건-사례,개인회생 중지명령 집행사건 사례,rehab,,금지명령,사례·경험 탐색,0,,952
개인회생-재신청-금지명령,개인회생 재신청 금지명령,rehab,,금지명령,명령 신청 및 효력 확인,0,,953
개인회생-재신청-금지명령-확인사항,개인회생 재신청 금지명령 확인사항,rehab,,금지명령,명령 신청 및 효력 확인,0,,954
개인회생-재신청-금지명령-대응-상담,개인회생 재신청 금지명령 대응 상담,rehab,,금지명령,상담·서비스 탐색,0,,955
개인회생-재신청-금지명령-사례,개인회생 재신청 금지명령 사례,rehab,,금지명령,사례·경험 탐색,0,,956
개인회생-금지명령-위반,개인회생 금지명령 위반,rehab,,금지명령,명령 신청 및 효력 확인,0,,957
개인회생-금지명령-위반-확인사항,개인회생 금지명령 위반 확인사항,rehab,,금지명령,명령 신청 및 효력 확인,0,,958
개인회생-금지명령-위반-대응-상담,개인회생 금지명령 위반 대응 상담,rehab,,금지명령,상담·서비스 탐색,0,,959
개인회생-금지명령-위반-사례,개인회생 금지명령 위반 사례,rehab,,금지명령,사례·경험 탐색,0,,960
개인회생-통장압류,개인회생 통장압류,rehab,,압류,압류 대응 및 해제,0,,961
개인회생-통장압류-대응-방법,개인회생 통장압류 대응 방법,rehab,,압류,방법·절차 확인,0,,962
개인회생-통장압류-필요서류,개인회생 통장압류 필요서류,rehab,,압류,서류·증빙 준비,0,,963
개인회생-통장압류-상담,개인회생 통장압류 상담,rehab,,압류,상담·서비스 탐색,0,,964
개인회생-급여압류,개인회생 급여압류,rehab,,압류,압류 대응 및 해제,0,,965
개인회생-급여압류-대응-방법,개인회생 급여압류 대응 방법,rehab,,압류,방법·절차 확인,0,,966
개인회생-급여압류-필요서류,개인회생 급여압류 필요서류,rehab,,압류,서류·증빙 준비,0,,967
개인회생-급여압류-상담,개인회생 급여압류 상담,rehab,,압류,상담·서비스 탐색,0,,968
개인회생-퇴직금-압류,개인회생 퇴직금 압류,rehab,,압류,압류 대응 및 해제,0,,969
개인회생-퇴직금-압류-대응-방법,개인회생 퇴직금 압류 대응 방법,rehab,,압류,방법·절차 확인,0,,970
개인회생-퇴직금-압류-필요서류,개인회생 퇴직금 압류 필요서류,rehab,,압류,서류·증빙 준비,0,,971
개인회생-퇴직금-압류-상담,개인회생 퇴직금 압류 상담,rehab,,압류,상담·서비스 탐색,0,,972
개인회생-보증금-압류,개인회생 보증금 압류,rehab,,압류,압류 대응 및 해제,0,,973
개인회생-보증금-압류-대응-방법,개인회생 보증금 압류 대응 방법,rehab,,압류,방법·절차 확인,0,,974
개인회생-보증금-압류-필요서류,개인회생 보증금 압류 필요서류,rehab,,압류,서류·증빙 준비,0,,975
개인회생-보증금-압류-상담,개인회생 보증금 압류 상담,rehab,,압류,상담·서비스 탐색,0,,976
개인회생-자동차-압류,개인회생 자동차 압류,rehab,,압류,압류 대응 및 해제,0,,977
개인회생-자동차-압류-대응-방법,개인회생 자동차 압류 대응 방법,rehab,,압류,방법·절차 확인,0,,978
개인회생-자동차-압류-필요서류,개인회생 자동차 압류 필요서류,rehab,,압류,서류·증빙 준비,0,,979
개인회생-자동차-압류-상담,개인회생 자동차 압류 상담,rehab,,압류,상담·서비스 탐색,0,,980
개인회생-부동산-압류,개인회생 부동산 압류,rehab,,압류,압류 대응 및 해제,0,,981
개인회생-부동산-압류-대응-방법,개인회생 부동산 압류 대응 방법,rehab,,압류,방법·절차 확인,0,,982
개인회생-부동산-압류-필요서류,개인회생 부동산 압류 필요서류,rehab,,압류,서류·증빙 준비,0,,983
개인회생-부동산-압류-상담,개인회생 부동산 압류 상담,rehab,,압류,상담·서비스 탐색,0,,984
개인회생-유체동산-압류,개인회생 유체동산 압류,rehab,,압류,압류 대응 및 해제,0,,985
개인회생-유체동산-압류-대응-방법,개인회생 유체동산 압류 대응 방법,rehab,,압류,방법·절차 확인,0,,986
개인회생-유체동산-압류-필요서류,개인회생 유체동산 압류 필요서류,rehab,,압류,서류·증빙 준비,0,,987
개인회생-유체동산-압류-상담,개인회생 유체동산 압류 상담,rehab,,압류,상담·서비스 탐색,0,,988
개인회생-매출채권-압류,개인회생 매출채권 압류,rehab,,압류,압류 대응 및 해제,0,,989
개인회생-매출채권-압류-대응-방법,개인회생 매출채권 압류 대응 방법,rehab,,압류,방법·절차 확인,0,,990
개인회생-매출채권-압류-필요서류,개인회생 매출채권 압류 필요서류,rehab,,압류,서류·증빙 준비,0,,991
개인회생-매출채권-압류-상담,개인회생 매출채권 압류 상담,rehab,,압류,상담·서비스 탐색,0,,992
개인회생-카드매출-압류,개인회생 카드매출 압류,rehab,,압류,압류 대응 및 해제,0,,993
개인회생-카드매출-압류-대응-방법,개인회생 카드매출 압류 대응 방법,rehab,,압류,방법·절차 확인,0,,994
개인회생-카드매출-압류-필요서류,개인회생 카드매출 압류 필요서류,rehab,,압류,서류·증빙 준비,0,,995
개인회생-카드매출-압류-상담,개인회생 카드매출 압류 상담,rehab,,압류,상담·서비스 탐색,0,,996
개인회생-예금-가압류,개인회생 예금 가압류,rehab,,압류,압류 대응 및 해제,0,,997
개인회생-예금-가압류-대응-방법,개인회생 예금 가압류 대응 방법,rehab,,압류,방법·절차 확인,0,,998
개인회생-예금-가압류-필요서류,개인회생 예금 가압류 필요서류,rehab,,압류,서류·증빙 준비,0,,999
개인회생-예금-가압류-상담,개인회생 예금 가압류 상담,rehab,,압류,상담·서비스 탐색,0,,1000
개인회생-급여-가압류,개인회생 급여 가압류,rehab,,압류,압류 대응 및 해제,0,,1001
개인회생-급여-가압류-대응-방법,개인회생 급여 가압류 대응 방법,rehab,,압류,방법·절차 확인,0,,1002
개인회생-급여-가압류-필요서류,개인회생 급여 가압류 필요서류,rehab,,압류,서류·증빙 준비,0,,1003
개인회생-급여-가압류-상담,개인회생 급여 가압류 상담,rehab,,압류,상담·서비스 탐색,0,,1004
개인회생-압류금지채권,개인회생 압류금지채권,rehab,,압류,압류 대응 및 해제,0,,1005
개인회생-압류금지채권-대응-방법,개인회생 압류금지채권 대응 방법,rehab,,압류,방법·절차 확인,0,,1006
개인회생-압류금지채권-필요서류,개인회생 압류금지채권 필요서류,rehab,,압류,서류·증빙 준비,0,,1007
개인회생-압류금지채권-상담,개인회생 압류금지채권 상담,rehab,,압류,상담·서비스 탐색,0,,1008
개인회생-생계비-계좌-압류,개인회생 생계비 계좌 압류,rehab,,압류,압류 대응 및 해제,0,,1009
개인회생-생계비-계좌-압류-대응-방법,개인회생 생계비 계좌 압류 대응 방법,rehab,,압류,방법·절차 확인,0,,1010
개인회생-생계비-계좌-압류-필요서류,개인회생 생계비 계좌 압류 필요서류,rehab,,압류,서류·증빙 준비,0,,1011
개인회생-생계비-계좌-압류-상담,개인회생 생계비 계좌 압류 상담,rehab,,압류,상담·서비스 탐색,0,,1012
개인회생-공동명의-재산-압류,개인회생 공동명의 재산 압류,rehab,,압류,압류 대응 및 해제,0,,1013
개인회생-공동명의-재산-압류-대응-방법,개인회생 공동명의 재산 압류 대응 방법,rehab,,압류,방법·절차 확인,0,,1014
개인회생-공동명의-재산-압류-필요서류,개인회생 공동명의 재산 압류 필요서류,rehab,,압류,서류·증빙 준비,0,,1015
개인회생-공동명의-재산-압류-상담,개인회생 공동명의 재산 압류 상담,rehab,,압류,상담·서비스 탐색,0,,1016
개인회생-압류계좌-잔액,개인회생 압류계좌 잔액,rehab,,압류,압류 대응 및 해제,0,,1017
개인회생-압류계좌-잔액-대응-방법,개인회생 압류계좌 잔액 대응 방법,rehab,,압류,방법·절차 확인,0,,1018
개인회생-압류계좌-잔액-필요서류,개인회생 압류계좌 잔액 필요서류,rehab,,압류,서류·증빙 준비,0,,1019
개인회생-압류계좌-잔액-상담,개인회생 압류계좌 잔액 상담,rehab,,압류,상담·서비스 탐색,0,,1020
개인회생-추심명령,개인회생 추심명령,rehab,,압류,압류 대응 및 해제,0,,1021
개인회생-추심명령-대응-방법,개인회생 추심명령 대응 방법,rehab,,압류,방법·절차 확인,0,,1022
개인회생-추심명령-필요서류,개인회생 추심명령 필요서류,rehab,,압류,서류·증빙 준비,0,,1023
개인회생-추심명령-상담,개인회생 추심명령 상담,rehab,,압류,상담·서비스 탐색,0,,1024
개인회생-전부명령,개인회생 전부명령,rehab,,압류,압류 대응 및 해제,0,,1025
개인회생-전부명령-대응-방법,개인회생 전부명령 대응 방법,rehab,,압류,방법·절차 확인,0,,1026
개인회생-전부명령-필요서류,개인회생 전부명령 필요서류,rehab,,압류,서류·증빙 준비,0,,1027
개인회생-전부명령-상담,개인회생 전부명령 상담,rehab,,압류,상담·서비스 탐색,0,,1028
개인회생-강제경매,개인회생 강제경매,rehab,,압류,압류 대응 및 해제,0,,1029
개인회생-강제경매-대응-방법,개인회생 강제경매 대응 방법,rehab,,압류,방법·절차 확인,0,,1030
개인회생-강제경매-필요서류,개인회생 강제경매 필요서류,rehab,,압류,서류·증빙 준비,0,,1031
개인회생-강제경매-상담,개인회생 강제경매 상담,rehab,,압류,상담·서비스 탐색,0,,1032
개인회생-압류해제-신청,개인회생 압류해제 신청,rehab,,압류,압류 대응 및 해제,0,,1033
개인회생-압류해제-신청-대응-방법,개인회생 압류해제 신청 대응 방법,rehab,,압류,방법·절차 확인,0,,1034
개인회생-압류해제-신청-필요서류,개인회생 압류해제 신청 필요서류,rehab,,압류,서류·증빙 준비,0,,1035
개인회생-압류해제-신청-상담,개인회생 압류해제 신청 상담,rehab,,압류,상담·서비스 탐색,0,,1036
개인회생-압류금지채권-범위변경,개인회생 압류금지채권 범위변경,rehab,,압류,압류 대응 및 해제,0,,1037
개인회생-압류금지채권-범위변경-대응-방법,개인회생 압류금지채권 범위변경 대응 방법,rehab,,압류,방법·절차 확인,0,,1038
개인회생-압류금지채권-범위변경-필요서류,개인회생 압류금지채권 범위변경 필요서류,rehab,,압류,서류·증빙 준비,0,,1039
개인회생-압류금지채권-범위변경-상담,개인회생 압류금지채권 범위변경 상담,rehab,,압류,상담·서비스 탐색,0,,1040
개인회생-전화-독촉,개인회생 전화 독촉,rehab,,추심,독촉 및 추심 대응,0,,1041
개인회생-전화-독촉-대응-방법,개인회생 전화 독촉 대응 방법,rehab,,추심,방법·절차 확인,0,,1042
개인회생-전화-독촉-증거-확보,개인회생 전화 독촉 증거 확보,rehab,,추심,독촉 및 추심 대응,0,,1043
개인회생-전화-독촉-상담,개인회생 전화 독촉 상담,rehab,,추심,상담·서비스 탐색,0,,1044
개인회생-문자-독촉,개인회생 문자 독촉,rehab,,추심,독촉 및 추심 대응,0,,1045
개인회생-문자-독촉-대응-방법,개인회생 문자 독촉 대응 방법,rehab,,추심,방법·절차 확인,0,,1046
개인회생-문자-독촉-증거-확보,개인회생 문자 독촉 증거 확보,rehab,,추심,독촉 및 추심 대응,0,,1047
개인회생-문자-독촉-상담,개인회생 문자 독촉 상담,rehab,,추심,상담·서비스 탐색,0,,1048
개인회생-방문-추심,개인회생 방문 추심,rehab,,추심,독촉 및 추심 대응,0,,1049
개인회생-방문-추심-대응-방법,개인회생 방문 추심 대응 방법,rehab,,추심,방법·절차 확인,0,,1050
개인회생-방문-추심-증거-확보,개인회생 방문 추심 증거 확보,rehab,,추심,독촉 및 추심 대응,0,,1051
개인회생-방문-추심-상담,개인회생 방문 추심 상담,rehab,,추심,상담·서비스 탐색,0,,1052
개인회생-직장-방문-추심,개인회생 직장 방문 추심,rehab,,추심,독촉 및 추심 대응,0,,1053
개인회생-직장-방문-추심-대응-방법,개인회생 직장 방문 추심 대응 방법,rehab,,추심,방법·절차 확인,0,,1054
개인회생-직장-방문-추심-증거-확보,개인회생 직장 방문 추심 증거 확보,rehab,,추심,독촉 및 추심 대응,0,,1055
개인회생-직장-방문-추심-상담,개인회생 직장 방문 추심 상담,rehab,,추심,상담·서비스 탐색,0,,1056
개인회생-가족-연락-추심,개인회생 가족 연락 추심,rehab,,추심,독촉 및 추심 대응,0,,1057
개인회생-가족-연락-추심-대응-방법,개인회생 가족 연락 추심 대응 방법,rehab,,추심,방법·절차 확인,0,,1058
개인회생-가족-연락-추심-증거-확보,개인회생 가족 연락 추심 증거 확보,rehab,,추심,독촉 및 추심 대응,0,,1059
개인회생-가족-연락-추심-상담,개인회생 가족 연락 추심 상담,rehab,,추심,상담·서비스 탐색,0,,1060
개인회생-야간-추심,개인회생 야간 추심,rehab,,추심,독촉 및 추심 대응,0,,1061
개인회생-야간-추심-대응-방법,개인회생 야간 추심 대응 방법,rehab,,추심,방법·절차 확인,0,,1062
개인회생-야간-추심-증거-확보,개인회생 야간 추심 증거 확보,rehab,,추심,독촉 및 추심 대응,0,,1063
개인회생-야간-추심-상담,개인회생 야간 추심 상담,rehab,,추심,상담·서비스 탐색,0,,1064
개인회생-반복-추심,개인회생 반복 추심,rehab,,추심,독촉 및 추심 대응,0,,1065
개인회생-반복-추심-대응-방법,개인회생 반복 추심 대응 방법,rehab,,추심,방법·절차 확인,0,,1066
개인회생-반복-추심-증거-확보,개인회생 반복 추심 증거 확보,rehab,,추심,독촉 및 추심 대응,0,,1067
개인회생-반복-추심-상담,개인회생 반복 추심 상담,rehab,,추심,상담·서비스 탐색,0,,1068
개인회생-불법추심,개인회생 불법추심,rehab,,추심,독촉 및 추심 대응,0,,1069
개인회생-불법추심-대응-방법,개인회생 불법추심 대응 방법,rehab,,추심,방법·절차 확인,0,,1070
개인회생-불법추심-증거-확보,개인회생 불법추심 증거 확보,rehab,,추심,독촉 및 추심 대응,0,,1071
개인회생-불법추심-상담,개인회생 불법추심 상담,rehab,,추심,상담·서비스 탐색,0,,1072
개인회생-채권추심-우편,개인회생 채권추심 우편,rehab,,추심,독촉 및 추심 대응,0,,1073
개인회생-채권추심-우편-대응-방법,개인회생 채권추심 우편 대응 방법,rehab,,추심,방법·절차 확인,0,,1074
개인회생-채권추심-우편-증거-확보,개인회생 채권추심 우편 증거 확보,rehab,,추심,독촉 및 추심 대응,0,,1075
개인회생-채권추심-우편-상담,개인회생 채권추심 우편 상담,rehab,,추심,상담·서비스 탐색,0,,1076
개인회생-내용증명,개인회생 내용증명,rehab,,추심,독촉 및 추심 대응,0,,1077
개인회생-내용증명-대응-방법,개인회생 내용증명 대응 방법,rehab,,추심,방법·절차 확인,0,,1078
개인회생-내용증명-증거-확보,개인회생 내용증명 증거 확보,rehab,,추심,독촉 및 추심 대응,0,,1079
개인회생-내용증명-상담,개인회생 내용증명 상담,rehab,,추심,상담·서비스 탐색,0,,1080
개인회생-지급명령,개인회생 지급명령,rehab,,추심,독촉 및 추심 대응,0,,1081
개인회생-지급명령-대응-방법,개인회생 지급명령 대응 방법,rehab,,추심,방법·절차 확인,0,,1082
개인회생-지급명령-증거-확보,개인회생 지급명령 증거 확보,rehab,,추심,독촉 및 추심 대응,0,,1083
개인회생-지급명령-상담,개인회생 지급명령 상담,rehab,,추심,상담·서비스 탐색,0,,1084
개인회생-대여금-소송,개인회생 대여금 소송,rehab,,추심,독촉 및 추심 대응,0,,1085
개인회생-대여금-소송-대응-방법,개인회생 대여금 소송 대응 방법,rehab,,추심,방법·절차 확인,0,,1086
개인회생-대여금-소송-증거-확보,개인회생 대여금 소송 증거 확보,rehab,,추심,독촉 및 추심 대응,0,,1087
개인회생-대여금-소송-상담,개인회생 대여금 소송 상담,rehab,,추심,상담·서비스 탐색,0,,1088
개인회생-카드대금-소송,개인회생 카드대금 소송,rehab,,추심,독촉 및 추심 대응,0,,1089
개인회생-카드대금-소송-대응-방법,개인회생 카드대금 소송 대응 방법,rehab,,추심,방법·절차 확인,0,,1090
개인회생-카드대금-소송-증거-확보,개인회생 카드대금 소송 증거 확보,rehab,,추심,독촉 및 추심 대응,0,,1091
개인회생-카드대금-소송-상담,개인회생 카드대금 소송 상담,rehab,,추심,상담·서비스 탐색,0,,1092
개인회생-대부업체-추심,개인회생 대부업체 추심,rehab,,추심,독촉 및 추심 대응,0,,1093
개인회생-대부업체-추심-대응-방법,개인회생 대부업체 추심 대응 방법,rehab,,추심,방법·절차 확인,0,,1094
개인회생-대부업체-추심-증거-확보,개인회생 대부업체 추심 증거 확보,rehab,,추심,독촉 및 추심 대응,0,,1095
개인회생-대부업체-추심-상담,개인회생 대부업체 추심 상담,rehab,,추심,상담·서비스 탐색,0,,1096
개인회생-추심업체-연락,개인회생 추심업체 연락,rehab,,추심,독촉 및 추심 대응,0,,1097
개인회생-추심업체-연락-대응-방법,개인회생 추심업체 연락 대응 방법,rehab,,추심,방법·절차 확인,0,,1098
개인회생-추심업체-연락-증거-확보,개인회생 추심업체 연락 증거 확보,rehab,,추심,독촉 및 추심 대응,0,,1099
개인회생-추심업체-연락-상담,개인회생 추심업체 연락 상담,rehab,,추심,상담·서비스 탐색,0,,1100
개인회생-채권양도-통지,개인회생 채권양도 통지,rehab,,추심,독촉 및 추심 대응,0,,1101
개인회생-채권양도-통지-대응-방법,개인회생 채권양도 통지 대응 방법,rehab,,추심,방법·절차 확인,0,,1102
개인회생-채권양도-통지-증거-확보,개인회생 채권양도 통지 증거 확보,rehab,,추심,독촉 및 추심 대응,0,,1103
개인회생-채권양도-통지-상담,개인회생 채권양도 통지 상담,rehab,,추심,상담·서비스 탐색,0,,1104
개인회생-보증인-추심,개인회생 보증인 추심,rehab,,추심,독촉 및 추심 대응,0,,1105
개인회생-보증인-추심-대응-방법,개인회생 보증인 추심 대응 방법,rehab,,추심,방법·절차 확인,0,,1106
개인회생-보증인-추심-증거-확보,개인회생 보증인 추심 증거 확보,rehab,,추심,독촉 및 추심 대응,0,,1107
개인회생-보증인-추심-상담,개인회생 보증인 추심 상담,rehab,,추심,상담·서비스 탐색,0,,1108
개인회생-인가-후-추심,개인회생 인가 후 추심,rehab,,추심,독촉 및 추심 대응,0,,1109
개인회생-인가-후-추심-대응-방법,개인회생 인가 후 추심 대응 방법,rehab,,추심,방법·절차 확인,0,,1110
개인회생-인가-후-추심-증거-확보,개인회생 인가 후 추심 증거 확보,rehab,,추심,독촉 및 추심 대응,0,,1111
개인회생-인가-후-추심-상담,개인회생 인가 후 추심 상담,rehab,,추심,상담·서비스 탐색,0,,1112
개인회생-접수-후-독촉,개인회생 접수 후 독촉,rehab,,추심,독촉 및 추심 대응,0,,1113
개인회생-접수-후-독촉-대응-방법,개인회생 접수 후 독촉 대응 방법,rehab,,추심,방법·절차 확인,0,,1114
개인회생-접수-후-독촉-증거-확보,개인회생 접수 후 독촉 증거 확보,rehab,,추심,독촉 및 추심 대응,0,,1115
개인회생-접수-후-독촉-상담,개인회생 접수 후 독촉 상담,rehab,,추심,상담·서비스 탐색,0,,1116
개인회생-면책-후-독촉,개인회생 면책 후 독촉,rehab,,추심,독촉 및 추심 대응,0,,1117
개인회생-면책-후-독촉-대응-방법,개인회생 면책 후 독촉 대응 방법,rehab,,추심,방법·절차 확인,0,,1118
개인회생-면책-후-독촉-증거-확보,개인회생 면책 후 독촉 증거 확보,rehab,,추심,독촉 및 추심 대응,0,,1119
개인회생-면책-후-독촉-상담,개인회생 면책 후 독촉 상담,rehab,,추심,상담·서비스 탐색,0,,1120
개인회생-신청-직전-대출,개인회생 신청 직전 대출,rehab,,최근대출,최근 차입 심사 쟁점 확인,0,,1121
개인회생-신청-직전-대출-심사-쟁점,개인회생 신청 직전 대출 심사 쟁점,rehab,,최근대출,최근 차입 심사 쟁점 확인,0,,1122
개인회생-신청-직전-대출-소명자료,개인회생 신청 직전 대출 소명자료,rehab,,최근대출,서류·증빙 준비,0,,1123
개인회생-신청-직전-대출-상담,개인회생 신청 직전 대출 상담,rehab,,최근대출,상담·서비스 탐색,0,,1124
개인회생-1개월-이내-대출,개인회생 1개월 이내 대출,rehab,,최근대출,최근 차입 심사 쟁점 확인,0,,1125
개인회생-1개월-이내-대출-심사-쟁점,개인회생 1개월 이내 대출 심사 쟁점,rehab,,최근대출,최근 차입 심사 쟁점 확인,0,,1126
개인회생-1개월-이내-대출-소명자료,개인회생 1개월 이내 대출 소명자료,rehab,,최근대출,서류·증빙 준비,0,,1127
개인회생-1개월-이내-대출-상담,개인회생 1개월 이내 대출 상담,rehab,,최근대출,상담·서비스 탐색,0,,1128
개인회생-3개월-이내-대출,개인회생 3개월 이내 대출,rehab,,최근대출,최근 차입 심사 쟁점 확인,0,,1129
개인회생-3개월-이내-대출-심사-쟁점,개인회생 3개월 이내 대출 심사 쟁점,rehab,,최근대출,최근 차입 심사 쟁점 확인,0,,1130
개인회생-3개월-이내-대출-소명자료,개인회생 3개월 이내 대출 소명자료,rehab,,최근대출,서류·증빙 준비,0,,1131
개인회생-3개월-이내-대출-상담,개인회생 3개월 이내 대출 상담,rehab,,최근대출,상담·서비스 탐색,0,,1132
개인회생-6개월-이내-대출,개인회생 6개월 이내 대출,rehab,,최근대출,최근 차입 심사 쟁점 확인,0,,1133
개인회생-6개월-이내-대출-심사-쟁점,개인회생 6개월 이내 대출 심사 쟁점,rehab,,최근대출,최근 차입 심사 쟁점 확인,0,,1134
개인회생-6개월-이내-대출-소명자료,개인회생 6개월 이내 대출 소명자료,rehab,,최근대출,서류·증빙 준비,0,,1135
개인회생-6개월-이내-대출-상담,개인회생 6개월 이내 대출 상담,rehab,,최근대출,상담·서비스 탐색,0,,1136
개인회생-1년-이내-대출,개인회생 1년 이내 대출,rehab,,최근대출,최근 차입 심사 쟁점 확인,0,,1137
개인회생-1년-이내-대출-심사-쟁점,개인회생 1년 이내 대출 심사 쟁점,rehab,,최근대출,최근 차입 심사 쟁점 확인,0,,1138
개인회생-1년-이내-대출-소명자료,개인회생 1년 이내 대출 소명자료,rehab,,최근대출,서류·증빙 준비,0,,1139
개인회생-1년-이내-대출-상담,개인회생 1년 이내 대출 상담,rehab,,최근대출,상담·서비스 탐색,0,,1140
개인회생-최근-카드론,개인회생 최근 카드론,rehab,,최근대출,최근 차입 심사 쟁점 확인,0,,1141
개인회생-최근-카드론-심사-쟁점,개인회생 최근 카드론 심사 쟁점,rehab,,최근대출,최근 차입 심사 쟁점 확인,0,,1142
개인회생-최근-카드론-소명자료,개인회생 최근 카드론 소명자료,rehab,,최근대출,서류·증빙 준비,0,,1143
개인회생-최근-카드론-상담,개인회생 최근 카드론 상담,rehab,,최근대출,상담·서비스 탐색,0,,1144
개인회생-최근-현금서비스,개인회생 최근 현금서비스,rehab,,최근대출,최근 차입 심사 쟁점 확인,0,,1145
개인회생-최근-현금서비스-심사-쟁점,개인회생 최근 현금서비스 심사 쟁점,rehab,,최근대출,최근 차입 심사 쟁점 확인,0,,1146
개인회생-최근-현금서비스-소명자료,개인회생 최근 현금서비스 소명자료,rehab,,최근대출,서류·증빙 준비,0,,1147
개인회생-최근-현금서비스-상담,개인회생 최근 현금서비스 상담,rehab,,최근대출,상담·서비스 탐색,0,,1148
개인회생-최근-대부업-대출,개인회생 최근 대부업 대출,rehab,,최근대출,최근 차입 심사 쟁점 확인,0,,1149
개인회생-최근-대부업-대출-심사-쟁점,개인회생 최근 대부업 대출 심사 쟁점,rehab,,최근대출,최근 차입 심사 쟁점 확인,0,,1150
개인회생-최근-대부업-대출-소명자료,개인회생 최근 대부업 대출 소명자료,rehab,,최근대출,서류·증빙 준비,0,,1151
개인회생-최근-대부업-대출-상담,개인회생 최근 대부업 대출 상담,rehab,,최근대출,상담·서비스 탐색,0,,1152
개인회생-최근-생활비-대출,개인회생 최근 생활비 대출,rehab,,최근대출,최근 차입 심사 쟁점 확인,0,,1153
개인회생-최근-생활비-대출-심사-쟁점,개인회생 최근 생활비 대출 심사 쟁점,rehab,,최근대출,최근 차입 심사 쟁점 확인,0,,1154
개인회생-최근-생활비-대출-소명자료,개인회생 최근 생활비 대출 소명자료,rehab,,최근대출,서류·증빙 준비,0,,1155
개인회생-최근-생활비-대출-상담,개인회생 최근 생활비 대출 상담,rehab,,최근대출,상담·서비스 탐색,0,,1156
개인회생-최근-사업자금-대출,개인회생 최근 사업자금 대출,rehab,,최근대출,최근 차입 심사 쟁점 확인,0,,1157
개인회생-최근-사업자금-대출-심사-쟁점,개인회생 최근 사업자금 대출 심사 쟁점,rehab,,최근대출,최근 차입 심사 쟁점 확인,0,,1158
개인회생-최근-사업자금-대출-소명자료,개인회생 최근 사업자금 대출 소명자료,rehab,,최근대출,서류·증빙 준비,0,,1159
개인회생-최근-사업자금-대출-상담,개인회생 최근 사업자금 대출 상담,rehab,,최근대출,상담·서비스 탐색,0,,1160
개인회생-최근-돌려막기,개인회생 최근 돌려막기,rehab,,최근대출,최근 차입 심사 쟁점 확인,0,,1161
개인회생-최근-돌려막기-심사-쟁점,개인회생 최근 돌려막기 심사 쟁점,rehab,,최근대출,최근 차입 심사 쟁점 확인,0,,1162
개인회생-최근-돌려막기-소명자료,개인회생 최근 돌려막기 소명자료,rehab,,최근대출,서류·증빙 준비,0,,1163
개인회생-최근-돌려막기-상담,개인회생 최근 돌려막기 상담,rehab,,최근대출,상담·서비스 탐색,0,,1164
개인회생-최근-대환대출,개인회생 최근 대환대출,rehab,,최근대출,최근 차입 심사 쟁점 확인,0,,1165
개인회생-최근-대환대출-심사-쟁점,개인회생 최근 대환대출 심사 쟁점,rehab,,최근대출,최근 차입 심사 쟁점 확인,0,,1166
개인회생-최근-대환대출-소명자료,개인회생 최근 대환대출 소명자료,rehab,,최근대출,서류·증빙 준비,0,,1167
개인회생-최근-대환대출-상담,개인회생 최근 대환대출 상담,rehab,,최근대출,상담·서비스 탐색,0,,1168
개인회생-최근-가족-송금,개인회생 최근 가족 송금,rehab,,최근대출,최근 차입 심사 쟁점 확인,0,,1169
개인회생-최근-가족-송금-심사-쟁점,개인회생 최근 가족 송금 심사 쟁점,rehab,,최근대출,최근 차입 심사 쟁점 확인,0,,1170
개인회생-최근-가족-송금-소명자료,개인회생 최근 가족 송금 소명자료,rehab,,최근대출,서류·증빙 준비,0,,1171
개인회생-최근-가족-송금-상담,개인회생 최근 가족 송금 상담,rehab,,최근대출,상담·서비스 탐색,0,,1172
개인회생-최근-고액-인출,개인회생 최근 고액 인출,rehab,,최근대출,최근 차입 심사 쟁점 확인,0,,1173
개인회생-최근-고액-인출-심사-쟁점,개인회생 최근 고액 인출 심사 쟁점,rehab,,최근대출,최근 차입 심사 쟁점 확인,0,,1174
개인회생-최근-고액-인출-소명자료,개인회생 최근 고액 인출 소명자료,rehab,,최근대출,서류·증빙 준비,0,,1175
개인회생-최근-고액-인출-상담,개인회생 최근 고액 인출 상담,rehab,,최근대출,상담·서비스 탐색,0,,1176
개인회생-최근-카드-사용,개인회생 최근 카드 사용,rehab,,최근대출,최근 차입 심사 쟁점 확인,0,,1177
개인회생-최근-카드-사용-심사-쟁점,개인회생 최근 카드 사용 심사 쟁점,rehab,,최근대출,최근 차입 심사 쟁점 확인,0,,1178
개인회생-최근-카드-사용-소명자료,개인회생 최근 카드 사용 소명자료,rehab,,최근대출,서류·증빙 준비,0,,1179
개인회생-최근-카드-사용-상담,개인회생 최근 카드 사용 상담,rehab,,최근대출,상담·서비스 탐색,0,,1180
개인회생-최근-할부-구매,개인회생 최근 할부 구매,rehab,,최근대출,최근 차입 심사 쟁점 확인,0,,1181
개인회생-최근-할부-구매-심사-쟁점,개인회생 최근 할부 구매 심사 쟁점,rehab,,최근대출,최근 차입 심사 쟁점 확인,0,,1182
개인회생-최근-할부-구매-소명자료,개인회생 최근 할부 구매 소명자료,rehab,,최근대출,서류·증빙 준비,0,,1183
개인회생-최근-할부-구매-상담,개인회생 최근 할부 구매 상담,rehab,,최근대출,상담·서비스 탐색,0,,1184
개인회생-최근-차량-구입-대출,개인회생 최근 차량 구입 대출,rehab,,최근대출,최근 차입 심사 쟁점 확인,0,,1185
개인회생-최근-차량-구입-대출-심사-쟁점,개인회생 최근 차량 구입 대출 심사 쟁점,rehab,,최근대출,최근 차입 심사 쟁점 확인,0,,1186
개인회생-최근-차량-구입-대출-소명자료,개인회생 최근 차량 구입 대출 소명자료,rehab,,최근대출,서류·증빙 준비,0,,1187
개인회생-최근-차량-구입-대출-상담,개인회생 최근 차량 구입 대출 상담,rehab,,최근대출,상담·서비스 탐색,0,,1188
개인회생-최근-보증금-대출,개인회생 최근 보증금 대출,rehab,,최근대출,최근 차입 심사 쟁점 확인,0,,1189
개인회생-최근-보증금-대출-심사-쟁점,개인회생 최근 보증금 대출 심사 쟁점,rehab,,최근대출,최근 차입 심사 쟁점 확인,0,,1190
개인회생-최근-보증금-대출-소명자료,개인회생 최근 보증금 대출 소명자료,rehab,,최근대출,서류·증빙 준비,0,,1191
개인회생-최근-보증금-대출-상담,개인회생 최근 보증금 대출 상담,rehab,,최근대출,상담·서비스 탐색,0,,1192
개인회생-최근-투자금-대출,개인회생 최근 투자금 대출,rehab,,최근대출,최근 차입 심사 쟁점 확인,0,,1193
개인회생-최근-투자금-대출-심사-쟁점,개인회생 최근 투자금 대출 심사 쟁점,rehab,,최근대출,최근 차입 심사 쟁점 확인,0,,1194
개인회생-최근-투자금-대출-소명자료,개인회생 최근 투자금 대출 소명자료,rehab,,최근대출,서류·증빙 준비,0,,1195
개인회생-최근-투자금-대출-상담,개인회생 최근 투자금 대출 상담,rehab,,최근대출,상담·서비스 탐색,0,,1196
개인회생-최근-병원비-대출,개인회생 최근 병원비 대출,rehab,,최근대출,최근 차입 심사 쟁점 확인,0,,1197
개인회생-최근-병원비-대출-심사-쟁점,개인회생 최근 병원비 대출 심사 쟁점,rehab,,최근대출,최근 차입 심사 쟁점 확인,0,,1198
개인회생-최근-병원비-대출-소명자료,개인회생 최근 병원비 대출 소명자료,rehab,,최근대출,서류·증빙 준비,0,,1199
개인회생-최근-병원비-대출-상담,개인회생 최근 병원비 대출 상담,rehab,,최근대출,상담·서비스 탐색,0,,1200
개인회생-주식빚,개인회생 주식빚,rehab,,주식·코인,투자 손실 채무 검토,0,,1201
개인회생-주식빚-심사-쟁점,개인회생 주식빚 심사 쟁점,rehab,,주식·코인,투자 손실 채무 검토,0,,1202
개인회생-주식빚-소명-방법,개인회생 주식빚 소명 방법,rehab,,주식·코인,서류·증빙 준비,0,,1203
개인회생-주식빚-상담,개인회생 주식빚 상담,rehab,,주식·코인,상담·서비스 탐색,0,,1204
개인회생-코인빚,개인회생 코인빚,rehab,,주식·코인,투자 손실 채무 검토,0,,1205
개인회생-코인빚-심사-쟁점,개인회생 코인빚 심사 쟁점,rehab,,주식·코인,투자 손실 채무 검토,0,,1206
개인회생-코인빚-소명-방법,개인회생 코인빚 소명 방법,rehab,,주식·코인,서류·증빙 준비,0,,1207
개인회생-코인빚-상담,개인회생 코인빚 상담,rehab,,주식·코인,상담·서비스 탐색,0,,1208
개인회생-해외주식-손실,개인회생 해외주식 손실,rehab,,주식·코인,투자 손실 채무 검토,0,,1209
개인회생-해외주식-손실-심사-쟁점,개인회생 해외주식 손실 심사 쟁점,rehab,,주식·코인,투자 손실 채무 검토,0,,1210
개인회생-해외주식-손실-소명-방법,개인회생 해외주식 손실 소명 방법,rehab,,주식·코인,서류·증빙 준비,0,,1211
개인회생-해외주식-손실-상담,개인회생 해외주식 손실 상담,rehab,,주식·코인,상담·서비스 탐색,0,,1212
개인회생-국내주식-손실,개인회생 국내주식 손실,rehab,,주식·코인,투자 손실 채무 검토,0,,1213
개인회생-국내주식-손실-심사-쟁점,개인회생 국내주식 손실 심사 쟁점,rehab,,주식·코인,투자 손실 채무 검토,0,,1214
개인회생-국내주식-손실-소명-방법,개인회생 국내주식 손실 소명 방법,rehab,,주식·코인,서류·증빙 준비,0,,1215
개인회생-국내주식-손실-상담,개인회생 국내주식 손실 상담,rehab,,주식·코인,상담·서비스 탐색,0,,1216
개인회생-주식-미수거래,개인회생 주식 미수거래,rehab,,주식·코인,투자 손실 채무 검토,0,,1217
개인회생-주식-미수거래-심사-쟁점,개인회생 주식 미수거래 심사 쟁점,rehab,,주식·코인,투자 손실 채무 검토,0,,1218
개인회생-주식-미수거래-소명-방법,개인회생 주식 미수거래 소명 방법,rehab,,주식·코인,서류·증빙 준비,0,,1219
개인회생-주식-미수거래-상담,개인회생 주식 미수거래 상담,rehab,,주식·코인,상담·서비스 탐색,0,,1220
개인회생-주식-신용거래,개인회생 주식 신용거래,rehab,,주식·코인,투자 손실 채무 검토,0,,1221
개인회생-주식-신용거래-심사-쟁점,개인회생 주식 신용거래 심사 쟁점,rehab,,주식·코인,투자 손실 채무 검토,0,,1222
개인회생-주식-신용거래-소명-방법,개인회생 주식 신용거래 소명 방법,rehab,,주식·코인,서류·증빙 준비,0,,1223
개인회생-주식-신용거래-상담,개인회생 주식 신용거래 상담,rehab,,주식·코인,상담·서비스 탐색,0,,1224
개인회생-선물거래-손실,개인회생 선물거래 손실,rehab,,주식·코인,투자 손실 채무 검토,0,,1225
개인회생-선물거래-손실-심사-쟁점,개인회생 선물거래 손실 심사 쟁점,rehab,,주식·코인,투자 손실 채무 검토,0,,1226
개인회생-선물거래-손실-소명-방법,개인회생 선물거래 손실 소명 방법,rehab,,주식·코인,서류·증빙 준비,0,,1227
개인회생-선물거래-손실-상담,개인회생 선물거래 손실 상담,rehab,,주식·코인,상담·서비스 탐색,0,,1228
개인회생-옵션거래-손실,개인회생 옵션거래 손실,rehab,,주식·코인,투자 손실 채무 검토,0,,1229
개인회생-옵션거래-손실-심사-쟁점,개인회생 옵션거래 손실 심사 쟁점,rehab,,주식·코인,투자 손실 채무 검토,0,,1230
개인회생-옵션거래-손실-소명-방법,개인회생 옵션거래 손실 소명 방법,rehab,,주식·코인,서류·증빙 준비,0,,1231
개인회생-옵션거래-손실-상담,개인회생 옵션거래 손실 상담,rehab,,주식·코인,상담·서비스 탐색,0,,1232
개인회생-가상자산-선물-손실,개인회생 가상자산 선물 손실,rehab,,주식·코인,투자 손실 채무 검토,0,,1233
개인회생-가상자산-선물-손실-심사-쟁점,개인회생 가상자산 선물 손실 심사 쟁점,rehab,,주식·코인,투자 손실 채무 검토,0,,1234
개인회생-가상자산-선물-손실-소명-방법,개인회생 가상자산 선물 손실 소명 방법,rehab,,주식·코인,서류·증빙 준비,0,,1235
개인회생-가상자산-선물-손실-상담,개인회생 가상자산 선물 손실 상담,rehab,,주식·코인,상담·서비스 탐색,0,,1236
개인회생-레버리지-투자-손실,개인회생 레버리지 투자 손실,rehab,,주식·코인,투자 손실 채무 검토,0,,1237
개인회생-레버리지-투자-손실-심사-쟁점,개인회생 레버리지 투자 손실 심사 쟁점,rehab,,주식·코인,투자 손실 채무 검토,0,,1238
개인회생-레버리지-투자-손실-소명-방법,개인회생 레버리지 투자 손실 소명 방법,rehab,,주식·코인,서류·증빙 준비,0,,1239
개인회생-레버리지-투자-손실-상담,개인회생 레버리지 투자 손실 상담,rehab,,주식·코인,상담·서비스 탐색,0,,1240
개인회생-투자대출,개인회생 투자대출,rehab,,주식·코인,투자 손실 채무 검토,0,,1241
개인회생-투자대출-심사-쟁점,개인회생 투자대출 심사 쟁점,rehab,,주식·코인,투자 손실 채무 검토,0,,1242
개인회생-투자대출-소명-방법,개인회생 투자대출 소명 방법,rehab,,주식·코인,서류·증빙 준비,0,,1243
개인회생-투자대출-상담,개인회생 투자대출 상담,rehab,,주식·코인,상담·서비스 탐색,0,,1244
개인회생-투자사기-피해-채무,개인회생 투자사기 피해 채무,rehab,,주식·코인,투자 손실 채무 검토,0,,1245
개인회생-투자사기-피해-채무-심사-쟁점,개인회생 투자사기 피해 채무 심사 쟁점,rehab,,주식·코인,투자 손실 채무 검토,0,,1246
개인회생-투자사기-피해-채무-소명-방법,개인회생 투자사기 피해 채무 소명 방법,rehab,,주식·코인,서류·증빙 준비,0,,1247
개인회생-투자사기-피해-채무-상담,개인회생 투자사기 피해 채무 상담,rehab,,주식·코인,상담·서비스 탐색,0,,1248
개인회생-비상장주식-손실,개인회생 비상장주식 손실,rehab,,주식·코인,투자 손실 채무 검토,0,,1249
개인회생-비상장주식-손실-심사-쟁점,개인회생 비상장주식 손실 심사 쟁점,rehab,,주식·코인,투자 손실 채무 검토,0,,1250
개인회생-비상장주식-손실-소명-방법,개인회생 비상장주식 손실 소명 방법,rehab,,주식·코인,서류·증빙 준비,0,,1251
개인회생-비상장주식-손실-상담,개인회생 비상장주식 손실 상담,rehab,,주식·코인,상담·서비스 탐색,0,,1252
개인회생-상장폐지-종목-손실,개인회생 상장폐지 종목 손실,rehab,,주식·코인,투자 손실 채무 검토,0,,1253
개인회생-상장폐지-종목-손실-심사-쟁점,개인회생 상장폐지 종목 손실 심사 쟁점,rehab,,주식·코인,투자 손실 채무 검토,0,,1254
개인회생-상장폐지-종목-손실-소명-방법,개인회생 상장폐지 종목 손실 소명 방법,rehab,,주식·코인,서류·증빙 준비,0,,1255
개인회생-상장폐지-종목-손실-상담,개인회생 상장폐지 종목 손실 상담,rehab,,주식·코인,상담·서비스 탐색,0,,1256
개인회생-가상자산-상장폐지-손실,개인회생 가상자산 상장폐지 손실,rehab,,주식·코인,투자 손실 채무 검토,0,,1257
개인회생-가상자산-상장폐지-손실-심사-쟁점,개인회생 가상자산 상장폐지 손실 심사 쟁점,rehab,,주식·코인,투자 손실 채무 검토,0,,1258
개인회생-가상자산-상장폐지-손실-소명-방법,개인회생 가상자산 상장폐지 손실 소명 방법,rehab,,주식·코인,서류·증빙 준비,0,,1259
개인회생-가상자산-상장폐지-손실-상담,개인회생 가상자산 상장폐지 손실 상담,rehab,,주식·코인,상담·서비스 탐색,0,,1260
개인회생-거래소-출금내역,개인회생 거래소 출금내역,rehab,,주식·코인,투자 손실 채무 검토,0,,1261
개인회생-거래소-출금내역-심사-쟁점,개인회생 거래소 출금내역 심사 쟁점,rehab,,주식·코인,투자 손실 채무 검토,0,,1262
개인회생-거래소-출금내역-소명-방법,개인회생 거래소 출금내역 소명 방법,rehab,,주식·코인,서류·증빙 준비,0,,1263
개인회생-거래소-출금내역-상담,개인회생 거래소 출금내역 상담,rehab,,주식·코인,상담·서비스 탐색,0,,1264
개인회생-증권계좌-거래내역,개인회생 증권계좌 거래내역,rehab,,주식·코인,투자 손실 채무 검토,0,,1265
개인회생-증권계좌-거래내역-심사-쟁점,개인회생 증권계좌 거래내역 심사 쟁점,rehab,,주식·코인,투자 손실 채무 검토,0,,1266
개인회생-증권계좌-거래내역-소명-방법,개인회생 증권계좌 거래내역 소명 방법,rehab,,주식·코인,서류·증빙 준비,0,,1267
개인회생-증권계좌-거래내역-상담,개인회생 증권계좌 거래내역 상담,rehab,,주식·코인,상담·서비스 탐색,0,,1268
개인회생-가상자산-거래내역,개인회생 가상자산 거래내역,rehab,,주식·코인,투자 손실 채무 검토,0,,1269
개인회생-가상자산-거래내역-심사-쟁점,개인회생 가상자산 거래내역 심사 쟁점,rehab,,주식·코인,투자 손실 채무 검토,0,,1270
개인회생-가상자산-거래내역-소명-방법,개인회생 가상자산 거래내역 소명 방법,rehab,,주식·코인,서류·증빙 준비,0,,1271
개인회생-가상자산-거래내역-상담,개인회생 가상자산 거래내역 상담,rehab,,주식·코인,상담·서비스 탐색,0,,1272
개인회생-투자금-사용처,개인회생 투자금 사용처,rehab,,주식·코인,투자 손실 채무 검토,0,,1273
개인회생-투자금-사용처-심사-쟁점,개인회생 투자금 사용처 심사 쟁점,rehab,,주식·코인,투자 손실 채무 검토,0,,1274
개인회생-투자금-사용처-소명-방법,개인회생 투자금 사용처 소명 방법,rehab,,주식·코인,서류·증빙 준비,0,,1275
개인회생-투자금-사용처-상담,개인회생 투자금 사용처 상담,rehab,,주식·코인,상담·서비스 탐색,0,,1276
개인회생-투자-손실-진술서,개인회생 투자 손실 진술서,rehab,,주식·코인,투자 손실 채무 검토,0,,1277
개인회생-투자-손실-진술서-심사-쟁점,개인회생 투자 손실 진술서 심사 쟁점,rehab,,주식·코인,투자 손실 채무 검토,0,,1278
개인회생-투자-손실-진술서-소명-방법,개인회생 투자 손실 진술서 소명 방법,rehab,,주식·코인,서류·증빙 준비,0,,1279
개인회생-투자-손실-진술서-상담,개인회생 투자 손실 진술서 상담,rehab,,주식·코인,상담·서비스 탐색,0,,1280
개인회생-직장인,개인회생 직장인,rehab,,직업별,직업별 신청 준비,0,,1281
개인회생-직장인-신청조건,개인회생 직장인 신청조건,rehab,,직업별,직업별 신청 준비,0,,1282
개인회생-직장인-소득증빙,개인회생 직장인 소득증빙,rehab,,직업별,서류·증빙 준비,0,,1283
개인회생-직장인-준비서류,개인회생 직장인 준비서류,rehab,,직업별,서류·증빙 준비,0,,1284
개인회생-자영업자,개인회생 자영업자,rehab,,직업별,직업별 신청 준비,0,,1285
개인회생-자영업자-신청조건,개인회생 자영업자 신청조건,rehab,,직업별,직업별 신청 준비,0,,1286
개인회생-자영업자-소득증빙,개인회생 자영업자 소득증빙,rehab,,직업별,서류·증빙 준비,0,,1287
개인회생-자영업자-준비서류,개인회생 자영업자 준비서류,rehab,,직업별,서류·증빙 준비,0,,1288
개인회생-개인사업자,개인회생 개인사업자,rehab,,직업별,직업별 신청 준비,0,,1289
개인회생-개인사업자-신청조건,개인회생 개인사업자 신청조건,rehab,,직업별,직업별 신청 준비,0,,1290
개인회생-개인사업자-소득증빙,개인회생 개인사업자 소득증빙,rehab,,직업별,서류·증빙 준비,0,,1291
개인회생-개인사업자-준비서류,개인회생 개인사업자 준비서류,rehab,,직업별,서류·증빙 준비,0,,1292
개인회생-프리랜서,개인회생 프리랜서,rehab,,직업별,직업별 신청 준비,0,,1293
개인회생-프리랜서-신청조건,개인회생 프리랜서 신청조건,rehab,,직업별,직업별 신청 준비,0,,1294
개인회생-프리랜서-소득증빙,개인회생 프리랜서 소득증빙,rehab,,직업별,서류·증빙 준비,0,,1295
개인회생-프리랜서-준비서류,개인회생 프리랜서 준비서류,rehab,,직업별,서류·증빙 준비,0,,1296
개인회생-일용직,개인회생 일용직,rehab,,직업별,직업별 신청 준비,0,,1297
개인회생-일용직-신청조건,개인회생 일용직 신청조건,rehab,,직업별,직업별 신청 준비,0,,1298
개인회생-일용직-소득증빙,개인회생 일용직 소득증빙,rehab,,직업별,서류·증빙 준비,0,,1299
개인회생-일용직-준비서류,개인회생 일용직 준비서류,rehab,,직업별,서류·증빙 준비,0,,1300
개인회생-아르바이트생,개인회생 아르바이트생,rehab,,직업별,직업별 신청 준비,0,,1301
개인회생-아르바이트생-신청조건,개인회생 아르바이트생 신청조건,rehab,,직업별,직업별 신청 준비,0,,1302
개인회생-아르바이트생-소득증빙,개인회생 아르바이트생 소득증빙,rehab,,직업별,서류·증빙 준비,0,,1303
개인회생-아르바이트생-준비서류,개인회생 아르바이트생 준비서류,rehab,,직업별,서류·증빙 준비,0,,1304
개인회생-계약직,개인회생 계약직,rehab,,직업별,직업별 신청 준비,0,,1305
개인회생-계약직-신청조건,개인회생 계약직 신청조건,rehab,,직업별,직업별 신청 준비,0,,1306
개인회생-계약직-소득증빙,개인회생 계약직 소득증빙,rehab,,직업별,서류·증빙 준비,0,,1307
개인회생-계약직-준비서류,개인회생 계약직 준비서류,rehab,,직업별,서류·증빙 준비,0,,1308
개인회생-공무원,개인회생 공무원,rehab,,직업별,직업별 신청 준비,0,,1309
개인회생-공무원-신청조건,개인회생 공무원 신청조건,rehab,,직업별,직업별 신청 준비,0,,1310
개인회생-공무원-소득증빙,개인회생 공무원 소득증빙,rehab,,직업별,서류·증빙 준비,0,,1311
개인회생-공무원-준비서류,개인회생 공무원 준비서류,rehab,,직업별,서류·증빙 준비,0,,1312
개인회생-군인,개인회생 군인,rehab,,직업별,직업별 신청 준비,0,,1313
개인회생-군인-신청조건,개인회생 군인 신청조건,rehab,,직업별,직업별 신청 준비,0,,1314
개인회생-군인-소득증빙,개인회생 군인 소득증빙,rehab,,직업별,서류·증빙 준비,0,,1315
개인회생-군인-준비서류,개인회생 군인 준비서류,rehab,,직업별,서류·증빙 준비,0,,1316
개인회생-교사,개인회생 교사,rehab,,직업별,직업별 신청 준비,0,,1317
개인회생-교사-신청조건,개인회생 교사 신청조건,rehab,,직업별,직업별 신청 준비,0,,1318
개인회생-교사-소득증빙,개인회생 교사 소득증빙,rehab,,직업별,서류·증빙 준비,0,,1319
개인회생-교사-준비서류,개인회생 교사 준비서류,rehab,,직업별,서류·증빙 준비,0,,1320
개인회생-간호사,개인회생 간호사,rehab,,직업별,직업별 신청 준비,0,,1321
개인회생-간호사-신청조건,개인회생 간호사 신청조건,rehab,,직업별,직업별 신청 준비,0,,1322
개인회생-간호사-소득증빙,개인회생 간호사 소득증빙,rehab,,직업별,서류·증빙 준비,0,,1323
개인회생-간호사-준비서류,개인회생 간호사 준비서류,rehab,,직업별,서류·증빙 준비,0,,1324
개인회생-택시기사,개인회생 택시기사,rehab,,직업별,직업별 신청 준비,0,,1325
개인회생-택시기사-신청조건,개인회생 택시기사 신청조건,rehab,,직업별,직업별 신청 준비,0,,1326
개인회생-택시기사-소득증빙,개인회생 택시기사 소득증빙,rehab,,직업별,서류·증빙 준비,0,,1327
개인회생-택시기사-준비서류,개인회생 택시기사 준비서류,rehab,,직업별,서류·증빙 준비,0,,1328
개인회생-화물차기사,개인회생 화물차기사,rehab,,직업별,직업별 신청 준비,0,,1329
개인회생-화물차기사-신청조건,개인회생 화물차기사 신청조건,rehab,,직업별,직업별 신청 준비,0,,1330
개인회생-화물차기사-소득증빙,개인회생 화물차기사 소득증빙,rehab,,직업별,서류·증빙 준비,0,,1331
개인회생-화물차기사-준비서류,개인회생 화물차기사 준비서류,rehab,,직업별,서류·증빙 준비,0,,1332
개인회생-배달기사,개인회생 배달기사,rehab,,직업별,직업별 신청 준비,0,,1333
개인회생-배달기사-신청조건,개인회생 배달기사 신청조건,rehab,,직업별,직업별 신청 준비,0,,1334
개인회생-배달기사-소득증빙,개인회생 배달기사 소득증빙,rehab,,직업별,서류·증빙 준비,0,,1335
개인회생-배달기사-준비서류,개인회생 배달기사 준비서류,rehab,,직업별,서류·증빙 준비,0,,1336
개인회생-보험설계사,개인회생 보험설계사,rehab,,직업별,직업별 신청 준비,0,,1337
개인회생-보험설계사-신청조건,개인회생 보험설계사 신청조건,rehab,,직업별,직업별 신청 준비,0,,1338
개인회생-보험설계사-소득증빙,개인회생 보험설계사 소득증빙,rehab,,직업별,서류·증빙 준비,0,,1339
개인회생-보험설계사-준비서류,개인회생 보험설계사 준비서류,rehab,,직업별,서류·증빙 준비,0,,1340
개인회생-학원강사,개인회생 학원강사,rehab,,직업별,직업별 신청 준비,0,,1341
개인회생-학원강사-신청조건,개인회생 학원강사 신청조건,rehab,,직업별,직업별 신청 준비,0,,1342
개인회생-학원강사-소득증빙,개인회생 학원강사 소득증빙,rehab,,직업별,서류·증빙 준비,0,,1343
개인회생-학원강사-준비서류,개인회생 학원강사 준비서류,rehab,,직업별,서류·증빙 준비,0,,1344
개인회생-플랫폼-노동자,개인회생 플랫폼 노동자,rehab,,직업별,직업별 신청 준비,0,,1345
개인회생-플랫폼-노동자-신청조건,개인회생 플랫폼 노동자 신청조건,rehab,,직업별,직업별 신청 준비,0,,1346
개인회생-플랫폼-노동자-소득증빙,개인회생 플랫폼 노동자 소득증빙,rehab,,직업별,서류·증빙 준비,0,,1347
개인회생-플랫폼-노동자-준비서류,개인회생 플랫폼 노동자 준비서류,rehab,,직업별,서류·증빙 준비,0,,1348
개인회생-농업인,개인회생 농업인,rehab,,직업별,직업별 신청 준비,0,,1349
개인회생-농업인-신청조건,개인회생 농업인 신청조건,rehab,,직업별,직업별 신청 준비,0,,1350
개인회생-농업인-소득증빙,개인회생 농업인 소득증빙,rehab,,직업별,서류·증빙 준비,0,,1351
개인회생-농업인-준비서류,개인회생 농업인 준비서류,rehab,,직업별,서류·증빙 준비,0,,1352
개인회생-법인대표,개인회생 법인대표,rehab,,직업별,직업별 신청 준비,0,,1353
개인회생-법인대표-신청조건,개인회생 법인대표 신청조건,rehab,,직업별,직업별 신청 준비,0,,1354
개인회생-법인대표-소득증빙,개인회생 법인대표 소득증빙,rehab,,직업별,서류·증빙 준비,0,,1355
개인회생-법인대표-준비서류,개인회생 법인대표 준비서류,rehab,,직업별,서류·증빙 준비,0,,1356
개인회생-연금생활자,개인회생 연금생활자,rehab,,직업별,직업별 신청 준비,0,,1357
개인회생-연금생활자-신청조건,개인회생 연금생활자 신청조건,rehab,,직업별,직업별 신청 준비,0,,1358
개인회생-연금생활자-소득증빙,개인회생 연금생활자 소득증빙,rehab,,직업별,서류·증빙 준비,0,,1359
개인회생-연금생활자-준비서류,개인회생 연금생활자 준비서류,rehab,,직업별,서류·증빙 준비,0,,1360
개인회생-신청-기각,개인회생 신청 기각,rehab,,기각,기각 원인 및 대응,0,,1361
개인회생-신청-기각-확인사항,개인회생 신청 기각 확인사항,rehab,,기각,기각 원인 및 대응,0,,1362
개인회생-신청-기각-대응-방법,개인회생 신청 기각 대응 방법,rehab,,기각,방법·절차 확인,0,,1363
개인회생-신청-기각-상담,개인회생 신청 기각 상담,rehab,,기각,상담·서비스 탐색,0,,1364
개인회생-서류-미제출-기각,개인회생 서류 미제출 기각,rehab,,기각,기각 원인 및 대응,0,,1365
개인회생-서류-미제출-기각-확인사항,개인회생 서류 미제출 기각 확인사항,rehab,,기각,기각 원인 및 대응,0,,1366
개인회생-서류-미제출-기각-대응-방법,개인회생 서류 미제출 기각 대응 방법,rehab,,기각,방법·절차 확인,0,,1367
개인회생-서류-미제출-기각-상담,개인회생 서류 미제출 기각 상담,rehab,,기각,상담·서비스 탐색,0,,1368
개인회생-보정-불이행-기각,개인회생 보정 불이행 기각,rehab,,기각,기각 원인 및 대응,0,,1369
개인회생-보정-불이행-기각-확인사항,개인회생 보정 불이행 기각 확인사항,rehab,,기각,기각 원인 및 대응,0,,1370
개인회생-보정-불이행-기각-대응-방법,개인회생 보정 불이행 기각 대응 방법,rehab,,기각,방법·절차 확인,0,,1371
개인회생-보정-불이행-기각-상담,개인회생 보정 불이행 기각 상담,rehab,,기각,상담·서비스 탐색,0,,1372
개인회생-소득-부족-기각,개인회생 소득 부족 기각,rehab,,기각,기각 원인 및 대응,0,,1373
개인회생-소득-부족-기각-확인사항,개인회생 소득 부족 기각 확인사항,rehab,,기각,기각 원인 및 대응,0,,1374
개인회생-소득-부족-기각-대응-방법,개인회생 소득 부족 기각 대응 방법,rehab,,기각,방법·절차 확인,0,,1375
개인회생-소득-부족-기각-상담,개인회생 소득 부족 기각 상담,rehab,,기각,상담·서비스 탐색,0,,1376
개인회생-재산-누락-기각,개인회생 재산 누락 기각,rehab,,기각,기각 원인 및 대응,0,,1377
개인회생-재산-누락-기각-확인사항,개인회생 재산 누락 기각 확인사항,rehab,,기각,기각 원인 및 대응,0,,1378
개인회생-재산-누락-기각-대응-방법,개인회생 재산 누락 기각 대응 방법,rehab,,기각,방법·절차 확인,0,,1379
개인회생-재산-누락-기각-상담,개인회생 재산 누락 기각 상담,rehab,,기각,상담·서비스 탐색,0,,1380
개인회생-채권-누락-기각,개인회생 채권 누락 기각,rehab,,기각,기각 원인 및 대응,0,,1381
개인회생-채권-누락-기각-확인사항,개인회생 채권 누락 기각 확인사항,rehab,,기각,기각 원인 및 대응,0,,1382
개인회생-채권-누락-기각-대응-방법,개인회생 채권 누락 기각 대응 방법,rehab,,기각,방법·절차 확인,0,,1383
개인회생-채권-누락-기각-상담,개인회생 채권 누락 기각 상담,rehab,,기각,상담·서비스 탐색,0,,1384
개인회생-허위서류-기각,개인회생 허위서류 기각,rehab,,기각,기각 원인 및 대응,0,,1385
개인회생-허위서류-기각-확인사항,개인회생 허위서류 기각 확인사항,rehab,,기각,기각 원인 및 대응,0,,1386
개인회생-허위서류-기각-대응-방법,개인회생 허위서류 기각 대응 방법,rehab,,기각,방법·절차 확인,0,,1387
개인회생-허위서류-기각-상담,개인회생 허위서류 기각 상담,rehab,,기각,상담·서비스 탐색,0,,1388
개인회생-최근대출-관련-기각,개인회생 최근대출 관련 기각,rehab,,기각,기각 원인 및 대응,0,,1389
개인회생-최근대출-관련-기각-확인사항,개인회생 최근대출 관련 기각 확인사항,rehab,,기각,기각 원인 및 대응,0,,1390
개인회생-최근대출-관련-기각-대응-방법,개인회생 최근대출 관련 기각 대응 방법,rehab,,기각,방법·절차 확인,0,,1391
개인회생-최근대출-관련-기각-상담,개인회생 최근대출 관련 기각 상담,rehab,,기각,상담·서비스 탐색,0,,1392
개인회생-불성실-신청-기각,개인회생 불성실 신청 기각,rehab,,기각,기각 원인 및 대응,0,,1393
개인회생-불성실-신청-기각-확인사항,개인회생 불성실 신청 기각 확인사항,rehab,,기각,기각 원인 및 대응,0,,1394
개인회생-불성실-신청-기각-대응-방법,개인회생 불성실 신청 기각 대응 방법,rehab,,기각,방법·절차 확인,0,,1395
개인회생-불성실-신청-기각-상담,개인회생 불성실 신청 기각 상담,rehab,,기각,상담·서비스 탐색,0,,1396
개인회생-비용-미납-기각,개인회생 비용 미납 기각,rehab,,기각,기각 원인 및 대응,0,,1397
개인회생-비용-미납-기각-확인사항,개인회생 비용 미납 기각 확인사항,rehab,,기각,기각 원인 및 대응,0,,1398
개인회생-비용-미납-기각-대응-방법,개인회생 비용 미납 기각 대응 방법,rehab,,기각,방법·절차 확인,0,,1399
개인회생-비용-미납-기각-상담,개인회생 비용 미납 기각 상담,rehab,,기각,상담·서비스 탐색,0,,1400
개인회생-변제계획-관련-기각,개인회생 변제계획 관련 기각,rehab,,기각,기각 원인 및 대응,0,,1401
개인회생-변제계획-관련-기각-확인사항,개인회생 변제계획 관련 기각 확인사항,rehab,,기각,기각 원인 및 대응,0,,1402
개인회생-변제계획-관련-기각-대응-방법,개인회생 변제계획 관련 기각 대응 방법,rehab,,기각,방법·절차 확인,0,,1403
개인회생-변제계획-관련-기각-상담,개인회생 변제계획 관련 기각 상담,rehab,,기각,상담·서비스 탐색,0,,1404
개인회생-변제수행-가능성-심사,개인회생 변제수행 가능성 심사,rehab,,기각,기각 원인 및 대응,0,,1405
개인회생-변제수행-가능성-심사-확인사항,개인회생 변제수행 가능성 심사 확인사항,rehab,,기각,기각 원인 및 대응,0,,1406
개인회생-변제수행-가능성-심사-대응-방법,개인회생 변제수행 가능성 심사 대응 방법,rehab,,기각,방법·절차 확인,0,,1407
개인회생-변제수행-가능성-심사-상담,개인회생 변제수행 가능성 심사 상담,rehab,,기각,상담·서비스 탐색,0,,1408
개인회생-기각결정문,개인회생 기각결정문,rehab,,기각,기각 원인 및 대응,0,,1409
개인회생-기각결정문-확인사항,개인회생 기각결정문 확인사항,rehab,,기각,기각 원인 및 대응,0,,1410
개인회생-기각결정문-대응-방법,개인회생 기각결정문 대응 방법,rehab,,기각,방법·절차 확인,0,,1411
개인회생-기각결정문-상담,개인회생 기각결정문 상담,rehab,,기각,상담·서비스 탐색,0,,1412
개인회생-기각-후-즉시항고,개인회생 기각 후 즉시항고,rehab,,기각,기각 원인 및 대응,0,,1413
개인회생-기각-후-즉시항고-확인사항,개인회생 기각 후 즉시항고 확인사항,rehab,,기각,기각 원인 및 대응,0,,1414
개인회생-기각-후-즉시항고-대응-방법,개인회생 기각 후 즉시항고 대응 방법,rehab,,기각,방법·절차 확인,0,,1415
개인회생-기각-후-즉시항고-상담,개인회생 기각 후 즉시항고 상담,rehab,,기각,상담·서비스 탐색,0,,1416
개인회생-기각-후-재접수,개인회생 기각 후 재접수,rehab,,기각,기각 원인 및 대응,0,,1417
개인회생-기각-후-재접수-확인사항,개인회생 기각 후 재접수 확인사항,rehab,,기각,기각 원인 및 대응,0,,1418
개인회생-기각-후-재접수-대응-방법,개인회생 기각 후 재접수 대응 방법,rehab,,기각,방법·절차 확인,0,,1419
개인회생-기각-후-재접수-상담,개인회생 기각 후 재접수 상담,rehab,,기각,상담·서비스 탐색,0,,1420
개인회생-기각-후-추심,개인회생 기각 후 추심,rehab,,기각,기각 원인 및 대응,0,,1421
개인회생-기각-후-추심-확인사항,개인회생 기각 후 추심 확인사항,rehab,,기각,기각 원인 및 대응,0,,1422
개인회생-기각-후-추심-대응-방법,개인회생 기각 후 추심 대응 방법,rehab,,기각,방법·절차 확인,0,,1423
개인회생-기각-후-추심-상담,개인회생 기각 후 추심 상담,rehab,,기각,상담·서비스 탐색,0,,1424
개인회생-기각-후-압류,개인회생 기각 후 압류,rehab,,기각,기각 원인 및 대응,0,,1425
개인회생-기각-후-압류-확인사항,개인회생 기각 후 압류 확인사항,rehab,,기각,기각 원인 및 대응,0,,1426
개인회생-기각-후-압류-대응-방법,개인회생 기각 후 압류 대응 방법,rehab,,기각,방법·절차 확인,0,,1427
개인회생-기각-후-압류-상담,개인회생 기각 후 압류 상담,rehab,,기각,상담·서비스 탐색,0,,1428
개인회생-기각-후-납부금,개인회생 기각 후 납부금,rehab,,기각,기각 원인 및 대응,0,,1429
개인회생-기각-후-납부금-확인사항,개인회생 기각 후 납부금 확인사항,rehab,,기각,기각 원인 및 대응,0,,1430
개인회생-기각-후-납부금-대응-방법,개인회생 기각 후 납부금 대응 방법,rehab,,기각,방법·절차 확인,0,,1431
개인회생-기각-후-납부금-상담,개인회생 기각 후 납부금 상담,rehab,,기각,상담·서비스 탐색,0,,1432
개인회생-기각-후-대리인-변경,개인회생 기각 후 대리인 변경,rehab,,기각,기각 원인 및 대응,0,,1433
개인회생-기각-후-대리인-변경-확인사항,개인회생 기각 후 대리인 변경 확인사항,rehab,,기각,기각 원인 및 대응,0,,1434
개인회생-기각-후-대리인-변경-대응-방법,개인회생 기각 후 대리인 변경 대응 방법,rehab,,기각,방법·절차 확인,0,,1435
개인회생-기각-후-대리인-변경-상담,개인회생 기각 후 대리인 변경 상담,rehab,,기각,상담·서비스 탐색,0,,1436
개인회생-기각-이력,개인회생 기각 이력,rehab,,기각,기각 원인 및 대응,0,,1437
개인회생-기각-이력-확인사항,개인회생 기각 이력 확인사항,rehab,,기각,기각 원인 및 대응,0,,1438
개인회생-기각-이력-대응-방법,개인회생 기각 이력 대응 방법,rehab,,기각,방법·절차 확인,0,,1439
개인회생-기각-이력-상담,개인회생 기각 이력 상담,rehab,,기각,상담·서비스 탐색,0,,1440
개인회생-변제금-미납-폐지,개인회생 변제금 미납 폐지,rehab,,폐지,폐지 예방 및 대응,0,,1441
개인회생-변제금-미납-폐지-확인사항,개인회생 변제금 미납 폐지 확인사항,rehab,,폐지,폐지 예방 및 대응,0,,1442
개인회생-변제금-미납-폐지-대응-방법,개인회생 변제금 미납 폐지 대응 방법,rehab,,폐지,방법·절차 확인,0,,1443
개인회생-변제금-미납-폐지-상담,개인회생 변제금 미납 폐지 상담,rehab,,폐지,상담·서비스 탐색,0,,1444
개인회생-인가-전-폐지,개인회생 인가 전 폐지,rehab,,폐지,폐지 예방 및 대응,0,,1445
개인회생-인가-전-폐지-확인사항,개인회생 인가 전 폐지 확인사항,rehab,,폐지,폐지 예방 및 대응,0,,1446
개인회생-인가-전-폐지-대응-방법,개인회생 인가 전 폐지 대응 방법,rehab,,폐지,방법·절차 확인,0,,1447
개인회생-인가-전-폐지-상담,개인회생 인가 전 폐지 상담,rehab,,폐지,상담·서비스 탐색,0,,1448
개인회생-인가-후-폐지,개인회생 인가 후 폐지,rehab,,폐지,폐지 예방 및 대응,0,,1449
개인회생-인가-후-폐지-확인사항,개인회생 인가 후 폐지 확인사항,rehab,,폐지,폐지 예방 및 대응,0,,1450
개인회생-인가-후-폐지-대응-방법,개인회생 인가 후 폐지 대응 방법,rehab,,폐지,방법·절차 확인,0,,1451
개인회생-인가-후-폐지-상담,개인회생 인가 후 폐지 상담,rehab,,폐지,상담·서비스 탐색,0,,1452
개인회생-채권자집회-불참-폐지,개인회생 채권자집회 불참 폐지,rehab,,폐지,폐지 예방 및 대응,0,,1453
개인회생-채권자집회-불참-폐지-확인사항,개인회생 채권자집회 불참 폐지 확인사항,rehab,,폐지,폐지 예방 및 대응,0,,1454
개인회생-채권자집회-불참-폐지-대응-방법,개인회생 채권자집회 불참 폐지 대응 방법,rehab,,폐지,방법·절차 확인,0,,1455
개인회생-채권자집회-불참-폐지-상담,개인회생 채권자집회 불참 폐지 상담,rehab,,폐지,상담·서비스 탐색,0,,1456
개인회생-폐지예정-통지,개인회생 폐지예정 통지,rehab,,폐지,폐지 예방 및 대응,0,,1457
개인회생-폐지예정-통지-확인사항,개인회생 폐지예정 통지 확인사항,rehab,,폐지,폐지 예방 및 대응,0,,1458
개인회생-폐지예정-통지-대응-방법,개인회생 폐지예정 통지 대응 방법,rehab,,폐지,방법·절차 확인,0,,1459
개인회생-폐지예정-통지-상담,개인회생 폐지예정 통지 상담,rehab,,폐지,상담·서비스 탐색,0,,1460
개인회생-폐지결정,개인회생 폐지결정,rehab,,폐지,폐지 예방 및 대응,0,,1461
개인회생-폐지결정-확인사항,개인회생 폐지결정 확인사항,rehab,,폐지,폐지 예방 및 대응,0,,1462
개인회생-폐지결정-대응-방법,개인회생 폐지결정 대응 방법,rehab,,폐지,방법·절차 확인,0,,1463
개인회생-폐지결정-상담,개인회생 폐지결정 상담,rehab,,폐지,상담·서비스 탐색,0,,1464
개인회생-폐지결정-송달,개인회생 폐지결정 송달,rehab,,폐지,폐지 예방 및 대응,0,,1465
개인회생-폐지결정-송달-확인사항,개인회생 폐지결정 송달 확인사항,rehab,,폐지,폐지 예방 및 대응,0,,1466
개인회생-폐지결정-송달-대응-방법,개인회생 폐지결정 송달 대응 방법,rehab,,폐지,방법·절차 확인,0,,1467
개인회생-폐지결정-송달-상담,개인회생 폐지결정 송달 상담,rehab,,폐지,상담·서비스 탐색,0,,1468
개인회생-폐지-후-즉시항고,개인회생 폐지 후 즉시항고,rehab,,폐지,폐지 예방 및 대응,0,,1469
개인회생-폐지-후-즉시항고-확인사항,개인회생 폐지 후 즉시항고 확인사항,rehab,,폐지,폐지 예방 및 대응,0,,1470
개인회생-폐지-후-즉시항고-대응-방법,개인회생 폐지 후 즉시항고 대응 방법,rehab,,폐지,방법·절차 확인,0,,1471
개인회생-폐지-후-즉시항고-상담,개인회생 폐지 후 즉시항고 상담,rehab,,폐지,상담·서비스 탐색,0,,1472
개인회생-폐지-후-미납금-납부,개인회생 폐지 후 미납금 납부,rehab,,폐지,폐지 예방 및 대응,0,,1473
개인회생-폐지-후-미납금-납부-확인사항,개인회생 폐지 후 미납금 납부 확인사항,rehab,,폐지,폐지 예방 및 대응,0,,1474
개인회생-폐지-후-미납금-납부-대응-방법,개인회생 폐지 후 미납금 납부 대응 방법,rehab,,폐지,방법·절차 확인,0,,1475
개인회생-폐지-후-미납금-납부-상담,개인회생 폐지 후 미납금 납부 상담,rehab,,폐지,상담·서비스 탐색,0,,1476
개인회생-폐지-후-채권추심,개인회생 폐지 후 채권추심,rehab,,폐지,폐지 예방 및 대응,0,,1477
개인회생-폐지-후-채권추심-확인사항,개인회생 폐지 후 채권추심 확인사항,rehab,,폐지,폐지 예방 및 대응,0,,1478
개인회생-폐지-후-채권추심-대응-방법,개인회생 폐지 후 채권추심 대응 방법,rehab,,폐지,방법·절차 확인,0,,1479
개인회생-폐지-후-채권추심-상담,개인회생 폐지 후 채권추심 상담,rehab,,폐지,상담·서비스 탐색,0,,1480
개인회생-폐지-후-통장압류,개인회생 폐지 후 통장압류,rehab,,폐지,폐지 예방 및 대응,0,,1481
개인회생-폐지-후-통장압류-확인사항,개인회생 폐지 후 통장압류 확인사항,rehab,,폐지,폐지 예방 및 대응,0,,1482
개인회생-폐지-후-통장압류-대응-방법,개인회생 폐지 후 통장압류 대응 방법,rehab,,폐지,방법·절차 확인,0,,1483
개인회생-폐지-후-통장압류-상담,개인회생 폐지 후 통장압류 상담,rehab,,폐지,상담·서비스 탐색,0,,1484
개인회생-폐지-후-급여압류,개인회생 폐지 후 급여압류,rehab,,폐지,폐지 예방 및 대응,0,,1485
개인회생-폐지-후-급여압류-확인사항,개인회생 폐지 후 급여압류 확인사항,rehab,,폐지,폐지 예방 및 대응,0,,1486
개인회생-폐지-후-급여압류-대응-방법,개인회생 폐지 후 급여압류 대응 방법,rehab,,폐지,방법·절차 확인,0,,1487
개인회생-폐지-후-급여압류-상담,개인회생 폐지 후 급여압류 상담,rehab,,폐지,상담·서비스 탐색,0,,1488
개인회생-폐지-후-이자,개인회생 폐지 후 이자,rehab,,폐지,폐지 예방 및 대응,0,,1489
개인회생-폐지-후-이자-확인사항,개인회생 폐지 후 이자 확인사항,rehab,,폐지,폐지 예방 및 대응,0,,1490
개인회생-폐지-후-이자-대응-방법,개인회생 폐지 후 이자 대응 방법,rehab,,폐지,방법·절차 확인,0,,1491
개인회생-폐지-후-이자-상담,개인회생 폐지 후 이자 상담,rehab,,폐지,상담·서비스 탐색,0,,1492
개인회생-폐지-후-잔여채무,개인회생 폐지 후 잔여채무,rehab,,폐지,폐지 예방 및 대응,0,,1493
개인회생-폐지-후-잔여채무-확인사항,개인회생 폐지 후 잔여채무 확인사항,rehab,,폐지,폐지 예방 및 대응,0,,1494
개인회생-폐지-후-잔여채무-대응-방법,개인회생 폐지 후 잔여채무 대응 방법,rehab,,폐지,방법·절차 확인,0,,1495
개인회생-폐지-후-잔여채무-상담,개인회생 폐지 후 잔여채무 상담,rehab,,폐지,상담·서비스 탐색,0,,1496
개인회생-폐지-후-변제금-환급,개인회생 폐지 후 변제금 환급,rehab,,폐지,폐지 예방 및 대응,0,,1497
개인회생-폐지-후-변제금-환급-확인사항,개인회생 폐지 후 변제금 환급 확인사항,rehab,,폐지,폐지 예방 및 대응,0,,1498
개인회생-폐지-후-변제금-환급-대응-방법,개인회생 폐지 후 변제금 환급 대응 방법,rehab,,폐지,방법·절차 확인,0,,1499
개인회생-폐지-후-변제금-환급-상담,개인회생 폐지 후 변제금 환급 상담,rehab,,폐지,상담·서비스 탐색,0,,1500
개인회생-폐지-후-신용정보,개인회생 폐지 후 신용정보,rehab,,폐지,폐지 예방 및 대응,0,,1501
개인회생-폐지-후-신용정보-확인사항,개인회생 폐지 후 신용정보 확인사항,rehab,,폐지,폐지 예방 및 대응,0,,1502
개인회생-폐지-후-신용정보-대응-방법,개인회생 폐지 후 신용정보 대응 방법,rehab,,폐지,방법·절차 확인,0,,1503
개인회생-폐지-후-신용정보-상담,개인회생 폐지 후 신용정보 상담,rehab,,폐지,상담·서비스 탐색,0,,1504
개인회생-폐지-후-재접수,개인회생 폐지 후 재접수,rehab,,폐지,폐지 예방 및 대응,0,,1505
개인회생-폐지-후-재접수-확인사항,개인회생 폐지 후 재접수 확인사항,rehab,,폐지,폐지 예방 및 대응,0,,1506
개인회생-폐지-후-재접수-대응-방법,개인회생 폐지 후 재접수 대응 방법,rehab,,폐지,방법·절차 확인,0,,1507
개인회생-폐지-후-재접수-상담,개인회생 폐지 후 재접수 상담,rehab,,폐지,상담·서비스 탐색,0,,1508
개인회생-폐지-후-채무조정,개인회생 폐지 후 채무조정,rehab,,폐지,폐지 예방 및 대응,0,,1509
개인회생-폐지-후-채무조정-확인사항,개인회생 폐지 후 채무조정 확인사항,rehab,,폐지,폐지 예방 및 대응,0,,1510
개인회생-폐지-후-채무조정-대응-방법,개인회생 폐지 후 채무조정 대응 방법,rehab,,폐지,방법·절차 확인,0,,1511
개인회생-폐지-후-채무조정-상담,개인회생 폐지 후 채무조정 상담,rehab,,폐지,상담·서비스 탐색,0,,1512
개인회생-실직에-따른-폐지-위험,개인회생 실직에 따른 폐지 위험,rehab,,폐지,폐지 예방 및 대응,0,,1513
개인회생-실직에-따른-폐지-위험-확인사항,개인회생 실직에 따른 폐지 위험 확인사항,rehab,,폐지,폐지 예방 및 대응,0,,1514
개인회생-실직에-따른-폐지-위험-대응-방법,개인회생 실직에 따른 폐지 위험 대응 방법,rehab,,폐지,방법·절차 확인,0,,1515
개인회생-실직에-따른-폐지-위험-상담,개인회생 실직에 따른 폐지 위험 상담,rehab,,폐지,상담·서비스 탐색,0,,1516
개인회생-폐업에-따른-폐지-위험,개인회생 폐업에 따른 폐지 위험,rehab,,폐지,폐지 예방 및 대응,0,,1517
개인회생-폐업에-따른-폐지-위험-확인사항,개인회생 폐업에 따른 폐지 위험 확인사항,rehab,,폐지,폐지 예방 및 대응,0,,1518
개인회생-폐업에-따른-폐지-위험-대응-방법,개인회생 폐업에 따른 폐지 위험 대응 방법,rehab,,폐지,방법·절차 확인,0,,1519
개인회생-폐업에-따른-폐지-위험-상담,개인회생 폐업에 따른 폐지 위험 상담,rehab,,폐지,상담·서비스 탐색,0,,1520
개인회생-두-번째-신청,개인회생 두 번째 신청,rehab,,재신청,재신청 가능성과 준비,0,,1521
개인회생-두-번째-신청-가능-여부,개인회생 두 번째 신청 가능 여부,rehab,,재신청,재신청 가능성과 준비,0,,1522
개인회생-두-번째-신청-준비서류,개인회생 두 번째 신청 준비서류,rehab,,재신청,서류·증빙 준비,0,,1523
개인회생-두-번째-신청-상담,개인회생 두 번째 신청 상담,rehab,,재신청,상담·서비스 탐색,0,,1524
개인회생-세-번째-신청,개인회생 세 번째 신청,rehab,,재신청,재신청 가능성과 준비,0,,1525
개인회생-세-번째-신청-가능-여부,개인회생 세 번째 신청 가능 여부,rehab,,재신청,재신청 가능성과 준비,0,,1526
개인회생-세-번째-신청-준비서류,개인회생 세 번째 신청 준비서류,rehab,,재신청,서류·증빙 준비,0,,1527
개인회생-세-번째-신청-상담,개인회생 세 번째 신청 상담,rehab,,재신청,상담·서비스 탐색,0,,1528
개인회생-면책-후-재신청,개인회생 면책 후 재신청,rehab,,재신청,재신청 가능성과 준비,0,,1529
개인회생-면책-후-재신청-가능-여부,개인회생 면책 후 재신청 가능 여부,rehab,,재신청,재신청 가능성과 준비,0,,1530
개인회생-면책-후-재신청-준비서류,개인회생 면책 후 재신청 준비서류,rehab,,재신청,서류·증빙 준비,0,,1531
개인회생-면책-후-재신청-상담,개인회생 면책 후 재신청 상담,rehab,,재신청,상담·서비스 탐색,0,,1532
개인회생-기각-후-재신청,개인회생 기각 후 재신청,rehab,,재신청,재신청 가능성과 준비,0,,1533
개인회생-기각-후-재신청-가능-여부,개인회생 기각 후 재신청 가능 여부,rehab,,재신청,재신청 가능성과 준비,0,,1534
개인회생-기각-후-재신청-준비서류,개인회생 기각 후 재신청 준비서류,rehab,,재신청,서류·증빙 준비,0,,1535
개인회생-기각-후-재신청-상담,개인회생 기각 후 재신청 상담,rehab,,재신청,상담·서비스 탐색,0,,1536
개인회생-폐지-후-재신청,개인회생 폐지 후 재신청,rehab,,재신청,재신청 가능성과 준비,0,,1537
개인회생-폐지-후-재신청-가능-여부,개인회생 폐지 후 재신청 가능 여부,rehab,,재신청,재신청 가능성과 준비,0,,1538
개인회생-폐지-후-재신청-준비서류,개인회생 폐지 후 재신청 준비서류,rehab,,재신청,서류·증빙 준비,0,,1539
개인회생-폐지-후-재신청-상담,개인회생 폐지 후 재신청 상담,rehab,,재신청,상담·서비스 탐색,0,,1540
개인회생-취하-후-재신청,개인회생 취하 후 재신청,rehab,,재신청,재신청 가능성과 준비,0,,1541
개인회생-취하-후-재신청-가능-여부,개인회생 취하 후 재신청 가능 여부,rehab,,재신청,재신청 가능성과 준비,0,,1542
개인회생-취하-후-재신청-준비서류,개인회생 취하 후 재신청 준비서류,rehab,,재신청,서류·증빙 준비,0,,1543
개인회생-취하-후-재신청-상담,개인회생 취하 후 재신청 상담,rehab,,재신청,상담·서비스 탐색,0,,1544
개인회생-미납-후-재신청,개인회생 미납 후 재신청,rehab,,재신청,재신청 가능성과 준비,0,,1545
개인회생-미납-후-재신청-가능-여부,개인회생 미납 후 재신청 가능 여부,rehab,,재신청,재신청 가능성과 준비,0,,1546
개인회생-미납-후-재신청-준비서류,개인회생 미납 후 재신청 준비서류,rehab,,재신청,서류·증빙 준비,0,,1547
개인회생-미납-후-재신청-상담,개인회생 미납 후 재신청 상담,rehab,,재신청,상담·서비스 탐색,0,,1548
개인회생-실직-후-재신청,개인회생 실직 후 재신청,rehab,,재신청,재신청 가능성과 준비,0,,1549
개인회생-실직-후-재신청-가능-여부,개인회생 실직 후 재신청 가능 여부,rehab,,재신청,재신청 가능성과 준비,0,,1550
개인회생-실직-후-재신청-준비서류,개인회생 실직 후 재신청 준비서류,rehab,,재신청,서류·증빙 준비,0,,1551
개인회생-실직-후-재신청-상담,개인회생 실직 후 재신청 상담,rehab,,재신청,상담·서비스 탐색,0,,1552
개인회생-재취업-후-재신청,개인회생 재취업 후 재신청,rehab,,재신청,재신청 가능성과 준비,0,,1553
개인회생-재취업-후-재신청-가능-여부,개인회생 재취업 후 재신청 가능 여부,rehab,,재신청,재신청 가능성과 준비,0,,1554
개인회생-재취업-후-재신청-준비서류,개인회생 재취업 후 재신청 준비서류,rehab,,재신청,서류·증빙 준비,0,,1555
개인회생-재취업-후-재신청-상담,개인회생 재취업 후 재신청 상담,rehab,,재신청,상담·서비스 탐색,0,,1556
개인회생-폐업-후-재신청,개인회생 폐업 후 재신청,rehab,,재신청,재신청 가능성과 준비,0,,1557
개인회생-폐업-후-재신청-가능-여부,개인회생 폐업 후 재신청 가능 여부,rehab,,재신청,재신청 가능성과 준비,0,,1558
개인회생-폐업-후-재신청-준비서류,개인회생 폐업 후 재신청 준비서류,rehab,,재신청,서류·증빙 준비,0,,1559
개인회생-폐업-후-재신청-상담,개인회생 폐업 후 재신청 상담,rehab,,재신청,상담·서비스 탐색,0,,1560
개인회생-채무-증가-후-재신청,개인회생 채무 증가 후 재신청,rehab,,재신청,재신청 가능성과 준비,0,,1561
개인회생-채무-증가-후-재신청-가능-여부,개인회생 채무 증가 후 재신청 가능 여부,rehab,,재신청,재신청 가능성과 준비,0,,1562
개인회생-채무-증가-후-재신청-준비서류,개인회생 채무 증가 후 재신청 준비서류,rehab,,재신청,서류·증빙 준비,0,,1563
개인회생-채무-증가-후-재신청-상담,개인회생 채무 증가 후 재신청 상담,rehab,,재신청,상담·서비스 탐색,0,,1564
개인회생-소득-감소-후-재신청,개인회생 소득 감소 후 재신청,rehab,,재신청,재신청 가능성과 준비,0,,1565
개인회생-소득-감소-후-재신청-가능-여부,개인회생 소득 감소 후 재신청 가능 여부,rehab,,재신청,재신청 가능성과 준비,0,,1566
개인회생-소득-감소-후-재신청-준비서류,개인회생 소득 감소 후 재신청 준비서류,rehab,,재신청,서류·증빙 준비,0,,1567
개인회생-소득-감소-후-재신청-상담,개인회생 소득 감소 후 재신청 상담,rehab,,재신청,상담·서비스 탐색,0,,1568
개인회생-부양가족-증가-후-재신청,개인회생 부양가족 증가 후 재신청,rehab,,재신청,재신청 가능성과 준비,0,,1569
개인회생-부양가족-증가-후-재신청-가능-여부,개인회생 부양가족 증가 후 재신청 가능 여부,rehab,,재신청,재신청 가능성과 준비,0,,1570
개인회생-부양가족-증가-후-재신청-준비서류,개인회생 부양가족 증가 후 재신청 준비서류,rehab,,재신청,서류·증빙 준비,0,,1571
개인회생-부양가족-증가-후-재신청-상담,개인회생 부양가족 증가 후 재신청 상담,rehab,,재신청,상담·서비스 탐색,0,,1572
개인회생-이혼-후-재신청,개인회생 이혼 후 재신청,rehab,,재신청,재신청 가능성과 준비,0,,1573
개인회생-이혼-후-재신청-가능-여부,개인회생 이혼 후 재신청 가능 여부,rehab,,재신청,재신청 가능성과 준비,0,,1574
개인회생-이혼-후-재신청-준비서류,개인회생 이혼 후 재신청 준비서류,rehab,,재신청,서류·증빙 준비,0,,1575
개인회생-이혼-후-재신청-상담,개인회생 이혼 후 재신청 상담,rehab,,재신청,상담·서비스 탐색,0,,1576
개인회생-질병-발생-후-재신청,개인회생 질병 발생 후 재신청,rehab,,재신청,재신청 가능성과 준비,0,,1577
개인회생-질병-발생-후-재신청-가능-여부,개인회생 질병 발생 후 재신청 가능 여부,rehab,,재신청,재신청 가능성과 준비,0,,1578
개인회생-질병-발생-후-재신청-준비서류,개인회생 질병 발생 후 재신청 준비서류,rehab,,재신청,서류·증빙 준비,0,,1579
개인회생-질병-발생-후-재신청-상담,개인회생 질병 발생 후 재신청 상담,rehab,,재신청,상담·서비스 탐색,0,,1580
개인회생-투자-실패-후-재신청,개인회생 투자 실패 후 재신청,rehab,,재신청,재신청 가능성과 준비,0,,1581
개인회생-투자-실패-후-재신청-가능-여부,개인회생 투자 실패 후 재신청 가능 여부,rehab,,재신청,재신청 가능성과 준비,0,,1582
개인회생-투자-실패-후-재신청-준비서류,개인회생 투자 실패 후 재신청 준비서류,rehab,,재신청,서류·증빙 준비,0,,1583
개인회생-투자-실패-후-재신청-상담,개인회생 투자 실패 후 재신청 상담,rehab,,재신청,상담·서비스 탐색,0,,1584
개인회생-사업-재개-후-재신청,개인회생 사업 재개 후 재신청,rehab,,재신청,재신청 가능성과 준비,0,,1585
개인회생-사업-재개-후-재신청-가능-여부,개인회생 사업 재개 후 재신청 가능 여부,rehab,,재신청,재신청 가능성과 준비,0,,1586
개인회생-사업-재개-후-재신청-준비서류,개인회생 사업 재개 후 재신청 준비서류,rehab,,재신청,서류·증빙 준비,0,,1587
개인회생-사업-재개-후-재신청-상담,개인회생 사업 재개 후 재신청 상담,rehab,,재신청,상담·서비스 탐색,0,,1588
개인회생-대리인-변경-후-재신청,개인회생 대리인 변경 후 재신청,rehab,,재신청,재신청 가능성과 준비,0,,1589
개인회생-대리인-변경-후-재신청-가능-여부,개인회생 대리인 변경 후 재신청 가능 여부,rehab,,재신청,재신청 가능성과 준비,0,,1590
개인회생-대리인-변경-후-재신청-준비서류,개인회생 대리인 변경 후 재신청 준비서류,rehab,,재신청,서류·증빙 준비,0,,1591
개인회생-대리인-변경-후-재신청-상담,개인회생 대리인 변경 후 재신청 상담,rehab,,재신청,상담·서비스 탐색,0,,1592
개인회생-관할-변경-후-재신청,개인회생 관할 변경 후 재신청,rehab,,재신청,재신청 가능성과 준비,0,,1593
개인회생-관할-변경-후-재신청-가능-여부,개인회생 관할 변경 후 재신청 가능 여부,rehab,,재신청,재신청 가능성과 준비,0,,1594
개인회생-관할-변경-후-재신청-준비서류,개인회생 관할 변경 후 재신청 준비서류,rehab,,재신청,서류·증빙 준비,0,,1595
개인회생-관할-변경-후-재신청-상담,개인회생 관할 변경 후 재신청 상담,rehab,,재신청,상담·서비스 탐색,0,,1596
개인회생-누락채권-포함-재신청,개인회생 누락채권 포함 재신청,rehab,,재신청,재신청 가능성과 준비,0,,1597
개인회생-누락채권-포함-재신청-가능-여부,개인회생 누락채권 포함 재신청 가능 여부,rehab,,재신청,재신청 가능성과 준비,0,,1598
개인회생-누락채권-포함-재신청-준비서류,개인회생 누락채권 포함 재신청 준비서류,rehab,,재신청,서류·증빙 준비,0,,1599
개인회생-누락채권-포함-재신청-상담,개인회생 누락채권 포함 재신청 상담,rehab,,재신청,상담·서비스 탐색,0,,1600
개인회생-면책결정,개인회생 면책결정,rehab,,면책,면책 신청과 후속 처리,0,,1601
개인회생-면책결정-확인-방법,개인회생 면책결정 확인 방법,rehab,,면책,방법·절차 확인,0,,1602
개인회생-면책결정-처리-절차,개인회생 면책결정 처리 절차,rehab,,면책,방법·절차 확인,0,,1603
개인회생-면책결정-상담,개인회생 면책결정 상담,rehab,,면책,상담·서비스 탐색,0,,1604
개인회생-면책신청서,개인회생 면책신청서,rehab,,면책,면책 신청과 후속 처리,0,,1605
개인회생-면책신청서-확인-방법,개인회생 면책신청서 확인 방법,rehab,,면책,방법·절차 확인,0,,1606
개인회생-면책신청서-처리-절차,개인회생 면책신청서 처리 절차,rehab,,면책,방법·절차 확인,0,,1607
개인회생-면책신청서-상담,개인회생 면책신청서 상담,rehab,,면책,상담·서비스 탐색,0,,1608
개인회생-면책신청-시기,개인회생 면책신청 시기,rehab,,면책,면책 신청과 후속 처리,0,,1609
개인회생-면책신청-시기-확인-방법,개인회생 면책신청 시기 확인 방법,rehab,,면책,방법·절차 확인,0,,1610
개인회생-면책신청-시기-처리-절차,개인회생 면책신청 시기 처리 절차,rehab,,면책,방법·절차 확인,0,,1611
개인회생-면책신청-시기-상담,개인회생 면책신청 시기 상담,rehab,,면책,상담·서비스 탐색,0,,1612
개인회생-변제완료-확인,개인회생 변제완료 확인,rehab,,면책,면책 신청과 후속 처리,0,,1613
개인회생-변제완료-확인-확인-방법,개인회생 변제완료 확인 확인 방법,rehab,,면책,방법·절차 확인,0,,1614
개인회생-변제완료-확인-처리-절차,개인회생 변제완료 확인 처리 절차,rehab,,면책,방법·절차 확인,0,,1615
개인회생-변제완료-확인-상담,개인회생 변제완료 확인 상담,rehab,,면책,상담·서비스 탐색,0,,1616
개인회생-최종-변제금,개인회생 최종 변제금,rehab,,면책,면책 신청과 후속 처리,0,,1617
개인회생-최종-변제금-확인-방법,개인회생 최종 변제금 확인 방법,rehab,,면책,방법·절차 확인,0,,1618
개인회생-최종-변제금-처리-절차,개인회생 최종 변제금 처리 절차,rehab,,면책,방법·절차 확인,0,,1619
개인회생-최종-변제금-상담,개인회생 최종 변제금 상담,rehab,,면책,상담·서비스 탐색,0,,1620
개인회생-미납금-정산,개인회생 미납금 정산,rehab,,면책,면책 신청과 후속 처리,0,,1621
개인회생-미납금-정산-확인-방법,개인회생 미납금 정산 확인 방법,rehab,,면책,방법·절차 확인,0,,1622
개인회생-미납금-정산-처리-절차,개인회생 미납금 정산 처리 절차,rehab,,면책,방법·절차 확인,0,,1623
개인회생-미납금-정산-상담,개인회생 미납금 정산 상담,rehab,,면책,상담·서비스 탐색,0,,1624
개인회생-특별면책,개인회생 특별면책,rehab,,면책,면책 신청과 후속 처리,0,,1625
개인회생-특별면책-확인-방법,개인회생 특별면책 확인 방법,rehab,,면책,방법·절차 확인,0,,1626
개인회생-특별면책-처리-절차,개인회생 특별면책 처리 절차,rehab,,면책,방법·절차 확인,0,,1627
개인회생-특별면책-상담,개인회생 특별면책 상담,rehab,,면책,상담·서비스 탐색,0,,1628
개인회생-면책불허가,개인회생 면책불허가,rehab,,면책,면책 신청과 후속 처리,0,,1629
개인회생-면책불허가-확인-방법,개인회생 면책불허가 확인 방법,rehab,,면책,방법·절차 확인,0,,1630
개인회생-면책불허가-처리-절차,개인회생 면책불허가 처리 절차,rehab,,면책,방법·절차 확인,0,,1631
개인회생-면책불허가-상담,개인회생 면책불허가 상담,rehab,,면책,상담·서비스 탐색,0,,1632
개인회생-면책결정-확정,개인회생 면책결정 확정,rehab,,면책,면책 신청과 후속 처리,0,,1633
개인회생-면책결정-확정-확인-방법,개인회생 면책결정 확정 확인 방법,rehab,,면책,방법·절차 확인,0,,1634
개인회생-면책결정-확정-처리-절차,개인회생 면책결정 확정 처리 절차,rehab,,면책,방법·절차 확인,0,,1635
개인회생-면책결정-확정-상담,개인회생 면책결정 확정 상담,rehab,,면책,상담·서비스 탐색,0,,1636
개인회생-면책결정문-발급,개인회생 면책결정문 발급,rehab,,면책,면책 신청과 후속 처리,0,,1637
개인회생-면책결정문-발급-확인-방법,개인회생 면책결정문 발급 확인 방법,rehab,,면책,방법·절차 확인,0,,1638
개인회생-면책결정문-발급-처리-절차,개인회생 면책결정문 발급 처리 절차,rehab,,면책,방법·절차 확인,0,,1639
개인회생-면책결정문-발급-상담,개인회생 면책결정문 발급 상담,rehab,,면책,상담·서비스 탐색,0,,1640
개인회생-확정증명원-발급,개인회생 확정증명원 발급,rehab,,면책,면책 신청과 후속 처리,0,,1641
개인회생-확정증명원-발급-확인-방법,개인회생 확정증명원 발급 확인 방법,rehab,,면책,방법·절차 확인,0,,1642
개인회생-확정증명원-발급-처리-절차,개인회생 확정증명원 발급 처리 절차,rehab,,면책,방법·절차 확인,0,,1643
개인회생-확정증명원-발급-상담,개인회생 확정증명원 발급 상담,rehab,,면책,상담·서비스 탐색,0,,1644
개인회생-면책-후-누락채권,개인회생 면책 후 누락채권,rehab,,면책,면책 신청과 후속 처리,0,,1645
개인회생-면책-후-누락채권-확인-방법,개인회생 면책 후 누락채권 확인 방법,rehab,,면책,방법·절차 확인,0,,1646
개인회생-면책-후-누락채권-처리-절차,개인회생 면책 후 누락채권 처리 절차,rehab,,면책,방법·절차 확인,0,,1647
개인회생-면책-후-누락채권-상담,개인회생 면책 후 누락채권 상담,rehab,,면책,상담·서비스 탐색,0,,1648
개인회생-면책-후-보증채무,개인회생 면책 후 보증채무,rehab,,면책,면책 신청과 후속 처리,0,,1649
개인회생-면책-후-보증채무-확인-방법,개인회생 면책 후 보증채무 확인 방법,rehab,,면책,방법·절차 확인,0,,1650
개인회생-면책-후-보증채무-처리-절차,개인회생 면책 후 보증채무 처리 절차,rehab,,면책,방법·절차 확인,0,,1651
개인회생-면책-후-보증채무-상담,개인회생 면책 후 보증채무 상담,rehab,,면책,상담·서비스 탐색,0,,1652
개인회생-면책-후-세금,개인회생 면책 후 세금,rehab,,면책,면책 신청과 후속 처리,0,,1653
개인회생-면책-후-세금-확인-방법,개인회생 면책 후 세금 확인 방법,rehab,,면책,방법·절차 확인,0,,1654
개인회생-면책-후-세금-처리-절차,개인회생 면책 후 세금 처리 절차,rehab,,면책,방법·절차 확인,0,,1655
개인회생-면책-후-세금-상담,개인회생 면책 후 세금 상담,rehab,,면책,상담·서비스 탐색,0,,1656
개인회생-면책-후-손해배상채무,개인회생 면책 후 손해배상채무,rehab,,면책,면책 신청과 후속 처리,0,,1657
개인회생-면책-후-손해배상채무-확인-방법,개인회생 면책 후 손해배상채무 확인 방법,rehab,,면책,방법·절차 확인,0,,1658
개인회생-면책-후-손해배상채무-처리-절차,개인회생 면책 후 손해배상채무 처리 절차,rehab,,면책,방법·절차 확인,0,,1659
개인회생-면책-후-손해배상채무-상담,개인회생 면책 후 손해배상채무 상담,rehab,,면책,상담·서비스 탐색,0,,1660
개인회생-면책-후-양육비,개인회생 면책 후 양육비,rehab,,면책,면책 신청과 후속 처리,0,,1661
개인회생-면책-후-양육비-확인-방법,개인회생 면책 후 양육비 확인 방법,rehab,,면책,방법·절차 확인,0,,1662
개인회생-면책-후-양육비-처리-절차,개인회생 면책 후 양육비 처리 절차,rehab,,면책,방법·절차 확인,0,,1663
개인회생-면책-후-양육비-상담,개인회생 면책 후 양육비 상담,rehab,,면책,상담·서비스 탐색,0,,1664
개인회생-면책-후-담보채무,개인회생 면책 후 담보채무,rehab,,면책,면책 신청과 후속 처리,0,,1665
개인회생-면책-후-담보채무-확인-방법,개인회생 면책 후 담보채무 확인 방법,rehab,,면책,방법·절차 확인,0,,1666
개인회생-면책-후-담보채무-처리-절차,개인회생 면책 후 담보채무 처리 절차,rehab,,면책,방법·절차 확인,0,,1667
개인회생-면책-후-담보채무-상담,개인회생 면책 후 담보채무 상담,rehab,,면책,상담·서비스 탐색,0,,1668
개인회생-면책-후-독촉장,개인회생 면책 후 독촉장,rehab,,면책,면책 신청과 후속 처리,0,,1669
개인회생-면책-후-독촉장-확인-방법,개인회생 면책 후 독촉장 확인 방법,rehab,,면책,방법·절차 확인,0,,1670
개인회생-면책-후-독촉장-처리-절차,개인회생 면책 후 독촉장 처리 절차,rehab,,면책,방법·절차 확인,0,,1671
개인회생-면책-후-독촉장-상담,개인회생 면책 후 독촉장 상담,rehab,,면책,상담·서비스 탐색,0,,1672
개인회생-면책-후-압류해제,개인회생 면책 후 압류해제,rehab,,면책,면책 신청과 후속 처리,0,,1673
개인회생-면책-후-압류해제-확인-방법,개인회생 면책 후 압류해제 확인 방법,rehab,,면책,방법·절차 확인,0,,1674
개인회생-면책-후-압류해제-처리-절차,개인회생 면책 후 압류해제 처리 절차,rehab,,면책,방법·절차 확인,0,,1675
개인회생-면책-후-압류해제-상담,개인회생 면책 후 압류해제 상담,rehab,,면책,상담·서비스 탐색,0,,1676
개인회생-면책-후-기록-정리,개인회생 면책 후 기록 정리,rehab,,면책,면책 신청과 후속 처리,0,,1677
개인회생-면책-후-기록-정리-확인-방법,개인회생 면책 후 기록 정리 확인 방법,rehab,,면책,방법·절차 확인,0,,1678
개인회생-면책-후-기록-정리-처리-절차,개인회생 면책 후 기록 정리 처리 절차,rehab,,면책,방법·절차 확인,0,,1679
개인회생-면책-후-기록-정리-상담,개인회생 면책 후 기록 정리 상담,rehab,,면책,상담·서비스 탐색,0,,1680
개인회생-신용점수,개인회생 신용점수,rehab,,신용회복,면책 후 금융생활 확인,0,,1681
개인회생-신용점수-면책-후-확인,개인회생 신용점수 면책 후 확인,rehab,,신용회복,면책 후 금융생활 확인,0,,1682
개인회생-신용점수-제한-여부,개인회생 신용점수 제한 여부,rehab,,신용회복,면책 후 금융생활 확인,0,,1683
개인회생-신용점수-상담,개인회생 신용점수 상담,rehab,,신용회복,상담·서비스 탐색,0,,1684
개인회생-신용등급,개인회생 신용등급,rehab,,신용회복,면책 후 금융생활 확인,0,,1685
개인회생-신용등급-면책-후-확인,개인회생 신용등급 면책 후 확인,rehab,,신용회복,면책 후 금융생활 확인,0,,1686
개인회생-신용등급-제한-여부,개인회생 신용등급 제한 여부,rehab,,신용회복,면책 후 금융생활 확인,0,,1687
개인회생-신용등급-상담,개인회생 신용등급 상담,rehab,,신용회복,상담·서비스 탐색,0,,1688
개인회생-공공정보-삭제,개인회생 공공정보 삭제,rehab,,신용회복,면책 후 금융생활 확인,0,,1689
개인회생-공공정보-삭제-면책-후-확인,개인회생 공공정보 삭제 면책 후 확인,rehab,,신용회복,면책 후 금융생활 확인,0,,1690
개인회생-공공정보-삭제-제한-여부,개인회생 공공정보 삭제 제한 여부,rehab,,신용회복,면책 후 금융생활 확인,0,,1691
개인회생-공공정보-삭제-상담,개인회생 공공정보 삭제 상담,rehab,,신용회복,상담·서비스 탐색,0,,1692
개인회생-연체정보-해제,개인회생 연체정보 해제,rehab,,신용회복,면책 후 금융생활 확인,0,,1693
개인회생-연체정보-해제-면책-후-확인,개인회생 연체정보 해제 면책 후 확인,rehab,,신용회복,면책 후 금융생활 확인,0,,1694
개인회생-연체정보-해제-제한-여부,개인회생 연체정보 해제 제한 여부,rehab,,신용회복,면책 후 금융생활 확인,0,,1695
개인회생-연체정보-해제-상담,개인회생 연체정보 해제 상담,rehab,,신용회복,상담·서비스 탐색,0,,1696
개인회생-신용정보-정정,개인회생 신용정보 정정,rehab,,신용회복,면책 후 금융생활 확인,0,,1697
개인회생-신용정보-정정-면책-후-확인,개인회생 신용정보 정정 면책 후 확인,rehab,,신용회복,면책 후 금융생활 확인,0,,1698
개인회생-신용정보-정정-제한-여부,개인회생 신용정보 정정 제한 여부,rehab,,신용회복,면책 후 금융생활 확인,0,,1699
개인회생-신용정보-정정-상담,개인회생 신용정보 정정 상담,rehab,,신용회복,상담·서비스 탐색,0,,1700
개인회생-금융거래-재개,개인회생 금융거래 재개,rehab,,신용회복,면책 후 금융생활 확인,0,,1701
개인회생-금융거래-재개-면책-후-확인,개인회생 금융거래 재개 면책 후 확인,rehab,,신용회복,면책 후 금융생활 확인,0,,1702
개인회생-금융거래-재개-제한-여부,개인회생 금융거래 재개 제한 여부,rehab,,신용회복,면책 후 금융생활 확인,0,,1703
개인회생-금융거래-재개-상담,개인회생 금융거래 재개 상담,rehab,,신용회복,상담·서비스 탐색,0,,1704
개인회생-체크카드-발급,개인회생 체크카드 발급,rehab,,신용회복,면책 후 금융생활 확인,0,,1705
개인회생-체크카드-발급-면책-후-확인,개인회생 체크카드 발급 면책 후 확인,rehab,,신용회복,면책 후 금융생활 확인,0,,1706
개인회생-체크카드-발급-제한-여부,개인회생 체크카드 발급 제한 여부,rehab,,신용회복,면책 후 금융생활 확인,0,,1707
개인회생-체크카드-발급-상담,개인회생 체크카드 발급 상담,rehab,,신용회복,상담·서비스 탐색,0,,1708
개인회생-신용카드-발급,개인회생 신용카드 발급,rehab,,신용회복,면책 후 금융생활 확인,0,,1709
개인회생-신용카드-발급-면책-후-확인,개인회생 신용카드 발급 면책 후 확인,rehab,,신용회복,면책 후 금융생활 확인,0,,1710
개인회생-신용카드-발급-제한-여부,개인회생 신용카드 발급 제한 여부,rehab,,신용회복,면책 후 금융생활 확인,0,,1711
개인회생-신용카드-발급-상담,개인회생 신용카드 발급 상담,rehab,,신용회복,상담·서비스 탐색,0,,1712
개인회생-통장-신규-개설,개인회생 통장 신규 개설,rehab,,신용회복,면책 후 금융생활 확인,0,,1713
개인회생-통장-신규-개설-면책-후-확인,개인회생 통장 신규 개설 면책 후 확인,rehab,,신용회복,면책 후 금융생활 확인,0,,1714
개인회생-통장-신규-개설-제한-여부,개인회생 통장 신규 개설 제한 여부,rehab,,신용회복,면책 후 금융생활 확인,0,,1715
개인회생-통장-신규-개설-상담,개인회생 통장 신규 개설 상담,rehab,,신용회복,상담·서비스 탐색,0,,1716
개인회생-급여계좌-변경,개인회생 급여계좌 변경,rehab,,신용회복,면책 후 금융생활 확인,0,,1717
개인회생-급여계좌-변경-면책-후-확인,개인회생 급여계좌 변경 면책 후 확인,rehab,,신용회복,면책 후 금융생활 확인,0,,1718
개인회생-급여계좌-변경-제한-여부,개인회생 급여계좌 변경 제한 여부,rehab,,신용회복,면책 후 금융생활 확인,0,,1719
개인회생-급여계좌-변경-상담,개인회생 급여계좌 변경 상담,rehab,,신용회복,상담·서비스 탐색,0,,1720
개인회생-휴대폰-개통,개인회생 휴대폰 개통,rehab,,신용회복,면책 후 금융생활 확인,0,,1721
개인회생-휴대폰-개통-면책-후-확인,개인회생 휴대폰 개통 면책 후 확인,rehab,,신용회복,면책 후 금융생활 확인,0,,1722
개인회생-휴대폰-개통-제한-여부,개인회생 휴대폰 개통 제한 여부,rehab,,신용회복,면책 후 금융생활 확인,0,,1723
개인회생-휴대폰-개통-상담,개인회생 휴대폰 개통 상담,rehab,,신용회복,상담·서비스 탐색,0,,1724
개인회생-통신요금-자동이체,개인회생 통신요금 자동이체,rehab,,신용회복,면책 후 금융생활 확인,0,,1725
개인회생-통신요금-자동이체-면책-후-확인,개인회생 통신요금 자동이체 면책 후 확인,rehab,,신용회복,면책 후 금융생활 확인,0,,1726
개인회생-통신요금-자동이체-제한-여부,개인회생 통신요금 자동이체 제한 여부,rehab,,신용회복,면책 후 금융생활 확인,0,,1727
개인회생-통신요금-자동이체-상담,개인회생 통신요금 자동이체 상담,rehab,,신용회복,상담·서비스 탐색,0,,1728
개인회생-보증보험-가입,개인회생 보증보험 가입,rehab,,신용회복,면책 후 금융생활 확인,0,,1729
개인회생-보증보험-가입-면책-후-확인,개인회생 보증보험 가입 면책 후 확인,rehab,,신용회복,면책 후 금융생활 확인,0,,1730
개인회생-보증보험-가입-제한-여부,개인회생 보증보험 가입 제한 여부,rehab,,신용회복,면책 후 금융생활 확인,0,,1731
개인회생-보증보험-가입-상담,개인회생 보증보험 가입 상담,rehab,,신용회복,상담·서비스 탐색,0,,1732
개인회생-전세대출-심사,개인회생 전세대출 심사,rehab,,신용회복,면책 후 금융생활 확인,0,,1733
개인회생-전세대출-심사-면책-후-확인,개인회생 전세대출 심사 면책 후 확인,rehab,,신용회복,면책 후 금융생활 확인,0,,1734
개인회생-전세대출-심사-제한-여부,개인회생 전세대출 심사 제한 여부,rehab,,신용회복,면책 후 금융생활 확인,0,,1735
개인회생-전세대출-심사-상담,개인회생 전세대출 심사 상담,rehab,,신용회복,상담·서비스 탐색,0,,1736
개인회생-주택담보대출-심사,개인회생 주택담보대출 심사,rehab,,신용회복,면책 후 금융생활 확인,0,,1737
개인회생-주택담보대출-심사-면책-후-확인,개인회생 주택담보대출 심사 면책 후 확인,rehab,,신용회복,면책 후 금융생활 확인,0,,1738
개인회생-주택담보대출-심사-제한-여부,개인회생 주택담보대출 심사 제한 여부,rehab,,신용회복,면책 후 금융생활 확인,0,,1739
개인회생-주택담보대출-심사-상담,개인회생 주택담보대출 심사 상담,rehab,,신용회복,상담·서비스 탐색,0,,1740
개인회생-자동차-할부-심사,개인회생 자동차 할부 심사,rehab,,신용회복,면책 후 금융생활 확인,0,,1741
개인회생-자동차-할부-심사-면책-후-확인,개인회생 자동차 할부 심사 면책 후 확인,rehab,,신용회복,면책 후 금융생활 확인,0,,1742
개인회생-자동차-할부-심사-제한-여부,개인회생 자동차 할부 심사 제한 여부,rehab,,신용회복,면책 후 금융생활 확인,0,,1743
개인회생-자동차-할부-심사-상담,개인회생 자동차 할부 심사 상담,rehab,,신용회복,상담·서비스 탐색,0,,1744
개인회생-소액-신용거래,개인회생 소액 신용거래,rehab,,신용회복,면책 후 금융생활 확인,0,,1745
개인회생-소액-신용거래-면책-후-확인,개인회생 소액 신용거래 면책 후 확인,rehab,,신용회복,면책 후 금융생활 확인,0,,1746
개인회생-소액-신용거래-제한-여부,개인회생 소액 신용거래 제한 여부,rehab,,신용회복,면책 후 금융생활 확인,0,,1747
개인회생-소액-신용거래-상담,개인회생 소액 신용거래 상담,rehab,,신용회복,상담·서비스 탐색,0,,1748
개인회생-은행-거래실적,개인회생 은행 거래실적,rehab,,신용회복,면책 후 금융생활 확인,0,,1749
개인회생-은행-거래실적-면책-후-확인,개인회생 은행 거래실적 면책 후 확인,rehab,,신용회복,면책 후 금융생활 확인,0,,1750
개인회생-은행-거래실적-제한-여부,개인회생 은행 거래실적 제한 여부,rehab,,신용회복,면책 후 금융생활 확인,0,,1751
개인회생-은행-거래실적-상담,개인회생 은행 거래실적 상담,rehab,,신용회복,상담·서비스 탐색,0,,1752
개인회생-신용정보조회,개인회생 신용정보조회,rehab,,신용회복,면책 후 금융생활 확인,0,,1753
개인회생-신용정보조회-면책-후-확인,개인회생 신용정보조회 면책 후 확인,rehab,,신용회복,면책 후 금융생활 확인,0,,1754
개인회생-신용정보조회-제한-여부,개인회생 신용정보조회 제한 여부,rehab,,신용회복,면책 후 금융생활 확인,0,,1755
개인회생-신용정보조회-상담,개인회생 신용정보조회 상담,rehab,,신용회복,상담·서비스 탐색,0,,1756
개인회생-채무완제-확인,개인회생 채무완제 확인,rehab,,신용회복,면책 후 금융생활 확인,0,,1757
개인회생-채무완제-확인-면책-후-확인,개인회생 채무완제 확인 면책 후 확인,rehab,,신용회복,면책 후 금융생활 확인,0,,1758
개인회생-채무완제-확인-제한-여부,개인회생 채무완제 확인 제한 여부,rehab,,신용회복,면책 후 금융생활 확인,0,,1759
개인회생-채무완제-확인-상담,개인회생 채무완제 확인 상담,rehab,,신용회복,상담·서비스 탐색,0,,1760
개인회생-실직-상태,개인회생 실직 상태,rehab,,상황형,개인 상황에 따른 신청 검토,0,,1761
개인회생-실직-상태-신청-가능-여부,개인회생 실직 상태 신청 가능 여부,rehab,,상황형,개인 상황에 따른 신청 검토,0,,1762
개인회생-실직-상태-준비사항,개인회생 실직 상태 준비사항,rehab,,상황형,개인 상황에 따른 신청 검토,0,,1763
개인회생-실직-상태-상담,개인회생 실직 상태 상담,rehab,,상황형,상담·서비스 탐색,0,,1764
개인회생-취업-직후,개인회생 취업 직후,rehab,,상황형,개인 상황에 따른 신청 검토,0,,1765
개인회생-취업-직후-신청-가능-여부,개인회생 취업 직후 신청 가능 여부,rehab,,상황형,개인 상황에 따른 신청 검토,0,,1766
개인회생-취업-직후-준비사항,개인회생 취업 직후 준비사항,rehab,,상황형,개인 상황에 따른 신청 검토,0,,1767
개인회생-취업-직후-상담,개인회생 취업 직후 상담,rehab,,상황형,상담·서비스 탐색,0,,1768
개인회생-이직-준비-중,개인회생 이직 준비 중,rehab,,상황형,개인 상황에 따른 신청 검토,0,,1769
개인회생-이직-준비-중-신청-가능-여부,개인회생 이직 준비 중 신청 가능 여부,rehab,,상황형,개인 상황에 따른 신청 검토,0,,1770
개인회생-이직-준비-중-준비사항,개인회생 이직 준비 중 준비사항,rehab,,상황형,개인 상황에 따른 신청 검토,0,,1771
개인회생-이직-준비-중-상담,개인회생 이직 준비 중 상담,rehab,,상황형,상담·서비스 탐색,0,,1772
개인회생-휴직-중,개인회생 휴직 중,rehab,,상황형,개인 상황에 따른 신청 검토,0,,1773
개인회생-휴직-중-신청-가능-여부,개인회생 휴직 중 신청 가능 여부,rehab,,상황형,개인 상황에 따른 신청 검토,0,,1774
개인회생-휴직-중-준비사항,개인회생 휴직 중 준비사항,rehab,,상황형,개인 상황에 따른 신청 검토,0,,1775
개인회생-휴직-중-상담,개인회생 휴직 중 상담,rehab,,상황형,상담·서비스 탐색,0,,1776
개인회생-육아휴직-중,개인회생 육아휴직 중,rehab,,상황형,개인 상황에 따른 신청 검토,0,,1777
개인회생-육아휴직-중-신청-가능-여부,개인회생 육아휴직 중 신청 가능 여부,rehab,,상황형,개인 상황에 따른 신청 검토,0,,1778
개인회생-육아휴직-중-준비사항,개인회생 육아휴직 중 준비사항,rehab,,상황형,개인 상황에 따른 신청 검토,0,,1779
개인회생-육아휴직-중-상담,개인회생 육아휴직 중 상담,rehab,,상황형,상담·서비스 탐색,0,,1780
개인회생-출산-예정,개인회생 출산 예정,rehab,,상황형,개인 상황에 따른 신청 검토,0,,1781
개인회생-출산-예정-신청-가능-여부,개인회생 출산 예정 신청 가능 여부,rehab,,상황형,개인 상황에 따른 신청 검토,0,,1782
개인회생-출산-예정-준비사항,개인회생 출산 예정 준비사항,rehab,,상황형,개인 상황에 따른 신청 검토,0,,1783
개인회생-출산-예정-상담,개인회생 출산 예정 상담,rehab,,상황형,상담·서비스 탐색,0,,1784
개인회생-이혼-소송-중,개인회생 이혼 소송 중,rehab,,상황형,개인 상황에 따른 신청 검토,0,,1785
개인회생-이혼-소송-중-신청-가능-여부,개인회생 이혼 소송 중 신청 가능 여부,rehab,,상황형,개인 상황에 따른 신청 검토,0,,1786
개인회생-이혼-소송-중-준비사항,개인회생 이혼 소송 중 준비사항,rehab,,상황형,개인 상황에 따른 신청 검토,0,,1787
개인회생-이혼-소송-중-상담,개인회생 이혼 소송 중 상담,rehab,,상황형,상담·서비스 탐색,0,,1788
개인회생-별거-중,개인회생 별거 중,rehab,,상황형,개인 상황에 따른 신청 검토,0,,1789
개인회생-별거-중-신청-가능-여부,개인회생 별거 중 신청 가능 여부,rehab,,상황형,개인 상황에 따른 신청 검토,0,,1790
개인회생-별거-중-준비사항,개인회생 별거 중 준비사항,rehab,,상황형,개인 상황에 따른 신청 검토,0,,1791
개인회생-별거-중-상담,개인회생 별거 중 상담,rehab,,상황형,상담·서비스 탐색,0,,1792
개인회생-재혼-예정,개인회생 재혼 예정,rehab,,상황형,개인 상황에 따른 신청 검토,0,,1793
개인회생-재혼-예정-신청-가능-여부,개인회생 재혼 예정 신청 가능 여부,rehab,,상황형,개인 상황에 따른 신청 검토,0,,1794
개인회생-재혼-예정-준비사항,개인회생 재혼 예정 준비사항,rehab,,상황형,개인 상황에 따른 신청 검토,0,,1795
개인회생-재혼-예정-상담,개인회생 재혼 예정 상담,rehab,,상황형,상담·서비스 탐색,0,,1796
개인회생-가족-몰래-신청,개인회생 가족 몰래 신청,rehab,,상황형,개인 상황에 따른 신청 검토,0,,1797
개인회생-가족-몰래-신청-신청-가능-여부,개인회생 가족 몰래 신청 신청 가능 여부,rehab,,상황형,개인 상황에 따른 신청 검토,0,,1798
개인회생-가족-몰래-신청-준비사항,개인회생 가족 몰래 신청 준비사항,rehab,,상황형,개인 상황에 따른 신청 검토,0,,1799
개인회생-가족-몰래-신청-상담,개인회생 가족 몰래 신청 상담,rehab,,상황형,상담·서비스 탐색,0,,1800
개인회생-회사-몰래-신청,개인회생 회사 몰래 신청,rehab,,상황형,개인 상황에 따른 신청 검토,0,,1801
개인회생-회사-몰래-신청-신청-가능-여부,개인회생 회사 몰래 신청 신청 가능 여부,rehab,,상황형,개인 상황에 따른 신청 검토,0,,1802
개인회생-회사-몰래-신청-준비사항,개인회생 회사 몰래 신청 준비사항,rehab,,상황형,개인 상황에 따른 신청 검토,0,,1803
개인회생-회사-몰래-신청-상담,개인회생 회사 몰래 신청 상담,rehab,,상황형,상담·서비스 탐색,0,,1804
개인회생-사업-폐업-예정,개인회생 사업 폐업 예정,rehab,,상황형,개인 상황에 따른 신청 검토,0,,1805
개인회생-사업-폐업-예정-신청-가능-여부,개인회생 사업 폐업 예정 신청 가능 여부,rehab,,상황형,개인 상황에 따른 신청 검토,0,,1806
개인회생-사업-폐업-예정-준비사항,개인회생 사업 폐업 예정 준비사항,rehab,,상황형,개인 상황에 따른 신청 검토,0,,1807
개인회생-사업-폐업-예정-상담,개인회생 사업 폐업 예정 상담,rehab,,상황형,상담·서비스 탐색,0,,1808
개인회생-사업-계속-운영,개인회생 사업 계속 운영,rehab,,상황형,개인 상황에 따른 신청 검토,0,,1809
개인회생-사업-계속-운영-신청-가능-여부,개인회생 사업 계속 운영 신청 가능 여부,rehab,,상황형,개인 상황에 따른 신청 검토,0,,1810
개인회생-사업-계속-운영-준비사항,개인회생 사업 계속 운영 준비사항,rehab,,상황형,개인 상황에 따른 신청 검토,0,,1811
개인회생-사업-계속-운영-상담,개인회생 사업 계속 운영 상담,rehab,,상황형,상담·서비스 탐색,0,,1812
개인회생-전세-계약-만료,개인회생 전세 계약 만료,rehab,,상황형,개인 상황에 따른 신청 검토,0,,1813
개인회생-전세-계약-만료-신청-가능-여부,개인회생 전세 계약 만료 신청 가능 여부,rehab,,상황형,개인 상황에 따른 신청 검토,0,,1814
개인회생-전세-계약-만료-준비사항,개인회생 전세 계약 만료 준비사항,rehab,,상황형,개인 상황에 따른 신청 검토,0,,1815
개인회생-전세-계약-만료-상담,개인회생 전세 계약 만료 상담,rehab,,상황형,상담·서비스 탐색,0,,1816
개인회생-이사-예정,개인회생 이사 예정,rehab,,상황형,개인 상황에 따른 신청 검토,0,,1817
개인회생-이사-예정-신청-가능-여부,개인회생 이사 예정 신청 가능 여부,rehab,,상황형,개인 상황에 따른 신청 검토,0,,1818
개인회생-이사-예정-준비사항,개인회생 이사 예정 준비사항,rehab,,상황형,개인 상황에 따른 신청 검토,0,,1819
개인회생-이사-예정-상담,개인회생 이사 예정 상담,rehab,,상황형,상담·서비스 탐색,0,,1820
개인회생-해외-출국-예정,개인회생 해외 출국 예정,rehab,,상황형,개인 상황에 따른 신청 검토,0,,1821
개인회생-해외-출국-예정-신청-가능-여부,개인회생 해외 출국 예정 신청 가능 여부,rehab,,상황형,개인 상황에 따른 신청 검토,0,,1822
개인회생-해외-출국-예정-준비사항,개인회생 해외 출국 예정 준비사항,rehab,,상황형,개인 상황에 따른 신청 검토,0,,1823
개인회생-해외-출국-예정-상담,개인회생 해외 출국 예정 상담,rehab,,상황형,상담·서비스 탐색,0,,1824
개인회생-수술-예정,개인회생 수술 예정,rehab,,상황형,개인 상황에 따른 신청 검토,0,,1825
개인회생-수술-예정-신청-가능-여부,개인회생 수술 예정 신청 가능 여부,rehab,,상황형,개인 상황에 따른 신청 검토,0,,1826
개인회생-수술-예정-준비사항,개인회생 수술 예정 준비사항,rehab,,상황형,개인 상황에 따른 신청 검토,0,,1827
개인회생-수술-예정-상담,개인회생 수술 예정 상담,rehab,,상황형,상담·서비스 탐색,0,,1828
개인회생-장기-입원-중,개인회생 장기 입원 중,rehab,,상황형,개인 상황에 따른 신청 검토,0,,1829
개인회생-장기-입원-중-신청-가능-여부,개인회생 장기 입원 중 신청 가능 여부,rehab,,상황형,개인 상황에 따른 신청 검토,0,,1830
개인회생-장기-입원-중-준비사항,개인회생 장기 입원 중 준비사항,rehab,,상황형,개인 상황에 따른 신청 검토,0,,1831
개인회생-장기-입원-중-상담,개인회생 장기 입원 중 상담,rehab,,상황형,상담·서비스 탐색,0,,1832
개인회생-사기-피해-발생,개인회생 사기 피해 발생,rehab,,상황형,개인 상황에 따른 신청 검토,0,,1833
개인회생-사기-피해-발생-신청-가능-여부,개인회생 사기 피해 발생 신청 가능 여부,rehab,,상황형,개인 상황에 따른 신청 검토,0,,1834
개인회생-사기-피해-발생-준비사항,개인회생 사기 피해 발생 준비사항,rehab,,상황형,개인 상황에 따른 신청 검토,0,,1835
개인회생-사기-피해-발생-상담,개인회생 사기 피해 발생 상담,rehab,,상황형,상담·서비스 탐색,0,,1836
개인회생-보이스피싱-피해,개인회생 보이스피싱 피해,rehab,,상황형,개인 상황에 따른 신청 검토,0,,1837
개인회생-보이스피싱-피해-신청-가능-여부,개인회생 보이스피싱 피해 신청 가능 여부,rehab,,상황형,개인 상황에 따른 신청 검토,0,,1838
개인회생-보이스피싱-피해-준비사항,개인회생 보이스피싱 피해 준비사항,rehab,,상황형,개인 상황에 따른 신청 검토,0,,1839
개인회생-보이스피싱-피해-상담,개인회생 보이스피싱 피해 상담,rehab,,상황형,상담·서비스 탐색,0,,1840
개인회생-신청비용,개인회생 신청비용,rehab,,비용·상담,비용 및 대리인 선택,0,,1841
개인회생-신청비용-안내,개인회생 신청비용 안내,rehab,,비용·상담,비용 및 대리인 선택,0,,1842
개인회생-신청비용-확인사항,개인회생 신청비용 확인사항,rehab,,비용·상담,비용 및 대리인 선택,0,,1843
개인회생-신청비용-비교,개인회생 신청비용 비교,rehab,,비용·상담,비교·선택 검토,0,,1844
개인회생-법원-인지대,개인회생 법원 인지대,rehab,,비용·상담,비용 및 대리인 선택,0,,1845
개인회생-법원-인지대-안내,개인회생 법원 인지대 안내,rehab,,비용·상담,비용 및 대리인 선택,0,,1846
개인회생-법원-인지대-확인사항,개인회생 법원 인지대 확인사항,rehab,,비용·상담,비용 및 대리인 선택,0,,1847
개인회생-법원-인지대-비교,개인회생 법원 인지대 비교,rehab,,비용·상담,비교·선택 검토,0,,1848
개인회생-송달료,개인회생 송달료,rehab,,비용·상담,비용 및 대리인 선택,0,,1849
개인회생-송달료-안내,개인회생 송달료 안내,rehab,,비용·상담,비용 및 대리인 선택,0,,1850
개인회생-송달료-확인사항,개인회생 송달료 확인사항,rehab,,비용·상담,비용 및 대리인 선택,0,,1851
개인회생-송달료-비교,개인회생 송달료 비교,rehab,,비용·상담,비교·선택 검토,0,,1852
개인회생-회생위원-보수,개인회생 회생위원 보수,rehab,,비용·상담,비용 및 대리인 선택,0,,1853
개인회생-회생위원-보수-안내,개인회생 회생위원 보수 안내,rehab,,비용·상담,비용 및 대리인 선택,0,,1854
개인회생-회생위원-보수-확인사항,개인회생 회생위원 보수 확인사항,rehab,,비용·상담,비용 및 대리인 선택,0,,1855
개인회생-회생위원-보수-비교,개인회생 회생위원 보수 비교,rehab,,비용·상담,비교·선택 검토,0,,1856
개인회생-변호사-수임료,개인회생 변호사 수임료,rehab,,비용·상담,비용 및 대리인 선택,0,,1857
개인회생-변호사-수임료-안내,개인회생 변호사 수임료 안내,rehab,,비용·상담,비용 및 대리인 선택,0,,1858
개인회생-변호사-수임료-확인사항,개인회생 변호사 수임료 확인사항,rehab,,비용·상담,비용 및 대리인 선택,0,,1859
개인회생-변호사-수임료-비교,개인회생 변호사 수임료 비교,rehab,,비용·상담,비교·선택 검토,0,,1860
개인회생-법무사-보수,개인회생 법무사 보수,rehab,,비용·상담,비용 및 대리인 선택,0,,1861
개인회생-법무사-보수-안내,개인회생 법무사 보수 안내,rehab,,비용·상담,비용 및 대리인 선택,0,,1862
개인회생-법무사-보수-확인사항,개인회생 법무사 보수 확인사항,rehab,,비용·상담,비용 및 대리인 선택,0,,1863
개인회생-법무사-보수-비교,개인회생 법무사 보수 비교,rehab,,비용·상담,비교·선택 검토,0,,1864
개인회생-부채증명서-발급비,개인회생 부채증명서 발급비,rehab,,비용·상담,비용 및 대리인 선택,0,,1865
개인회생-부채증명서-발급비-안내,개인회생 부채증명서 발급비 안내,rehab,,비용·상담,비용 및 대리인 선택,0,,1866
개인회생-부채증명서-발급비-확인사항,개인회생 부채증명서 발급비 확인사항,rehab,,비용·상담,비용 및 대리인 선택,0,,1867
개인회생-부채증명서-발급비-비교,개인회생 부채증명서 발급비 비교,rehab,,비용·상담,비교·선택 검토,0,,1868
개인회생-추가-보정-비용,개인회생 추가 보정 비용,rehab,,비용·상담,비용 및 대리인 선택,0,,1869
개인회생-추가-보정-비용-안내,개인회생 추가 보정 비용 안내,rehab,,비용·상담,비용 및 대리인 선택,0,,1870
개인회생-추가-보정-비용-확인사항,개인회생 추가 보정 비용 확인사항,rehab,,비용·상담,비용 및 대리인 선택,0,,1871
개인회생-추가-보정-비용-비교,개인회생 추가 보정 비용 비교,rehab,,비용·상담,비교·선택 검토,0,,1872
개인회생-재신청-비용,개인회생 재신청 비용,rehab,,비용·상담,비용 및 대리인 선택,0,,1873
개인회생-재신청-비용-안내,개인회생 재신청 비용 안내,rehab,,비용·상담,비용 및 대리인 선택,0,,1874
개인회생-재신청-비용-확인사항,개인회생 재신청 비용 확인사항,rehab,,비용·상담,비용 및 대리인 선택,0,,1875
개인회생-재신청-비용-비교,개인회생 재신청 비용 비교,rehab,,비용·상담,비교·선택 검토,0,,1876
개인회생-항고-비용,개인회생 항고 비용,rehab,,비용·상담,비용 및 대리인 선택,0,,1877
개인회생-항고-비용-안내,개인회생 항고 비용 안내,rehab,,비용·상담,비용 및 대리인 선택,0,,1878
개인회생-항고-비용-확인사항,개인회생 항고 비용 확인사항,rehab,,비용·상담,비용 및 대리인 선택,0,,1879
개인회생-항고-비용-비교,개인회생 항고 비용 비교,rehab,,비용·상담,비교·선택 검토,0,,1880
개인회생-수임료-분납,개인회생 수임료 분납,rehab,,비용·상담,비용 및 대리인 선택,0,,1881
개인회생-수임료-분납-안내,개인회생 수임료 분납 안내,rehab,,비용·상담,비용 및 대리인 선택,0,,1882
개인회생-수임료-분납-확인사항,개인회생 수임료 분납 확인사항,rehab,,비용·상담,비용 및 대리인 선택,0,,1883
개인회생-수임료-분납-비교,개인회생 수임료 분납 비교,rehab,,비용·상담,비교·선택 검토,0,,1884
개인회생-수임료-환불,개인회생 수임료 환불,rehab,,비용·상담,비용 및 대리인 선택,0,,1885
개인회생-수임료-환불-안내,개인회생 수임료 환불 안내,rehab,,비용·상담,비용 및 대리인 선택,0,,1886
개인회생-수임료-환불-확인사항,개인회생 수임료 환불 확인사항,rehab,,비용·상담,비용 및 대리인 선택,0,,1887
개인회생-수임료-환불-비교,개인회생 수임료 환불 비교,rehab,,비용·상담,비교·선택 검토,0,,1888
개인회생-무료상담,개인회생 무료상담,rehab,,비용·상담,비용 및 대리인 선택,0,,1889
개인회생-무료상담-안내,개인회생 무료상담 안내,rehab,,비용·상담,비용 및 대리인 선택,0,,1890
개인회생-무료상담-확인사항,개인회생 무료상담 확인사항,rehab,,비용·상담,비용 및 대리인 선택,0,,1891
개인회생-무료상담-비교,개인회생 무료상담 비교,rehab,,비용·상담,비교·선택 검토,0,,1892
개인회생-방문상담,개인회생 방문상담,rehab,,비용·상담,비용 및 대리인 선택,0,,1893
개인회생-방문상담-안내,개인회생 방문상담 안내,rehab,,비용·상담,비용 및 대리인 선택,0,,1894
개인회생-방문상담-확인사항,개인회생 방문상담 확인사항,rehab,,비용·상담,비용 및 대리인 선택,0,,1895
개인회생-방문상담-비교,개인회생 방문상담 비교,rehab,,비용·상담,비교·선택 검토,0,,1896
개인회생-전화상담,개인회생 전화상담,rehab,,비용·상담,비용 및 대리인 선택,0,,1897
개인회생-전화상담-안내,개인회생 전화상담 안내,rehab,,비용·상담,비용 및 대리인 선택,0,,1898
개인회생-전화상담-확인사항,개인회생 전화상담 확인사항,rehab,,비용·상담,비용 및 대리인 선택,0,,1899
개인회생-전화상담-비교,개인회생 전화상담 비교,rehab,,비용·상담,비교·선택 검토,0,,1900
개인회생-온라인상담,개인회생 온라인상담,rehab,,비용·상담,비용 및 대리인 선택,0,,1901
개인회생-온라인상담-안내,개인회생 온라인상담 안내,rehab,,비용·상담,비용 및 대리인 선택,0,,1902
개인회생-온라인상담-확인사항,개인회생 온라인상담 확인사항,rehab,,비용·상담,비용 및 대리인 선택,0,,1903
개인회생-온라인상담-비교,개인회생 온라인상담 비교,rehab,,비용·상담,비교·선택 검토,0,,1904
개인회생-법률구조-지원,개인회생 법률구조 지원,rehab,,비용·상담,비용 및 대리인 선택,0,,1905
개인회생-법률구조-지원-안내,개인회생 법률구조 지원 안내,rehab,,비용·상담,비용 및 대리인 선택,0,,1906
개인회생-법률구조-지원-확인사항,개인회생 법률구조 지원 확인사항,rehab,,비용·상담,비용 및 대리인 선택,0,,1907
개인회생-법률구조-지원-비교,개인회생 법률구조 지원 비교,rehab,,비용·상담,비교·선택 검토,0,,1908
개인회생-변호사-선임,개인회생 변호사 선임,rehab,,비용·상담,비용 및 대리인 선택,0,,1909
개인회생-변호사-선임-안내,개인회생 변호사 선임 안내,rehab,,비용·상담,비용 및 대리인 선택,0,,1910
개인회생-변호사-선임-확인사항,개인회생 변호사 선임 확인사항,rehab,,비용·상담,비용 및 대리인 선택,0,,1911
개인회생-변호사-선임-비교,개인회생 변호사 선임 비교,rehab,,비용·상담,비교·선택 검토,0,,1912
개인회생-법무사-선임,개인회생 법무사 선임,rehab,,비용·상담,비용 및 대리인 선택,0,,1913
개인회생-법무사-선임-안내,개인회생 법무사 선임 안내,rehab,,비용·상담,비용 및 대리인 선택,0,,1914
개인회생-법무사-선임-확인사항,개인회생 법무사 선임 확인사항,rehab,,비용·상담,비용 및 대리인 선택,0,,1915
개인회생-법무사-선임-비교,개인회생 법무사 선임 비교,rehab,,비용·상담,비교·선택 검토,0,,1916
개인회생-대리인-변경,개인회생 대리인 변경,rehab,,비용·상담,비용 및 대리인 선택,0,,1917
개인회생-대리인-변경-안내,개인회생 대리인 변경 안내,rehab,,비용·상담,비용 및 대리인 선택,0,,1918
개인회생-대리인-변경-확인사항,개인회생 대리인 변경 확인사항,rehab,,비용·상담,비용 및 대리인 선택,0,,1919
개인회생-대리인-변경-비교,개인회생 대리인 변경 비교,rehab,,비용·상담,비교·선택 검토,0,,1920
개인회생-개인파산-차이,개인회생 개인파산 차이,rehab,,제도비교,채무조정 제도 및 대안 비교,0,,1921
개인회생-개인파산-차이-선택-기준,개인회생 개인파산 차이 선택 기준,rehab,,제도비교,비교·선택 검토,0,,1922
개인회생-개인파산-차이-장단점,개인회생 개인파산 차이 장단점,rehab,,제도비교,비교·선택 검토,0,,1923
개인회생-개인파산-차이-상담,개인회생 개인파산 차이 상담,rehab,,제도비교,상담·서비스 탐색,0,,1924
개인회생-워크아웃-차이,개인회생 워크아웃 차이,rehab,,제도비교,채무조정 제도 및 대안 비교,0,,1925
개인회생-워크아웃-차이-선택-기준,개인회생 워크아웃 차이 선택 기준,rehab,,제도비교,비교·선택 검토,0,,1926
개인회생-워크아웃-차이-장단점,개인회생 워크아웃 차이 장단점,rehab,,제도비교,비교·선택 검토,0,,1927
개인회생-워크아웃-차이-상담,개인회생 워크아웃 차이 상담,rehab,,제도비교,상담·서비스 탐색,0,,1928
개인회생-프리워크아웃-차이,개인회생 프리워크아웃 차이,rehab,,제도비교,채무조정 제도 및 대안 비교,0,,1929
개인회생-프리워크아웃-차이-선택-기준,개인회생 프리워크아웃 차이 선택 기준,rehab,,제도비교,비교·선택 검토,0,,1930
개인회생-프리워크아웃-차이-장단점,개인회생 프리워크아웃 차이 장단점,rehab,,제도비교,비교·선택 검토,0,,1931
개인회생-프리워크아웃-차이-상담,개인회생 프리워크아웃 차이 상담,rehab,,제도비교,상담·서비스 탐색,0,,1932
개인회생-신속채무조정-차이,개인회생 신속채무조정 차이,rehab,,제도비교,채무조정 제도 및 대안 비교,0,,1933
개인회생-신속채무조정-차이-선택-기준,개인회생 신속채무조정 차이 선택 기준,rehab,,제도비교,비교·선택 검토,0,,1934
개인회생-신속채무조정-차이-장단점,개인회생 신속채무조정 차이 장단점,rehab,,제도비교,비교·선택 검토,0,,1935
개인회생-신속채무조정-차이-상담,개인회생 신속채무조정 차이 상담,rehab,,제도비교,상담·서비스 탐색,0,,1936
개인회생-신용회복위원회-비교,개인회생 신용회복위원회 비교,rehab,,제도비교,채무조정 제도 및 대안 비교,0,,1937
개인회생-신용회복위원회-비교-선택-기준,개인회생 신용회복위원회 비교 선택 기준,rehab,,제도비교,비교·선택 검토,0,,1938
개인회생-신용회복위원회-비교-장단점,개인회생 신용회복위원회 비교 장단점,rehab,,제도비교,비교·선택 검토,0,,1939
개인회생-신용회복위원회-비교-상담,개인회생 신용회복위원회 비교 상담,rehab,,제도비교,상담·서비스 탐색,0,,1940
개인회생-파산면책-비교,개인회생 파산면책 비교,rehab,,제도비교,채무조정 제도 및 대안 비교,0,,1941
개인회생-파산면책-비교-선택-기준,개인회생 파산면책 비교 선택 기준,rehab,,제도비교,비교·선택 검토,0,,1942
개인회생-파산면책-비교-장단점,개인회생 파산면책 비교 장단점,rehab,,제도비교,비교·선택 검토,0,,1943
개인회생-파산면책-비교-상담,개인회생 파산면책 비교 상담,rehab,,제도비교,상담·서비스 탐색,0,,1944
개인회생-법인회생-차이,개인회생 법인회생 차이,rehab,,제도비교,채무조정 제도 및 대안 비교,0,,1945
개인회생-법인회생-차이-선택-기준,개인회생 법인회생 차이 선택 기준,rehab,,제도비교,비교·선택 검토,0,,1946
개인회생-법인회생-차이-장단점,개인회생 법인회생 차이 장단점,rehab,,제도비교,비교·선택 검토,0,,1947
개인회생-법인회생-차이-상담,개인회생 법인회생 차이 상담,rehab,,제도비교,상담·서비스 탐색,0,,1948
개인회생-일반회생-차이,개인회생 일반회생 차이,rehab,,제도비교,채무조정 제도 및 대안 비교,0,,1949
개인회생-일반회생-차이-선택-기준,개인회생 일반회생 차이 선택 기준,rehab,,제도비교,비교·선택 검토,0,,1950
개인회생-일반회생-차이-장단점,개인회생 일반회생 차이 장단점,rehab,,제도비교,비교·선택 검토,0,,1951
개인회생-일반회생-차이-상담,개인회생 일반회생 차이 상담,rehab,,제도비교,상담·서비스 탐색,0,,1952
개인회생-채무통합대출-비교,개인회생 채무통합대출 비교,rehab,,제도비교,채무조정 제도 및 대안 비교,0,,1953
개인회생-채무통합대출-비교-선택-기준,개인회생 채무통합대출 비교 선택 기준,rehab,,제도비교,비교·선택 검토,0,,1954
개인회생-채무통합대출-비교-장단점,개인회생 채무통합대출 비교 장단점,rehab,,제도비교,비교·선택 검토,0,,1955
개인회생-채무통합대출-비교-상담,개인회생 채무통합대출 비교 상담,rehab,,제도비교,상담·서비스 탐색,0,,1956
개인회생-대환대출-비교,개인회생 대환대출 비교,rehab,,제도비교,채무조정 제도 및 대안 비교,0,,1957
개인회생-대환대출-비교-선택-기준,개인회생 대환대출 비교 선택 기준,rehab,,제도비교,비교·선택 검토,0,,1958
개인회생-대환대출-비교-장단점,개인회생 대환대출 비교 장단점,rehab,,제도비교,비교·선택 검토,0,,1959
개인회생-대환대출-비교-상담,개인회생 대환대출 비교 상담,rehab,,제도비교,상담·서비스 탐색,0,,1960
개인회생-새출발기금-비교,개인회생 새출발기금 비교,rehab,,제도비교,채무조정 제도 및 대안 비교,0,,1961
개인회생-새출발기금-비교-선택-기준,개인회생 새출발기금 비교 선택 기준,rehab,,제도비교,비교·선택 검토,0,,1962
개인회생-새출발기금-비교-장단점,개인회생 새출발기금 비교 장단점,rehab,,제도비교,비교·선택 검토,0,,1963
개인회생-새출발기금-비교-상담,개인회생 새출발기금 비교 상담,rehab,,제도비교,상담·서비스 탐색,0,,1964
개인회생-사적-채무조정-비교,개인회생 사적 채무조정 비교,rehab,,제도비교,채무조정 제도 및 대안 비교,0,,1965
개인회생-사적-채무조정-비교-선택-기준,개인회생 사적 채무조정 비교 선택 기준,rehab,,제도비교,비교·선택 검토,0,,1966
개인회생-사적-채무조정-비교-장단점,개인회생 사적 채무조정 비교 장단점,rehab,,제도비교,비교·선택 검토,0,,1967
개인회생-사적-채무조정-비교-상담,개인회생 사적 채무조정 비교 상담,rehab,,제도비교,상담·서비스 탐색,0,,1968
개인회생-배드뱅크-채무조정-비교,개인회생 배드뱅크 채무조정 비교,rehab,,제도비교,채무조정 제도 및 대안 비교,0,,1969
개인회생-배드뱅크-채무조정-비교-선택-기준,개인회생 배드뱅크 채무조정 비교 선택 기준,rehab,,제도비교,비교·선택 검토,0,,1970
개인회생-배드뱅크-채무조정-비교-장단점,개인회생 배드뱅크 채무조정 비교 장단점,rehab,,제도비교,비교·선택 검토,0,,1971
개인회생-배드뱅크-채무조정-비교-상담,개인회생 배드뱅크 채무조정 비교 상담,rehab,,제도비교,상담·서비스 탐색,0,,1972
개인회생-장기연체-채무조정-비교,개인회생 장기연체 채무조정 비교,rehab,,제도비교,채무조정 제도 및 대안 비교,0,,1973
개인회생-장기연체-채무조정-비교-선택-기준,개인회생 장기연체 채무조정 비교 선택 기준,rehab,,제도비교,비교·선택 검토,0,,1974
개인회생-장기연체-채무조정-비교-장단점,개인회생 장기연체 채무조정 비교 장단점,rehab,,제도비교,비교·선택 검토,0,,1975
개인회생-장기연체-채무조정-비교-상담,개인회생 장기연체 채무조정 비교 상담,rehab,,제도비교,상담·서비스 탐색,0,,1976
개인회생-담보대출-채무조정-비교,개인회생 담보대출 채무조정 비교,rehab,,제도비교,채무조정 제도 및 대안 비교,0,,1977
개인회생-담보대출-채무조정-비교-선택-기준,개인회생 담보대출 채무조정 비교 선택 기준,rehab,,제도비교,비교·선택 검토,0,,1978
개인회생-담보대출-채무조정-비교-장단점,개인회생 담보대출 채무조정 비교 장단점,rehab,,제도비교,비교·선택 검토,0,,1979
개인회생-담보대출-채무조정-비교-상담,개인회생 담보대출 채무조정 비교 상담,rehab,,제도비교,상담·서비스 탐색,0,,1980
개인회생-은행-자체-채무조정-비교,개인회생 은행 자체 채무조정 비교,rehab,,제도비교,채무조정 제도 및 대안 비교,0,,1981
개인회생-은행-자체-채무조정-비교-선택-기준,개인회생 은행 자체 채무조정 비교 선택 기준,rehab,,제도비교,비교·선택 검토,0,,1982
개인회생-은행-자체-채무조정-비교-장단점,개인회생 은행 자체 채무조정 비교 장단점,rehab,,제도비교,비교·선택 검토,0,,1983
개인회생-은행-자체-채무조정-비교-상담,개인회생 은행 자체 채무조정 비교 상담,rehab,,제도비교,상담·서비스 탐색,0,,1984
개인회생-분할상환-협의-비교,개인회생 분할상환 협의 비교,rehab,,제도비교,채무조정 제도 및 대안 비교,0,,1985
개인회생-분할상환-협의-비교-선택-기준,개인회생 분할상환 협의 비교 선택 기준,rehab,,제도비교,비교·선택 검토,0,,1986
개인회생-분할상환-협의-비교-장단점,개인회생 분할상환 협의 비교 장단점,rehab,,제도비교,비교·선택 검토,0,,1987
개인회생-분할상환-협의-비교-상담,개인회생 분할상환 협의 비교 상담,rehab,,제도비교,상담·서비스 탐색,0,,1988
개인회생-이자-감면-협의-비교,개인회생 이자 감면 협의 비교,rehab,,제도비교,채무조정 제도 및 대안 비교,0,,1989
개인회생-이자-감면-협의-비교-선택-기준,개인회생 이자 감면 협의 비교 선택 기준,rehab,,제도비교,비교·선택 검토,0,,1990
개인회생-이자-감면-협의-비교-장단점,개인회생 이자 감면 협의 비교 장단점,rehab,,제도비교,비교·선택 검토,0,,1991
개인회생-이자-감면-협의-비교-상담,개인회생 이자 감면 협의 비교 상담,rehab,,제도비교,상담·서비스 탐색,0,,1992
개인회생-원금-감면-협의-비교,개인회생 원금 감면 협의 비교,rehab,,제도비교,채무조정 제도 및 대안 비교,0,,1993
개인회생-원금-감면-협의-비교-선택-기준,개인회생 원금 감면 협의 비교 선택 기준,rehab,,제도비교,비교·선택 검토,0,,1994
개인회생-원금-감면-협의-비교-장단점,개인회생 원금 감면 협의 비교 장단점,rehab,,제도비교,비교·선택 검토,0,,1995
개인회생-원금-감면-협의-비교-상담,개인회생 원금 감면 협의 비교 상담,rehab,,제도비교,상담·서비스 탐색,0,,1996
개인회생-채무조정-전환,개인회생 채무조정 전환,rehab,,제도비교,채무조정 제도 및 대안 비교,0,,1997
개인회생-채무조정-전환-선택-기준,개인회생 채무조정 전환 선택 기준,rehab,,제도비교,비교·선택 검토,0,,1998
개인회생-채무조정-전환-장단점,개인회생 채무조정 전환 장단점,rehab,,제도비교,비교·선택 검토,0,,1999
개인회생-채무조정-전환-상담,개인회생 채무조정 전환 상담,rehab,,제도비교,상담·서비스 탐색,0,,2000
수원-개인회생-신청자격,수원 개인회생 신청자격,rehab,수원,신청자격,신청 가능 여부,0,,1
수원-개인회생-신청자격-확인,수원 개인회생 신청자격 확인,rehab,수원,신청자격,신청 가능 여부,0,,2
수원-개인회생-신청자격-상담,수원 개인회생 신청자격 상담,rehab,수원,신청자격,상담·서비스 탐색,0,,3
수원-개인회생-신청자격-사례,수원 개인회생 신청자격 사례,rehab,수원,신청자격,사례·경험 탐색,0,,4
수원-개인회생-자격조건,수원 개인회생 자격조건,rehab,수원,신청자격,신청 가능 여부,0,,5
수원-개인회생-자격조건-확인,수원 개인회생 자격조건 확인,rehab,수원,신청자격,신청 가능 여부,0,,6
수원-개인회생-자격조건-상담,수원 개인회생 자격조건 상담,rehab,수원,신청자격,상담·서비스 탐색,0,,7
수원-개인회생-자격조건-사례,수원 개인회생 자격조건 사례,rehab,수원,신청자격,사례·경험 탐색,0,,8
수원-개인회생-신청대상,수원 개인회생 신청대상,rehab,수원,신청자격,신청 가능 여부,0,,9
수원-개인회생-신청대상-확인,수원 개인회생 신청대상 확인,rehab,수원,신청자격,신청 가능 여부,0,,10
수원-개인회생-신청대상-상담,수원 개인회생 신청대상 상담,rehab,수원,신청자격,상담·서비스 탐색,0,,11
수원-개인회생-신청대상-사례,수원 개인회생 신청대상 사례,rehab,수원,신청자격,사례·경험 탐색,0,,12
수원-개인회생-소득-요건,수원 개인회생 소득 요건,rehab,수원,신청자격,신청 가능 여부,0,,13
수원-개인회생-소득-요건-확인,수원 개인회생 소득 요건 확인,rehab,수원,신청자격,신청 가능 여부,0,,14
수원-개인회생-소득-요건-상담,수원 개인회생 소득 요건 상담,rehab,수원,신청자격,상담·서비스 탐색,0,,15
수원-개인회생-소득-요건-사례,수원 개인회생 소득 요건 사례,rehab,수원,신청자격,사례·경험 탐색,0,,16
수원-개인회생-채무-한도,수원 개인회생 채무 한도,rehab,수원,신청자격,신청 가능 여부,0,,17
수원-개인회생-채무-한도-확인,수원 개인회생 채무 한도 확인,rehab,수원,신청자격,신청 가능 여부,0,,18
수원-개인회생-채무-한도-상담,수원 개인회생 채무 한도 상담,rehab,수원,신청자격,상담·서비스 탐색,0,,19
수원-개인회생-채무-한도-사례,수원 개인회생 채무 한도 사례,rehab,수원,신청자격,사례·경험 탐색,0,,20
수원-개인회생-재산-요건,수원 개인회생 재산 요건,rehab,수원,신청자격,신청 가능 여부,0,,21
수원-개인회생-재산-요건-확인,수원 개인회생 재산 요건 확인,rehab,수원,신청자격,신청 가능 여부,0,,22
수원-개인회생-재산-요건-상담,수원 개인회생 재산 요건 상담,rehab,수원,신청자격,상담·서비스 탐색,0,,23
수원-개인회생-재산-요건-사례,수원 개인회생 재산 요건 사례,rehab,수원,신청자격,사례·경험 탐색,0,,24
수원-개인회생-연체-전-신청,수원 개인회생 연체 전 신청,rehab,수원,신청자격,신청 가능 여부,0,,25
수원-개인회생-연체-전-신청-확인,수원 개인회생 연체 전 신청 확인,rehab,수원,신청자격,신청 가능 여부,0,,26
수원-개인회생-연체-전-신청-상담,수원 개인회생 연체 전 신청 상담,rehab,수원,신청자격,상담·서비스 탐색,0,,27
수원-개인회생-연체-전-신청-사례,수원 개인회생 연체 전 신청 사례,rehab,수원,신청자격,사례·경험 탐색,0,,28
수원-개인회생-연체-후-신청,수원 개인회생 연체 후 신청,rehab,수원,신청자격,신청 가능 여부,0,,29
수원-개인회생-연체-후-신청-확인,수원 개인회생 연체 후 신청 확인,rehab,수원,신청자격,신청 가능 여부,0,,30
수원-개인회생-연체-후-신청-상담,수원 개인회생 연체 후 신청 상담,rehab,수원,신청자격,상담·서비스 탐색,0,,31
수원-개인회생-연체-후-신청-사례,수원 개인회생 연체 후 신청 사례,rehab,수원,신청자격,사례·경험 탐색,0,,32
수원-개인회생-신용불량-상태-신청,수원 개인회생 신용불량 상태 신청,rehab,수원,신청자격,신청 가능 여부,0,,33
수원-개인회생-신용불량-상태-신청-확인,수원 개인회생 신용불량 상태 신청 확인,rehab,수원,신청자격,신청 가능 여부,0,,34
수원-개인회생-신용불량-상태-신청-상담,수원 개인회생 신용불량 상태 신청 상담,rehab,수원,신청자격,상담·서비스 탐색,0,,35
수원-개인회생-신용불량-상태-신청-사례,수원 개인회생 신용불량 상태 신청 사례,rehab,수원,신청자격,사례·경험 탐색,0,,36
수원-개인회생-신규-취업자-신청,수원 개인회생 신규 취업자 신청,rehab,수원,신청자격,신청 가능 여부,0,,37
수원-개인회생-신규-취업자-신청-확인,수원 개인회생 신규 취업자 신청 확인,rehab,수원,신청자격,신청 가능 여부,0,,38
수원-개인회생-신규-취업자-신청-상담,수원 개인회생 신규 취업자 신청 상담,rehab,수원,신청자격,상담·서비스 탐색,0,,39
수원-개인회생-신규-취업자-신청-사례,수원 개인회생 신규 취업자 신청 사례,rehab,수원,신청자격,사례·경험 탐색,0,,40
수원-개인회생-단기-근무자-신청,수원 개인회생 단기 근무자 신청,rehab,수원,신청자격,신청 가능 여부,0,,41
수원-개인회생-단기-근무자-신청-확인,수원 개인회생 단기 근무자 신청 확인,rehab,수원,신청자격,신청 가능 여부,0,,42
수원-개인회생-단기-근무자-신청-상담,수원 개인회생 단기 근무자 신청 상담,rehab,수원,신청자격,상담·서비스 탐색,0,,43
수원-개인회생-단기-근무자-신청-사례,수원 개인회생 단기 근무자 신청 사례,rehab,수원,신청자격,사례·경험 탐색,0,,44
수원-개인회생-고령자-신청,수원 개인회생 고령자 신청,rehab,수원,신청자격,신청 가능 여부,0,,45
수원-개인회생-고령자-신청-확인,수원 개인회생 고령자 신청 확인,rehab,수원,신청자격,신청 가능 여부,0,,46
수원-개인회생-고령자-신청-상담,수원 개인회생 고령자 신청 상담,rehab,수원,신청자격,상담·서비스 탐색,0,,47
수원-개인회생-고령자-신청-사례,수원 개인회생 고령자 신청 사례,rehab,수원,신청자격,사례·경험 탐색,0,,48
수원-개인회생-청년-신청,수원 개인회생 청년 신청,rehab,수원,신청자격,신청 가능 여부,0,,49
수원-개인회생-청년-신청-확인,수원 개인회생 청년 신청 확인,rehab,수원,신청자격,신청 가능 여부,0,,50
수원-개인회생-청년-신청-상담,수원 개인회생 청년 신청 상담,rehab,수원,신청자격,상담·서비스 탐색,0,,51
수원-개인회생-청년-신청-사례,수원 개인회생 청년 신청 사례,rehab,수원,신청자격,사례·경험 탐색,0,,52
수원-개인회생-외국인-신청,수원 개인회생 외국인 신청,rehab,수원,신청자격,신청 가능 여부,0,,53
수원-개인회생-외국인-신청-확인,수원 개인회생 외국인 신청 확인,rehab,수원,신청자격,신청 가능 여부,0,,54
수원-개인회생-외국인-신청-상담,수원 개인회생 외국인 신청 상담,rehab,수원,신청자격,상담·서비스 탐색,0,,55
수원-개인회생-외국인-신청-사례,수원 개인회생 외국인 신청 사례,rehab,수원,신청자격,사례·경험 탐색,0,,56
수원-개인회생-해외-거주자-신청,수원 개인회생 해외 거주자 신청,rehab,수원,신청자격,신청 가능 여부,0,,57
수원-개인회생-해외-거주자-신청-확인,수원 개인회생 해외 거주자 신청 확인,rehab,수원,신청자격,신청 가능 여부,0,,58
수원-개인회생-해외-거주자-신청-상담,수원 개인회생 해외 거주자 신청 상담,rehab,수원,신청자격,상담·서비스 탐색,0,,59
수원-개인회생-해외-거주자-신청-사례,수원 개인회생 해외 거주자 신청 사례,rehab,수원,신청자격,사례·경험 탐색,0,,60
수원-개인회생-미성년자-신청,수원 개인회생 미성년자 신청,rehab,수원,신청자격,신청 가능 여부,0,,61
수원-개인회생-미성년자-신청-확인,수원 개인회생 미성년자 신청 확인,rehab,수원,신청자격,신청 가능 여부,0,,62
수원-개인회생-미성년자-신청-상담,수원 개인회생 미성년자 신청 상담,rehab,수원,신청자격,상담·서비스 탐색,0,,63
수원-개인회생-미성년자-신청-사례,수원 개인회생 미성년자 신청 사례,rehab,수원,신청자격,사례·경험 탐색,0,,64
수원-개인회생-기초생활수급자-신청,수원 개인회생 기초생활수급자 신청,rehab,수원,신청자격,신청 가능 여부,0,,65
수원-개인회생-기초생활수급자-신청-확인,수원 개인회생 기초생활수급자 신청 확인,rehab,수원,신청자격,신청 가능 여부,0,,66
수원-개인회생-기초생활수급자-신청-상담,수원 개인회생 기초생활수급자 신청 상담,rehab,수원,신청자격,상담·서비스 탐색,0,,67
수원-개인회생-기초생활수급자-신청-사례,수원 개인회생 기초생활수급자 신청 사례,rehab,수원,신청자격,사례·경험 탐색,0,,68
수원-개인회생-차상위계층-신청,수원 개인회생 차상위계층 신청,rehab,수원,신청자격,신청 가능 여부,0,,69
수원-개인회생-차상위계층-신청-확인,수원 개인회생 차상위계층 신청 확인,rehab,수원,신청자격,신청 가능 여부,0,,70
수원-개인회생-차상위계층-신청-상담,수원 개인회생 차상위계층 신청 상담,rehab,수원,신청자격,상담·서비스 탐색,0,,71
수원-개인회생-차상위계층-신청-사례,수원 개인회생 차상위계층 신청 사례,rehab,수원,신청자격,사례·경험 탐색,0,,72
수원-개인회생-과거-면책-이력,수원 개인회생 과거 면책 이력,rehab,수원,신청자격,신청 가능 여부,0,,73
수원-개인회생-과거-면책-이력-확인,수원 개인회생 과거 면책 이력 확인,rehab,수원,신청자격,신청 가능 여부,0,,74
수원-개인회생-과거-면책-이력-상담,수원 개인회생 과거 면책 이력 상담,rehab,수원,신청자격,상담·서비스 탐색,0,,75
수원-개인회생-과거-면책-이력-사례,수원 개인회생 과거 면책 이력 사례,rehab,수원,신청자격,사례·경험 탐색,0,,76
수원-개인회생-지급불능-상태,수원 개인회생 지급불능 상태,rehab,수원,신청자격,신청 가능 여부,0,,77
수원-개인회생-지급불능-상태-확인,수원 개인회생 지급불능 상태 확인,rehab,수원,신청자격,신청 가능 여부,0,,78
수원-개인회생-지급불능-상태-상담,수원 개인회생 지급불능 상태 상담,rehab,수원,신청자격,상담·서비스 탐색,0,,79
수원-개인회생-지급불능-상태-사례,수원 개인회생 지급불능 상태 사례,rehab,수원,신청자격,사례·경험 탐색,0,,80
수원-개인회생-월급,수원 개인회생 월급,rehab,수원,소득,소득 반영 방식 확인,0,,81
수원-개인회생-월급-산정-기준,수원 개인회생 월급 산정 기준,rehab,수원,소득,소득 반영 방식 확인,0,,82
수원-개인회생-월급-증빙-방법,수원 개인회생 월급 증빙 방법,rehab,수원,소득,서류·증빙 준비,0,,83
수원-개인회생-월급-변제금-영향,수원 개인회생 월급 변제금 영향,rehab,수원,소득,소득 반영 방식 확인,0,,84
수원-개인회생-상여금,수원 개인회생 상여금,rehab,수원,소득,소득 반영 방식 확인,0,,85
수원-개인회생-상여금-산정-기준,수원 개인회생 상여금 산정 기준,rehab,수원,소득,소득 반영 방식 확인,0,,86
수원-개인회생-상여금-증빙-방법,수원 개인회생 상여금 증빙 방법,rehab,수원,소득,서류·증빙 준비,0,,87
수원-개인회생-상여금-변제금-영향,수원 개인회생 상여금 변제금 영향,rehab,수원,소득,소득 반영 방식 확인,0,,88
수원-개인회생-성과급,수원 개인회생 성과급,rehab,수원,소득,소득 반영 방식 확인,0,,89
수원-개인회생-성과급-산정-기준,수원 개인회생 성과급 산정 기준,rehab,수원,소득,소득 반영 방식 확인,0,,90
수원-개인회생-성과급-증빙-방법,수원 개인회생 성과급 증빙 방법,rehab,수원,소득,서류·증빙 준비,0,,91
수원-개인회생-성과급-변제금-영향,수원 개인회생 성과급 변제금 영향,rehab,수원,소득,소득 반영 방식 확인,0,,92
수원-개인회생-퇴직금,수원 개인회생 퇴직금,rehab,수원,소득,소득 반영 방식 확인,0,,93
수원-개인회생-퇴직금-산정-기준,수원 개인회생 퇴직금 산정 기준,rehab,수원,소득,소득 반영 방식 확인,0,,94
수원-개인회생-퇴직금-증빙-방법,수원 개인회생 퇴직금 증빙 방법,rehab,수원,소득,서류·증빙 준비,0,,95
수원-개인회생-퇴직금-변제금-영향,수원 개인회생 퇴직금 변제금 영향,rehab,수원,소득,소득 반영 방식 확인,0,,96
수원-개인회생-퇴직연금,수원 개인회생 퇴직연금,rehab,수원,소득,소득 반영 방식 확인,0,,97
수원-개인회생-퇴직연금-산정-기준,수원 개인회생 퇴직연금 산정 기준,rehab,수원,소득,소득 반영 방식 확인,0,,98
수원-개인회생-퇴직연금-증빙-방법,수원 개인회생 퇴직연금 증빙 방법,rehab,수원,소득,서류·증빙 준비,0,,99
수원-개인회생-퇴직연금-변제금-영향,수원 개인회생 퇴직연금 변제금 영향,rehab,수원,소득,소득 반영 방식 확인,0,,100
수원-개인회생-국민연금,수원 개인회생 국민연금,rehab,수원,소득,소득 반영 방식 확인,0,,101
수원-개인회생-국민연금-산정-기준,수원 개인회생 국민연금 산정 기준,rehab,수원,소득,소득 반영 방식 확인,0,,102
수원-개인회생-국민연금-증빙-방법,수원 개인회생 국민연금 증빙 방법,rehab,수원,소득,서류·증빙 준비,0,,103
수원-개인회생-국민연금-변제금-영향,수원 개인회생 국민연금 변제금 영향,rehab,수원,소득,소득 반영 방식 확인,0,,104
수원-개인회생-일용근로소득,수원 개인회생 일용근로소득,rehab,수원,소득,소득 반영 방식 확인,0,,105
수원-개인회생-일용근로소득-산정-기준,수원 개인회생 일용근로소득 산정 기준,rehab,수원,소득,소득 반영 방식 확인,0,,106
수원-개인회생-일용근로소득-증빙-방법,수원 개인회생 일용근로소득 증빙 방법,rehab,수원,소득,서류·증빙 준비,0,,107
수원-개인회생-일용근로소득-변제금-영향,수원 개인회생 일용근로소득 변제금 영향,rehab,수원,소득,소득 반영 방식 확인,0,,108
수원-개인회생-사업소득,수원 개인회생 사업소득,rehab,수원,소득,소득 반영 방식 확인,0,,109
수원-개인회생-사업소득-산정-기준,수원 개인회생 사업소득 산정 기준,rehab,수원,소득,소득 반영 방식 확인,0,,110
수원-개인회생-사업소득-증빙-방법,수원 개인회생 사업소득 증빙 방법,rehab,수원,소득,서류·증빙 준비,0,,111
수원-개인회생-사업소득-변제금-영향,수원 개인회생 사업소득 변제금 영향,rehab,수원,소득,소득 반영 방식 확인,0,,112
수원-개인회생-프리랜서-소득,수원 개인회생 프리랜서 소득,rehab,수원,소득,소득 반영 방식 확인,0,,113
수원-개인회생-프리랜서-소득-산정-기준,수원 개인회생 프리랜서 소득 산정 기준,rehab,수원,소득,소득 반영 방식 확인,0,,114
수원-개인회생-프리랜서-소득-증빙-방법,수원 개인회생 프리랜서 소득 증빙 방법,rehab,수원,소득,서류·증빙 준비,0,,115
수원-개인회생-프리랜서-소득-변제금-영향,수원 개인회생 프리랜서 소득 변제금 영향,rehab,수원,소득,소득 반영 방식 확인,0,,116
수원-개인회생-부업소득,수원 개인회생 부업소득,rehab,수원,소득,소득 반영 방식 확인,0,,117
수원-개인회생-부업소득-산정-기준,수원 개인회생 부업소득 산정 기준,rehab,수원,소득,소득 반영 방식 확인,0,,118
수원-개인회생-부업소득-증빙-방법,수원 개인회생 부업소득 증빙 방법,rehab,수원,소득,서류·증빙 준비,0,,119
수원-개인회생-부업소득-변제금-영향,수원 개인회생 부업소득 변제금 영향,rehab,수원,소득,소득 반영 방식 확인,0,,120
수원-개인회생-임대소득,수원 개인회생 임대소득,rehab,수원,소득,소득 반영 방식 확인,0,,121
수원-개인회생-임대소득-산정-기준,수원 개인회생 임대소득 산정 기준,rehab,수원,소득,소득 반영 방식 확인,0,,122
수원-개인회생-임대소득-증빙-방법,수원 개인회생 임대소득 증빙 방법,rehab,수원,소득,서류·증빙 준비,0,,123
수원-개인회생-임대소득-변제금-영향,수원 개인회생 임대소득 변제금 영향,rehab,수원,소득,소득 반영 방식 확인,0,,124
수원-개인회생-현금-급여,수원 개인회생 현금 급여,rehab,수원,소득,소득 반영 방식 확인,0,,125
수원-개인회생-현금-급여-산정-기준,수원 개인회생 현금 급여 산정 기준,rehab,수원,소득,소득 반영 방식 확인,0,,126
수원-개인회생-현금-급여-증빙-방법,수원 개인회생 현금 급여 증빙 방법,rehab,수원,소득,서류·증빙 준비,0,,127
수원-개인회생-현금-급여-변제금-영향,수원 개인회생 현금 급여 변제금 영향,rehab,수원,소득,소득 반영 방식 확인,0,,128
수원-개인회생-급여-실수령액,수원 개인회생 급여 실수령액,rehab,수원,소득,소득 반영 방식 확인,0,,129
수원-개인회생-급여-실수령액-산정-기준,수원 개인회생 급여 실수령액 산정 기준,rehab,수원,소득,소득 반영 방식 확인,0,,130
수원-개인회생-급여-실수령액-증빙-방법,수원 개인회생 급여 실수령액 증빙 방법,rehab,수원,소득,서류·증빙 준비,0,,131
수원-개인회생-급여-실수령액-변제금-영향,수원 개인회생 급여 실수령액 변제금 영향,rehab,수원,소득,소득 반영 방식 확인,0,,132
수원-개인회생-세전-급여,수원 개인회생 세전 급여,rehab,수원,소득,소득 반영 방식 확인,0,,133
수원-개인회생-세전-급여-산정-기준,수원 개인회생 세전 급여 산정 기준,rehab,수원,소득,소득 반영 방식 확인,0,,134
수원-개인회생-세전-급여-증빙-방법,수원 개인회생 세전 급여 증빙 방법,rehab,수원,소득,서류·증빙 준비,0,,135
수원-개인회생-세전-급여-변제금-영향,수원 개인회생 세전 급여 변제금 영향,rehab,수원,소득,소득 반영 방식 확인,0,,136
수원-개인회생-비정기-소득,수원 개인회생 비정기 소득,rehab,수원,소득,소득 반영 방식 확인,0,,137
수원-개인회생-비정기-소득-산정-기준,수원 개인회생 비정기 소득 산정 기준,rehab,수원,소득,소득 반영 방식 확인,0,,138
수원-개인회생-비정기-소득-증빙-방법,수원 개인회생 비정기 소득 증빙 방법,rehab,수원,소득,서류·증빙 준비,0,,139
수원-개인회생-비정기-소득-변제금-영향,수원 개인회생 비정기 소득 변제금 영향,rehab,수원,소득,소득 반영 방식 확인,0,,140
수원-개인회생-수습기간-급여,수원 개인회생 수습기간 급여,rehab,수원,소득,소득 반영 방식 확인,0,,141
수원-개인회생-수습기간-급여-산정-기준,수원 개인회생 수습기간 급여 산정 기준,rehab,수원,소득,소득 반영 방식 확인,0,,142
수원-개인회생-수습기간-급여-증빙-방법,수원 개인회생 수습기간 급여 증빙 방법,rehab,수원,소득,서류·증빙 준비,0,,143
수원-개인회생-수습기간-급여-변제금-영향,수원 개인회생 수습기간 급여 변제금 영향,rehab,수원,소득,소득 반영 방식 확인,0,,144
수원-개인회생-육아휴직-급여,수원 개인회생 육아휴직 급여,rehab,수원,소득,소득 반영 방식 확인,0,,145
수원-개인회생-육아휴직-급여-산정-기준,수원 개인회생 육아휴직 급여 산정 기준,rehab,수원,소득,소득 반영 방식 확인,0,,146
수원-개인회생-육아휴직-급여-증빙-방법,수원 개인회생 육아휴직 급여 증빙 방법,rehab,수원,소득,서류·증빙 준비,0,,147
수원-개인회생-육아휴직-급여-변제금-영향,수원 개인회생 육아휴직 급여 변제금 영향,rehab,수원,소득,소득 반영 방식 확인,0,,148
수원-개인회생-실업급여,수원 개인회생 실업급여,rehab,수원,소득,소득 반영 방식 확인,0,,149
수원-개인회생-실업급여-산정-기준,수원 개인회생 실업급여 산정 기준,rehab,수원,소득,소득 반영 방식 확인,0,,150
수원-개인회생-실업급여-증빙-방법,수원 개인회생 실업급여 증빙 방법,rehab,수원,소득,서류·증빙 준비,0,,151
수원-개인회생-실업급여-변제금-영향,수원 개인회생 실업급여 변제금 영향,rehab,수원,소득,소득 반영 방식 확인,0,,152
수원-개인회생-소득-감소,수원 개인회생 소득 감소,rehab,수원,소득,소득 반영 방식 확인,0,,153
수원-개인회생-소득-감소-산정-기준,수원 개인회생 소득 감소 산정 기준,rehab,수원,소득,소득 반영 방식 확인,0,,154
수원-개인회생-소득-감소-증빙-방법,수원 개인회생 소득 감소 증빙 방법,rehab,수원,소득,서류·증빙 준비,0,,155
수원-개인회생-소득-감소-변제금-영향,수원 개인회생 소득 감소 변제금 영향,rehab,수원,소득,소득 반영 방식 확인,0,,156
수원-개인회생-소득-증가,수원 개인회생 소득 증가,rehab,수원,소득,소득 반영 방식 확인,0,,157
수원-개인회생-소득-증가-산정-기준,수원 개인회생 소득 증가 산정 기준,rehab,수원,소득,소득 반영 방식 확인,0,,158
수원-개인회생-소득-증가-증빙-방법,수원 개인회생 소득 증가 증빙 방법,rehab,수원,소득,서류·증빙 준비,0,,159
수원-개인회생-소득-증가-변제금-영향,수원 개인회생 소득 증가 변제금 영향,rehab,수원,소득,소득 반영 방식 확인,0,,160
수원-개인회생-신용대출,수원 개인회생 신용대출,rehab,수원,채무,채무 포함 여부 확인,0,,161
수원-개인회생-신용대출-포함-여부,수원 개인회생 신용대출 포함 여부,rehab,수원,채무,채무 포함 여부 확인,0,,162
수원-개인회생-신용대출-처리-방법,수원 개인회생 신용대출 처리 방법,rehab,수원,채무,방법·절차 확인,0,,163
수원-개인회생-신용대출-상담,수원 개인회생 신용대출 상담,rehab,수원,채무,상담·서비스 탐색,0,,164
수원-개인회생-카드론,수원 개인회생 카드론,rehab,수원,채무,채무 포함 여부 확인,0,,165
수원-개인회생-카드론-포함-여부,수원 개인회생 카드론 포함 여부,rehab,수원,채무,채무 포함 여부 확인,0,,166
수원-개인회생-카드론-처리-방법,수원 개인회생 카드론 처리 방법,rehab,수원,채무,방법·절차 확인,0,,167
수원-개인회생-카드론-상담,수원 개인회생 카드론 상담,rehab,수원,채무,상담·서비스 탐색,0,,168
수원-개인회생-현금서비스,수원 개인회생 현금서비스,rehab,수원,채무,채무 포함 여부 확인,0,,169
수원-개인회생-현금서비스-포함-여부,수원 개인회생 현금서비스 포함 여부,rehab,수원,채무,채무 포함 여부 확인,0,,170
수원-개인회생-현금서비스-처리-방법,수원 개인회생 현금서비스 처리 방법,rehab,수원,채무,방법·절차 확인,0,,171
수원-개인회생-현금서비스-상담,수원 개인회생 현금서비스 상담,rehab,수원,채무,상담·서비스 탐색,0,,172
수원-개인회생-카드대금,수원 개인회생 카드대금,rehab,수원,채무,채무 포함 여부 확인,0,,173
수원-개인회생-카드대금-포함-여부,수원 개인회생 카드대금 포함 여부,rehab,수원,채무,채무 포함 여부 확인,0,,174
수원-개인회생-카드대금-처리-방법,수원 개인회생 카드대금 처리 방법,rehab,수원,채무,방법·절차 확인,0,,175
수원-개인회생-카드대금-상담,수원 개인회생 카드대금 상담,rehab,수원,채무,상담·서비스 탐색,0,,176
수원-개인회생-리볼빙,수원 개인회생 리볼빙,rehab,수원,채무,채무 포함 여부 확인,0,,177
수원-개인회생-리볼빙-포함-여부,수원 개인회생 리볼빙 포함 여부,rehab,수원,채무,채무 포함 여부 확인,0,,178
수원-개인회생-리볼빙-처리-방법,수원 개인회생 리볼빙 처리 방법,rehab,수원,채무,방법·절차 확인,0,,179
수원-개인회생-리볼빙-상담,수원 개인회생 리볼빙 상담,rehab,수원,채무,상담·서비스 탐색,0,,180
수원-개인회생-대부업-대출,수원 개인회생 대부업 대출,rehab,수원,채무,채무 포함 여부 확인,0,,181
수원-개인회생-대부업-대출-포함-여부,수원 개인회생 대부업 대출 포함 여부,rehab,수원,채무,채무 포함 여부 확인,0,,182
수원-개인회생-대부업-대출-처리-방법,수원 개인회생 대부업 대출 처리 방법,rehab,수원,채무,방법·절차 확인,0,,183
수원-개인회생-대부업-대출-상담,수원 개인회생 대부업 대출 상담,rehab,수원,채무,상담·서비스 탐색,0,,184
수원-개인회생-저축은행-대출,수원 개인회생 저축은행 대출,rehab,수원,채무,채무 포함 여부 확인,0,,185
수원-개인회생-저축은행-대출-포함-여부,수원 개인회생 저축은행 대출 포함 여부,rehab,수원,채무,채무 포함 여부 확인,0,,186
수원-개인회생-저축은행-대출-처리-방법,수원 개인회생 저축은행 대출 처리 방법,rehab,수원,채무,방법·절차 확인,0,,187
수원-개인회생-저축은행-대출-상담,수원 개인회생 저축은행 대출 상담,rehab,수원,채무,상담·서비스 탐색,0,,188
수원-개인회생-인터넷은행-대출,수원 개인회생 인터넷은행 대출,rehab,수원,채무,채무 포함 여부 확인,0,,189
수원-개인회생-인터넷은행-대출-포함-여부,수원 개인회생 인터넷은행 대출 포함 여부,rehab,수원,채무,채무 포함 여부 확인,0,,190
수원-개인회생-인터넷은행-대출-처리-방법,수원 개인회생 인터넷은행 대출 처리 방법,rehab,수원,채무,방법·절차 확인,0,,191
수원-개인회생-인터넷은행-대출-상담,수원 개인회생 인터넷은행 대출 상담,rehab,수원,채무,상담·서비스 탐색,0,,192
수원-개인회생-학자금대출,수원 개인회생 학자금대출,rehab,수원,채무,채무 포함 여부 확인,0,,193
수원-개인회생-학자금대출-포함-여부,수원 개인회생 학자금대출 포함 여부,rehab,수원,채무,채무 포함 여부 확인,0,,194
수원-개인회생-학자금대출-처리-방법,수원 개인회생 학자금대출 처리 방법,rehab,수원,채무,방법·절차 확인,0,,195
수원-개인회생-학자금대출-상담,수원 개인회생 학자금대출 상담,rehab,수원,채무,상담·서비스 탐색,0,,196
수원-개인회생-보증채무,수원 개인회생 보증채무,rehab,수원,채무,채무 포함 여부 확인,0,,197
수원-개인회생-보증채무-포함-여부,수원 개인회생 보증채무 포함 여부,rehab,수원,채무,채무 포함 여부 확인,0,,198
수원-개인회생-보증채무-처리-방법,수원 개인회생 보증채무 처리 방법,rehab,수원,채무,방법·절차 확인,0,,199
수원-개인회생-보증채무-상담,수원 개인회생 보증채무 상담,rehab,수원,채무,상담·서비스 탐색,0,,200
수원-개인회생-연대보증,수원 개인회생 연대보증,rehab,수원,채무,채무 포함 여부 확인,0,,201
수원-개인회생-연대보증-포함-여부,수원 개인회생 연대보증 포함 여부,rehab,수원,채무,채무 포함 여부 확인,0,,202
수원-개인회생-연대보증-처리-방법,수원 개인회생 연대보증 처리 방법,rehab,수원,채무,방법·절차 확인,0,,203
수원-개인회생-연대보증-상담,수원 개인회생 연대보증 상담,rehab,수원,채무,상담·서비스 탐색,0,,204
수원-개인회생-개인-간-차용금,수원 개인회생 개인 간 차용금,rehab,수원,채무,채무 포함 여부 확인,0,,205
수원-개인회생-개인-간-차용금-포함-여부,수원 개인회생 개인 간 차용금 포함 여부,rehab,수원,채무,채무 포함 여부 확인,0,,206
수원-개인회생-개인-간-차용금-처리-방법,수원 개인회생 개인 간 차용금 처리 방법,rehab,수원,채무,방법·절차 확인,0,,207
수원-개인회생-개인-간-차용금-상담,수원 개인회생 개인 간 차용금 상담,rehab,수원,채무,상담·서비스 탐색,0,,208
수원-개인회생-가족에게-빌린-돈,수원 개인회생 가족에게 빌린 돈,rehab,수원,채무,채무 포함 여부 확인,0,,209
수원-개인회생-가족에게-빌린-돈-포함-여부,수원 개인회생 가족에게 빌린 돈 포함 여부,rehab,수원,채무,채무 포함 여부 확인,0,,210
수원-개인회생-가족에게-빌린-돈-처리-방법,수원 개인회생 가족에게 빌린 돈 처리 방법,rehab,수원,채무,방법·절차 확인,0,,211
수원-개인회생-가족에게-빌린-돈-상담,수원 개인회생 가족에게 빌린 돈 상담,rehab,수원,채무,상담·서비스 탐색,0,,212
수원-개인회생-사업자대출,수원 개인회생 사업자대출,rehab,수원,채무,채무 포함 여부 확인,0,,213
수원-개인회생-사업자대출-포함-여부,수원 개인회생 사업자대출 포함 여부,rehab,수원,채무,채무 포함 여부 확인,0,,214
수원-개인회생-사업자대출-처리-방법,수원 개인회생 사업자대출 처리 방법,rehab,수원,채무,방법·절차 확인,0,,215
수원-개인회생-사업자대출-상담,수원 개인회생 사업자대출 상담,rehab,수원,채무,상담·서비스 탐색,0,,216
수원-개인회생-통신요금-미납,수원 개인회생 통신요금 미납,rehab,수원,채무,채무 포함 여부 확인,0,,217
수원-개인회생-통신요금-미납-포함-여부,수원 개인회생 통신요금 미납 포함 여부,rehab,수원,채무,채무 포함 여부 확인,0,,218
수원-개인회생-통신요금-미납-처리-방법,수원 개인회생 통신요금 미납 처리 방법,rehab,수원,채무,방법·절차 확인,0,,219
수원-개인회생-통신요금-미납-상담,수원 개인회생 통신요금 미납 상담,rehab,수원,채무,상담·서비스 탐색,0,,220
수원-개인회생-렌탈료-미납,수원 개인회생 렌탈료 미납,rehab,수원,채무,채무 포함 여부 확인,0,,221
수원-개인회생-렌탈료-미납-포함-여부,수원 개인회생 렌탈료 미납 포함 여부,rehab,수원,채무,채무 포함 여부 확인,0,,222
수원-개인회생-렌탈료-미납-처리-방법,수원 개인회생 렌탈료 미납 처리 방법,rehab,수원,채무,방법·절차 확인,0,,223
수원-개인회생-렌탈료-미납-상담,수원 개인회생 렌탈료 미납 상담,rehab,수원,채무,상담·서비스 탐색,0,,224
수원-개인회생-세금-체납,수원 개인회생 세금 체납,rehab,수원,채무,채무 포함 여부 확인,0,,225
수원-개인회생-세금-체납-포함-여부,수원 개인회생 세금 체납 포함 여부,rehab,수원,채무,채무 포함 여부 확인,0,,226
수원-개인회생-세금-체납-처리-방법,수원 개인회생 세금 체납 처리 방법,rehab,수원,채무,방법·절차 확인,0,,227
수원-개인회생-세금-체납-상담,수원 개인회생 세금 체납 상담,rehab,수원,채무,상담·서비스 탐색,0,,228
수원-개인회생-건강보험료-체납,수원 개인회생 건강보험료 체납,rehab,수원,채무,채무 포함 여부 확인,0,,229
수원-개인회생-건강보험료-체납-포함-여부,수원 개인회생 건강보험료 체납 포함 여부,rehab,수원,채무,채무 포함 여부 확인,0,,230
수원-개인회생-건강보험료-체납-처리-방법,수원 개인회생 건강보험료 체납 처리 방법,rehab,수원,채무,방법·절차 확인,0,,231
수원-개인회생-건강보험료-체납-상담,수원 개인회생 건강보험료 체납 상담,rehab,수원,채무,상담·서비스 탐색,0,,232
수원-개인회생-손해배상채무,수원 개인회생 손해배상채무,rehab,수원,채무,채무 포함 여부 확인,0,,233
수원-개인회생-손해배상채무-포함-여부,수원 개인회생 손해배상채무 포함 여부,rehab,수원,채무,채무 포함 여부 확인,0,,234
수원-개인회생-손해배상채무-처리-방법,수원 개인회생 손해배상채무 처리 방법,rehab,수원,채무,방법·절차 확인,0,,235
수원-개인회생-손해배상채무-상담,수원 개인회생 손해배상채무 상담,rehab,수원,채무,상담·서비스 탐색,0,,236
수원-개인회생-양육비-채무,수원 개인회생 양육비 채무,rehab,수원,채무,채무 포함 여부 확인,0,,237
수원-개인회생-양육비-채무-포함-여부,수원 개인회생 양육비 채무 포함 여부,rehab,수원,채무,채무 포함 여부 확인,0,,238
수원-개인회생-양육비-채무-처리-방법,수원 개인회생 양육비 채무 처리 방법,rehab,수원,채무,방법·절차 확인,0,,239
수원-개인회생-양육비-채무-상담,수원 개인회생 양육비 채무 상담,rehab,수원,채무,상담·서비스 탐색,0,,240
수원-개인회생-자가주택,수원 개인회생 자가주택,rehab,수원,재산,재산 평가 및 유지 확인,0,,241
수원-개인회생-자가주택-평가-기준,수원 개인회생 자가주택 평가 기준,rehab,수원,재산,재산 평가 및 유지 확인,0,,242
수원-개인회생-자가주택-신고-방법,수원 개인회생 자가주택 신고 방법,rehab,수원,재산,방법·절차 확인,0,,243
수원-개인회생-자가주택-청산가치-반영,수원 개인회생 자가주택 청산가치 반영,rehab,수원,재산,재산 평가 및 유지 확인,0,,244
수원-개인회생-전세보증금,수원 개인회생 전세보증금,rehab,수원,재산,재산 평가 및 유지 확인,0,,245
수원-개인회생-전세보증금-평가-기준,수원 개인회생 전세보증금 평가 기준,rehab,수원,재산,재산 평가 및 유지 확인,0,,246
수원-개인회생-전세보증금-신고-방법,수원 개인회생 전세보증금 신고 방법,rehab,수원,재산,방법·절차 확인,0,,247
수원-개인회생-전세보증금-청산가치-반영,수원 개인회생 전세보증금 청산가치 반영,rehab,수원,재산,재산 평가 및 유지 확인,0,,248
수원-개인회생-월세보증금,수원 개인회생 월세보증금,rehab,수원,재산,재산 평가 및 유지 확인,0,,249
수원-개인회생-월세보증금-평가-기준,수원 개인회생 월세보증금 평가 기준,rehab,수원,재산,재산 평가 및 유지 확인,0,,250
수원-개인회생-월세보증금-신고-방법,수원 개인회생 월세보증금 신고 방법,rehab,수원,재산,방법·절차 확인,0,,251
수원-개인회생-월세보증금-청산가치-반영,수원 개인회생 월세보증금 청산가치 반영,rehab,수원,재산,재산 평가 및 유지 확인,0,,252
수원-개인회생-자동차,수원 개인회생 자동차,rehab,수원,재산,재산 평가 및 유지 확인,0,,253
수원-개인회생-자동차-평가-기준,수원 개인회생 자동차 평가 기준,rehab,수원,재산,재산 평가 및 유지 확인,0,,254
수원-개인회생-자동차-신고-방법,수원 개인회생 자동차 신고 방법,rehab,수원,재산,방법·절차 확인,0,,255
수원-개인회생-자동차-청산가치-반영,수원 개인회생 자동차 청산가치 반영,rehab,수원,재산,재산 평가 및 유지 확인,0,,256
수원-개인회생-배우자-재산,수원 개인회생 배우자 재산,rehab,수원,재산,재산 평가 및 유지 확인,0,,257
수원-개인회생-배우자-재산-평가-기준,수원 개인회생 배우자 재산 평가 기준,rehab,수원,재산,재산 평가 및 유지 확인,0,,258
수원-개인회생-배우자-재산-신고-방법,수원 개인회생 배우자 재산 신고 방법,rehab,수원,재산,방법·절차 확인,0,,259
수원-개인회생-배우자-재산-청산가치-반영,수원 개인회생 배우자 재산 청산가치 반영,rehab,수원,재산,재산 평가 및 유지 확인,0,,260
수원-개인회생-공동명의-부동산,수원 개인회생 공동명의 부동산,rehab,수원,재산,재산 평가 및 유지 확인,0,,261
수원-개인회생-공동명의-부동산-평가-기준,수원 개인회생 공동명의 부동산 평가 기준,rehab,수원,재산,재산 평가 및 유지 확인,0,,262
수원-개인회생-공동명의-부동산-신고-방법,수원 개인회생 공동명의 부동산 신고 방법,rehab,수원,재산,방법·절차 확인,0,,263
수원-개인회생-공동명의-부동산-청산가치-반영,수원 개인회생 공동명의 부동산 청산가치 반영,rehab,수원,재산,재산 평가 및 유지 확인,0,,264
수원-개인회생-상속재산,수원 개인회생 상속재산,rehab,수원,재산,재산 평가 및 유지 확인,0,,265
수원-개인회생-상속재산-평가-기준,수원 개인회생 상속재산 평가 기준,rehab,수원,재산,재산 평가 및 유지 확인,0,,266
수원-개인회생-상속재산-신고-방법,수원 개인회생 상속재산 신고 방법,rehab,수원,재산,방법·절차 확인,0,,267
수원-개인회생-상속재산-청산가치-반영,수원 개인회생 상속재산 청산가치 반영,rehab,수원,재산,재산 평가 및 유지 확인,0,,268
수원-개인회생-증여재산,수원 개인회생 증여재산,rehab,수원,재산,재산 평가 및 유지 확인,0,,269
수원-개인회생-증여재산-평가-기준,수원 개인회생 증여재산 평가 기준,rehab,수원,재산,재산 평가 및 유지 확인,0,,270
수원-개인회생-증여재산-신고-방법,수원 개인회생 증여재산 신고 방법,rehab,수원,재산,방법·절차 확인,0,,271
수원-개인회생-증여재산-청산가치-반영,수원 개인회생 증여재산 청산가치 반영,rehab,수원,재산,재산 평가 및 유지 확인,0,,272
수원-개인회생-보험-해약환급금,수원 개인회생 보험 해약환급금,rehab,수원,재산,재산 평가 및 유지 확인,0,,273
수원-개인회생-보험-해약환급금-평가-기준,수원 개인회생 보험 해약환급금 평가 기준,rehab,수원,재산,재산 평가 및 유지 확인,0,,274
수원-개인회생-보험-해약환급금-신고-방법,수원 개인회생 보험 해약환급금 신고 방법,rehab,수원,재산,방법·절차 확인,0,,275
수원-개인회생-보험-해약환급금-청산가치-반영,수원 개인회생 보험 해약환급금 청산가치 반영,rehab,수원,재산,재산 평가 및 유지 확인,0,,276
수원-개인회생-예금-잔액,수원 개인회생 예금 잔액,rehab,수원,재산,재산 평가 및 유지 확인,0,,277
수원-개인회생-예금-잔액-평가-기준,수원 개인회생 예금 잔액 평가 기준,rehab,수원,재산,재산 평가 및 유지 확인,0,,278
수원-개인회생-예금-잔액-신고-방법,수원 개인회생 예금 잔액 신고 방법,rehab,수원,재산,방법·절차 확인,0,,279
수원-개인회생-예금-잔액-청산가치-반영,수원 개인회생 예금 잔액 청산가치 반영,rehab,수원,재산,재산 평가 및 유지 확인,0,,280
수원-개인회생-적금,수원 개인회생 적금,rehab,수원,재산,재산 평가 및 유지 확인,0,,281
수원-개인회생-적금-평가-기준,수원 개인회생 적금 평가 기준,rehab,수원,재산,재산 평가 및 유지 확인,0,,282
수원-개인회생-적금-신고-방법,수원 개인회생 적금 신고 방법,rehab,수원,재산,방법·절차 확인,0,,283
수원-개인회생-적금-청산가치-반영,수원 개인회생 적금 청산가치 반영,rehab,수원,재산,재산 평가 및 유지 확인,0,,284
수원-개인회생-주식-보유액,수원 개인회생 주식 보유액,rehab,수원,재산,재산 평가 및 유지 확인,0,,285
수원-개인회생-주식-보유액-평가-기준,수원 개인회생 주식 보유액 평가 기준,rehab,수원,재산,재산 평가 및 유지 확인,0,,286
수원-개인회생-주식-보유액-신고-방법,수원 개인회생 주식 보유액 신고 방법,rehab,수원,재산,방법·절차 확인,0,,287
수원-개인회생-주식-보유액-청산가치-반영,수원 개인회생 주식 보유액 청산가치 반영,rehab,수원,재산,재산 평가 및 유지 확인,0,,288
수원-개인회생-가상자산-보유액,수원 개인회생 가상자산 보유액,rehab,수원,재산,재산 평가 및 유지 확인,0,,289
수원-개인회생-가상자산-보유액-평가-기준,수원 개인회생 가상자산 보유액 평가 기준,rehab,수원,재산,재산 평가 및 유지 확인,0,,290
수원-개인회생-가상자산-보유액-신고-방법,수원 개인회생 가상자산 보유액 신고 방법,rehab,수원,재산,방법·절차 확인,0,,291
수원-개인회생-가상자산-보유액-청산가치-반영,수원 개인회생 가상자산 보유액 청산가치 반영,rehab,수원,재산,재산 평가 및 유지 확인,0,,292
수원-개인회생-퇴직금-예상액,수원 개인회생 퇴직금 예상액,rehab,수원,재산,재산 평가 및 유지 확인,0,,293
수원-개인회생-퇴직금-예상액-평가-기준,수원 개인회생 퇴직금 예상액 평가 기준,rehab,수원,재산,재산 평가 및 유지 확인,0,,294
수원-개인회생-퇴직금-예상액-신고-방법,수원 개인회생 퇴직금 예상액 신고 방법,rehab,수원,재산,방법·절차 확인,0,,295
수원-개인회생-퇴직금-예상액-청산가치-반영,수원 개인회생 퇴직금 예상액 청산가치 반영,rehab,수원,재산,재산 평가 및 유지 확인,0,,296
수원-개인회생-사업장-보증금,수원 개인회생 사업장 보증금,rehab,수원,재산,재산 평가 및 유지 확인,0,,297
수원-개인회생-사업장-보증금-평가-기준,수원 개인회생 사업장 보증금 평가 기준,rehab,수원,재산,재산 평가 및 유지 확인,0,,298
수원-개인회생-사업장-보증금-신고-방법,수원 개인회생 사업장 보증금 신고 방법,rehab,수원,재산,방법·절차 확인,0,,299
수원-개인회생-사업장-보증금-청산가치-반영,수원 개인회생 사업장 보증금 청산가치 반영,rehab,수원,재산,재산 평가 및 유지 확인,0,,300
수원-개인회생-임대차보증금-반환채권,수원 개인회생 임대차보증금 반환채권,rehab,수원,재산,재산 평가 및 유지 확인,0,,301
수원-개인회생-임대차보증금-반환채권-평가-기준,수원 개인회생 임대차보증금 반환채권 평가 기준,rehab,수원,재산,재산 평가 및 유지 확인,0,,302
수원-개인회생-임대차보증금-반환채권-신고-방법,수원 개인회생 임대차보증금 반환채권 신고 방법,rehab,수원,재산,방법·절차 확인,0,,303
수원-개인회생-임대차보증금-반환채권-청산가치-반영,수원 개인회생 임대차보증금 반환채권 청산가치 반영,rehab,수원,재산,재산 평가 및 유지 확인,0,,304
수원-개인회생-부동산-지분,수원 개인회생 부동산 지분,rehab,수원,재산,재산 평가 및 유지 확인,0,,305
수원-개인회생-부동산-지분-평가-기준,수원 개인회생 부동산 지분 평가 기준,rehab,수원,재산,재산 평가 및 유지 확인,0,,306
수원-개인회생-부동산-지분-신고-방법,수원 개인회생 부동산 지분 신고 방법,rehab,수원,재산,방법·절차 확인,0,,307
수원-개인회생-부동산-지분-청산가치-반영,수원 개인회생 부동산 지분 청산가치 반영,rehab,수원,재산,재산 평가 및 유지 확인,0,,308
수원-개인회생-토지,수원 개인회생 토지,rehab,수원,재산,재산 평가 및 유지 확인,0,,309
수원-개인회생-토지-평가-기준,수원 개인회생 토지 평가 기준,rehab,수원,재산,재산 평가 및 유지 확인,0,,310
수원-개인회생-토지-신고-방법,수원 개인회생 토지 신고 방법,rehab,수원,재산,방법·절차 확인,0,,311
수원-개인회생-토지-청산가치-반영,수원 개인회생 토지 청산가치 반영,rehab,수원,재산,재산 평가 및 유지 확인,0,,312
수원-개인회생-경매-진행-부동산,수원 개인회생 경매 진행 부동산,rehab,수원,재산,재산 평가 및 유지 확인,0,,313
수원-개인회생-경매-진행-부동산-평가-기준,수원 개인회생 경매 진행 부동산 평가 기준,rehab,수원,재산,재산 평가 및 유지 확인,0,,314
수원-개인회생-경매-진행-부동산-신고-방법,수원 개인회생 경매 진행 부동산 신고 방법,rehab,수원,재산,방법·절차 확인,0,,315
수원-개인회생-경매-진행-부동산-청산가치-반영,수원 개인회생 경매 진행 부동산 청산가치 반영,rehab,수원,재산,재산 평가 및 유지 확인,0,,316
수원-개인회생-압류된-재산,수원 개인회생 압류된 재산,rehab,수원,재산,재산 평가 및 유지 확인,0,,317
수원-개인회생-압류된-재산-평가-기준,수원 개인회생 압류된 재산 평가 기준,rehab,수원,재산,재산 평가 및 유지 확인,0,,318
수원-개인회생-압류된-재산-신고-방법,수원 개인회생 압류된 재산 신고 방법,rehab,수원,재산,방법·절차 확인,0,,319
수원-개인회생-압류된-재산-청산가치-반영,수원 개인회생 압류된 재산 청산가치 반영,rehab,수원,재산,재산 평가 및 유지 확인,0,,320
수원-개인회생-월변제금-계산,수원 개인회생 월변제금 계산,rehab,수원,변제금,변제금 산정 및 납부 확인,0,,321
수원-개인회생-월변제금-계산-방법,수원 개인회생 월변제금 계산 방법,rehab,수원,변제금,방법·절차 확인,0,,322
수원-개인회생-월변제금-계산-상담,수원 개인회생 월변제금 계산 상담,rehab,수원,변제금,상담·서비스 탐색,0,,323
수원-개인회생-월변제금-계산-사례,수원 개인회생 월변제금 계산 사례,rehab,수원,변제금,사례·경험 탐색,0,,324
수원-개인회생-예상변제금-산정,수원 개인회생 예상변제금 산정,rehab,수원,변제금,변제금 산정 및 납부 확인,0,,325
수원-개인회생-예상변제금-산정-방법,수원 개인회생 예상변제금 산정 방법,rehab,수원,변제금,방법·절차 확인,0,,326
수원-개인회생-예상변제금-산정-상담,수원 개인회생 예상변제금 산정 상담,rehab,수원,변제금,상담·서비스 탐색,0,,327
수원-개인회생-예상변제금-산정-사례,수원 개인회생 예상변제금 산정 사례,rehab,수원,변제금,사례·경험 탐색,0,,328
수원-개인회생-변제율-계산,수원 개인회생 변제율 계산,rehab,수원,변제금,변제금 산정 및 납부 확인,0,,329
수원-개인회생-변제율-계산-방법,수원 개인회생 변제율 계산 방법,rehab,수원,변제금,방법·절차 확인,0,,330
수원-개인회생-변제율-계산-상담,수원 개인회생 변제율 계산 상담,rehab,수원,변제금,상담·서비스 탐색,0,,331
수원-개인회생-변제율-계산-사례,수원 개인회생 변제율 계산 사례,rehab,수원,변제금,사례·경험 탐색,0,,332
수원-개인회생-가용소득-산정,수원 개인회생 가용소득 산정,rehab,수원,변제금,변제금 산정 및 납부 확인,0,,333
수원-개인회생-가용소득-산정-방법,수원 개인회생 가용소득 산정 방법,rehab,수원,변제금,방법·절차 확인,0,,334
수원-개인회생-가용소득-산정-상담,수원 개인회생 가용소득 산정 상담,rehab,수원,변제금,상담·서비스 탐색,0,,335
수원-개인회생-가용소득-산정-사례,수원 개인회생 가용소득 산정 사례,rehab,수원,변제금,사례·경험 탐색,0,,336
수원-개인회생-청산가치-보장,수원 개인회생 청산가치 보장,rehab,수원,변제금,변제금 산정 및 납부 확인,0,,337
수원-개인회생-청산가치-보장-방법,수원 개인회생 청산가치 보장 방법,rehab,수원,변제금,방법·절차 확인,0,,338
수원-개인회생-청산가치-보장-상담,수원 개인회생 청산가치 보장 상담,rehab,수원,변제금,상담·서비스 탐색,0,,339
수원-개인회생-청산가치-보장-사례,수원 개인회생 청산가치 보장 사례,rehab,수원,변제금,사례·경험 탐색,0,,340
수원-개인회생-변제금-감액,수원 개인회생 변제금 감액,rehab,수원,변제금,변제금 산정 및 납부 확인,0,,341
수원-개인회생-변제금-감액-방법,수원 개인회생 변제금 감액 방법,rehab,수원,변제금,방법·절차 확인,0,,342
수원-개인회생-변제금-감액-상담,수원 개인회생 변제금 감액 상담,rehab,수원,변제금,상담·서비스 탐색,0,,343
수원-개인회생-변제금-감액-사례,수원 개인회생 변제금 감액 사례,rehab,수원,변제금,사례·경험 탐색,0,,344
수원-개인회생-변제금-증액,수원 개인회생 변제금 증액,rehab,수원,변제금,변제금 산정 및 납부 확인,0,,345
수원-개인회생-변제금-증액-방법,수원 개인회생 변제금 증액 방법,rehab,수원,변제금,방법·절차 확인,0,,346
수원-개인회생-변제금-증액-상담,수원 개인회생 변제금 증액 상담,rehab,수원,변제금,상담·서비스 탐색,0,,347
수원-개인회생-변제금-증액-사례,수원 개인회생 변제금 증액 사례,rehab,수원,변제금,사례·경험 탐색,0,,348
수원-개인회생-변제금-미납,수원 개인회생 변제금 미납,rehab,수원,변제금,변제금 산정 및 납부 확인,0,,349
수원-개인회생-변제금-미납-방법,수원 개인회생 변제금 미납 방법,rehab,수원,변제금,방법·절차 확인,0,,350
수원-개인회생-변제금-미납-상담,수원 개인회생 변제금 미납 상담,rehab,수원,변제금,상담·서비스 탐색,0,,351
수원-개인회생-변제금-미납-사례,수원 개인회생 변제금 미납 사례,rehab,수원,변제금,사례·경험 탐색,0,,352
수원-개인회생-변제금-연체,수원 개인회생 변제금 연체,rehab,수원,변제금,변제금 산정 및 납부 확인,0,,353
수원-개인회생-변제금-연체-방법,수원 개인회생 변제금 연체 방법,rehab,수원,변제금,방법·절차 확인,0,,354
수원-개인회생-변제금-연체-상담,수원 개인회생 변제금 연체 상담,rehab,수원,변제금,상담·서비스 탐색,0,,355
수원-개인회생-변제금-연체-사례,수원 개인회생 변제금 연체 사례,rehab,수원,변제금,사례·경험 탐색,0,,356
수원-개인회생-변제금-납부,수원 개인회생 변제금 납부,rehab,수원,변제금,변제금 산정 및 납부 확인,0,,357
수원-개인회생-변제금-납부-방법,수원 개인회생 변제금 납부 방법,rehab,수원,변제금,방법·절차 확인,0,,358
수원-개인회생-변제금-납부-상담,수원 개인회생 변제금 납부 상담,rehab,수원,변제금,상담·서비스 탐색,0,,359
수원-개인회생-변제금-납부-사례,수원 개인회생 변제금 납부 사례,rehab,수원,변제금,사례·경험 탐색,0,,360
수원-개인회생-변제금-선납,수원 개인회생 변제금 선납,rehab,수원,변제금,변제금 산정 및 납부 확인,0,,361
수원-개인회생-변제금-선납-방법,수원 개인회생 변제금 선납 방법,rehab,수원,변제금,방법·절차 확인,0,,362
수원-개인회생-변제금-선납-상담,수원 개인회생 변제금 선납 상담,rehab,수원,변제금,상담·서비스 탐색,0,,363
수원-개인회생-변제금-선납-사례,수원 개인회생 변제금 선납 사례,rehab,수원,변제금,사례·경험 탐색,0,,364
수원-개인회생-변제금-일시납,수원 개인회생 변제금 일시납,rehab,수원,변제금,변제금 산정 및 납부 확인,0,,365
수원-개인회생-변제금-일시납-방법,수원 개인회생 변제금 일시납 방법,rehab,수원,변제금,방법·절차 확인,0,,366
수원-개인회생-변제금-일시납-상담,수원 개인회생 변제금 일시납 상담,rehab,수원,변제금,상담·서비스 탐색,0,,367
수원-개인회생-변제금-일시납-사례,수원 개인회생 변제금 일시납 사례,rehab,수원,변제금,사례·경험 탐색,0,,368
수원-개인회생-변제계획-변경,수원 개인회생 변제계획 변경,rehab,수원,변제금,변제금 산정 및 납부 확인,0,,369
수원-개인회생-변제계획-변경-방법,수원 개인회생 변제계획 변경 방법,rehab,수원,변제금,방법·절차 확인,0,,370
수원-개인회생-변제계획-변경-상담,수원 개인회생 변제계획 변경 상담,rehab,수원,변제금,상담·서비스 탐색,0,,371
수원-개인회생-변제계획-변경-사례,수원 개인회생 변제계획 변경 사례,rehab,수원,변제금,사례·경험 탐색,0,,372
수원-개인회생-변제기간-단축,수원 개인회생 변제기간 단축,rehab,수원,변제금,변제금 산정 및 납부 확인,0,,373
수원-개인회생-변제기간-단축-방법,수원 개인회생 변제기간 단축 방법,rehab,수원,변제금,방법·절차 확인,0,,374
수원-개인회생-변제기간-단축-상담,수원 개인회생 변제기간 단축 상담,rehab,수원,변제금,상담·서비스 탐색,0,,375
수원-개인회생-변제기간-단축-사례,수원 개인회생 변제기간 단축 사례,rehab,수원,변제금,사례·경험 탐색,0,,376
수원-개인회생-변제기간-연장,수원 개인회생 변제기간 연장,rehab,수원,변제금,변제금 산정 및 납부 확인,0,,377
수원-개인회생-변제기간-연장-방법,수원 개인회생 변제기간 연장 방법,rehab,수원,변제금,방법·절차 확인,0,,378
수원-개인회생-변제기간-연장-상담,수원 개인회생 변제기간 연장 상담,rehab,수원,변제금,상담·서비스 탐색,0,,379
수원-개인회생-변제기간-연장-사례,수원 개인회생 변제기간 연장 사례,rehab,수원,변제금,사례·경험 탐색,0,,380
수원-개인회생-첫-변제금-납부,수원 개인회생 첫 변제금 납부,rehab,수원,변제금,변제금 산정 및 납부 확인,0,,381
수원-개인회생-첫-변제금-납부-방법,수원 개인회생 첫 변제금 납부 방법,rehab,수원,변제금,방법·절차 확인,0,,382
수원-개인회생-첫-변제금-납부-상담,수원 개인회생 첫 변제금 납부 상담,rehab,수원,변제금,상담·서비스 탐색,0,,383
수원-개인회생-첫-변제금-납부-사례,수원 개인회생 첫 변제금 납부 사례,rehab,수원,변제금,사례·경험 탐색,0,,384
수원-개인회생-인가-전-변제금-적립,수원 개인회생 인가 전 변제금 적립,rehab,수원,변제금,변제금 산정 및 납부 확인,0,,385
수원-개인회생-인가-전-변제금-적립-방법,수원 개인회생 인가 전 변제금 적립 방법,rehab,수원,변제금,방법·절차 확인,0,,386
수원-개인회생-인가-전-변제금-적립-상담,수원 개인회생 인가 전 변제금 적립 상담,rehab,수원,변제금,상담·서비스 탐색,0,,387
수원-개인회생-인가-전-변제금-적립-사례,수원 개인회생 인가 전 변제금 적립 사례,rehab,수원,변제금,사례·경험 탐색,0,,388
수원-개인회생-미납금-분할납부,수원 개인회생 미납금 분할납부,rehab,수원,변제금,변제금 산정 및 납부 확인,0,,389
수원-개인회생-미납금-분할납부-방법,수원 개인회생 미납금 분할납부 방법,rehab,수원,변제금,방법·절차 확인,0,,390
수원-개인회생-미납금-분할납부-상담,수원 개인회생 미납금 분할납부 상담,rehab,수원,변제금,상담·서비스 탐색,0,,391
수원-개인회생-미납금-분할납부-사례,수원 개인회생 미납금 분할납부 사례,rehab,수원,변제금,사례·경험 탐색,0,,392
수원-개인회생-변제금-납부계좌-변경,수원 개인회생 변제금 납부계좌 변경,rehab,수원,변제금,변제금 산정 및 납부 확인,0,,393
수원-개인회생-변제금-납부계좌-변경-방법,수원 개인회생 변제금 납부계좌 변경 방법,rehab,수원,변제금,방법·절차 확인,0,,394
수원-개인회생-변제금-납부계좌-변경-상담,수원 개인회생 변제금 납부계좌 변경 상담,rehab,수원,변제금,상담·서비스 탐색,0,,395
수원-개인회생-변제금-납부계좌-변경-사례,수원 개인회생 변제금 납부계좌 변경 사례,rehab,수원,변제금,사례·경험 탐색,0,,396
수원-개인회생-변제금-초과납부,수원 개인회생 변제금 초과납부,rehab,수원,변제금,변제금 산정 및 납부 확인,0,,397
수원-개인회생-변제금-초과납부-방법,수원 개인회생 변제금 초과납부 방법,rehab,수원,변제금,방법·절차 확인,0,,398
수원-개인회생-변제금-초과납부-상담,수원 개인회생 변제금 초과납부 상담,rehab,수원,변제금,상담·서비스 탐색,0,,399
수원-개인회생-변제금-초과납부-사례,수원 개인회생 변제금 초과납부 사례,rehab,수원,변제금,사례·경험 탐색,0,,400
수원-개인회생-최저생계비,수원 개인회생 최저생계비,rehab,수원,생계비,생계비 인정 범위 확인,0,,401
수원-개인회생-최저생계비-인정-기준,수원 개인회생 최저생계비 인정 기준,rehab,수원,생계비,생계비 인정 범위 확인,0,,402
수원-개인회생-최저생계비-증빙서류,수원 개인회생 최저생계비 증빙서류,rehab,수원,생계비,서류·증빙 준비,0,,403
수원-개인회생-최저생계비-변제금-반영,수원 개인회생 최저생계비 변제금 반영,rehab,수원,생계비,생계비 인정 범위 확인,0,,404
수원-개인회생-추가생계비,수원 개인회생 추가생계비,rehab,수원,생계비,생계비 인정 범위 확인,0,,405
수원-개인회생-추가생계비-인정-기준,수원 개인회생 추가생계비 인정 기준,rehab,수원,생계비,생계비 인정 범위 확인,0,,406
수원-개인회생-추가생계비-증빙서류,수원 개인회생 추가생계비 증빙서류,rehab,수원,생계비,서류·증빙 준비,0,,407
수원-개인회생-추가생계비-변제금-반영,수원 개인회생 추가생계비 변제금 반영,rehab,수원,생계비,생계비 인정 범위 확인,0,,408
수원-개인회생-주거비,수원 개인회생 주거비,rehab,수원,생계비,생계비 인정 범위 확인,0,,409
수원-개인회생-주거비-인정-기준,수원 개인회생 주거비 인정 기준,rehab,수원,생계비,생계비 인정 범위 확인,0,,410
수원-개인회생-주거비-증빙서류,수원 개인회생 주거비 증빙서류,rehab,수원,생계비,서류·증빙 준비,0,,411
수원-개인회생-주거비-변제금-반영,수원 개인회생 주거비 변제금 반영,rehab,수원,생계비,생계비 인정 범위 확인,0,,412
수원-개인회생-월세,수원 개인회생 월세,rehab,수원,생계비,생계비 인정 범위 확인,0,,413
수원-개인회생-월세-인정-기준,수원 개인회생 월세 인정 기준,rehab,수원,생계비,생계비 인정 범위 확인,0,,414
수원-개인회생-월세-증빙서류,수원 개인회생 월세 증빙서류,rehab,수원,생계비,서류·증빙 준비,0,,415
수원-개인회생-월세-변제금-반영,수원 개인회생 월세 변제금 반영,rehab,수원,생계비,생계비 인정 범위 확인,0,,416
수원-개인회생-의료비,수원 개인회생 의료비,rehab,수원,생계비,생계비 인정 범위 확인,0,,417
수원-개인회생-의료비-인정-기준,수원 개인회생 의료비 인정 기준,rehab,수원,생계비,생계비 인정 범위 확인,0,,418
수원-개인회생-의료비-증빙서류,수원 개인회생 의료비 증빙서류,rehab,수원,생계비,서류·증빙 준비,0,,419
수원-개인회생-의료비-변제금-반영,수원 개인회생 의료비 변제금 반영,rehab,수원,생계비,생계비 인정 범위 확인,0,,420
수원-개인회생-교육비,수원 개인회생 교육비,rehab,수원,생계비,생계비 인정 범위 확인,0,,421
수원-개인회생-교육비-인정-기준,수원 개인회생 교육비 인정 기준,rehab,수원,생계비,생계비 인정 범위 확인,0,,422
수원-개인회생-교육비-증빙서류,수원 개인회생 교육비 증빙서류,rehab,수원,생계비,서류·증빙 준비,0,,423
수원-개인회생-교육비-변제금-반영,수원 개인회생 교육비 변제금 반영,rehab,수원,생계비,생계비 인정 범위 확인,0,,424
수원-개인회생-교통비,수원 개인회생 교통비,rehab,수원,생계비,생계비 인정 범위 확인,0,,425
수원-개인회생-교통비-인정-기준,수원 개인회생 교통비 인정 기준,rehab,수원,생계비,생계비 인정 범위 확인,0,,426
수원-개인회생-교통비-증빙서류,수원 개인회생 교통비 증빙서류,rehab,수원,생계비,서류·증빙 준비,0,,427
수원-개인회생-교통비-변제금-반영,수원 개인회생 교통비 변제금 반영,rehab,수원,생계비,생계비 인정 범위 확인,0,,428
수원-개인회생-식비,수원 개인회생 식비,rehab,수원,생계비,생계비 인정 범위 확인,0,,429
수원-개인회생-식비-인정-기준,수원 개인회생 식비 인정 기준,rehab,수원,생계비,생계비 인정 범위 확인,0,,430
수원-개인회생-식비-증빙서류,수원 개인회생 식비 증빙서류,rehab,수원,생계비,서류·증빙 준비,0,,431
수원-개인회생-식비-변제금-반영,수원 개인회생 식비 변제금 반영,rehab,수원,생계비,생계비 인정 범위 확인,0,,432
수원-개인회생-통신비,수원 개인회생 통신비,rehab,수원,생계비,생계비 인정 범위 확인,0,,433
수원-개인회생-통신비-인정-기준,수원 개인회생 통신비 인정 기준,rehab,수원,생계비,생계비 인정 범위 확인,0,,434
수원-개인회생-통신비-증빙서류,수원 개인회생 통신비 증빙서류,rehab,수원,생계비,서류·증빙 준비,0,,435
수원-개인회생-통신비-변제금-반영,수원 개인회생 통신비 변제금 반영,rehab,수원,생계비,생계비 인정 범위 확인,0,,436
수원-개인회생-보험료,수원 개인회생 보험료,rehab,수원,생계비,생계비 인정 범위 확인,0,,437
수원-개인회생-보험료-인정-기준,수원 개인회생 보험료 인정 기준,rehab,수원,생계비,생계비 인정 범위 확인,0,,438
수원-개인회생-보험료-증빙서류,수원 개인회생 보험료 증빙서류,rehab,수원,생계비,서류·증빙 준비,0,,439
수원-개인회생-보험료-변제금-반영,수원 개인회생 보험료 변제금 반영,rehab,수원,생계비,생계비 인정 범위 확인,0,,440
수원-개인회생-자녀-양육비,수원 개인회생 자녀 양육비,rehab,수원,생계비,생계비 인정 범위 확인,0,,441
수원-개인회생-자녀-양육비-인정-기준,수원 개인회생 자녀 양육비 인정 기준,rehab,수원,생계비,생계비 인정 범위 확인,0,,442
수원-개인회생-자녀-양육비-증빙서류,수원 개인회생 자녀 양육비 증빙서류,rehab,수원,생계비,서류·증빙 준비,0,,443
수원-개인회생-자녀-양육비-변제금-반영,수원 개인회생 자녀 양육비 변제금 반영,rehab,수원,생계비,생계비 인정 범위 확인,0,,444
수원-개인회생-부모님-생활비,수원 개인회생 부모님 생활비,rehab,수원,생계비,생계비 인정 범위 확인,0,,445
수원-개인회생-부모님-생활비-인정-기준,수원 개인회생 부모님 생활비 인정 기준,rehab,수원,생계비,생계비 인정 범위 확인,0,,446
수원-개인회생-부모님-생활비-증빙서류,수원 개인회생 부모님 생활비 증빙서류,rehab,수원,생계비,서류·증빙 준비,0,,447
수원-개인회생-부모님-생활비-변제금-반영,수원 개인회생 부모님 생활비 변제금 반영,rehab,수원,생계비,생계비 인정 범위 확인,0,,448
수원-개인회생-간병비,수원 개인회생 간병비,rehab,수원,생계비,생계비 인정 범위 확인,0,,449
수원-개인회생-간병비-인정-기준,수원 개인회생 간병비 인정 기준,rehab,수원,생계비,생계비 인정 범위 확인,0,,450
수원-개인회생-간병비-증빙서류,수원 개인회생 간병비 증빙서류,rehab,수원,생계비,서류·증빙 준비,0,,451
수원-개인회생-간병비-변제금-반영,수원 개인회생 간병비 변제금 반영,rehab,수원,생계비,생계비 인정 범위 확인,0,,452
수원-개인회생-장애-관련-지출,수원 개인회생 장애 관련 지출,rehab,수원,생계비,생계비 인정 범위 확인,0,,453
수원-개인회생-장애-관련-지출-인정-기준,수원 개인회생 장애 관련 지출 인정 기준,rehab,수원,생계비,생계비 인정 범위 확인,0,,454
수원-개인회생-장애-관련-지출-증빙서류,수원 개인회생 장애 관련 지출 증빙서류,rehab,수원,생계비,서류·증빙 준비,0,,455
수원-개인회생-장애-관련-지출-변제금-반영,수원 개인회생 장애 관련 지출 변제금 반영,rehab,수원,생계비,생계비 인정 범위 확인,0,,456
수원-개인회생-만성질환-치료비,수원 개인회생 만성질환 치료비,rehab,수원,생계비,생계비 인정 범위 확인,0,,457
수원-개인회생-만성질환-치료비-인정-기준,수원 개인회생 만성질환 치료비 인정 기준,rehab,수원,생계비,생계비 인정 범위 확인,0,,458
수원-개인회생-만성질환-치료비-증빙서류,수원 개인회생 만성질환 치료비 증빙서류,rehab,수원,생계비,서류·증빙 준비,0,,459
수원-개인회생-만성질환-치료비-변제금-반영,수원 개인회생 만성질환 치료비 변제금 반영,rehab,수원,생계비,생계비 인정 범위 확인,0,,460
수원-개인회생-치과-치료비,수원 개인회생 치과 치료비,rehab,수원,생계비,생계비 인정 범위 확인,0,,461
수원-개인회생-치과-치료비-인정-기준,수원 개인회생 치과 치료비 인정 기준,rehab,수원,생계비,생계비 인정 범위 확인,0,,462
수원-개인회생-치과-치료비-증빙서류,수원 개인회생 치과 치료비 증빙서류,rehab,수원,생계비,서류·증빙 준비,0,,463
수원-개인회생-치과-치료비-변제금-반영,수원 개인회생 치과 치료비 변제금 반영,rehab,수원,생계비,생계비 인정 범위 확인,0,,464
수원-개인회생-난방비,수원 개인회생 난방비,rehab,수원,생계비,생계비 인정 범위 확인,0,,465
수원-개인회생-난방비-인정-기준,수원 개인회생 난방비 인정 기준,rehab,수원,생계비,생계비 인정 범위 확인,0,,466
수원-개인회생-난방비-증빙서류,수원 개인회생 난방비 증빙서류,rehab,수원,생계비,서류·증빙 준비,0,,467
수원-개인회생-난방비-변제금-반영,수원 개인회생 난방비 변제금 반영,rehab,수원,생계비,생계비 인정 범위 확인,0,,468
수원-개인회생-사업상-필수경비,수원 개인회생 사업상 필수경비,rehab,수원,생계비,생계비 인정 범위 확인,0,,469
수원-개인회생-사업상-필수경비-인정-기준,수원 개인회생 사업상 필수경비 인정 기준,rehab,수원,생계비,생계비 인정 범위 확인,0,,470
수원-개인회생-사업상-필수경비-증빙서류,수원 개인회생 사업상 필수경비 증빙서류,rehab,수원,생계비,서류·증빙 준비,0,,471
수원-개인회생-사업상-필수경비-변제금-반영,수원 개인회생 사업상 필수경비 변제금 반영,rehab,수원,생계비,생계비 인정 범위 확인,0,,472
수원-개인회생-1인-가구-생계비,수원 개인회생 1인 가구 생계비,rehab,수원,생계비,생계비 인정 범위 확인,0,,473
수원-개인회생-1인-가구-생계비-인정-기준,수원 개인회생 1인 가구 생계비 인정 기준,rehab,수원,생계비,생계비 인정 범위 확인,0,,474
수원-개인회생-1인-가구-생계비-증빙서류,수원 개인회생 1인 가구 생계비 증빙서류,rehab,수원,생계비,서류·증빙 준비,0,,475
수원-개인회생-1인-가구-생계비-변제금-반영,수원 개인회생 1인 가구 생계비 변제금 반영,rehab,수원,생계비,생계비 인정 범위 확인,0,,476
수원-개인회생-다인-가구-생계비,수원 개인회생 다인 가구 생계비,rehab,수원,생계비,생계비 인정 범위 확인,0,,477
수원-개인회생-다인-가구-생계비-인정-기준,수원 개인회생 다인 가구 생계비 인정 기준,rehab,수원,생계비,생계비 인정 범위 확인,0,,478
수원-개인회생-다인-가구-생계비-증빙서류,수원 개인회생 다인 가구 생계비 증빙서류,rehab,수원,생계비,서류·증빙 준비,0,,479
수원-개인회생-다인-가구-생계비-변제금-반영,수원 개인회생 다인 가구 생계비 변제금 반영,rehab,수원,생계비,생계비 인정 범위 확인,0,,480
수원-개인회생-미성년-자녀,수원 개인회생 미성년 자녀,rehab,수원,부양가족,부양가족 인정 여부 확인,0,,481
수원-개인회생-미성년-자녀-부양가족-인정,수원 개인회생 미성년 자녀 부양가족 인정,rehab,수원,부양가족,부양가족 인정 여부 확인,0,,482
수원-개인회생-미성년-자녀-부양-증빙서류,수원 개인회생 미성년 자녀 부양 증빙서류,rehab,수원,부양가족,서류·증빙 준비,0,,483
수원-개인회생-미성년-자녀-생계비-계산,수원 개인회생 미성년 자녀 생계비 계산,rehab,수원,부양가족,부양가족 인정 여부 확인,0,,484
수원-개인회생-성년-자녀,수원 개인회생 성년 자녀,rehab,수원,부양가족,부양가족 인정 여부 확인,0,,485
수원-개인회생-성년-자녀-부양가족-인정,수원 개인회생 성년 자녀 부양가족 인정,rehab,수원,부양가족,부양가족 인정 여부 확인,0,,486
수원-개인회생-성년-자녀-부양-증빙서류,수원 개인회생 성년 자녀 부양 증빙서류,rehab,수원,부양가족,서류·증빙 준비,0,,487
수원-개인회생-성년-자녀-생계비-계산,수원 개인회생 성년 자녀 생계비 계산,rehab,수원,부양가족,부양가족 인정 여부 확인,0,,488
수원-개인회생-대학생-자녀,수원 개인회생 대학생 자녀,rehab,수원,부양가족,부양가족 인정 여부 확인,0,,489
수원-개인회생-대학생-자녀-부양가족-인정,수원 개인회생 대학생 자녀 부양가족 인정,rehab,수원,부양가족,부양가족 인정 여부 확인,0,,490
수원-개인회생-대학생-자녀-부양-증빙서류,수원 개인회생 대학생 자녀 부양 증빙서류,rehab,수원,부양가족,서류·증빙 준비,0,,491
수원-개인회생-대학생-자녀-생계비-계산,수원 개인회생 대학생 자녀 생계비 계산,rehab,수원,부양가족,부양가족 인정 여부 확인,0,,492
수원-개인회생-고령-부모,수원 개인회생 고령 부모,rehab,수원,부양가족,부양가족 인정 여부 확인,0,,493
수원-개인회생-고령-부모-부양가족-인정,수원 개인회생 고령 부모 부양가족 인정,rehab,수원,부양가족,부양가족 인정 여부 확인,0,,494
수원-개인회생-고령-부모-부양-증빙서류,수원 개인회생 고령 부모 부양 증빙서류,rehab,수원,부양가족,서류·증빙 준비,0,,495
수원-개인회생-고령-부모-생계비-계산,수원 개인회생 고령 부모 생계비 계산,rehab,수원,부양가족,부양가족 인정 여부 확인,0,,496
수원-개인회생-장애인-부모,수원 개인회생 장애인 부모,rehab,수원,부양가족,부양가족 인정 여부 확인,0,,497
수원-개인회생-장애인-부모-부양가족-인정,수원 개인회생 장애인 부모 부양가족 인정,rehab,수원,부양가족,부양가족 인정 여부 확인,0,,498
수원-개인회생-장애인-부모-부양-증빙서류,수원 개인회생 장애인 부모 부양 증빙서류,rehab,수원,부양가족,서류·증빙 준비,0,,499
수원-개인회생-장애인-부모-생계비-계산,수원 개인회생 장애인 부모 생계비 계산,rehab,수원,부양가족,부양가족 인정 여부 확인,0,,500
수원-개인회생-배우자-부양,수원 개인회생 배우자 부양,rehab,수원,부양가족,부양가족 인정 여부 확인,0,,501
수원-개인회생-배우자-부양-부양가족-인정,수원 개인회생 배우자 부양 부양가족 인정,rehab,수원,부양가족,부양가족 인정 여부 확인,0,,502
수원-개인회생-배우자-부양-부양-증빙서류,수원 개인회생 배우자 부양 부양 증빙서류,rehab,수원,부양가족,서류·증빙 준비,0,,503
수원-개인회생-배우자-부양-생계비-계산,수원 개인회생 배우자 부양 생계비 계산,rehab,수원,부양가족,부양가족 인정 여부 확인,0,,504
수원-개인회생-무직-배우자,수원 개인회생 무직 배우자,rehab,수원,부양가족,부양가족 인정 여부 확인,0,,505
수원-개인회생-무직-배우자-부양가족-인정,수원 개인회생 무직 배우자 부양가족 인정,rehab,수원,부양가족,부양가족 인정 여부 확인,0,,506
수원-개인회생-무직-배우자-부양-증빙서류,수원 개인회생 무직 배우자 부양 증빙서류,rehab,수원,부양가족,서류·증빙 준비,0,,507
수원-개인회생-무직-배우자-생계비-계산,수원 개인회생 무직 배우자 생계비 계산,rehab,수원,부양가족,부양가족 인정 여부 확인,0,,508
수원-개인회생-맞벌이-배우자,수원 개인회생 맞벌이 배우자,rehab,수원,부양가족,부양가족 인정 여부 확인,0,,509
수원-개인회생-맞벌이-배우자-부양가족-인정,수원 개인회생 맞벌이 배우자 부양가족 인정,rehab,수원,부양가족,부양가족 인정 여부 확인,0,,510
수원-개인회생-맞벌이-배우자-부양-증빙서류,수원 개인회생 맞벌이 배우자 부양 증빙서류,rehab,수원,부양가족,서류·증빙 준비,0,,511
수원-개인회생-맞벌이-배우자-생계비-계산,수원 개인회생 맞벌이 배우자 생계비 계산,rehab,수원,부양가족,부양가족 인정 여부 확인,0,,512
수원-개인회생-임신-중-배우자,수원 개인회생 임신 중 배우자,rehab,수원,부양가족,부양가족 인정 여부 확인,0,,513
수원-개인회생-임신-중-배우자-부양가족-인정,수원 개인회생 임신 중 배우자 부양가족 인정,rehab,수원,부양가족,부양가족 인정 여부 확인,0,,514
수원-개인회생-임신-중-배우자-부양-증빙서류,수원 개인회생 임신 중 배우자 부양 증빙서류,rehab,수원,부양가족,서류·증빙 준비,0,,515
수원-개인회생-임신-중-배우자-생계비-계산,수원 개인회생 임신 중 배우자 생계비 계산,rehab,수원,부양가족,부양가족 인정 여부 확인,0,,516
수원-개인회생-태아,수원 개인회생 태아,rehab,수원,부양가족,부양가족 인정 여부 확인,0,,517
수원-개인회생-태아-부양가족-인정,수원 개인회생 태아 부양가족 인정,rehab,수원,부양가족,부양가족 인정 여부 확인,0,,518
수원-개인회생-태아-부양-증빙서류,수원 개인회생 태아 부양 증빙서류,rehab,수원,부양가족,서류·증빙 준비,0,,519
수원-개인회생-태아-생계비-계산,수원 개인회생 태아 생계비 계산,rehab,수원,부양가족,부양가족 인정 여부 확인,0,,520
수원-개인회생-신생아,수원 개인회생 신생아,rehab,수원,부양가족,부양가족 인정 여부 확인,0,,521
수원-개인회생-신생아-부양가족-인정,수원 개인회생 신생아 부양가족 인정,rehab,수원,부양가족,부양가족 인정 여부 확인,0,,522
수원-개인회생-신생아-부양-증빙서류,수원 개인회생 신생아 부양 증빙서류,rehab,수원,부양가족,서류·증빙 준비,0,,523
수원-개인회생-신생아-생계비-계산,수원 개인회생 신생아 생계비 계산,rehab,수원,부양가족,부양가족 인정 여부 확인,0,,524
수원-개인회생-손자녀,수원 개인회생 손자녀,rehab,수원,부양가족,부양가족 인정 여부 확인,0,,525
수원-개인회생-손자녀-부양가족-인정,수원 개인회생 손자녀 부양가족 인정,rehab,수원,부양가족,부양가족 인정 여부 확인,0,,526
수원-개인회생-손자녀-부양-증빙서류,수원 개인회생 손자녀 부양 증빙서류,rehab,수원,부양가족,서류·증빙 준비,0,,527
수원-개인회생-손자녀-생계비-계산,수원 개인회생 손자녀 생계비 계산,rehab,수원,부양가족,부양가족 인정 여부 확인,0,,528
수원-개인회생-형제자매,수원 개인회생 형제자매,rehab,수원,부양가족,부양가족 인정 여부 확인,0,,529
수원-개인회생-형제자매-부양가족-인정,수원 개인회생 형제자매 부양가족 인정,rehab,수원,부양가족,부양가족 인정 여부 확인,0,,530
수원-개인회생-형제자매-부양-증빙서류,수원 개인회생 형제자매 부양 증빙서류,rehab,수원,부양가족,서류·증빙 준비,0,,531
수원-개인회생-형제자매-생계비-계산,수원 개인회생 형제자매 생계비 계산,rehab,수원,부양가족,부양가족 인정 여부 확인,0,,532
수원-개인회생-별거-중-가족,수원 개인회생 별거 중 가족,rehab,수원,부양가족,부양가족 인정 여부 확인,0,,533
수원-개인회생-별거-중-가족-부양가족-인정,수원 개인회생 별거 중 가족 부양가족 인정,rehab,수원,부양가족,부양가족 인정 여부 확인,0,,534
수원-개인회생-별거-중-가족-부양-증빙서류,수원 개인회생 별거 중 가족 부양 증빙서류,rehab,수원,부양가족,서류·증빙 준비,0,,535
수원-개인회생-별거-중-가족-생계비-계산,수원 개인회생 별거 중 가족 생계비 계산,rehab,수원,부양가족,부양가족 인정 여부 확인,0,,536
수원-개인회생-동거-부모,수원 개인회생 동거 부모,rehab,수원,부양가족,부양가족 인정 여부 확인,0,,537
수원-개인회생-동거-부모-부양가족-인정,수원 개인회생 동거 부모 부양가족 인정,rehab,수원,부양가족,부양가족 인정 여부 확인,0,,538
수원-개인회생-동거-부모-부양-증빙서류,수원 개인회생 동거 부모 부양 증빙서류,rehab,수원,부양가족,서류·증빙 준비,0,,539
수원-개인회생-동거-부모-생계비-계산,수원 개인회생 동거 부모 생계비 계산,rehab,수원,부양가족,부양가족 인정 여부 확인,0,,540
수원-개인회생-비동거-부모,수원 개인회생 비동거 부모,rehab,수원,부양가족,부양가족 인정 여부 확인,0,,541
수원-개인회생-비동거-부모-부양가족-인정,수원 개인회생 비동거 부모 부양가족 인정,rehab,수원,부양가족,부양가족 인정 여부 확인,0,,542
수원-개인회생-비동거-부모-부양-증빙서류,수원 개인회생 비동거 부모 부양 증빙서류,rehab,수원,부양가족,서류·증빙 준비,0,,543
수원-개인회생-비동거-부모-생계비-계산,수원 개인회생 비동거 부모 생계비 계산,rehab,수원,부양가족,부양가족 인정 여부 확인,0,,544
수원-개인회생-이혼-후-자녀,수원 개인회생 이혼 후 자녀,rehab,수원,부양가족,부양가족 인정 여부 확인,0,,545
수원-개인회생-이혼-후-자녀-부양가족-인정,수원 개인회생 이혼 후 자녀 부양가족 인정,rehab,수원,부양가족,부양가족 인정 여부 확인,0,,546
수원-개인회생-이혼-후-자녀-부양-증빙서류,수원 개인회생 이혼 후 자녀 부양 증빙서류,rehab,수원,부양가족,서류·증빙 준비,0,,547
수원-개인회생-이혼-후-자녀-생계비-계산,수원 개인회생 이혼 후 자녀 생계비 계산,rehab,수원,부양가족,부양가족 인정 여부 확인,0,,548
수원-개인회생-공동양육-자녀,수원 개인회생 공동양육 자녀,rehab,수원,부양가족,부양가족 인정 여부 확인,0,,549
수원-개인회생-공동양육-자녀-부양가족-인정,수원 개인회생 공동양육 자녀 부양가족 인정,rehab,수원,부양가족,부양가족 인정 여부 확인,0,,550
수원-개인회생-공동양육-자녀-부양-증빙서류,수원 개인회생 공동양육 자녀 부양 증빙서류,rehab,수원,부양가족,서류·증빙 준비,0,,551
수원-개인회생-공동양육-자녀-생계비-계산,수원 개인회생 공동양육 자녀 생계비 계산,rehab,수원,부양가족,부양가족 인정 여부 확인,0,,552
수원-개인회생-재혼가정-자녀,수원 개인회생 재혼가정 자녀,rehab,수원,부양가족,부양가족 인정 여부 확인,0,,553
수원-개인회생-재혼가정-자녀-부양가족-인정,수원 개인회생 재혼가정 자녀 부양가족 인정,rehab,수원,부양가족,부양가족 인정 여부 확인,0,,554
수원-개인회생-재혼가정-자녀-부양-증빙서류,수원 개인회생 재혼가정 자녀 부양 증빙서류,rehab,수원,부양가족,서류·증빙 준비,0,,555
수원-개인회생-재혼가정-자녀-생계비-계산,수원 개인회생 재혼가정 자녀 생계비 계산,rehab,수원,부양가족,부양가족 인정 여부 확인,0,,556
수원-개인회생-소득-있는-부모,수원 개인회생 소득 있는 부모,rehab,수원,부양가족,부양가족 인정 여부 확인,0,,557
수원-개인회생-소득-있는-부모-부양가족-인정,수원 개인회생 소득 있는 부모 부양가족 인정,rehab,수원,부양가족,부양가족 인정 여부 확인,0,,558
수원-개인회생-소득-있는-부모-부양-증빙서류,수원 개인회생 소득 있는 부모 부양 증빙서류,rehab,수원,부양가족,서류·증빙 준비,0,,559
수원-개인회생-소득-있는-부모-생계비-계산,수원 개인회생 소득 있는 부모 생계비 계산,rehab,수원,부양가족,부양가족 인정 여부 확인,0,,560
수원-개인회생-신청-준비,수원 개인회생 신청 준비,rehab,수원,절차,진행 순서와 기간 확인,0,,561
수원-개인회생-신청-준비-절차,수원 개인회생 신청 준비 절차,rehab,수원,절차,방법·절차 확인,0,,562
수원-개인회생-신청-준비-소요기간,수원 개인회생 신청 준비 소요기간,rehab,수원,절차,진행 순서와 기간 확인,0,,563
수원-개인회생-신청-준비-준비사항,수원 개인회생 신청 준비 준비사항,rehab,수원,절차,진행 순서와 기간 확인,0,,564
수원-개인회생-신청서-접수,수원 개인회생 신청서 접수,rehab,수원,절차,진행 순서와 기간 확인,0,,565
수원-개인회생-신청서-접수-절차,수원 개인회생 신청서 접수 절차,rehab,수원,절차,방법·절차 확인,0,,566
수원-개인회생-신청서-접수-소요기간,수원 개인회생 신청서 접수 소요기간,rehab,수원,절차,진행 순서와 기간 확인,0,,567
수원-개인회생-신청서-접수-준비사항,수원 개인회생 신청서 접수 준비사항,rehab,수원,절차,진행 순서와 기간 확인,0,,568
수원-개인회생-사건번호-발급,수원 개인회생 사건번호 발급,rehab,수원,절차,진행 순서와 기간 확인,0,,569
수원-개인회생-사건번호-발급-절차,수원 개인회생 사건번호 발급 절차,rehab,수원,절차,방법·절차 확인,0,,570
수원-개인회생-사건번호-발급-소요기간,수원 개인회생 사건번호 발급 소요기간,rehab,수원,절차,진행 순서와 기간 확인,0,,571
수원-개인회생-사건번호-발급-준비사항,수원 개인회생 사건번호 발급 준비사항,rehab,수원,절차,진행 순서와 기간 확인,0,,572
수원-개인회생-서류-심사,수원 개인회생 서류 심사,rehab,수원,절차,진행 순서와 기간 확인,0,,573
수원-개인회생-서류-심사-절차,수원 개인회생 서류 심사 절차,rehab,수원,절차,방법·절차 확인,0,,574
수원-개인회생-서류-심사-소요기간,수원 개인회생 서류 심사 소요기간,rehab,수원,절차,진행 순서와 기간 확인,0,,575
수원-개인회생-서류-심사-준비사항,수원 개인회생 서류 심사 준비사항,rehab,수원,절차,진행 순서와 기간 확인,0,,576
수원-개인회생-회생위원-면담,수원 개인회생 회생위원 면담,rehab,수원,절차,진행 순서와 기간 확인,0,,577
수원-개인회생-회생위원-면담-절차,수원 개인회생 회생위원 면담 절차,rehab,수원,절차,방법·절차 확인,0,,578
수원-개인회생-회생위원-면담-소요기간,수원 개인회생 회생위원 면담 소요기간,rehab,수원,절차,진행 순서와 기간 확인,0,,579
수원-개인회생-회생위원-면담-준비사항,수원 개인회생 회생위원 면담 준비사항,rehab,수원,절차,진행 순서와 기간 확인,0,,580
수원-개인회생-채권자목록-제출,수원 개인회생 채권자목록 제출,rehab,수원,절차,진행 순서와 기간 확인,0,,581
수원-개인회생-채권자목록-제출-절차,수원 개인회생 채권자목록 제출 절차,rehab,수원,절차,방법·절차 확인,0,,582
수원-개인회생-채권자목록-제출-소요기간,수원 개인회생 채권자목록 제출 소요기간,rehab,수원,절차,진행 순서와 기간 확인,0,,583
수원-개인회생-채권자목록-제출-준비사항,수원 개인회생 채권자목록 제출 준비사항,rehab,수원,절차,진행 순서와 기간 확인,0,,584
수원-개인회생-변제계획안-제출,수원 개인회생 변제계획안 제출,rehab,수원,절차,진행 순서와 기간 확인,0,,585
수원-개인회생-변제계획안-제출-절차,수원 개인회생 변제계획안 제출 절차,rehab,수원,절차,방법·절차 확인,0,,586
수원-개인회생-변제계획안-제출-소요기간,수원 개인회생 변제계획안 제출 소요기간,rehab,수원,절차,진행 순서와 기간 확인,0,,587
수원-개인회생-변제계획안-제출-준비사항,수원 개인회생 변제계획안 제출 준비사항,rehab,수원,절차,진행 순서와 기간 확인,0,,588
수원-개인회생-개시결정,수원 개인회생 개시결정,rehab,수원,절차,진행 순서와 기간 확인,0,,589
수원-개인회생-개시결정-절차,수원 개인회생 개시결정 절차,rehab,수원,절차,방법·절차 확인,0,,590
수원-개인회생-개시결정-소요기간,수원 개인회생 개시결정 소요기간,rehab,수원,절차,진행 순서와 기간 확인,0,,591
수원-개인회생-개시결정-준비사항,수원 개인회생 개시결정 준비사항,rehab,수원,절차,진행 순서와 기간 확인,0,,592
수원-개인회생-채권자-이의신청,수원 개인회생 채권자 이의신청,rehab,수원,절차,진행 순서와 기간 확인,0,,593
수원-개인회생-채권자-이의신청-절차,수원 개인회생 채권자 이의신청 절차,rehab,수원,절차,방법·절차 확인,0,,594
수원-개인회생-채권자-이의신청-소요기간,수원 개인회생 채권자 이의신청 소요기간,rehab,수원,절차,진행 순서와 기간 확인,0,,595
수원-개인회생-채권자-이의신청-준비사항,수원 개인회생 채권자 이의신청 준비사항,rehab,수원,절차,진행 순서와 기간 확인,0,,596
수원-개인회생-채권조사확정재판,수원 개인회생 채권조사확정재판,rehab,수원,절차,진행 순서와 기간 확인,0,,597
수원-개인회생-채권조사확정재판-절차,수원 개인회생 채권조사확정재판 절차,rehab,수원,절차,방법·절차 확인,0,,598
수원-개인회생-채권조사확정재판-소요기간,수원 개인회생 채권조사확정재판 소요기간,rehab,수원,절차,진행 순서와 기간 확인,0,,599
수원-개인회생-채권조사확정재판-준비사항,수원 개인회생 채권조사확정재판 준비사항,rehab,수원,절차,진행 순서와 기간 확인,0,,600
수원-개인회생-채권자집회,수원 개인회생 채권자집회,rehab,수원,절차,진행 순서와 기간 확인,0,,601
수원-개인회생-채권자집회-절차,수원 개인회생 채권자집회 절차,rehab,수원,절차,방법·절차 확인,0,,602
수원-개인회생-채권자집회-소요기간,수원 개인회생 채권자집회 소요기간,rehab,수원,절차,진행 순서와 기간 확인,0,,603
수원-개인회생-채권자집회-준비사항,수원 개인회생 채권자집회 준비사항,rehab,수원,절차,진행 순서와 기간 확인,0,,604
수원-개인회생-인가결정,수원 개인회생 인가결정,rehab,수원,절차,진행 순서와 기간 확인,0,,605
수원-개인회생-인가결정-절차,수원 개인회생 인가결정 절차,rehab,수원,절차,방법·절차 확인,0,,606
수원-개인회생-인가결정-소요기간,수원 개인회생 인가결정 소요기간,rehab,수원,절차,진행 순서와 기간 확인,0,,607
수원-개인회생-인가결정-준비사항,수원 개인회생 인가결정 준비사항,rehab,수원,절차,진행 순서와 기간 확인,0,,608
수원-개인회생-변제-수행,수원 개인회생 변제 수행,rehab,수원,절차,진행 순서와 기간 확인,0,,609
수원-개인회생-변제-수행-절차,수원 개인회생 변제 수행 절차,rehab,수원,절차,방법·절차 확인,0,,610
수원-개인회생-변제-수행-소요기간,수원 개인회생 변제 수행 소요기간,rehab,수원,절차,진행 순서와 기간 확인,0,,611
수원-개인회생-변제-수행-준비사항,수원 개인회생 변제 수행 준비사항,rehab,수원,절차,진행 순서와 기간 확인,0,,612
수원-개인회생-면책신청,수원 개인회생 면책신청,rehab,수원,절차,진행 순서와 기간 확인,0,,613
수원-개인회생-면책신청-절차,수원 개인회생 면책신청 절차,rehab,수원,절차,방법·절차 확인,0,,614
수원-개인회생-면책신청-소요기간,수원 개인회생 면책신청 소요기간,rehab,수원,절차,진행 순서와 기간 확인,0,,615
수원-개인회생-면책신청-준비사항,수원 개인회생 면책신청 준비사항,rehab,수원,절차,진행 순서와 기간 확인,0,,616
수원-개인회생-신청-취하,수원 개인회생 신청 취하,rehab,수원,절차,진행 순서와 기간 확인,0,,617
수원-개인회생-신청-취하-절차,수원 개인회생 신청 취하 절차,rehab,수원,절차,방법·절차 확인,0,,618
수원-개인회생-신청-취하-소요기간,수원 개인회생 신청 취하 소요기간,rehab,수원,절차,진행 순서와 기간 확인,0,,619
수원-개인회생-신청-취하-준비사항,수원 개인회생 신청 취하 준비사항,rehab,수원,절차,진행 순서와 기간 확인,0,,620
수원-개인회생-사건-이송,수원 개인회생 사건 이송,rehab,수원,절차,진행 순서와 기간 확인,0,,621
수원-개인회생-사건-이송-절차,수원 개인회생 사건 이송 절차,rehab,수원,절차,방법·절차 확인,0,,622
수원-개인회생-사건-이송-소요기간,수원 개인회생 사건 이송 소요기간,rehab,수원,절차,진행 순서와 기간 확인,0,,623
수원-개인회생-사건-이송-준비사항,수원 개인회생 사건 이송 준비사항,rehab,수원,절차,진행 순서와 기간 확인,0,,624
수원-개인회생-채권자-추가,수원 개인회생 채권자 추가,rehab,수원,절차,진행 순서와 기간 확인,0,,625
수원-개인회생-채권자-추가-절차,수원 개인회생 채권자 추가 절차,rehab,수원,절차,방법·절차 확인,0,,626
수원-개인회생-채권자-추가-소요기간,수원 개인회생 채권자 추가 소요기간,rehab,수원,절차,진행 순서와 기간 확인,0,,627
수원-개인회생-채권자-추가-준비사항,수원 개인회생 채권자 추가 준비사항,rehab,수원,절차,진행 순서와 기간 확인,0,,628
수원-개인회생-채무-누락-정정,수원 개인회생 채무 누락 정정,rehab,수원,절차,진행 순서와 기간 확인,0,,629
수원-개인회생-채무-누락-정정-절차,수원 개인회생 채무 누락 정정 절차,rehab,수원,절차,방법·절차 확인,0,,630
수원-개인회생-채무-누락-정정-소요기간,수원 개인회생 채무 누락 정정 소요기간,rehab,수원,절차,진행 순서와 기간 확인,0,,631
수원-개인회생-채무-누락-정정-준비사항,수원 개인회생 채무 누락 정정 준비사항,rehab,수원,절차,진행 순서와 기간 확인,0,,632
수원-개인회생-주소-변경-신고,수원 개인회생 주소 변경 신고,rehab,수원,절차,진행 순서와 기간 확인,0,,633
수원-개인회생-주소-변경-신고-절차,수원 개인회생 주소 변경 신고 절차,rehab,수원,절차,방법·절차 확인,0,,634
수원-개인회생-주소-변경-신고-소요기간,수원 개인회생 주소 변경 신고 소요기간,rehab,수원,절차,진행 순서와 기간 확인,0,,635
수원-개인회생-주소-변경-신고-준비사항,수원 개인회생 주소 변경 신고 준비사항,rehab,수원,절차,진행 순서와 기간 확인,0,,636
수원-개인회생-송달장소-변경,수원 개인회생 송달장소 변경,rehab,수원,절차,진행 순서와 기간 확인,0,,637
수원-개인회생-송달장소-변경-절차,수원 개인회생 송달장소 변경 절차,rehab,수원,절차,방법·절차 확인,0,,638
수원-개인회생-송달장소-변경-소요기간,수원 개인회생 송달장소 변경 소요기간,rehab,수원,절차,진행 순서와 기간 확인,0,,639
수원-개인회생-송달장소-변경-준비사항,수원 개인회생 송달장소 변경 준비사항,rehab,수원,절차,진행 순서와 기간 확인,0,,640
수원-개인회생-관할법원,수원 개인회생 관할법원,rehab,수원,법원,관할 및 법원 이용 안내,0,,641
수원-개인회생-관할법원-접수-안내,수원 개인회생 관할법원 접수 안내,rehab,수원,법원,관할 및 법원 이용 안내,0,,642
수원-개인회생-관할법원-이용-방법,수원 개인회생 관할법원 이용 방법,rehab,수원,법원,방법·절차 확인,0,,643
수원-개인회생-관할법원-문의-방법,수원 개인회생 관할법원 문의 방법,rehab,수원,법원,방법·절차 확인,0,,644
수원-개인회생-주소지-관할,수원 개인회생 주소지 관할,rehab,수원,법원,관할 및 법원 이용 안내,0,,645
수원-개인회생-주소지-관할-접수-안내,수원 개인회생 주소지 관할 접수 안내,rehab,수원,법원,관할 및 법원 이용 안내,0,,646
수원-개인회생-주소지-관할-이용-방법,수원 개인회생 주소지 관할 이용 방법,rehab,수원,법원,방법·절차 확인,0,,647
수원-개인회생-주소지-관할-문의-방법,수원 개인회생 주소지 관할 문의 방법,rehab,수원,법원,방법·절차 확인,0,,648
수원-개인회생-직장-소재지-관할,수원 개인회생 직장 소재지 관할,rehab,수원,법원,관할 및 법원 이용 안내,0,,649
수원-개인회생-직장-소재지-관할-접수-안내,수원 개인회생 직장 소재지 관할 접수 안내,rehab,수원,법원,관할 및 법원 이용 안내,0,,650
수원-개인회생-직장-소재지-관할-이용-방법,수원 개인회생 직장 소재지 관할 이용 방법,rehab,수원,법원,방법·절차 확인,0,,651
수원-개인회생-직장-소재지-관할-문의-방법,수원 개인회생 직장 소재지 관할 문의 방법,rehab,수원,법원,방법·절차 확인,0,,652
수원-개인회생-사업장-소재지-관할,수원 개인회생 사업장 소재지 관할,rehab,수원,법원,관할 및 법원 이용 안내,0,,653
수원-개인회생-사업장-소재지-관할-접수-안내,수원 개인회생 사업장 소재지 관할 접수 안내,rehab,수원,법원,관할 및 법원 이용 안내,0,,654
수원-개인회생-사업장-소재지-관할-이용-방법,수원 개인회생 사업장 소재지 관할 이용 방법,rehab,수원,법원,방법·절차 확인,0,,655
수원-개인회생-사업장-소재지-관할-문의-방법,수원 개인회생 사업장 소재지 관할 문의 방법,rehab,수원,법원,방법·절차 확인,0,,656
수원-개인회생-서울회생법원,수원 개인회생 서울회생법원,rehab,수원,법원,관할 및 법원 이용 안내,0,,657
수원-개인회생-서울회생법원-접수-안내,수원 개인회생 서울회생법원 접수 안내,rehab,수원,법원,관할 및 법원 이용 안내,0,,658
수원-개인회생-서울회생법원-이용-방법,수원 개인회생 서울회생법원 이용 방법,rehab,수원,법원,방법·절차 확인,0,,659
수원-개인회생-서울회생법원-문의-방법,수원 개인회생 서울회생법원 문의 방법,rehab,수원,법원,방법·절차 확인,0,,660
수원-개인회생-수원회생법원,수원 개인회생 수원회생법원,rehab,수원,법원,관할 및 법원 이용 안내,0,,661
수원-개인회생-수원회생법원-접수-안내,수원 개인회생 수원회생법원 접수 안내,rehab,수원,법원,관할 및 법원 이용 안내,0,,662
수원-개인회생-수원회생법원-이용-방법,수원 개인회생 수원회생법원 이용 방법,rehab,수원,법원,방법·절차 확인,0,,663
수원-개인회생-수원회생법원-문의-방법,수원 개인회생 수원회생법원 문의 방법,rehab,수원,법원,방법·절차 확인,0,,664
수원-개인회생-부산회생법원,수원 개인회생 부산회생법원,rehab,수원,법원,관할 및 법원 이용 안내,0,,665
수원-개인회생-부산회생법원-접수-안내,수원 개인회생 부산회생법원 접수 안내,rehab,수원,법원,관할 및 법원 이용 안내,0,,666
수원-개인회생-부산회생법원-이용-방법,수원 개인회생 부산회생법원 이용 방법,rehab,수원,법원,방법·절차 확인,0,,667
수원-개인회생-부산회생법원-문의-방법,수원 개인회생 부산회생법원 문의 방법,rehab,수원,법원,방법·절차 확인,0,,668
수원-개인회생-대전-지역-법원,수원 개인회생 대전 지역 법원,rehab,수원,법원,관할 및 법원 이용 안내,0,,669
수원-개인회생-대전-지역-법원-접수-안내,수원 개인회생 대전 지역 법원 접수 안내,rehab,수원,법원,관할 및 법원 이용 안내,0,,670
수원-개인회생-대전-지역-법원-이용-방법,수원 개인회생 대전 지역 법원 이용 방법,rehab,수원,법원,방법·절차 확인,0,,671
수원-개인회생-대전-지역-법원-문의-방법,수원 개인회생 대전 지역 법원 문의 방법,rehab,수원,법원,방법·절차 확인,0,,672
수원-개인회생-대구-지역-법원,수원 개인회생 대구 지역 법원,rehab,수원,법원,관할 및 법원 이용 안내,0,,673
수원-개인회생-대구-지역-법원-접수-안내,수원 개인회생 대구 지역 법원 접수 안내,rehab,수원,법원,관할 및 법원 이용 안내,0,,674
수원-개인회생-대구-지역-법원-이용-방법,수원 개인회생 대구 지역 법원 이용 방법,rehab,수원,법원,방법·절차 확인,0,,675
수원-개인회생-대구-지역-법원-문의-방법,수원 개인회생 대구 지역 법원 문의 방법,rehab,수원,법원,방법·절차 확인,0,,676
수원-개인회생-광주-지역-법원,수원 개인회생 광주 지역 법원,rehab,수원,법원,관할 및 법원 이용 안내,0,,677
수원-개인회생-광주-지역-법원-접수-안내,수원 개인회생 광주 지역 법원 접수 안내,rehab,수원,법원,관할 및 법원 이용 안내,0,,678
수원-개인회생-광주-지역-법원-이용-방법,수원 개인회생 광주 지역 법원 이용 방법,rehab,수원,법원,방법·절차 확인,0,,679
수원-개인회생-광주-지역-법원-문의-방법,수원 개인회생 광주 지역 법원 문의 방법,rehab,수원,법원,방법·절차 확인,0,,680
수원-개인회생-인천-지역-법원,수원 개인회생 인천 지역 법원,rehab,수원,법원,관할 및 법원 이용 안내,0,,681
수원-개인회생-인천-지역-법원-접수-안내,수원 개인회생 인천 지역 법원 접수 안내,rehab,수원,법원,관할 및 법원 이용 안내,0,,682
수원-개인회생-인천-지역-법원-이용-방법,수원 개인회생 인천 지역 법원 이용 방법,rehab,수원,법원,방법·절차 확인,0,,683
수원-개인회생-인천-지역-법원-문의-방법,수원 개인회생 인천 지역 법원 문의 방법,rehab,수원,법원,방법·절차 확인,0,,684
수원-개인회생-울산-지역-법원,수원 개인회생 울산 지역 법원,rehab,수원,법원,관할 및 법원 이용 안내,0,,685
수원-개인회생-울산-지역-법원-접수-안내,수원 개인회생 울산 지역 법원 접수 안내,rehab,수원,법원,관할 및 법원 이용 안내,0,,686
수원-개인회생-울산-지역-법원-이용-방법,수원 개인회생 울산 지역 법원 이용 방법,rehab,수원,법원,방법·절차 확인,0,,687
수원-개인회생-울산-지역-법원-문의-방법,수원 개인회생 울산 지역 법원 문의 방법,rehab,수원,법원,방법·절차 확인,0,,688
수원-개인회생-창원-지역-법원,수원 개인회생 창원 지역 법원,rehab,수원,법원,관할 및 법원 이용 안내,0,,689
수원-개인회생-창원-지역-법원-접수-안내,수원 개인회생 창원 지역 법원 접수 안내,rehab,수원,법원,관할 및 법원 이용 안내,0,,690
수원-개인회생-창원-지역-법원-이용-방법,수원 개인회생 창원 지역 법원 이용 방법,rehab,수원,법원,방법·절차 확인,0,,691
수원-개인회생-창원-지역-법원-문의-방법,수원 개인회생 창원 지역 법원 문의 방법,rehab,수원,법원,방법·절차 확인,0,,692
수원-개인회생-전주-지역-법원,수원 개인회생 전주 지역 법원,rehab,수원,법원,관할 및 법원 이용 안내,0,,693
수원-개인회생-전주-지역-법원-접수-안내,수원 개인회생 전주 지역 법원 접수 안내,rehab,수원,법원,관할 및 법원 이용 안내,0,,694
수원-개인회생-전주-지역-법원-이용-방법,수원 개인회생 전주 지역 법원 이용 방법,rehab,수원,법원,방법·절차 확인,0,,695
수원-개인회생-전주-지역-법원-문의-방법,수원 개인회생 전주 지역 법원 문의 방법,rehab,수원,법원,방법·절차 확인,0,,696
수원-개인회생-청주-지역-법원,수원 개인회생 청주 지역 법원,rehab,수원,법원,관할 및 법원 이용 안내,0,,697
수원-개인회생-청주-지역-법원-접수-안내,수원 개인회생 청주 지역 법원 접수 안내,rehab,수원,법원,관할 및 법원 이용 안내,0,,698
수원-개인회생-청주-지역-법원-이용-방법,수원 개인회생 청주 지역 법원 이용 방법,rehab,수원,법원,방법·절차 확인,0,,699
수원-개인회생-청주-지역-법원-문의-방법,수원 개인회생 청주 지역 법원 문의 방법,rehab,수원,법원,방법·절차 확인,0,,700
수원-개인회생-춘천-지역-법원,수원 개인회생 춘천 지역 법원,rehab,수원,법원,관할 및 법원 이용 안내,0,,701
수원-개인회생-춘천-지역-법원-접수-안내,수원 개인회생 춘천 지역 법원 접수 안내,rehab,수원,법원,관할 및 법원 이용 안내,0,,702
수원-개인회생-춘천-지역-법원-이용-방법,수원 개인회생 춘천 지역 법원 이용 방법,rehab,수원,법원,방법·절차 확인,0,,703
수원-개인회생-춘천-지역-법원-문의-방법,수원 개인회생 춘천 지역 법원 문의 방법,rehab,수원,법원,방법·절차 확인,0,,704
수원-개인회생-제주-지역-법원,수원 개인회생 제주 지역 법원,rehab,수원,법원,관할 및 법원 이용 안내,0,,705
수원-개인회생-제주-지역-법원-접수-안내,수원 개인회생 제주 지역 법원 접수 안내,rehab,수원,법원,관할 및 법원 이용 안내,0,,706
수원-개인회생-제주-지역-법원-이용-방법,수원 개인회생 제주 지역 법원 이용 방법,rehab,수원,법원,방법·절차 확인,0,,707
수원-개인회생-제주-지역-법원-문의-방법,수원 개인회생 제주 지역 법원 문의 방법,rehab,수원,법원,방법·절차 확인,0,,708
수원-개인회생-의정부-지역-법원,수원 개인회생 의정부 지역 법원,rehab,수원,법원,관할 및 법원 이용 안내,0,,709
수원-개인회생-의정부-지역-법원-접수-안내,수원 개인회생 의정부 지역 법원 접수 안내,rehab,수원,법원,관할 및 법원 이용 안내,0,,710
수원-개인회생-의정부-지역-법원-이용-방법,수원 개인회생 의정부 지역 법원 이용 방법,rehab,수원,법원,방법·절차 확인,0,,711
수원-개인회생-의정부-지역-법원-문의-방법,수원 개인회생 의정부 지역 법원 문의 방법,rehab,수원,법원,방법·절차 확인,0,,712
수원-개인회생-법원-민원실,수원 개인회생 법원 민원실,rehab,수원,법원,관할 및 법원 이용 안내,0,,713
수원-개인회생-법원-민원실-접수-안내,수원 개인회생 법원 민원실 접수 안내,rehab,수원,법원,관할 및 법원 이용 안내,0,,714
수원-개인회생-법원-민원실-이용-방법,수원 개인회생 법원 민원실 이용 방법,rehab,수원,법원,방법·절차 확인,0,,715
수원-개인회생-법원-민원실-문의-방법,수원 개인회생 법원 민원실 문의 방법,rehab,수원,법원,방법·절차 확인,0,,716
수원-개인회생-법원-전자소송,수원 개인회생 법원 전자소송,rehab,수원,법원,관할 및 법원 이용 안내,0,,717
수원-개인회생-법원-전자소송-접수-안내,수원 개인회생 법원 전자소송 접수 안내,rehab,수원,법원,관할 및 법원 이용 안내,0,,718
수원-개인회생-법원-전자소송-이용-방법,수원 개인회생 법원 전자소송 이용 방법,rehab,수원,법원,방법·절차 확인,0,,719
수원-개인회생-법원-전자소송-문의-방법,수원 개인회생 법원 전자소송 문의 방법,rehab,수원,법원,방법·절차 확인,0,,720
수원-개인회생-주민등록등본,수원 개인회생 주민등록등본,rehab,수원,서류,필요서류 준비 및 작성,0,,721
수원-개인회생-주민등록등본-준비-방법,수원 개인회생 주민등록등본 준비 방법,rehab,수원,서류,방법·절차 확인,0,,722
수원-개인회생-주민등록등본-제출-방법,수원 개인회생 주민등록등본 제출 방법,rehab,수원,서류,방법·절차 확인,0,,723
수원-개인회생-주민등록등본-누락-시-대응,수원 개인회생 주민등록등본 누락 시 대응,rehab,수원,서류,필요서류 준비 및 작성,0,,724
수원-개인회생-주민등록초본,수원 개인회생 주민등록초본,rehab,수원,서류,필요서류 준비 및 작성,0,,725
수원-개인회생-주민등록초본-준비-방법,수원 개인회생 주민등록초본 준비 방법,rehab,수원,서류,방법·절차 확인,0,,726
수원-개인회생-주민등록초본-제출-방법,수원 개인회생 주민등록초본 제출 방법,rehab,수원,서류,방법·절차 확인,0,,727
수원-개인회생-주민등록초본-누락-시-대응,수원 개인회생 주민등록초본 누락 시 대응,rehab,수원,서류,필요서류 준비 및 작성,0,,728
수원-개인회생-가족관계증명서,수원 개인회생 가족관계증명서,rehab,수원,서류,필요서류 준비 및 작성,0,,729
수원-개인회생-가족관계증명서-준비-방법,수원 개인회생 가족관계증명서 준비 방법,rehab,수원,서류,방법·절차 확인,0,,730
수원-개인회생-가족관계증명서-제출-방법,수원 개인회생 가족관계증명서 제출 방법,rehab,수원,서류,방법·절차 확인,0,,731
수원-개인회생-가족관계증명서-누락-시-대응,수원 개인회생 가족관계증명서 누락 시 대응,rehab,수원,서류,필요서류 준비 및 작성,0,,732
수원-개인회생-혼인관계증명서,수원 개인회생 혼인관계증명서,rehab,수원,서류,필요서류 준비 및 작성,0,,733
수원-개인회생-혼인관계증명서-준비-방법,수원 개인회생 혼인관계증명서 준비 방법,rehab,수원,서류,방법·절차 확인,0,,734
수원-개인회생-혼인관계증명서-제출-방법,수원 개인회생 혼인관계증명서 제출 방법,rehab,수원,서류,방법·절차 확인,0,,735
수원-개인회생-혼인관계증명서-누락-시-대응,수원 개인회생 혼인관계증명서 누락 시 대응,rehab,수원,서류,필요서류 준비 및 작성,0,,736
수원-개인회생-급여명세서,수원 개인회생 급여명세서,rehab,수원,서류,필요서류 준비 및 작성,0,,737
수원-개인회생-급여명세서-준비-방법,수원 개인회생 급여명세서 준비 방법,rehab,수원,서류,방법·절차 확인,0,,738
수원-개인회생-급여명세서-제출-방법,수원 개인회생 급여명세서 제출 방법,rehab,수원,서류,방법·절차 확인,0,,739
수원-개인회생-급여명세서-누락-시-대응,수원 개인회생 급여명세서 누락 시 대응,rehab,수원,서류,필요서류 준비 및 작성,0,,740
수원-개인회생-재직증명서,수원 개인회생 재직증명서,rehab,수원,서류,필요서류 준비 및 작성,0,,741
수원-개인회생-재직증명서-준비-방법,수원 개인회생 재직증명서 준비 방법,rehab,수원,서류,방법·절차 확인,0,,742
수원-개인회생-재직증명서-제출-방법,수원 개인회생 재직증명서 제출 방법,rehab,수원,서류,방법·절차 확인,0,,743
수원-개인회생-재직증명서-누락-시-대응,수원 개인회생 재직증명서 누락 시 대응,rehab,수원,서류,필요서류 준비 및 작성,0,,744
수원-개인회생-원천징수영수증,수원 개인회생 원천징수영수증,rehab,수원,서류,필요서류 준비 및 작성,0,,745
수원-개인회생-원천징수영수증-준비-방법,수원 개인회생 원천징수영수증 준비 방법,rehab,수원,서류,방법·절차 확인,0,,746
수원-개인회생-원천징수영수증-제출-방법,수원 개인회생 원천징수영수증 제출 방법,rehab,수원,서류,방법·절차 확인,0,,747
수원-개인회생-원천징수영수증-누락-시-대응,수원 개인회생 원천징수영수증 누락 시 대응,rehab,수원,서류,필요서류 준비 및 작성,0,,748
수원-개인회생-소득금액증명,수원 개인회생 소득금액증명,rehab,수원,서류,필요서류 준비 및 작성,0,,749
수원-개인회생-소득금액증명-준비-방법,수원 개인회생 소득금액증명 준비 방법,rehab,수원,서류,방법·절차 확인,0,,750
수원-개인회생-소득금액증명-제출-방법,수원 개인회생 소득금액증명 제출 방법,rehab,수원,서류,방법·절차 확인,0,,751
수원-개인회생-소득금액증명-누락-시-대응,수원 개인회생 소득금액증명 누락 시 대응,rehab,수원,서류,필요서류 준비 및 작성,0,,752
수원-개인회생-사업자등록증,수원 개인회생 사업자등록증,rehab,수원,서류,필요서류 준비 및 작성,0,,753
수원-개인회생-사업자등록증-준비-방법,수원 개인회생 사업자등록증 준비 방법,rehab,수원,서류,방법·절차 확인,0,,754
수원-개인회생-사업자등록증-제출-방법,수원 개인회생 사업자등록증 제출 방법,rehab,수원,서류,방법·절차 확인,0,,755
수원-개인회생-사업자등록증-누락-시-대응,수원 개인회생 사업자등록증 누락 시 대응,rehab,수원,서류,필요서류 준비 및 작성,0,,756
수원-개인회생-부가가치세-신고자료,수원 개인회생 부가가치세 신고자료,rehab,수원,서류,필요서류 준비 및 작성,0,,757
수원-개인회생-부가가치세-신고자료-준비-방법,수원 개인회생 부가가치세 신고자료 준비 방법,rehab,수원,서류,방법·절차 확인,0,,758
수원-개인회생-부가가치세-신고자료-제출-방법,수원 개인회생 부가가치세 신고자료 제출 방법,rehab,수원,서류,방법·절차 확인,0,,759
수원-개인회생-부가가치세-신고자료-누락-시-대응,수원 개인회생 부가가치세 신고자료 누락 시 대응,rehab,수원,서류,필요서류 준비 및 작성,0,,760
수원-개인회생-통장거래내역,수원 개인회생 통장거래내역,rehab,수원,서류,필요서류 준비 및 작성,0,,761
수원-개인회생-통장거래내역-준비-방법,수원 개인회생 통장거래내역 준비 방법,rehab,수원,서류,방법·절차 확인,0,,762
수원-개인회생-통장거래내역-제출-방법,수원 개인회생 통장거래내역 제출 방법,rehab,수원,서류,방법·절차 확인,0,,763
수원-개인회생-통장거래내역-누락-시-대응,수원 개인회생 통장거래내역 누락 시 대응,rehab,수원,서류,필요서류 준비 및 작성,0,,764
수원-개인회생-부채증명서,수원 개인회생 부채증명서,rehab,수원,서류,필요서류 준비 및 작성,0,,765
수원-개인회생-부채증명서-준비-방법,수원 개인회생 부채증명서 준비 방법,rehab,수원,서류,방법·절차 확인,0,,766
수원-개인회생-부채증명서-제출-방법,수원 개인회생 부채증명서 제출 방법,rehab,수원,서류,방법·절차 확인,0,,767
수원-개인회생-부채증명서-누락-시-대응,수원 개인회생 부채증명서 누락 시 대응,rehab,수원,서류,필요서류 준비 및 작성,0,,768
수원-개인회생-신용정보조회서,수원 개인회생 신용정보조회서,rehab,수원,서류,필요서류 준비 및 작성,0,,769
수원-개인회생-신용정보조회서-준비-방법,수원 개인회생 신용정보조회서 준비 방법,rehab,수원,서류,방법·절차 확인,0,,770
수원-개인회생-신용정보조회서-제출-방법,수원 개인회생 신용정보조회서 제출 방법,rehab,수원,서류,방법·절차 확인,0,,771
수원-개인회생-신용정보조회서-누락-시-대응,수원 개인회생 신용정보조회서 누락 시 대응,rehab,수원,서류,필요서류 준비 및 작성,0,,772
수원-개인회생-임대차계약서,수원 개인회생 임대차계약서,rehab,수원,서류,필요서류 준비 및 작성,0,,773
수원-개인회생-임대차계약서-준비-방법,수원 개인회생 임대차계약서 준비 방법,rehab,수원,서류,방법·절차 확인,0,,774
수원-개인회생-임대차계약서-제출-방법,수원 개인회생 임대차계약서 제출 방법,rehab,수원,서류,방법·절차 확인,0,,775
수원-개인회생-임대차계약서-누락-시-대응,수원 개인회생 임대차계약서 누락 시 대응,rehab,수원,서류,필요서류 준비 및 작성,0,,776
수원-개인회생-부동산-등기사항증명서,수원 개인회생 부동산 등기사항증명서,rehab,수원,서류,필요서류 준비 및 작성,0,,777
수원-개인회생-부동산-등기사항증명서-준비-방법,수원 개인회생 부동산 등기사항증명서 준비 방법,rehab,수원,서류,방법·절차 확인,0,,778
수원-개인회생-부동산-등기사항증명서-제출-방법,수원 개인회생 부동산 등기사항증명서 제출 방법,rehab,수원,서류,방법·절차 확인,0,,779
수원-개인회생-부동산-등기사항증명서-누락-시-대응,수원 개인회생 부동산 등기사항증명서 누락 시 대응,rehab,수원,서류,필요서류 준비 및 작성,0,,780
수원-개인회생-자동차등록원부,수원 개인회생 자동차등록원부,rehab,수원,서류,필요서류 준비 및 작성,0,,781
수원-개인회생-자동차등록원부-준비-방법,수원 개인회생 자동차등록원부 준비 방법,rehab,수원,서류,방법·절차 확인,0,,782
수원-개인회생-자동차등록원부-제출-방법,수원 개인회생 자동차등록원부 제출 방법,rehab,수원,서류,방법·절차 확인,0,,783
수원-개인회생-자동차등록원부-누락-시-대응,수원 개인회생 자동차등록원부 누락 시 대응,rehab,수원,서류,필요서류 준비 및 작성,0,,784
수원-개인회생-보험가입내역,수원 개인회생 보험가입내역,rehab,수원,서류,필요서류 준비 및 작성,0,,785
수원-개인회생-보험가입내역-준비-방법,수원 개인회생 보험가입내역 준비 방법,rehab,수원,서류,방법·절차 확인,0,,786
수원-개인회생-보험가입내역-제출-방법,수원 개인회생 보험가입내역 제출 방법,rehab,수원,서류,방법·절차 확인,0,,787
수원-개인회생-보험가입내역-누락-시-대응,수원 개인회생 보험가입내역 누락 시 대응,rehab,수원,서류,필요서류 준비 및 작성,0,,788
수원-개인회생-보험-해약환급금-증명서,수원 개인회생 보험 해약환급금 증명서,rehab,수원,서류,필요서류 준비 및 작성,0,,789
수원-개인회생-보험-해약환급금-증명서-준비-방법,수원 개인회생 보험 해약환급금 증명서 준비 방법,rehab,수원,서류,방법·절차 확인,0,,790
수원-개인회생-보험-해약환급금-증명서-제출-방법,수원 개인회생 보험 해약환급금 증명서 제출 방법,rehab,수원,서류,방법·절차 확인,0,,791
수원-개인회생-보험-해약환급금-증명서-누락-시-대응,수원 개인회생 보험 해약환급금 증명서 누락 시 대응,rehab,수원,서류,필요서류 준비 및 작성,0,,792
수원-개인회생-진술서,수원 개인회생 진술서,rehab,수원,서류,필요서류 준비 및 작성,0,,793
수원-개인회생-진술서-준비-방법,수원 개인회생 진술서 준비 방법,rehab,수원,서류,방법·절차 확인,0,,794
수원-개인회생-진술서-제출-방법,수원 개인회생 진술서 제출 방법,rehab,수원,서류,방법·절차 확인,0,,795
수원-개인회생-진술서-누락-시-대응,수원 개인회생 진술서 누락 시 대응,rehab,수원,서류,필요서류 준비 및 작성,0,,796
수원-개인회생-재산목록,수원 개인회생 재산목록,rehab,수원,서류,필요서류 준비 및 작성,0,,797
수원-개인회생-재산목록-준비-방법,수원 개인회생 재산목록 준비 방법,rehab,수원,서류,방법·절차 확인,0,,798
수원-개인회생-재산목록-제출-방법,수원 개인회생 재산목록 제출 방법,rehab,수원,서류,방법·절차 확인,0,,799
수원-개인회생-재산목록-누락-시-대응,수원 개인회생 재산목록 누락 시 대응,rehab,수원,서류,필요서류 준비 및 작성,0,,800
수원-개인회생-보정권고,수원 개인회생 보정권고,rehab,수원,보정,보정 요구 대응,0,,801
수원-개인회생-보정권고-대응-방법,수원 개인회생 보정권고 대응 방법,rehab,수원,보정,방법·절차 확인,0,,802
수원-개인회생-보정권고-제출서류,수원 개인회생 보정권고 제출서류,rehab,수원,보정,서류·증빙 준비,0,,803
수원-개인회생-보정권고-사례,수원 개인회생 보정권고 사례,rehab,수원,보정,사례·경험 탐색,0,,804
수원-개인회생-보정명령,수원 개인회생 보정명령,rehab,수원,보정,보정 요구 대응,0,,805
수원-개인회생-보정명령-대응-방법,수원 개인회생 보정명령 대응 방법,rehab,수원,보정,방법·절차 확인,0,,806
수원-개인회생-보정명령-제출서류,수원 개인회생 보정명령 제출서류,rehab,수원,보정,서류·증빙 준비,0,,807
수원-개인회생-보정명령-사례,수원 개인회생 보정명령 사례,rehab,수원,보정,사례·경험 탐색,0,,808
수원-개인회생-보정서-작성,수원 개인회생 보정서 작성,rehab,수원,보정,보정 요구 대응,0,,809
수원-개인회생-보정서-작성-대응-방법,수원 개인회생 보정서 작성 대응 방법,rehab,수원,보정,방법·절차 확인,0,,810
수원-개인회생-보정서-작성-제출서류,수원 개인회생 보정서 작성 제출서류,rehab,수원,보정,서류·증빙 준비,0,,811
수원-개인회생-보정서-작성-사례,수원 개인회생 보정서 작성 사례,rehab,수원,보정,사례·경험 탐색,0,,812
수원-개인회생-보정기한-연장,수원 개인회생 보정기한 연장,rehab,수원,보정,보정 요구 대응,0,,813
수원-개인회생-보정기한-연장-대응-방법,수원 개인회생 보정기한 연장 대응 방법,rehab,수원,보정,방법·절차 확인,0,,814
수원-개인회생-보정기한-연장-제출서류,수원 개인회생 보정기한 연장 제출서류,rehab,수원,보정,서류·증빙 준비,0,,815
수원-개인회생-보정기한-연장-사례,수원 개인회생 보정기한 연장 사례,rehab,수원,보정,사례·경험 탐색,0,,816
수원-개인회생-소득자료-보정,수원 개인회생 소득자료 보정,rehab,수원,보정,보정 요구 대응,0,,817
수원-개인회생-소득자료-보정-대응-방법,수원 개인회생 소득자료 보정 대응 방법,rehab,수원,보정,방법·절차 확인,0,,818
수원-개인회생-소득자료-보정-제출서류,수원 개인회생 소득자료 보정 제출서류,rehab,수원,보정,서류·증빙 준비,0,,819
수원-개인회생-소득자료-보정-사례,수원 개인회생 소득자료 보정 사례,rehab,수원,보정,사례·경험 탐색,0,,820
수원-개인회생-재산자료-보정,수원 개인회생 재산자료 보정,rehab,수원,보정,보정 요구 대응,0,,821
수원-개인회생-재산자료-보정-대응-방법,수원 개인회생 재산자료 보정 대응 방법,rehab,수원,보정,방법·절차 확인,0,,822
수원-개인회생-재산자료-보정-제출서류,수원 개인회생 재산자료 보정 제출서류,rehab,수원,보정,서류·증빙 준비,0,,823
수원-개인회생-재산자료-보정-사례,수원 개인회생 재산자료 보정 사례,rehab,수원,보정,사례·경험 탐색,0,,824
수원-개인회생-채무증대-경위-보정,수원 개인회생 채무증대 경위 보정,rehab,수원,보정,보정 요구 대응,0,,825
수원-개인회생-채무증대-경위-보정-대응-방법,수원 개인회생 채무증대 경위 보정 대응 방법,rehab,수원,보정,방법·절차 확인,0,,826
수원-개인회생-채무증대-경위-보정-제출서류,수원 개인회생 채무증대 경위 보정 제출서류,rehab,수원,보정,서류·증빙 준비,0,,827
수원-개인회생-채무증대-경위-보정-사례,수원 개인회생 채무증대 경위 보정 사례,rehab,수원,보정,사례·경험 탐색,0,,828
수원-개인회생-최근대출-사용처-보정,수원 개인회생 최근대출 사용처 보정,rehab,수원,보정,보정 요구 대응,0,,829
수원-개인회생-최근대출-사용처-보정-대응-방법,수원 개인회생 최근대출 사용처 보정 대응 방법,rehab,수원,보정,방법·절차 확인,0,,830
수원-개인회생-최근대출-사용처-보정-제출서류,수원 개인회생 최근대출 사용처 보정 제출서류,rehab,수원,보정,서류·증빙 준비,0,,831
수원-개인회생-최근대출-사용처-보정-사례,수원 개인회생 최근대출 사용처 보정 사례,rehab,수원,보정,사례·경험 탐색,0,,832
수원-개인회생-현금인출-내역-보정,수원 개인회생 현금인출 내역 보정,rehab,수원,보정,보정 요구 대응,0,,833
수원-개인회생-현금인출-내역-보정-대응-방법,수원 개인회생 현금인출 내역 보정 대응 방법,rehab,수원,보정,방법·절차 확인,0,,834
수원-개인회생-현금인출-내역-보정-제출서류,수원 개인회생 현금인출 내역 보정 제출서류,rehab,수원,보정,서류·증빙 준비,0,,835
수원-개인회생-현금인출-내역-보정-사례,수원 개인회생 현금인출 내역 보정 사례,rehab,수원,보정,사례·경험 탐색,0,,836
수원-개인회생-가족-간-거래-보정,수원 개인회생 가족 간 거래 보정,rehab,수원,보정,보정 요구 대응,0,,837
수원-개인회생-가족-간-거래-보정-대응-방법,수원 개인회생 가족 간 거래 보정 대응 방법,rehab,수원,보정,방법·절차 확인,0,,838
수원-개인회생-가족-간-거래-보정-제출서류,수원 개인회생 가족 간 거래 보정 제출서류,rehab,수원,보정,서류·증빙 준비,0,,839
수원-개인회생-가족-간-거래-보정-사례,수원 개인회생 가족 간 거래 보정 사례,rehab,수원,보정,사례·경험 탐색,0,,840
수원-개인회생-배우자-재산-보정,수원 개인회생 배우자 재산 보정,rehab,수원,보정,보정 요구 대응,0,,841
수원-개인회생-배우자-재산-보정-대응-방법,수원 개인회생 배우자 재산 보정 대응 방법,rehab,수원,보정,방법·절차 확인,0,,842
수원-개인회생-배우자-재산-보정-제출서류,수원 개인회생 배우자 재산 보정 제출서류,rehab,수원,보정,서류·증빙 준비,0,,843
수원-개인회생-배우자-재산-보정-사례,수원 개인회생 배우자 재산 보정 사례,rehab,수원,보정,사례·경험 탐색,0,,844
수원-개인회생-보험자료-보정,수원 개인회생 보험자료 보정,rehab,수원,보정,보정 요구 대응,0,,845
수원-개인회생-보험자료-보정-대응-방법,수원 개인회생 보험자료 보정 대응 방법,rehab,수원,보정,방법·절차 확인,0,,846
수원-개인회생-보험자료-보정-제출서류,수원 개인회생 보험자료 보정 제출서류,rehab,수원,보정,서류·증빙 준비,0,,847
수원-개인회생-보험자료-보정-사례,수원 개인회생 보험자료 보정 사례,rehab,수원,보정,사례·경험 탐색,0,,848
수원-개인회생-가상자산-거래-보정,수원 개인회생 가상자산 거래 보정,rehab,수원,보정,보정 요구 대응,0,,849
수원-개인회생-가상자산-거래-보정-대응-방법,수원 개인회생 가상자산 거래 보정 대응 방법,rehab,수원,보정,방법·절차 확인,0,,850
수원-개인회생-가상자산-거래-보정-제출서류,수원 개인회생 가상자산 거래 보정 제출서류,rehab,수원,보정,서류·증빙 준비,0,,851
수원-개인회생-가상자산-거래-보정-사례,수원 개인회생 가상자산 거래 보정 사례,rehab,수원,보정,사례·경험 탐색,0,,852
수원-개인회생-주식-거래-보정,수원 개인회생 주식 거래 보정,rehab,수원,보정,보정 요구 대응,0,,853
수원-개인회생-주식-거래-보정-대응-방법,수원 개인회생 주식 거래 보정 대응 방법,rehab,수원,보정,방법·절차 확인,0,,854
수원-개인회생-주식-거래-보정-제출서류,수원 개인회생 주식 거래 보정 제출서류,rehab,수원,보정,서류·증빙 준비,0,,855
수원-개인회생-주식-거래-보정-사례,수원 개인회생 주식 거래 보정 사례,rehab,수원,보정,사례·경험 탐색,0,,856
수원-개인회생-사업경비-보정,수원 개인회생 사업경비 보정,rehab,수원,보정,보정 요구 대응,0,,857
수원-개인회생-사업경비-보정-대응-방법,수원 개인회생 사업경비 보정 대응 방법,rehab,수원,보정,방법·절차 확인,0,,858
수원-개인회생-사업경비-보정-제출서류,수원 개인회생 사업경비 보정 제출서류,rehab,수원,보정,서류·증빙 준비,0,,859
수원-개인회생-사업경비-보정-사례,수원 개인회생 사업경비 보정 사례,rehab,수원,보정,사례·경험 탐색,0,,860
수원-개인회생-부양가족-보정,수원 개인회생 부양가족 보정,rehab,수원,보정,보정 요구 대응,0,,861
수원-개인회생-부양가족-보정-대응-방법,수원 개인회생 부양가족 보정 대응 방법,rehab,수원,보정,방법·절차 확인,0,,862
수원-개인회생-부양가족-보정-제출서류,수원 개인회생 부양가족 보정 제출서류,rehab,수원,보정,서류·증빙 준비,0,,863
수원-개인회생-부양가족-보정-사례,수원 개인회생 부양가족 보정 사례,rehab,수원,보정,사례·경험 탐색,0,,864
수원-개인회생-주거비-보정,수원 개인회생 주거비 보정,rehab,수원,보정,보정 요구 대응,0,,865
수원-개인회생-주거비-보정-대응-방법,수원 개인회생 주거비 보정 대응 방법,rehab,수원,보정,방법·절차 확인,0,,866
수원-개인회생-주거비-보정-제출서류,수원 개인회생 주거비 보정 제출서류,rehab,수원,보정,서류·증빙 준비,0,,867
수원-개인회생-주거비-보정-사례,수원 개인회생 주거비 보정 사례,rehab,수원,보정,사례·경험 탐색,0,,868
수원-개인회생-채권자목록-보정,수원 개인회생 채권자목록 보정,rehab,수원,보정,보정 요구 대응,0,,869
수원-개인회생-채권자목록-보정-대응-방법,수원 개인회생 채권자목록 보정 대응 방법,rehab,수원,보정,방법·절차 확인,0,,870
수원-개인회생-채권자목록-보정-제출서류,수원 개인회생 채권자목록 보정 제출서류,rehab,수원,보정,서류·증빙 준비,0,,871
수원-개인회생-채권자목록-보정-사례,수원 개인회생 채권자목록 보정 사례,rehab,수원,보정,사례·경험 탐색,0,,872
수원-개인회생-변제계획안-보정,수원 개인회생 변제계획안 보정,rehab,수원,보정,보정 요구 대응,0,,873
수원-개인회생-변제계획안-보정-대응-방법,수원 개인회생 변제계획안 보정 대응 방법,rehab,수원,보정,방법·절차 확인,0,,874
수원-개인회생-변제계획안-보정-제출서류,수원 개인회생 변제계획안 보정 제출서류,rehab,수원,보정,서류·증빙 준비,0,,875
수원-개인회생-변제계획안-보정-사례,수원 개인회생 변제계획안 보정 사례,rehab,수원,보정,사례·경험 탐색,0,,876
수원-개인회생-추가-보정,수원 개인회생 추가 보정,rehab,수원,보정,보정 요구 대응,0,,877
수원-개인회생-추가-보정-대응-방법,수원 개인회생 추가 보정 대응 방법,rehab,수원,보정,방법·절차 확인,0,,878
수원-개인회생-추가-보정-제출서류,수원 개인회생 추가 보정 제출서류,rehab,수원,보정,서류·증빙 준비,0,,879
수원-개인회생-추가-보정-사례,수원 개인회생 추가 보정 사례,rehab,수원,보정,사례·경험 탐색,0,,880
수원-개인회생-금지명령-신청,수원 개인회생 금지명령 신청,rehab,수원,금지명령,명령 신청 및 효력 확인,0,,881
수원-개인회생-금지명령-신청-확인사항,수원 개인회생 금지명령 신청 확인사항,rehab,수원,금지명령,명령 신청 및 효력 확인,0,,882
수원-개인회생-금지명령-신청-대응-상담,수원 개인회생 금지명령 신청 대응 상담,rehab,수원,금지명령,상담·서비스 탐색,0,,883
수원-개인회생-금지명령-신청-사례,수원 개인회생 금지명령 신청 사례,rehab,수원,금지명령,사례·경험 탐색,0,,884
수원-개인회생-중지명령-신청,수원 개인회생 중지명령 신청,rehab,수원,금지명령,명령 신청 및 효력 확인,0,,885
수원-개인회생-중지명령-신청-확인사항,수원 개인회생 중지명령 신청 확인사항,rehab,수원,금지명령,명령 신청 및 효력 확인,0,,886
수원-개인회생-중지명령-신청-대응-상담,수원 개인회생 중지명령 신청 대응 상담,rehab,수원,금지명령,상담·서비스 탐색,0,,887
수원-개인회생-중지명령-신청-사례,수원 개인회생 중지명령 신청 사례,rehab,수원,금지명령,사례·경험 탐색,0,,888
수원-개인회생-금지명령-기각,수원 개인회생 금지명령 기각,rehab,수원,금지명령,명령 신청 및 효력 확인,0,,889
수원-개인회생-금지명령-기각-확인사항,수원 개인회생 금지명령 기각 확인사항,rehab,수원,금지명령,명령 신청 및 효력 확인,0,,890
수원-개인회생-금지명령-기각-대응-상담,수원 개인회생 금지명령 기각 대응 상담,rehab,수원,금지명령,상담·서비스 탐색,0,,891
수원-개인회생-금지명령-기각-사례,수원 개인회생 금지명령 기각 사례,rehab,수원,금지명령,사례·경험 탐색,0,,892
수원-개인회생-금지명령-지연,수원 개인회생 금지명령 지연,rehab,수원,금지명령,명령 신청 및 효력 확인,0,,893
수원-개인회생-금지명령-지연-확인사항,수원 개인회생 금지명령 지연 확인사항,rehab,수원,금지명령,명령 신청 및 효력 확인,0,,894
수원-개인회생-금지명령-지연-대응-상담,수원 개인회생 금지명령 지연 대응 상담,rehab,수원,금지명령,상담·서비스 탐색,0,,895
수원-개인회생-금지명령-지연-사례,수원 개인회생 금지명령 지연 사례,rehab,수원,금지명령,사례·경험 탐색,0,,896
수원-개인회생-금지명령-송달,수원 개인회생 금지명령 송달,rehab,수원,금지명령,명령 신청 및 효력 확인,0,,897
수원-개인회생-금지명령-송달-확인사항,수원 개인회생 금지명령 송달 확인사항,rehab,수원,금지명령,명령 신청 및 효력 확인,0,,898
수원-개인회생-금지명령-송달-대응-상담,수원 개인회생 금지명령 송달 대응 상담,rehab,수원,금지명령,상담·서비스 탐색,0,,899
수원-개인회생-금지명령-송달-사례,수원 개인회생 금지명령 송달 사례,rehab,수원,금지명령,사례·경험 탐색,0,,900
수원-개인회생-금지명령-재신청,수원 개인회생 금지명령 재신청,rehab,수원,금지명령,명령 신청 및 효력 확인,0,,901
수원-개인회생-금지명령-재신청-확인사항,수원 개인회생 금지명령 재신청 확인사항,rehab,수원,금지명령,명령 신청 및 효력 확인,0,,902
수원-개인회생-금지명령-재신청-대응-상담,수원 개인회생 금지명령 재신청 대응 상담,rehab,수원,금지명령,상담·서비스 탐색,0,,903
수원-개인회생-금지명령-재신청-사례,수원 개인회생 금지명령 재신청 사례,rehab,수원,금지명령,사례·경험 탐색,0,,904
수원-개인회생-금지명령-효력,수원 개인회생 금지명령 효력,rehab,수원,금지명령,명령 신청 및 효력 확인,0,,905
수원-개인회생-금지명령-효력-확인사항,수원 개인회생 금지명령 효력 확인사항,rehab,수원,금지명령,명령 신청 및 효력 확인,0,,906
수원-개인회생-금지명령-효력-대응-상담,수원 개인회생 금지명령 효력 대응 상담,rehab,수원,금지명령,상담·서비스 탐색,0,,907
수원-개인회생-금지명령-효력-사례,수원 개인회생 금지명령 효력 사례,rehab,수원,금지명령,사례·경험 탐색,0,,908
수원-개인회생-중지명령-효력,수원 개인회생 중지명령 효력,rehab,수원,금지명령,명령 신청 및 효력 확인,0,,909
수원-개인회생-중지명령-효력-확인사항,수원 개인회생 중지명령 효력 확인사항,rehab,수원,금지명령,명령 신청 및 효력 확인,0,,910
수원-개인회생-중지명령-효력-대응-상담,수원 개인회생 중지명령 효력 대응 상담,rehab,수원,금지명령,상담·서비스 탐색,0,,911
수원-개인회생-중지명령-효력-사례,수원 개인회생 중지명령 효력 사례,rehab,수원,금지명령,사례·경험 탐색,0,,912
수원-개인회생-금지명령-후-독촉,수원 개인회생 금지명령 후 독촉,rehab,수원,금지명령,명령 신청 및 효력 확인,0,,913
수원-개인회생-금지명령-후-독촉-확인사항,수원 개인회생 금지명령 후 독촉 확인사항,rehab,수원,금지명령,명령 신청 및 효력 확인,0,,914
수원-개인회생-금지명령-후-독촉-대응-상담,수원 개인회생 금지명령 후 독촉 대응 상담,rehab,수원,금지명령,상담·서비스 탐색,0,,915
수원-개인회생-금지명령-후-독촉-사례,수원 개인회생 금지명령 후 독촉 사례,rehab,수원,금지명령,사례·경험 탐색,0,,916
수원-개인회생-금지명령-후-압류,수원 개인회생 금지명령 후 압류,rehab,수원,금지명령,명령 신청 및 효력 확인,0,,917
수원-개인회생-금지명령-후-압류-확인사항,수원 개인회생 금지명령 후 압류 확인사항,rehab,수원,금지명령,명령 신청 및 효력 확인,0,,918
수원-개인회생-금지명령-후-압류-대응-상담,수원 개인회생 금지명령 후 압류 대응 상담,rehab,수원,금지명령,상담·서비스 탐색,0,,919
수원-개인회생-금지명령-후-압류-사례,수원 개인회생 금지명령 후 압류 사례,rehab,수원,금지명령,사례·경험 탐색,0,,920
수원-개인회생-금지명령-전-추심,수원 개인회생 금지명령 전 추심,rehab,수원,금지명령,명령 신청 및 효력 확인,0,,921
수원-개인회생-금지명령-전-추심-확인사항,수원 개인회생 금지명령 전 추심 확인사항,rehab,수원,금지명령,명령 신청 및 효력 확인,0,,922
수원-개인회생-금지명령-전-추심-대응-상담,수원 개인회생 금지명령 전 추심 대응 상담,rehab,수원,금지명령,상담·서비스 탐색,0,,923
수원-개인회생-금지명령-전-추심-사례,수원 개인회생 금지명령 전 추심 사례,rehab,수원,금지명령,사례·경험 탐색,0,,924
수원-개인회생-금지명령-누락-채권,수원 개인회생 금지명령 누락 채권,rehab,수원,금지명령,명령 신청 및 효력 확인,0,,925
수원-개인회생-금지명령-누락-채권-확인사항,수원 개인회생 금지명령 누락 채권 확인사항,rehab,수원,금지명령,명령 신청 및 효력 확인,0,,926
수원-개인회생-금지명령-누락-채권-대응-상담,수원 개인회생 금지명령 누락 채권 대응 상담,rehab,수원,금지명령,상담·서비스 탐색,0,,927
수원-개인회생-금지명령-누락-채권-사례,수원 개인회생 금지명령 누락 채권 사례,rehab,수원,금지명령,사례·경험 탐색,0,,928
수원-개인회생-금지명령-채권자-추가,수원 개인회생 금지명령 채권자 추가,rehab,수원,금지명령,명령 신청 및 효력 확인,0,,929
수원-개인회생-금지명령-채권자-추가-확인사항,수원 개인회생 금지명령 채권자 추가 확인사항,rehab,수원,금지명령,명령 신청 및 효력 확인,0,,930
수원-개인회생-금지명령-채권자-추가-대응-상담,수원 개인회생 금지명령 채권자 추가 대응 상담,rehab,수원,금지명령,상담·서비스 탐색,0,,931
수원-개인회생-금지명령-채권자-추가-사례,수원 개인회생 금지명령 채권자 추가 사례,rehab,수원,금지명령,사례·경험 탐색,0,,932
수원-개인회생-금지명령-금융회사-통지,수원 개인회생 금지명령 금융회사 통지,rehab,수원,금지명령,명령 신청 및 효력 확인,0,,933
수원-개인회생-금지명령-금융회사-통지-확인사항,수원 개인회생 금지명령 금융회사 통지 확인사항,rehab,수원,금지명령,명령 신청 및 효력 확인,0,,934
수원-개인회생-금지명령-금융회사-통지-대응-상담,수원 개인회생 금지명령 금융회사 통지 대응 상담,rehab,수원,금지명령,상담·서비스 탐색,0,,935
수원-개인회생-금지명령-금융회사-통지-사례,수원 개인회생 금지명령 금융회사 통지 사례,rehab,수원,금지명령,사례·경험 탐색,0,,936
수원-개인회생-중지명령-급여압류,수원 개인회생 중지명령 급여압류,rehab,수원,금지명령,명령 신청 및 효력 확인,0,,937
수원-개인회생-중지명령-급여압류-확인사항,수원 개인회생 중지명령 급여압류 확인사항,rehab,수원,금지명령,명령 신청 및 효력 확인,0,,938
수원-개인회생-중지명령-급여압류-대응-상담,수원 개인회생 중지명령 급여압류 대응 상담,rehab,수원,금지명령,상담·서비스 탐색,0,,939
수원-개인회생-중지명령-급여압류-사례,수원 개인회생 중지명령 급여압류 사례,rehab,수원,금지명령,사례·경험 탐색,0,,940
수원-개인회생-중지명령-통장압류,수원 개인회생 중지명령 통장압류,rehab,수원,금지명령,명령 신청 및 효력 확인,0,,941
수원-개인회생-중지명령-통장압류-확인사항,수원 개인회생 중지명령 통장압류 확인사항,rehab,수원,금지명령,명령 신청 및 효력 확인,0,,942
수원-개인회생-중지명령-통장압류-대응-상담,수원 개인회생 중지명령 통장압류 대응 상담,rehab,수원,금지명령,상담·서비스 탐색,0,,943
수원-개인회생-중지명령-통장압류-사례,수원 개인회생 중지명령 통장압류 사례,rehab,수원,금지명령,사례·경험 탐색,0,,944
수원-개인회생-중지명령-경매,수원 개인회생 중지명령 경매,rehab,수원,금지명령,명령 신청 및 효력 확인,0,,945
수원-개인회생-중지명령-경매-확인사항,수원 개인회생 중지명령 경매 확인사항,rehab,수원,금지명령,명령 신청 및 효력 확인,0,,946
수원-개인회생-중지명령-경매-대응-상담,수원 개인회생 중지명령 경매 대응 상담,rehab,수원,금지명령,상담·서비스 탐색,0,,947
수원-개인회생-중지명령-경매-사례,수원 개인회생 중지명령 경매 사례,rehab,수원,금지명령,사례·경험 탐색,0,,948
수원-개인회생-중지명령-집행사건,수원 개인회생 중지명령 집행사건,rehab,수원,금지명령,명령 신청 및 효력 확인,0,,949
수원-개인회생-중지명령-집행사건-확인사항,수원 개인회생 중지명령 집행사건 확인사항,rehab,수원,금지명령,명령 신청 및 효력 확인,0,,950
수원-개인회생-중지명령-집행사건-대응-상담,수원 개인회생 중지명령 집행사건 대응 상담,rehab,수원,금지명령,상담·서비스 탐색,0,,951
수원-개인회생-중지명령-집행사건-사례,수원 개인회생 중지명령 집행사건 사례,rehab,수원,금지명령,사례·경험 탐색,0,,952
수원-개인회생-재신청-금지명령,수원 개인회생 재신청 금지명령,rehab,수원,금지명령,명령 신청 및 효력 확인,0,,953
수원-개인회생-재신청-금지명령-확인사항,수원 개인회생 재신청 금지명령 확인사항,rehab,수원,금지명령,명령 신청 및 효력 확인,0,,954
수원-개인회생-재신청-금지명령-대응-상담,수원 개인회생 재신청 금지명령 대응 상담,rehab,수원,금지명령,상담·서비스 탐색,0,,955
수원-개인회생-재신청-금지명령-사례,수원 개인회생 재신청 금지명령 사례,rehab,수원,금지명령,사례·경험 탐색,0,,956
수원-개인회생-금지명령-위반,수원 개인회생 금지명령 위반,rehab,수원,금지명령,명령 신청 및 효력 확인,0,,957
수원-개인회생-금지명령-위반-확인사항,수원 개인회생 금지명령 위반 확인사항,rehab,수원,금지명령,명령 신청 및 효력 확인,0,,958
수원-개인회생-금지명령-위반-대응-상담,수원 개인회생 금지명령 위반 대응 상담,rehab,수원,금지명령,상담·서비스 탐색,0,,959
수원-개인회생-금지명령-위반-사례,수원 개인회생 금지명령 위반 사례,rehab,수원,금지명령,사례·경험 탐색,0,,960
수원-개인회생-통장압류,수원 개인회생 통장압류,rehab,수원,압류,압류 대응 및 해제,0,,961
수원-개인회생-통장압류-대응-방법,수원 개인회생 통장압류 대응 방법,rehab,수원,압류,방법·절차 확인,0,,962
수원-개인회생-통장압류-필요서류,수원 개인회생 통장압류 필요서류,rehab,수원,압류,서류·증빙 준비,0,,963
수원-개인회생-통장압류-상담,수원 개인회생 통장압류 상담,rehab,수원,압류,상담·서비스 탐색,0,,964
수원-개인회생-급여압류,수원 개인회생 급여압류,rehab,수원,압류,압류 대응 및 해제,0,,965
수원-개인회생-급여압류-대응-방법,수원 개인회생 급여압류 대응 방법,rehab,수원,압류,방법·절차 확인,0,,966
수원-개인회생-급여압류-필요서류,수원 개인회생 급여압류 필요서류,rehab,수원,압류,서류·증빙 준비,0,,967
수원-개인회생-급여압류-상담,수원 개인회생 급여압류 상담,rehab,수원,압류,상담·서비스 탐색,0,,968
수원-개인회생-퇴직금-압류,수원 개인회생 퇴직금 압류,rehab,수원,압류,압류 대응 및 해제,0,,969
수원-개인회생-퇴직금-압류-대응-방법,수원 개인회생 퇴직금 압류 대응 방법,rehab,수원,압류,방법·절차 확인,0,,970
수원-개인회생-퇴직금-압류-필요서류,수원 개인회생 퇴직금 압류 필요서류,rehab,수원,압류,서류·증빙 준비,0,,971
수원-개인회생-퇴직금-압류-상담,수원 개인회생 퇴직금 압류 상담,rehab,수원,압류,상담·서비스 탐색,0,,972
수원-개인회생-보증금-압류,수원 개인회생 보증금 압류,rehab,수원,압류,압류 대응 및 해제,0,,973
수원-개인회생-보증금-압류-대응-방법,수원 개인회생 보증금 압류 대응 방법,rehab,수원,압류,방법·절차 확인,0,,974
수원-개인회생-보증금-압류-필요서류,수원 개인회생 보증금 압류 필요서류,rehab,수원,압류,서류·증빙 준비,0,,975
수원-개인회생-보증금-압류-상담,수원 개인회생 보증금 압류 상담,rehab,수원,압류,상담·서비스 탐색,0,,976
수원-개인회생-자동차-압류,수원 개인회생 자동차 압류,rehab,수원,압류,압류 대응 및 해제,0,,977
수원-개인회생-자동차-압류-대응-방법,수원 개인회생 자동차 압류 대응 방법,rehab,수원,압류,방법·절차 확인,0,,978
수원-개인회생-자동차-압류-필요서류,수원 개인회생 자동차 압류 필요서류,rehab,수원,압류,서류·증빙 준비,0,,979
수원-개인회생-자동차-압류-상담,수원 개인회생 자동차 압류 상담,rehab,수원,압류,상담·서비스 탐색,0,,980
수원-개인회생-부동산-압류,수원 개인회생 부동산 압류,rehab,수원,압류,압류 대응 및 해제,0,,981
수원-개인회생-부동산-압류-대응-방법,수원 개인회생 부동산 압류 대응 방법,rehab,수원,압류,방법·절차 확인,0,,982
수원-개인회생-부동산-압류-필요서류,수원 개인회생 부동산 압류 필요서류,rehab,수원,압류,서류·증빙 준비,0,,983
수원-개인회생-부동산-압류-상담,수원 개인회생 부동산 압류 상담,rehab,수원,압류,상담·서비스 탐색,0,,984
수원-개인회생-유체동산-압류,수원 개인회생 유체동산 압류,rehab,수원,압류,압류 대응 및 해제,0,,985
수원-개인회생-유체동산-압류-대응-방법,수원 개인회생 유체동산 압류 대응 방법,rehab,수원,압류,방법·절차 확인,0,,986
수원-개인회생-유체동산-압류-필요서류,수원 개인회생 유체동산 압류 필요서류,rehab,수원,압류,서류·증빙 준비,0,,987
수원-개인회생-유체동산-압류-상담,수원 개인회생 유체동산 압류 상담,rehab,수원,압류,상담·서비스 탐색,0,,988
수원-개인회생-매출채권-압류,수원 개인회생 매출채권 압류,rehab,수원,압류,압류 대응 및 해제,0,,989
수원-개인회생-매출채권-압류-대응-방법,수원 개인회생 매출채권 압류 대응 방법,rehab,수원,압류,방법·절차 확인,0,,990
수원-개인회생-매출채권-압류-필요서류,수원 개인회생 매출채권 압류 필요서류,rehab,수원,압류,서류·증빙 준비,0,,991
수원-개인회생-매출채권-압류-상담,수원 개인회생 매출채권 압류 상담,rehab,수원,압류,상담·서비스 탐색,0,,992
수원-개인회생-카드매출-압류,수원 개인회생 카드매출 압류,rehab,수원,압류,압류 대응 및 해제,0,,993
수원-개인회생-카드매출-압류-대응-방법,수원 개인회생 카드매출 압류 대응 방법,rehab,수원,압류,방법·절차 확인,0,,994
수원-개인회생-카드매출-압류-필요서류,수원 개인회생 카드매출 압류 필요서류,rehab,수원,압류,서류·증빙 준비,0,,995
수원-개인회생-카드매출-압류-상담,수원 개인회생 카드매출 압류 상담,rehab,수원,압류,상담·서비스 탐색,0,,996
수원-개인회생-예금-가압류,수원 개인회생 예금 가압류,rehab,수원,압류,압류 대응 및 해제,0,,997
수원-개인회생-예금-가압류-대응-방법,수원 개인회생 예금 가압류 대응 방법,rehab,수원,압류,방법·절차 확인,0,,998
수원-개인회생-예금-가압류-필요서류,수원 개인회생 예금 가압류 필요서류,rehab,수원,압류,서류·증빙 준비,0,,999
수원-개인회생-예금-가압류-상담,수원 개인회생 예금 가압류 상담,rehab,수원,압류,상담·서비스 탐색,0,,1000
수원-개인회생-급여-가압류,수원 개인회생 급여 가압류,rehab,수원,압류,압류 대응 및 해제,0,,1001
수원-개인회생-급여-가압류-대응-방법,수원 개인회생 급여 가압류 대응 방법,rehab,수원,압류,방법·절차 확인,0,,1002
수원-개인회생-급여-가압류-필요서류,수원 개인회생 급여 가압류 필요서류,rehab,수원,압류,서류·증빙 준비,0,,1003
수원-개인회생-급여-가압류-상담,수원 개인회생 급여 가압류 상담,rehab,수원,압류,상담·서비스 탐색,0,,1004
수원-개인회생-압류금지채권,수원 개인회생 압류금지채권,rehab,수원,압류,압류 대응 및 해제,0,,1005
수원-개인회생-압류금지채권-대응-방법,수원 개인회생 압류금지채권 대응 방법,rehab,수원,압류,방법·절차 확인,0,,1006
수원-개인회생-압류금지채권-필요서류,수원 개인회생 압류금지채권 필요서류,rehab,수원,압류,서류·증빙 준비,0,,1007
수원-개인회생-압류금지채권-상담,수원 개인회생 압류금지채권 상담,rehab,수원,압류,상담·서비스 탐색,0,,1008
수원-개인회생-생계비-계좌-압류,수원 개인회생 생계비 계좌 압류,rehab,수원,압류,압류 대응 및 해제,0,,1009
수원-개인회생-생계비-계좌-압류-대응-방법,수원 개인회생 생계비 계좌 압류 대응 방법,rehab,수원,압류,방법·절차 확인,0,,1010
수원-개인회생-생계비-계좌-압류-필요서류,수원 개인회생 생계비 계좌 압류 필요서류,rehab,수원,압류,서류·증빙 준비,0,,1011
수원-개인회생-생계비-계좌-압류-상담,수원 개인회생 생계비 계좌 압류 상담,rehab,수원,압류,상담·서비스 탐색,0,,1012
수원-개인회생-공동명의-재산-압류,수원 개인회생 공동명의 재산 압류,rehab,수원,압류,압류 대응 및 해제,0,,1013
수원-개인회생-공동명의-재산-압류-대응-방법,수원 개인회생 공동명의 재산 압류 대응 방법,rehab,수원,압류,방법·절차 확인,0,,1014
수원-개인회생-공동명의-재산-압류-필요서류,수원 개인회생 공동명의 재산 압류 필요서류,rehab,수원,압류,서류·증빙 준비,0,,1015
수원-개인회생-공동명의-재산-압류-상담,수원 개인회생 공동명의 재산 압류 상담,rehab,수원,압류,상담·서비스 탐색,0,,1016
수원-개인회생-압류계좌-잔액,수원 개인회생 압류계좌 잔액,rehab,수원,압류,압류 대응 및 해제,0,,1017
수원-개인회생-압류계좌-잔액-대응-방법,수원 개인회생 압류계좌 잔액 대응 방법,rehab,수원,압류,방법·절차 확인,0,,1018
수원-개인회생-압류계좌-잔액-필요서류,수원 개인회생 압류계좌 잔액 필요서류,rehab,수원,압류,서류·증빙 준비,0,,1019
수원-개인회생-압류계좌-잔액-상담,수원 개인회생 압류계좌 잔액 상담,rehab,수원,압류,상담·서비스 탐색,0,,1020
수원-개인회생-추심명령,수원 개인회생 추심명령,rehab,수원,압류,압류 대응 및 해제,0,,1021
수원-개인회생-추심명령-대응-방법,수원 개인회생 추심명령 대응 방법,rehab,수원,압류,방법·절차 확인,0,,1022
수원-개인회생-추심명령-필요서류,수원 개인회생 추심명령 필요서류,rehab,수원,압류,서류·증빙 준비,0,,1023
수원-개인회생-추심명령-상담,수원 개인회생 추심명령 상담,rehab,수원,압류,상담·서비스 탐색,0,,1024
수원-개인회생-전부명령,수원 개인회생 전부명령,rehab,수원,압류,압류 대응 및 해제,0,,1025
수원-개인회생-전부명령-대응-방법,수원 개인회생 전부명령 대응 방법,rehab,수원,압류,방법·절차 확인,0,,1026
수원-개인회생-전부명령-필요서류,수원 개인회생 전부명령 필요서류,rehab,수원,압류,서류·증빙 준비,0,,1027
수원-개인회생-전부명령-상담,수원 개인회생 전부명령 상담,rehab,수원,압류,상담·서비스 탐색,0,,1028
수원-개인회생-강제경매,수원 개인회생 강제경매,rehab,수원,압류,압류 대응 및 해제,0,,1029
수원-개인회생-강제경매-대응-방법,수원 개인회생 강제경매 대응 방법,rehab,수원,압류,방법·절차 확인,0,,1030
수원-개인회생-강제경매-필요서류,수원 개인회생 강제경매 필요서류,rehab,수원,압류,서류·증빙 준비,0,,1031
수원-개인회생-강제경매-상담,수원 개인회생 강제경매 상담,rehab,수원,압류,상담·서비스 탐색,0,,1032
수원-개인회생-압류해제-신청,수원 개인회생 압류해제 신청,rehab,수원,압류,압류 대응 및 해제,0,,1033
수원-개인회생-압류해제-신청-대응-방법,수원 개인회생 압류해제 신청 대응 방법,rehab,수원,압류,방법·절차 확인,0,,1034
수원-개인회생-압류해제-신청-필요서류,수원 개인회생 압류해제 신청 필요서류,rehab,수원,압류,서류·증빙 준비,0,,1035
수원-개인회생-압류해제-신청-상담,수원 개인회생 압류해제 신청 상담,rehab,수원,압류,상담·서비스 탐색,0,,1036
수원-개인회생-압류금지채권-범위변경,수원 개인회생 압류금지채권 범위변경,rehab,수원,압류,압류 대응 및 해제,0,,1037
수원-개인회생-압류금지채권-범위변경-대응-방법,수원 개인회생 압류금지채권 범위변경 대응 방법,rehab,수원,압류,방법·절차 확인,0,,1038
수원-개인회생-압류금지채권-범위변경-필요서류,수원 개인회생 압류금지채권 범위변경 필요서류,rehab,수원,압류,서류·증빙 준비,0,,1039
수원-개인회생-압류금지채권-범위변경-상담,수원 개인회생 압류금지채권 범위변경 상담,rehab,수원,압류,상담·서비스 탐색,0,,1040
수원-개인회생-전화-독촉,수원 개인회생 전화 독촉,rehab,수원,추심,독촉 및 추심 대응,0,,1041
수원-개인회생-전화-독촉-대응-방법,수원 개인회생 전화 독촉 대응 방법,rehab,수원,추심,방법·절차 확인,0,,1042
수원-개인회생-전화-독촉-증거-확보,수원 개인회생 전화 독촉 증거 확보,rehab,수원,추심,독촉 및 추심 대응,0,,1043
수원-개인회생-전화-독촉-상담,수원 개인회생 전화 독촉 상담,rehab,수원,추심,상담·서비스 탐색,0,,1044
수원-개인회생-문자-독촉,수원 개인회생 문자 독촉,rehab,수원,추심,독촉 및 추심 대응,0,,1045
수원-개인회생-문자-독촉-대응-방법,수원 개인회생 문자 독촉 대응 방법,rehab,수원,추심,방법·절차 확인,0,,1046
수원-개인회생-문자-독촉-증거-확보,수원 개인회생 문자 독촉 증거 확보,rehab,수원,추심,독촉 및 추심 대응,0,,1047
수원-개인회생-문자-독촉-상담,수원 개인회생 문자 독촉 상담,rehab,수원,추심,상담·서비스 탐색,0,,1048
수원-개인회생-방문-추심,수원 개인회생 방문 추심,rehab,수원,추심,독촉 및 추심 대응,0,,1049
수원-개인회생-방문-추심-대응-방법,수원 개인회생 방문 추심 대응 방법,rehab,수원,추심,방법·절차 확인,0,,1050
수원-개인회생-방문-추심-증거-확보,수원 개인회생 방문 추심 증거 확보,rehab,수원,추심,독촉 및 추심 대응,0,,1051
수원-개인회생-방문-추심-상담,수원 개인회생 방문 추심 상담,rehab,수원,추심,상담·서비스 탐색,0,,1052
수원-개인회생-직장-방문-추심,수원 개인회생 직장 방문 추심,rehab,수원,추심,독촉 및 추심 대응,0,,1053
수원-개인회생-직장-방문-추심-대응-방법,수원 개인회생 직장 방문 추심 대응 방법,rehab,수원,추심,방법·절차 확인,0,,1054
수원-개인회생-직장-방문-추심-증거-확보,수원 개인회생 직장 방문 추심 증거 확보,rehab,수원,추심,독촉 및 추심 대응,0,,1055
수원-개인회생-직장-방문-추심-상담,수원 개인회생 직장 방문 추심 상담,rehab,수원,추심,상담·서비스 탐색,0,,1056
수원-개인회생-가족-연락-추심,수원 개인회생 가족 연락 추심,rehab,수원,추심,독촉 및 추심 대응,0,,1057
수원-개인회생-가족-연락-추심-대응-방법,수원 개인회생 가족 연락 추심 대응 방법,rehab,수원,추심,방법·절차 확인,0,,1058
수원-개인회생-가족-연락-추심-증거-확보,수원 개인회생 가족 연락 추심 증거 확보,rehab,수원,추심,독촉 및 추심 대응,0,,1059
수원-개인회생-가족-연락-추심-상담,수원 개인회생 가족 연락 추심 상담,rehab,수원,추심,상담·서비스 탐색,0,,1060
수원-개인회생-야간-추심,수원 개인회생 야간 추심,rehab,수원,추심,독촉 및 추심 대응,0,,1061
수원-개인회생-야간-추심-대응-방법,수원 개인회생 야간 추심 대응 방법,rehab,수원,추심,방법·절차 확인,0,,1062
수원-개인회생-야간-추심-증거-확보,수원 개인회생 야간 추심 증거 확보,rehab,수원,추심,독촉 및 추심 대응,0,,1063
수원-개인회생-야간-추심-상담,수원 개인회생 야간 추심 상담,rehab,수원,추심,상담·서비스 탐색,0,,1064
수원-개인회생-반복-추심,수원 개인회생 반복 추심,rehab,수원,추심,독촉 및 추심 대응,0,,1065
수원-개인회생-반복-추심-대응-방법,수원 개인회생 반복 추심 대응 방법,rehab,수원,추심,방법·절차 확인,0,,1066
수원-개인회생-반복-추심-증거-확보,수원 개인회생 반복 추심 증거 확보,rehab,수원,추심,독촉 및 추심 대응,0,,1067
수원-개인회생-반복-추심-상담,수원 개인회생 반복 추심 상담,rehab,수원,추심,상담·서비스 탐색,0,,1068
수원-개인회생-불법추심,수원 개인회생 불법추심,rehab,수원,추심,독촉 및 추심 대응,0,,1069
수원-개인회생-불법추심-대응-방법,수원 개인회생 불법추심 대응 방법,rehab,수원,추심,방법·절차 확인,0,,1070
수원-개인회생-불법추심-증거-확보,수원 개인회생 불법추심 증거 확보,rehab,수원,추심,독촉 및 추심 대응,0,,1071
수원-개인회생-불법추심-상담,수원 개인회생 불법추심 상담,rehab,수원,추심,상담·서비스 탐색,0,,1072
수원-개인회생-채권추심-우편,수원 개인회생 채권추심 우편,rehab,수원,추심,독촉 및 추심 대응,0,,1073
수원-개인회생-채권추심-우편-대응-방법,수원 개인회생 채권추심 우편 대응 방법,rehab,수원,추심,방법·절차 확인,0,,1074
수원-개인회생-채권추심-우편-증거-확보,수원 개인회생 채권추심 우편 증거 확보,rehab,수원,추심,독촉 및 추심 대응,0,,1075
수원-개인회생-채권추심-우편-상담,수원 개인회생 채권추심 우편 상담,rehab,수원,추심,상담·서비스 탐색,0,,1076
수원-개인회생-내용증명,수원 개인회생 내용증명,rehab,수원,추심,독촉 및 추심 대응,0,,1077
수원-개인회생-내용증명-대응-방법,수원 개인회생 내용증명 대응 방법,rehab,수원,추심,방법·절차 확인,0,,1078
수원-개인회생-내용증명-증거-확보,수원 개인회생 내용증명 증거 확보,rehab,수원,추심,독촉 및 추심 대응,0,,1079
수원-개인회생-내용증명-상담,수원 개인회생 내용증명 상담,rehab,수원,추심,상담·서비스 탐색,0,,1080
수원-개인회생-지급명령,수원 개인회생 지급명령,rehab,수원,추심,독촉 및 추심 대응,0,,1081
수원-개인회생-지급명령-대응-방법,수원 개인회생 지급명령 대응 방법,rehab,수원,추심,방법·절차 확인,0,,1082
수원-개인회생-지급명령-증거-확보,수원 개인회생 지급명령 증거 확보,rehab,수원,추심,독촉 및 추심 대응,0,,1083
수원-개인회생-지급명령-상담,수원 개인회생 지급명령 상담,rehab,수원,추심,상담·서비스 탐색,0,,1084
수원-개인회생-대여금-소송,수원 개인회생 대여금 소송,rehab,수원,추심,독촉 및 추심 대응,0,,1085
수원-개인회생-대여금-소송-대응-방법,수원 개인회생 대여금 소송 대응 방법,rehab,수원,추심,방법·절차 확인,0,,1086
수원-개인회생-대여금-소송-증거-확보,수원 개인회생 대여금 소송 증거 확보,rehab,수원,추심,독촉 및 추심 대응,0,,1087
수원-개인회생-대여금-소송-상담,수원 개인회생 대여금 소송 상담,rehab,수원,추심,상담·서비스 탐색,0,,1088
수원-개인회생-카드대금-소송,수원 개인회생 카드대금 소송,rehab,수원,추심,독촉 및 추심 대응,0,,1089
수원-개인회생-카드대금-소송-대응-방법,수원 개인회생 카드대금 소송 대응 방법,rehab,수원,추심,방법·절차 확인,0,,1090
수원-개인회생-카드대금-소송-증거-확보,수원 개인회생 카드대금 소송 증거 확보,rehab,수원,추심,독촉 및 추심 대응,0,,1091
수원-개인회생-카드대금-소송-상담,수원 개인회생 카드대금 소송 상담,rehab,수원,추심,상담·서비스 탐색,0,,1092
수원-개인회생-대부업체-추심,수원 개인회생 대부업체 추심,rehab,수원,추심,독촉 및 추심 대응,0,,1093
수원-개인회생-대부업체-추심-대응-방법,수원 개인회생 대부업체 추심 대응 방법,rehab,수원,추심,방법·절차 확인,0,,1094
수원-개인회생-대부업체-추심-증거-확보,수원 개인회생 대부업체 추심 증거 확보,rehab,수원,추심,독촉 및 추심 대응,0,,1095
수원-개인회생-대부업체-추심-상담,수원 개인회생 대부업체 추심 상담,rehab,수원,추심,상담·서비스 탐색,0,,1096
수원-개인회생-추심업체-연락,수원 개인회생 추심업체 연락,rehab,수원,추심,독촉 및 추심 대응,0,,1097
수원-개인회생-추심업체-연락-대응-방법,수원 개인회생 추심업체 연락 대응 방법,rehab,수원,추심,방법·절차 확인,0,,1098
수원-개인회생-추심업체-연락-증거-확보,수원 개인회생 추심업체 연락 증거 확보,rehab,수원,추심,독촉 및 추심 대응,0,,1099
수원-개인회생-추심업체-연락-상담,수원 개인회생 추심업체 연락 상담,rehab,수원,추심,상담·서비스 탐색,0,,1100
수원-개인회생-채권양도-통지,수원 개인회생 채권양도 통지,rehab,수원,추심,독촉 및 추심 대응,0,,1101
수원-개인회생-채권양도-통지-대응-방법,수원 개인회생 채권양도 통지 대응 방법,rehab,수원,추심,방법·절차 확인,0,,1102
수원-개인회생-채권양도-통지-증거-확보,수원 개인회생 채권양도 통지 증거 확보,rehab,수원,추심,독촉 및 추심 대응,0,,1103
수원-개인회생-채권양도-통지-상담,수원 개인회생 채권양도 통지 상담,rehab,수원,추심,상담·서비스 탐색,0,,1104
수원-개인회생-보증인-추심,수원 개인회생 보증인 추심,rehab,수원,추심,독촉 및 추심 대응,0,,1105
수원-개인회생-보증인-추심-대응-방법,수원 개인회생 보증인 추심 대응 방법,rehab,수원,추심,방법·절차 확인,0,,1106
수원-개인회생-보증인-추심-증거-확보,수원 개인회생 보증인 추심 증거 확보,rehab,수원,추심,독촉 및 추심 대응,0,,1107
수원-개인회생-보증인-추심-상담,수원 개인회생 보증인 추심 상담,rehab,수원,추심,상담·서비스 탐색,0,,1108
수원-개인회생-인가-후-추심,수원 개인회생 인가 후 추심,rehab,수원,추심,독촉 및 추심 대응,0,,1109
수원-개인회생-인가-후-추심-대응-방법,수원 개인회생 인가 후 추심 대응 방법,rehab,수원,추심,방법·절차 확인,0,,1110
수원-개인회생-인가-후-추심-증거-확보,수원 개인회생 인가 후 추심 증거 확보,rehab,수원,추심,독촉 및 추심 대응,0,,1111
수원-개인회생-인가-후-추심-상담,수원 개인회생 인가 후 추심 상담,rehab,수원,추심,상담·서비스 탐색,0,,1112
수원-개인회생-접수-후-독촉,수원 개인회생 접수 후 독촉,rehab,수원,추심,독촉 및 추심 대응,0,,1113
수원-개인회생-접수-후-독촉-대응-방법,수원 개인회생 접수 후 독촉 대응 방법,rehab,수원,추심,방법·절차 확인,0,,1114
수원-개인회생-접수-후-독촉-증거-확보,수원 개인회생 접수 후 독촉 증거 확보,rehab,수원,추심,독촉 및 추심 대응,0,,1115
수원-개인회생-접수-후-독촉-상담,수원 개인회생 접수 후 독촉 상담,rehab,수원,추심,상담·서비스 탐색,0,,1116
수원-개인회생-면책-후-독촉,수원 개인회생 면책 후 독촉,rehab,수원,추심,독촉 및 추심 대응,0,,1117
수원-개인회생-면책-후-독촉-대응-방법,수원 개인회생 면책 후 독촉 대응 방법,rehab,수원,추심,방법·절차 확인,0,,1118
수원-개인회생-면책-후-독촉-증거-확보,수원 개인회생 면책 후 독촉 증거 확보,rehab,수원,추심,독촉 및 추심 대응,0,,1119
수원-개인회생-면책-후-독촉-상담,수원 개인회생 면책 후 독촉 상담,rehab,수원,추심,상담·서비스 탐색,0,,1120
수원-개인회생-신청-직전-대출,수원 개인회생 신청 직전 대출,rehab,수원,최근대출,최근 차입 심사 쟁점 확인,0,,1121
수원-개인회생-신청-직전-대출-심사-쟁점,수원 개인회생 신청 직전 대출 심사 쟁점,rehab,수원,최근대출,최근 차입 심사 쟁점 확인,0,,1122
수원-개인회생-신청-직전-대출-소명자료,수원 개인회생 신청 직전 대출 소명자료,rehab,수원,최근대출,서류·증빙 준비,0,,1123
수원-개인회생-신청-직전-대출-상담,수원 개인회생 신청 직전 대출 상담,rehab,수원,최근대출,상담·서비스 탐색,0,,1124
수원-개인회생-1개월-이내-대출,수원 개인회생 1개월 이내 대출,rehab,수원,최근대출,최근 차입 심사 쟁점 확인,0,,1125
수원-개인회생-1개월-이내-대출-심사-쟁점,수원 개인회생 1개월 이내 대출 심사 쟁점,rehab,수원,최근대출,최근 차입 심사 쟁점 확인,0,,1126
수원-개인회생-1개월-이내-대출-소명자료,수원 개인회생 1개월 이내 대출 소명자료,rehab,수원,최근대출,서류·증빙 준비,0,,1127
수원-개인회생-1개월-이내-대출-상담,수원 개인회생 1개월 이내 대출 상담,rehab,수원,최근대출,상담·서비스 탐색,0,,1128
수원-개인회생-3개월-이내-대출,수원 개인회생 3개월 이내 대출,rehab,수원,최근대출,최근 차입 심사 쟁점 확인,0,,1129
수원-개인회생-3개월-이내-대출-심사-쟁점,수원 개인회생 3개월 이내 대출 심사 쟁점,rehab,수원,최근대출,최근 차입 심사 쟁점 확인,0,,1130
수원-개인회생-3개월-이내-대출-소명자료,수원 개인회생 3개월 이내 대출 소명자료,rehab,수원,최근대출,서류·증빙 준비,0,,1131
수원-개인회생-3개월-이내-대출-상담,수원 개인회생 3개월 이내 대출 상담,rehab,수원,최근대출,상담·서비스 탐색,0,,1132
수원-개인회생-6개월-이내-대출,수원 개인회생 6개월 이내 대출,rehab,수원,최근대출,최근 차입 심사 쟁점 확인,0,,1133
수원-개인회생-6개월-이내-대출-심사-쟁점,수원 개인회생 6개월 이내 대출 심사 쟁점,rehab,수원,최근대출,최근 차입 심사 쟁점 확인,0,,1134
수원-개인회생-6개월-이내-대출-소명자료,수원 개인회생 6개월 이내 대출 소명자료,rehab,수원,최근대출,서류·증빙 준비,0,,1135
수원-개인회생-6개월-이내-대출-상담,수원 개인회생 6개월 이내 대출 상담,rehab,수원,최근대출,상담·서비스 탐색,0,,1136
수원-개인회생-1년-이내-대출,수원 개인회생 1년 이내 대출,rehab,수원,최근대출,최근 차입 심사 쟁점 확인,0,,1137
수원-개인회생-1년-이내-대출-심사-쟁점,수원 개인회생 1년 이내 대출 심사 쟁점,rehab,수원,최근대출,최근 차입 심사 쟁점 확인,0,,1138
수원-개인회생-1년-이내-대출-소명자료,수원 개인회생 1년 이내 대출 소명자료,rehab,수원,최근대출,서류·증빙 준비,0,,1139
수원-개인회생-1년-이내-대출-상담,수원 개인회생 1년 이내 대출 상담,rehab,수원,최근대출,상담·서비스 탐색,0,,1140
수원-개인회생-최근-카드론,수원 개인회생 최근 카드론,rehab,수원,최근대출,최근 차입 심사 쟁점 확인,0,,1141
수원-개인회생-최근-카드론-심사-쟁점,수원 개인회생 최근 카드론 심사 쟁점,rehab,수원,최근대출,최근 차입 심사 쟁점 확인,0,,1142
수원-개인회생-최근-카드론-소명자료,수원 개인회생 최근 카드론 소명자료,rehab,수원,최근대출,서류·증빙 준비,0,,1143
수원-개인회생-최근-카드론-상담,수원 개인회생 최근 카드론 상담,rehab,수원,최근대출,상담·서비스 탐색,0,,1144
수원-개인회생-최근-현금서비스,수원 개인회생 최근 현금서비스,rehab,수원,최근대출,최근 차입 심사 쟁점 확인,0,,1145
수원-개인회생-최근-현금서비스-심사-쟁점,수원 개인회생 최근 현금서비스 심사 쟁점,rehab,수원,최근대출,최근 차입 심사 쟁점 확인,0,,1146
수원-개인회생-최근-현금서비스-소명자료,수원 개인회생 최근 현금서비스 소명자료,rehab,수원,최근대출,서류·증빙 준비,0,,1147
수원-개인회생-최근-현금서비스-상담,수원 개인회생 최근 현금서비스 상담,rehab,수원,최근대출,상담·서비스 탐색,0,,1148
수원-개인회생-최근-대부업-대출,수원 개인회생 최근 대부업 대출,rehab,수원,최근대출,최근 차입 심사 쟁점 확인,0,,1149
수원-개인회생-최근-대부업-대출-심사-쟁점,수원 개인회생 최근 대부업 대출 심사 쟁점,rehab,수원,최근대출,최근 차입 심사 쟁점 확인,0,,1150
수원-개인회생-최근-대부업-대출-소명자료,수원 개인회생 최근 대부업 대출 소명자료,rehab,수원,최근대출,서류·증빙 준비,0,,1151
수원-개인회생-최근-대부업-대출-상담,수원 개인회생 최근 대부업 대출 상담,rehab,수원,최근대출,상담·서비스 탐색,0,,1152
수원-개인회생-최근-생활비-대출,수원 개인회생 최근 생활비 대출,rehab,수원,최근대출,최근 차입 심사 쟁점 확인,0,,1153
수원-개인회생-최근-생활비-대출-심사-쟁점,수원 개인회생 최근 생활비 대출 심사 쟁점,rehab,수원,최근대출,최근 차입 심사 쟁점 확인,0,,1154
수원-개인회생-최근-생활비-대출-소명자료,수원 개인회생 최근 생활비 대출 소명자료,rehab,수원,최근대출,서류·증빙 준비,0,,1155
수원-개인회생-최근-생활비-대출-상담,수원 개인회생 최근 생활비 대출 상담,rehab,수원,최근대출,상담·서비스 탐색,0,,1156
수원-개인회생-최근-사업자금-대출,수원 개인회생 최근 사업자금 대출,rehab,수원,최근대출,최근 차입 심사 쟁점 확인,0,,1157
수원-개인회생-최근-사업자금-대출-심사-쟁점,수원 개인회생 최근 사업자금 대출 심사 쟁점,rehab,수원,최근대출,최근 차입 심사 쟁점 확인,0,,1158
수원-개인회생-최근-사업자금-대출-소명자료,수원 개인회생 최근 사업자금 대출 소명자료,rehab,수원,최근대출,서류·증빙 준비,0,,1159
수원-개인회생-최근-사업자금-대출-상담,수원 개인회생 최근 사업자금 대출 상담,rehab,수원,최근대출,상담·서비스 탐색,0,,1160
수원-개인회생-최근-돌려막기,수원 개인회생 최근 돌려막기,rehab,수원,최근대출,최근 차입 심사 쟁점 확인,0,,1161
수원-개인회생-최근-돌려막기-심사-쟁점,수원 개인회생 최근 돌려막기 심사 쟁점,rehab,수원,최근대출,최근 차입 심사 쟁점 확인,0,,1162
수원-개인회생-최근-돌려막기-소명자료,수원 개인회생 최근 돌려막기 소명자료,rehab,수원,최근대출,서류·증빙 준비,0,,1163
수원-개인회생-최근-돌려막기-상담,수원 개인회생 최근 돌려막기 상담,rehab,수원,최근대출,상담·서비스 탐색,0,,1164
수원-개인회생-최근-대환대출,수원 개인회생 최근 대환대출,rehab,수원,최근대출,최근 차입 심사 쟁점 확인,0,,1165
수원-개인회생-최근-대환대출-심사-쟁점,수원 개인회생 최근 대환대출 심사 쟁점,rehab,수원,최근대출,최근 차입 심사 쟁점 확인,0,,1166
수원-개인회생-최근-대환대출-소명자료,수원 개인회생 최근 대환대출 소명자료,rehab,수원,최근대출,서류·증빙 준비,0,,1167
수원-개인회생-최근-대환대출-상담,수원 개인회생 최근 대환대출 상담,rehab,수원,최근대출,상담·서비스 탐색,0,,1168
수원-개인회생-최근-가족-송금,수원 개인회생 최근 가족 송금,rehab,수원,최근대출,최근 차입 심사 쟁점 확인,0,,1169
수원-개인회생-최근-가족-송금-심사-쟁점,수원 개인회생 최근 가족 송금 심사 쟁점,rehab,수원,최근대출,최근 차입 심사 쟁점 확인,0,,1170
수원-개인회생-최근-가족-송금-소명자료,수원 개인회생 최근 가족 송금 소명자료,rehab,수원,최근대출,서류·증빙 준비,0,,1171
수원-개인회생-최근-가족-송금-상담,수원 개인회생 최근 가족 송금 상담,rehab,수원,최근대출,상담·서비스 탐색,0,,1172
수원-개인회생-최근-고액-인출,수원 개인회생 최근 고액 인출,rehab,수원,최근대출,최근 차입 심사 쟁점 확인,0,,1173
수원-개인회생-최근-고액-인출-심사-쟁점,수원 개인회생 최근 고액 인출 심사 쟁점,rehab,수원,최근대출,최근 차입 심사 쟁점 확인,0,,1174
수원-개인회생-최근-고액-인출-소명자료,수원 개인회생 최근 고액 인출 소명자료,rehab,수원,최근대출,서류·증빙 준비,0,,1175
수원-개인회생-최근-고액-인출-상담,수원 개인회생 최근 고액 인출 상담,rehab,수원,최근대출,상담·서비스 탐색,0,,1176
수원-개인회생-최근-카드-사용,수원 개인회생 최근 카드 사용,rehab,수원,최근대출,최근 차입 심사 쟁점 확인,0,,1177
수원-개인회생-최근-카드-사용-심사-쟁점,수원 개인회생 최근 카드 사용 심사 쟁점,rehab,수원,최근대출,최근 차입 심사 쟁점 확인,0,,1178
수원-개인회생-최근-카드-사용-소명자료,수원 개인회생 최근 카드 사용 소명자료,rehab,수원,최근대출,서류·증빙 준비,0,,1179
수원-개인회생-최근-카드-사용-상담,수원 개인회생 최근 카드 사용 상담,rehab,수원,최근대출,상담·서비스 탐색,0,,1180
수원-개인회생-최근-할부-구매,수원 개인회생 최근 할부 구매,rehab,수원,최근대출,최근 차입 심사 쟁점 확인,0,,1181
수원-개인회생-최근-할부-구매-심사-쟁점,수원 개인회생 최근 할부 구매 심사 쟁점,rehab,수원,최근대출,최근 차입 심사 쟁점 확인,0,,1182
수원-개인회생-최근-할부-구매-소명자료,수원 개인회생 최근 할부 구매 소명자료,rehab,수원,최근대출,서류·증빙 준비,0,,1183
수원-개인회생-최근-할부-구매-상담,수원 개인회생 최근 할부 구매 상담,rehab,수원,최근대출,상담·서비스 탐색,0,,1184
수원-개인회생-최근-차량-구입-대출,수원 개인회생 최근 차량 구입 대출,rehab,수원,최근대출,최근 차입 심사 쟁점 확인,0,,1185
수원-개인회생-최근-차량-구입-대출-심사-쟁점,수원 개인회생 최근 차량 구입 대출 심사 쟁점,rehab,수원,최근대출,최근 차입 심사 쟁점 확인,0,,1186
수원-개인회생-최근-차량-구입-대출-소명자료,수원 개인회생 최근 차량 구입 대출 소명자료,rehab,수원,최근대출,서류·증빙 준비,0,,1187
수원-개인회생-최근-차량-구입-대출-상담,수원 개인회생 최근 차량 구입 대출 상담,rehab,수원,최근대출,상담·서비스 탐색,0,,1188
수원-개인회생-최근-보증금-대출,수원 개인회생 최근 보증금 대출,rehab,수원,최근대출,최근 차입 심사 쟁점 확인,0,,1189
수원-개인회생-최근-보증금-대출-심사-쟁점,수원 개인회생 최근 보증금 대출 심사 쟁점,rehab,수원,최근대출,최근 차입 심사 쟁점 확인,0,,1190
수원-개인회생-최근-보증금-대출-소명자료,수원 개인회생 최근 보증금 대출 소명자료,rehab,수원,최근대출,서류·증빙 준비,0,,1191
수원-개인회생-최근-보증금-대출-상담,수원 개인회생 최근 보증금 대출 상담,rehab,수원,최근대출,상담·서비스 탐색,0,,1192
수원-개인회생-최근-투자금-대출,수원 개인회생 최근 투자금 대출,rehab,수원,최근대출,최근 차입 심사 쟁점 확인,0,,1193
수원-개인회생-최근-투자금-대출-심사-쟁점,수원 개인회생 최근 투자금 대출 심사 쟁점,rehab,수원,최근대출,최근 차입 심사 쟁점 확인,0,,1194
수원-개인회생-최근-투자금-대출-소명자료,수원 개인회생 최근 투자금 대출 소명자료,rehab,수원,최근대출,서류·증빙 준비,0,,1195
수원-개인회생-최근-투자금-대출-상담,수원 개인회생 최근 투자금 대출 상담,rehab,수원,최근대출,상담·서비스 탐색,0,,1196
수원-개인회생-최근-병원비-대출,수원 개인회생 최근 병원비 대출,rehab,수원,최근대출,최근 차입 심사 쟁점 확인,0,,1197
수원-개인회생-최근-병원비-대출-심사-쟁점,수원 개인회생 최근 병원비 대출 심사 쟁점,rehab,수원,최근대출,최근 차입 심사 쟁점 확인,0,,1198
수원-개인회생-최근-병원비-대출-소명자료,수원 개인회생 최근 병원비 대출 소명자료,rehab,수원,최근대출,서류·증빙 준비,0,,1199
수원-개인회생-최근-병원비-대출-상담,수원 개인회생 최근 병원비 대출 상담,rehab,수원,최근대출,상담·서비스 탐색,0,,1200
수원-개인회생-주식빚,수원 개인회생 주식빚,rehab,수원,주식·코인,투자 손실 채무 검토,0,,1201
수원-개인회생-주식빚-심사-쟁점,수원 개인회생 주식빚 심사 쟁점,rehab,수원,주식·코인,투자 손실 채무 검토,0,,1202
수원-개인회생-주식빚-소명-방법,수원 개인회생 주식빚 소명 방법,rehab,수원,주식·코인,서류·증빙 준비,0,,1203
수원-개인회생-주식빚-상담,수원 개인회생 주식빚 상담,rehab,수원,주식·코인,상담·서비스 탐색,0,,1204
수원-개인회생-코인빚,수원 개인회생 코인빚,rehab,수원,주식·코인,투자 손실 채무 검토,0,,1205
수원-개인회생-코인빚-심사-쟁점,수원 개인회생 코인빚 심사 쟁점,rehab,수원,주식·코인,투자 손실 채무 검토,0,,1206
수원-개인회생-코인빚-소명-방법,수원 개인회생 코인빚 소명 방법,rehab,수원,주식·코인,서류·증빙 준비,0,,1207
수원-개인회생-코인빚-상담,수원 개인회생 코인빚 상담,rehab,수원,주식·코인,상담·서비스 탐색,0,,1208
수원-개인회생-해외주식-손실,수원 개인회생 해외주식 손실,rehab,수원,주식·코인,투자 손실 채무 검토,0,,1209
수원-개인회생-해외주식-손실-심사-쟁점,수원 개인회생 해외주식 손실 심사 쟁점,rehab,수원,주식·코인,투자 손실 채무 검토,0,,1210
수원-개인회생-해외주식-손실-소명-방법,수원 개인회생 해외주식 손실 소명 방법,rehab,수원,주식·코인,서류·증빙 준비,0,,1211
수원-개인회생-해외주식-손실-상담,수원 개인회생 해외주식 손실 상담,rehab,수원,주식·코인,상담·서비스 탐색,0,,1212
수원-개인회생-국내주식-손실,수원 개인회생 국내주식 손실,rehab,수원,주식·코인,투자 손실 채무 검토,0,,1213
수원-개인회생-국내주식-손실-심사-쟁점,수원 개인회생 국내주식 손실 심사 쟁점,rehab,수원,주식·코인,투자 손실 채무 검토,0,,1214
수원-개인회생-국내주식-손실-소명-방법,수원 개인회생 국내주식 손실 소명 방법,rehab,수원,주식·코인,서류·증빙 준비,0,,1215
수원-개인회생-국내주식-손실-상담,수원 개인회생 국내주식 손실 상담,rehab,수원,주식·코인,상담·서비스 탐색,0,,1216
수원-개인회생-주식-미수거래,수원 개인회생 주식 미수거래,rehab,수원,주식·코인,투자 손실 채무 검토,0,,1217
수원-개인회생-주식-미수거래-심사-쟁점,수원 개인회생 주식 미수거래 심사 쟁점,rehab,수원,주식·코인,투자 손실 채무 검토,0,,1218
수원-개인회생-주식-미수거래-소명-방법,수원 개인회생 주식 미수거래 소명 방법,rehab,수원,주식·코인,서류·증빙 준비,0,,1219
수원-개인회생-주식-미수거래-상담,수원 개인회생 주식 미수거래 상담,rehab,수원,주식·코인,상담·서비스 탐색,0,,1220
수원-개인회생-주식-신용거래,수원 개인회생 주식 신용거래,rehab,수원,주식·코인,투자 손실 채무 검토,0,,1221
수원-개인회생-주식-신용거래-심사-쟁점,수원 개인회생 주식 신용거래 심사 쟁점,rehab,수원,주식·코인,투자 손실 채무 검토,0,,1222
수원-개인회생-주식-신용거래-소명-방법,수원 개인회생 주식 신용거래 소명 방법,rehab,수원,주식·코인,서류·증빙 준비,0,,1223
수원-개인회생-주식-신용거래-상담,수원 개인회생 주식 신용거래 상담,rehab,수원,주식·코인,상담·서비스 탐색,0,,1224
수원-개인회생-선물거래-손실,수원 개인회생 선물거래 손실,rehab,수원,주식·코인,투자 손실 채무 검토,0,,1225
수원-개인회생-선물거래-손실-심사-쟁점,수원 개인회생 선물거래 손실 심사 쟁점,rehab,수원,주식·코인,투자 손실 채무 검토,0,,1226
수원-개인회생-선물거래-손실-소명-방법,수원 개인회생 선물거래 손실 소명 방법,rehab,수원,주식·코인,서류·증빙 준비,0,,1227
수원-개인회생-선물거래-손실-상담,수원 개인회생 선물거래 손실 상담,rehab,수원,주식·코인,상담·서비스 탐색,0,,1228
수원-개인회생-옵션거래-손실,수원 개인회생 옵션거래 손실,rehab,수원,주식·코인,투자 손실 채무 검토,0,,1229
수원-개인회생-옵션거래-손실-심사-쟁점,수원 개인회생 옵션거래 손실 심사 쟁점,rehab,수원,주식·코인,투자 손실 채무 검토,0,,1230
수원-개인회생-옵션거래-손실-소명-방법,수원 개인회생 옵션거래 손실 소명 방법,rehab,수원,주식·코인,서류·증빙 준비,0,,1231
수원-개인회생-옵션거래-손실-상담,수원 개인회생 옵션거래 손실 상담,rehab,수원,주식·코인,상담·서비스 탐색,0,,1232
수원-개인회생-가상자산-선물-손실,수원 개인회생 가상자산 선물 손실,rehab,수원,주식·코인,투자 손실 채무 검토,0,,1233
수원-개인회생-가상자산-선물-손실-심사-쟁점,수원 개인회생 가상자산 선물 손실 심사 쟁점,rehab,수원,주식·코인,투자 손실 채무 검토,0,,1234
수원-개인회생-가상자산-선물-손실-소명-방법,수원 개인회생 가상자산 선물 손실 소명 방법,rehab,수원,주식·코인,서류·증빙 준비,0,,1235
수원-개인회생-가상자산-선물-손실-상담,수원 개인회생 가상자산 선물 손실 상담,rehab,수원,주식·코인,상담·서비스 탐색,0,,1236
수원-개인회생-레버리지-투자-손실,수원 개인회생 레버리지 투자 손실,rehab,수원,주식·코인,투자 손실 채무 검토,0,,1237
수원-개인회생-레버리지-투자-손실-심사-쟁점,수원 개인회생 레버리지 투자 손실 심사 쟁점,rehab,수원,주식·코인,투자 손실 채무 검토,0,,1238
수원-개인회생-레버리지-투자-손실-소명-방법,수원 개인회생 레버리지 투자 손실 소명 방법,rehab,수원,주식·코인,서류·증빙 준비,0,,1239
수원-개인회생-레버리지-투자-손실-상담,수원 개인회생 레버리지 투자 손실 상담,rehab,수원,주식·코인,상담·서비스 탐색,0,,1240
수원-개인회생-투자대출,수원 개인회생 투자대출,rehab,수원,주식·코인,투자 손실 채무 검토,0,,1241
수원-개인회생-투자대출-심사-쟁점,수원 개인회생 투자대출 심사 쟁점,rehab,수원,주식·코인,투자 손실 채무 검토,0,,1242
수원-개인회생-투자대출-소명-방법,수원 개인회생 투자대출 소명 방법,rehab,수원,주식·코인,서류·증빙 준비,0,,1243
수원-개인회생-투자대출-상담,수원 개인회생 투자대출 상담,rehab,수원,주식·코인,상담·서비스 탐색,0,,1244
수원-개인회생-투자사기-피해-채무,수원 개인회생 투자사기 피해 채무,rehab,수원,주식·코인,투자 손실 채무 검토,0,,1245
수원-개인회생-투자사기-피해-채무-심사-쟁점,수원 개인회생 투자사기 피해 채무 심사 쟁점,rehab,수원,주식·코인,투자 손실 채무 검토,0,,1246
수원-개인회생-투자사기-피해-채무-소명-방법,수원 개인회생 투자사기 피해 채무 소명 방법,rehab,수원,주식·코인,서류·증빙 준비,0,,1247
수원-개인회생-투자사기-피해-채무-상담,수원 개인회생 투자사기 피해 채무 상담,rehab,수원,주식·코인,상담·서비스 탐색,0,,1248
수원-개인회생-비상장주식-손실,수원 개인회생 비상장주식 손실,rehab,수원,주식·코인,투자 손실 채무 검토,0,,1249
수원-개인회생-비상장주식-손실-심사-쟁점,수원 개인회생 비상장주식 손실 심사 쟁점,rehab,수원,주식·코인,투자 손실 채무 검토,0,,1250
수원-개인회생-비상장주식-손실-소명-방법,수원 개인회생 비상장주식 손실 소명 방법,rehab,수원,주식·코인,서류·증빙 준비,0,,1251
수원-개인회생-비상장주식-손실-상담,수원 개인회생 비상장주식 손실 상담,rehab,수원,주식·코인,상담·서비스 탐색,0,,1252
수원-개인회생-상장폐지-종목-손실,수원 개인회생 상장폐지 종목 손실,rehab,수원,주식·코인,투자 손실 채무 검토,0,,1253
수원-개인회생-상장폐지-종목-손실-심사-쟁점,수원 개인회생 상장폐지 종목 손실 심사 쟁점,rehab,수원,주식·코인,투자 손실 채무 검토,0,,1254
수원-개인회생-상장폐지-종목-손실-소명-방법,수원 개인회생 상장폐지 종목 손실 소명 방법,rehab,수원,주식·코인,서류·증빙 준비,0,,1255
수원-개인회생-상장폐지-종목-손실-상담,수원 개인회생 상장폐지 종목 손실 상담,rehab,수원,주식·코인,상담·서비스 탐색,0,,1256
수원-개인회생-가상자산-상장폐지-손실,수원 개인회생 가상자산 상장폐지 손실,rehab,수원,주식·코인,투자 손실 채무 검토,0,,1257
수원-개인회생-가상자산-상장폐지-손실-심사-쟁점,수원 개인회생 가상자산 상장폐지 손실 심사 쟁점,rehab,수원,주식·코인,투자 손실 채무 검토,0,,1258
수원-개인회생-가상자산-상장폐지-손실-소명-방법,수원 개인회생 가상자산 상장폐지 손실 소명 방법,rehab,수원,주식·코인,서류·증빙 준비,0,,1259
수원-개인회생-가상자산-상장폐지-손실-상담,수원 개인회생 가상자산 상장폐지 손실 상담,rehab,수원,주식·코인,상담·서비스 탐색,0,,1260
수원-개인회생-거래소-출금내역,수원 개인회생 거래소 출금내역,rehab,수원,주식·코인,투자 손실 채무 검토,0,,1261
수원-개인회생-거래소-출금내역-심사-쟁점,수원 개인회생 거래소 출금내역 심사 쟁점,rehab,수원,주식·코인,투자 손실 채무 검토,0,,1262
수원-개인회생-거래소-출금내역-소명-방법,수원 개인회생 거래소 출금내역 소명 방법,rehab,수원,주식·코인,서류·증빙 준비,0,,1263
수원-개인회생-거래소-출금내역-상담,수원 개인회생 거래소 출금내역 상담,rehab,수원,주식·코인,상담·서비스 탐색,0,,1264
수원-개인회생-증권계좌-거래내역,수원 개인회생 증권계좌 거래내역,rehab,수원,주식·코인,투자 손실 채무 검토,0,,1265
수원-개인회생-증권계좌-거래내역-심사-쟁점,수원 개인회생 증권계좌 거래내역 심사 쟁점,rehab,수원,주식·코인,투자 손실 채무 검토,0,,1266
수원-개인회생-증권계좌-거래내역-소명-방법,수원 개인회생 증권계좌 거래내역 소명 방법,rehab,수원,주식·코인,서류·증빙 준비,0,,1267
수원-개인회생-증권계좌-거래내역-상담,수원 개인회생 증권계좌 거래내역 상담,rehab,수원,주식·코인,상담·서비스 탐색,0,,1268
수원-개인회생-가상자산-거래내역,수원 개인회생 가상자산 거래내역,rehab,수원,주식·코인,투자 손실 채무 검토,0,,1269
수원-개인회생-가상자산-거래내역-심사-쟁점,수원 개인회생 가상자산 거래내역 심사 쟁점,rehab,수원,주식·코인,투자 손실 채무 검토,0,,1270
수원-개인회생-가상자산-거래내역-소명-방법,수원 개인회생 가상자산 거래내역 소명 방법,rehab,수원,주식·코인,서류·증빙 준비,0,,1271
수원-개인회생-가상자산-거래내역-상담,수원 개인회생 가상자산 거래내역 상담,rehab,수원,주식·코인,상담·서비스 탐색,0,,1272
수원-개인회생-투자금-사용처,수원 개인회생 투자금 사용처,rehab,수원,주식·코인,투자 손실 채무 검토,0,,1273
수원-개인회생-투자금-사용처-심사-쟁점,수원 개인회생 투자금 사용처 심사 쟁점,rehab,수원,주식·코인,투자 손실 채무 검토,0,,1274
수원-개인회생-투자금-사용처-소명-방법,수원 개인회생 투자금 사용처 소명 방법,rehab,수원,주식·코인,서류·증빙 준비,0,,1275
수원-개인회생-투자금-사용처-상담,수원 개인회생 투자금 사용처 상담,rehab,수원,주식·코인,상담·서비스 탐색,0,,1276
수원-개인회생-투자-손실-진술서,수원 개인회생 투자 손실 진술서,rehab,수원,주식·코인,투자 손실 채무 검토,0,,1277
수원-개인회생-투자-손실-진술서-심사-쟁점,수원 개인회생 투자 손실 진술서 심사 쟁점,rehab,수원,주식·코인,투자 손실 채무 검토,0,,1278
수원-개인회생-투자-손실-진술서-소명-방법,수원 개인회생 투자 손실 진술서 소명 방법,rehab,수원,주식·코인,서류·증빙 준비,0,,1279
수원-개인회생-투자-손실-진술서-상담,수원 개인회생 투자 손실 진술서 상담,rehab,수원,주식·코인,상담·서비스 탐색,0,,1280
수원-개인회생-직장인,수원 개인회생 직장인,rehab,수원,직업별,직업별 신청 준비,0,,1281
수원-개인회생-직장인-신청조건,수원 개인회생 직장인 신청조건,rehab,수원,직업별,직업별 신청 준비,0,,1282
수원-개인회생-직장인-소득증빙,수원 개인회생 직장인 소득증빙,rehab,수원,직업별,서류·증빙 준비,0,,1283
수원-개인회생-직장인-준비서류,수원 개인회생 직장인 준비서류,rehab,수원,직업별,서류·증빙 준비,0,,1284
수원-개인회생-자영업자,수원 개인회생 자영업자,rehab,수원,직업별,직업별 신청 준비,0,,1285
수원-개인회생-자영업자-신청조건,수원 개인회생 자영업자 신청조건,rehab,수원,직업별,직업별 신청 준비,0,,1286
수원-개인회생-자영업자-소득증빙,수원 개인회생 자영업자 소득증빙,rehab,수원,직업별,서류·증빙 준비,0,,1287
수원-개인회생-자영업자-준비서류,수원 개인회생 자영업자 준비서류,rehab,수원,직업별,서류·증빙 준비,0,,1288
수원-개인회생-개인사업자,수원 개인회생 개인사업자,rehab,수원,직업별,직업별 신청 준비,0,,1289
수원-개인회생-개인사업자-신청조건,수원 개인회생 개인사업자 신청조건,rehab,수원,직업별,직업별 신청 준비,0,,1290
수원-개인회생-개인사업자-소득증빙,수원 개인회생 개인사업자 소득증빙,rehab,수원,직업별,서류·증빙 준비,0,,1291
수원-개인회생-개인사업자-준비서류,수원 개인회생 개인사업자 준비서류,rehab,수원,직업별,서류·증빙 준비,0,,1292
수원-개인회생-프리랜서,수원 개인회생 프리랜서,rehab,수원,직업별,직업별 신청 준비,0,,1293
수원-개인회생-프리랜서-신청조건,수원 개인회생 프리랜서 신청조건,rehab,수원,직업별,직업별 신청 준비,0,,1294
수원-개인회생-프리랜서-소득증빙,수원 개인회생 프리랜서 소득증빙,rehab,수원,직업별,서류·증빙 준비,0,,1295
수원-개인회생-프리랜서-준비서류,수원 개인회생 프리랜서 준비서류,rehab,수원,직업별,서류·증빙 준비,0,,1296
수원-개인회생-일용직,수원 개인회생 일용직,rehab,수원,직업별,직업별 신청 준비,0,,1297
수원-개인회생-일용직-신청조건,수원 개인회생 일용직 신청조건,rehab,수원,직업별,직업별 신청 준비,0,,1298
수원-개인회생-일용직-소득증빙,수원 개인회생 일용직 소득증빙,rehab,수원,직업별,서류·증빙 준비,0,,1299
수원-개인회생-일용직-준비서류,수원 개인회생 일용직 준비서류,rehab,수원,직업별,서류·증빙 준비,0,,1300
수원-개인회생-아르바이트생,수원 개인회생 아르바이트생,rehab,수원,직업별,직업별 신청 준비,0,,1301
수원-개인회생-아르바이트생-신청조건,수원 개인회생 아르바이트생 신청조건,rehab,수원,직업별,직업별 신청 준비,0,,1302
수원-개인회생-아르바이트생-소득증빙,수원 개인회생 아르바이트생 소득증빙,rehab,수원,직업별,서류·증빙 준비,0,,1303
수원-개인회생-아르바이트생-준비서류,수원 개인회생 아르바이트생 준비서류,rehab,수원,직업별,서류·증빙 준비,0,,1304
수원-개인회생-계약직,수원 개인회생 계약직,rehab,수원,직업별,직업별 신청 준비,0,,1305
수원-개인회생-계약직-신청조건,수원 개인회생 계약직 신청조건,rehab,수원,직업별,직업별 신청 준비,0,,1306
수원-개인회생-계약직-소득증빙,수원 개인회생 계약직 소득증빙,rehab,수원,직업별,서류·증빙 준비,0,,1307
수원-개인회생-계약직-준비서류,수원 개인회생 계약직 준비서류,rehab,수원,직업별,서류·증빙 준비,0,,1308
수원-개인회생-공무원,수원 개인회생 공무원,rehab,수원,직업별,직업별 신청 준비,0,,1309
수원-개인회생-공무원-신청조건,수원 개인회생 공무원 신청조건,rehab,수원,직업별,직업별 신청 준비,0,,1310
수원-개인회생-공무원-소득증빙,수원 개인회생 공무원 소득증빙,rehab,수원,직업별,서류·증빙 준비,0,,1311
수원-개인회생-공무원-준비서류,수원 개인회생 공무원 준비서류,rehab,수원,직업별,서류·증빙 준비,0,,1312
수원-개인회생-군인,수원 개인회생 군인,rehab,수원,직업별,직업별 신청 준비,0,,1313
수원-개인회생-군인-신청조건,수원 개인회생 군인 신청조건,rehab,수원,직업별,직업별 신청 준비,0,,1314
수원-개인회생-군인-소득증빙,수원 개인회생 군인 소득증빙,rehab,수원,직업별,서류·증빙 준비,0,,1315
수원-개인회생-군인-준비서류,수원 개인회생 군인 준비서류,rehab,수원,직업별,서류·증빙 준비,0,,1316
수원-개인회생-교사,수원 개인회생 교사,rehab,수원,직업별,직업별 신청 준비,0,,1317
수원-개인회생-교사-신청조건,수원 개인회생 교사 신청조건,rehab,수원,직업별,직업별 신청 준비,0,,1318
수원-개인회생-교사-소득증빙,수원 개인회생 교사 소득증빙,rehab,수원,직업별,서류·증빙 준비,0,,1319
수원-개인회생-교사-준비서류,수원 개인회생 교사 준비서류,rehab,수원,직업별,서류·증빙 준비,0,,1320
수원-개인회생-간호사,수원 개인회생 간호사,rehab,수원,직업별,직업별 신청 준비,0,,1321
수원-개인회생-간호사-신청조건,수원 개인회생 간호사 신청조건,rehab,수원,직업별,직업별 신청 준비,0,,1322
수원-개인회생-간호사-소득증빙,수원 개인회생 간호사 소득증빙,rehab,수원,직업별,서류·증빙 준비,0,,1323
수원-개인회생-간호사-준비서류,수원 개인회생 간호사 준비서류,rehab,수원,직업별,서류·증빙 준비,0,,1324
수원-개인회생-택시기사,수원 개인회생 택시기사,rehab,수원,직업별,직업별 신청 준비,0,,1325
수원-개인회생-택시기사-신청조건,수원 개인회생 택시기사 신청조건,rehab,수원,직업별,직업별 신청 준비,0,,1326
수원-개인회생-택시기사-소득증빙,수원 개인회생 택시기사 소득증빙,rehab,수원,직업별,서류·증빙 준비,0,,1327
수원-개인회생-택시기사-준비서류,수원 개인회생 택시기사 준비서류,rehab,수원,직업별,서류·증빙 준비,0,,1328
수원-개인회생-화물차기사,수원 개인회생 화물차기사,rehab,수원,직업별,직업별 신청 준비,0,,1329
수원-개인회생-화물차기사-신청조건,수원 개인회생 화물차기사 신청조건,rehab,수원,직업별,직업별 신청 준비,0,,1330
수원-개인회생-화물차기사-소득증빙,수원 개인회생 화물차기사 소득증빙,rehab,수원,직업별,서류·증빙 준비,0,,1331
수원-개인회생-화물차기사-준비서류,수원 개인회생 화물차기사 준비서류,rehab,수원,직업별,서류·증빙 준비,0,,1332
수원-개인회생-배달기사,수원 개인회생 배달기사,rehab,수원,직업별,직업별 신청 준비,0,,1333
수원-개인회생-배달기사-신청조건,수원 개인회생 배달기사 신청조건,rehab,수원,직업별,직업별 신청 준비,0,,1334
수원-개인회생-배달기사-소득증빙,수원 개인회생 배달기사 소득증빙,rehab,수원,직업별,서류·증빙 준비,0,,1335
수원-개인회생-배달기사-준비서류,수원 개인회생 배달기사 준비서류,rehab,수원,직업별,서류·증빙 준비,0,,1336
수원-개인회생-보험설계사,수원 개인회생 보험설계사,rehab,수원,직업별,직업별 신청 준비,0,,1337
수원-개인회생-보험설계사-신청조건,수원 개인회생 보험설계사 신청조건,rehab,수원,직업별,직업별 신청 준비,0,,1338
수원-개인회생-보험설계사-소득증빙,수원 개인회생 보험설계사 소득증빙,rehab,수원,직업별,서류·증빙 준비,0,,1339
수원-개인회생-보험설계사-준비서류,수원 개인회생 보험설계사 준비서류,rehab,수원,직업별,서류·증빙 준비,0,,1340
수원-개인회생-학원강사,수원 개인회생 학원강사,rehab,수원,직업별,직업별 신청 준비,0,,1341
수원-개인회생-학원강사-신청조건,수원 개인회생 학원강사 신청조건,rehab,수원,직업별,직업별 신청 준비,0,,1342
수원-개인회생-학원강사-소득증빙,수원 개인회생 학원강사 소득증빙,rehab,수원,직업별,서류·증빙 준비,0,,1343
수원-개인회생-학원강사-준비서류,수원 개인회생 학원강사 준비서류,rehab,수원,직업별,서류·증빙 준비,0,,1344
수원-개인회생-플랫폼-노동자,수원 개인회생 플랫폼 노동자,rehab,수원,직업별,직업별 신청 준비,0,,1345
수원-개인회생-플랫폼-노동자-신청조건,수원 개인회생 플랫폼 노동자 신청조건,rehab,수원,직업별,직업별 신청 준비,0,,1346
수원-개인회생-플랫폼-노동자-소득증빙,수원 개인회생 플랫폼 노동자 소득증빙,rehab,수원,직업별,서류·증빙 준비,0,,1347
수원-개인회생-플랫폼-노동자-준비서류,수원 개인회생 플랫폼 노동자 준비서류,rehab,수원,직업별,서류·증빙 준비,0,,1348
수원-개인회생-농업인,수원 개인회생 농업인,rehab,수원,직업별,직업별 신청 준비,0,,1349
수원-개인회생-농업인-신청조건,수원 개인회생 농업인 신청조건,rehab,수원,직업별,직업별 신청 준비,0,,1350
수원-개인회생-농업인-소득증빙,수원 개인회생 농업인 소득증빙,rehab,수원,직업별,서류·증빙 준비,0,,1351
수원-개인회생-농업인-준비서류,수원 개인회생 농업인 준비서류,rehab,수원,직업별,서류·증빙 준비,0,,1352
수원-개인회생-법인대표,수원 개인회생 법인대표,rehab,수원,직업별,직업별 신청 준비,0,,1353
수원-개인회생-법인대표-신청조건,수원 개인회생 법인대표 신청조건,rehab,수원,직업별,직업별 신청 준비,0,,1354
수원-개인회생-법인대표-소득증빙,수원 개인회생 법인대표 소득증빙,rehab,수원,직업별,서류·증빙 준비,0,,1355
수원-개인회생-법인대표-준비서류,수원 개인회생 법인대표 준비서류,rehab,수원,직업별,서류·증빙 준비,0,,1356
수원-개인회생-연금생활자,수원 개인회생 연금생활자,rehab,수원,직업별,직업별 신청 준비,0,,1357
수원-개인회생-연금생활자-신청조건,수원 개인회생 연금생활자 신청조건,rehab,수원,직업별,직업별 신청 준비,0,,1358
수원-개인회생-연금생활자-소득증빙,수원 개인회생 연금생활자 소득증빙,rehab,수원,직업별,서류·증빙 준비,0,,1359
수원-개인회생-연금생활자-준비서류,수원 개인회생 연금생활자 준비서류,rehab,수원,직업별,서류·증빙 준비,0,,1360
수원-개인회생-신청-기각,수원 개인회생 신청 기각,rehab,수원,기각,기각 원인 및 대응,0,,1361
수원-개인회생-신청-기각-확인사항,수원 개인회생 신청 기각 확인사항,rehab,수원,기각,기각 원인 및 대응,0,,1362
수원-개인회생-신청-기각-대응-방법,수원 개인회생 신청 기각 대응 방법,rehab,수원,기각,방법·절차 확인,0,,1363
수원-개인회생-신청-기각-상담,수원 개인회생 신청 기각 상담,rehab,수원,기각,상담·서비스 탐색,0,,1364
수원-개인회생-서류-미제출-기각,수원 개인회생 서류 미제출 기각,rehab,수원,기각,기각 원인 및 대응,0,,1365
수원-개인회생-서류-미제출-기각-확인사항,수원 개인회생 서류 미제출 기각 확인사항,rehab,수원,기각,기각 원인 및 대응,0,,1366
수원-개인회생-서류-미제출-기각-대응-방법,수원 개인회생 서류 미제출 기각 대응 방법,rehab,수원,기각,방법·절차 확인,0,,1367
수원-개인회생-서류-미제출-기각-상담,수원 개인회생 서류 미제출 기각 상담,rehab,수원,기각,상담·서비스 탐색,0,,1368
수원-개인회생-보정-불이행-기각,수원 개인회생 보정 불이행 기각,rehab,수원,기각,기각 원인 및 대응,0,,1369
수원-개인회생-보정-불이행-기각-확인사항,수원 개인회생 보정 불이행 기각 확인사항,rehab,수원,기각,기각 원인 및 대응,0,,1370
수원-개인회생-보정-불이행-기각-대응-방법,수원 개인회생 보정 불이행 기각 대응 방법,rehab,수원,기각,방법·절차 확인,0,,1371
수원-개인회생-보정-불이행-기각-상담,수원 개인회생 보정 불이행 기각 상담,rehab,수원,기각,상담·서비스 탐색,0,,1372
수원-개인회생-소득-부족-기각,수원 개인회생 소득 부족 기각,rehab,수원,기각,기각 원인 및 대응,0,,1373
수원-개인회생-소득-부족-기각-확인사항,수원 개인회생 소득 부족 기각 확인사항,rehab,수원,기각,기각 원인 및 대응,0,,1374
수원-개인회생-소득-부족-기각-대응-방법,수원 개인회생 소득 부족 기각 대응 방법,rehab,수원,기각,방법·절차 확인,0,,1375
수원-개인회생-소득-부족-기각-상담,수원 개인회생 소득 부족 기각 상담,rehab,수원,기각,상담·서비스 탐색,0,,1376
수원-개인회생-재산-누락-기각,수원 개인회생 재산 누락 기각,rehab,수원,기각,기각 원인 및 대응,0,,1377
수원-개인회생-재산-누락-기각-확인사항,수원 개인회생 재산 누락 기각 확인사항,rehab,수원,기각,기각 원인 및 대응,0,,1378
수원-개인회생-재산-누락-기각-대응-방법,수원 개인회생 재산 누락 기각 대응 방법,rehab,수원,기각,방법·절차 확인,0,,1379
수원-개인회생-재산-누락-기각-상담,수원 개인회생 재산 누락 기각 상담,rehab,수원,기각,상담·서비스 탐색,0,,1380
수원-개인회생-채권-누락-기각,수원 개인회생 채권 누락 기각,rehab,수원,기각,기각 원인 및 대응,0,,1381
수원-개인회생-채권-누락-기각-확인사항,수원 개인회생 채권 누락 기각 확인사항,rehab,수원,기각,기각 원인 및 대응,0,,1382
수원-개인회생-채권-누락-기각-대응-방법,수원 개인회생 채권 누락 기각 대응 방법,rehab,수원,기각,방법·절차 확인,0,,1383
수원-개인회생-채권-누락-기각-상담,수원 개인회생 채권 누락 기각 상담,rehab,수원,기각,상담·서비스 탐색,0,,1384
수원-개인회생-허위서류-기각,수원 개인회생 허위서류 기각,rehab,수원,기각,기각 원인 및 대응,0,,1385
수원-개인회생-허위서류-기각-확인사항,수원 개인회생 허위서류 기각 확인사항,rehab,수원,기각,기각 원인 및 대응,0,,1386
수원-개인회생-허위서류-기각-대응-방법,수원 개인회생 허위서류 기각 대응 방법,rehab,수원,기각,방법·절차 확인,0,,1387
수원-개인회생-허위서류-기각-상담,수원 개인회생 허위서류 기각 상담,rehab,수원,기각,상담·서비스 탐색,0,,1388
수원-개인회생-최근대출-관련-기각,수원 개인회생 최근대출 관련 기각,rehab,수원,기각,기각 원인 및 대응,0,,1389
수원-개인회생-최근대출-관련-기각-확인사항,수원 개인회생 최근대출 관련 기각 확인사항,rehab,수원,기각,기각 원인 및 대응,0,,1390
수원-개인회생-최근대출-관련-기각-대응-방법,수원 개인회생 최근대출 관련 기각 대응 방법,rehab,수원,기각,방법·절차 확인,0,,1391
수원-개인회생-최근대출-관련-기각-상담,수원 개인회생 최근대출 관련 기각 상담,rehab,수원,기각,상담·서비스 탐색,0,,1392
수원-개인회생-불성실-신청-기각,수원 개인회생 불성실 신청 기각,rehab,수원,기각,기각 원인 및 대응,0,,1393
수원-개인회생-불성실-신청-기각-확인사항,수원 개인회생 불성실 신청 기각 확인사항,rehab,수원,기각,기각 원인 및 대응,0,,1394
수원-개인회생-불성실-신청-기각-대응-방법,수원 개인회생 불성실 신청 기각 대응 방법,rehab,수원,기각,방법·절차 확인,0,,1395
수원-개인회생-불성실-신청-기각-상담,수원 개인회생 불성실 신청 기각 상담,rehab,수원,기각,상담·서비스 탐색,0,,1396
수원-개인회생-비용-미납-기각,수원 개인회생 비용 미납 기각,rehab,수원,기각,기각 원인 및 대응,0,,1397
수원-개인회생-비용-미납-기각-확인사항,수원 개인회생 비용 미납 기각 확인사항,rehab,수원,기각,기각 원인 및 대응,0,,1398
수원-개인회생-비용-미납-기각-대응-방법,수원 개인회생 비용 미납 기각 대응 방법,rehab,수원,기각,방법·절차 확인,0,,1399
수원-개인회생-비용-미납-기각-상담,수원 개인회생 비용 미납 기각 상담,rehab,수원,기각,상담·서비스 탐색,0,,1400
수원-개인회생-변제계획-관련-기각,수원 개인회생 변제계획 관련 기각,rehab,수원,기각,기각 원인 및 대응,0,,1401
수원-개인회생-변제계획-관련-기각-확인사항,수원 개인회생 변제계획 관련 기각 확인사항,rehab,수원,기각,기각 원인 및 대응,0,,1402
수원-개인회생-변제계획-관련-기각-대응-방법,수원 개인회생 변제계획 관련 기각 대응 방법,rehab,수원,기각,방법·절차 확인,0,,1403
수원-개인회생-변제계획-관련-기각-상담,수원 개인회생 변제계획 관련 기각 상담,rehab,수원,기각,상담·서비스 탐색,0,,1404
수원-개인회생-변제수행-가능성-심사,수원 개인회생 변제수행 가능성 심사,rehab,수원,기각,기각 원인 및 대응,0,,1405
수원-개인회생-변제수행-가능성-심사-확인사항,수원 개인회생 변제수행 가능성 심사 확인사항,rehab,수원,기각,기각 원인 및 대응,0,,1406
수원-개인회생-변제수행-가능성-심사-대응-방법,수원 개인회생 변제수행 가능성 심사 대응 방법,rehab,수원,기각,방법·절차 확인,0,,1407
수원-개인회생-변제수행-가능성-심사-상담,수원 개인회생 변제수행 가능성 심사 상담,rehab,수원,기각,상담·서비스 탐색,0,,1408
수원-개인회생-기각결정문,수원 개인회생 기각결정문,rehab,수원,기각,기각 원인 및 대응,0,,1409
수원-개인회생-기각결정문-확인사항,수원 개인회생 기각결정문 확인사항,rehab,수원,기각,기각 원인 및 대응,0,,1410
수원-개인회생-기각결정문-대응-방법,수원 개인회생 기각결정문 대응 방법,rehab,수원,기각,방법·절차 확인,0,,1411
수원-개인회생-기각결정문-상담,수원 개인회생 기각결정문 상담,rehab,수원,기각,상담·서비스 탐색,0,,1412
수원-개인회생-기각-후-즉시항고,수원 개인회생 기각 후 즉시항고,rehab,수원,기각,기각 원인 및 대응,0,,1413
수원-개인회생-기각-후-즉시항고-확인사항,수원 개인회생 기각 후 즉시항고 확인사항,rehab,수원,기각,기각 원인 및 대응,0,,1414
수원-개인회생-기각-후-즉시항고-대응-방법,수원 개인회생 기각 후 즉시항고 대응 방법,rehab,수원,기각,방법·절차 확인,0,,1415
수원-개인회생-기각-후-즉시항고-상담,수원 개인회생 기각 후 즉시항고 상담,rehab,수원,기각,상담·서비스 탐색,0,,1416
수원-개인회생-기각-후-재접수,수원 개인회생 기각 후 재접수,rehab,수원,기각,기각 원인 및 대응,0,,1417
수원-개인회생-기각-후-재접수-확인사항,수원 개인회생 기각 후 재접수 확인사항,rehab,수원,기각,기각 원인 및 대응,0,,1418
수원-개인회생-기각-후-재접수-대응-방법,수원 개인회생 기각 후 재접수 대응 방법,rehab,수원,기각,방법·절차 확인,0,,1419
수원-개인회생-기각-후-재접수-상담,수원 개인회생 기각 후 재접수 상담,rehab,수원,기각,상담·서비스 탐색,0,,1420
수원-개인회생-기각-후-추심,수원 개인회생 기각 후 추심,rehab,수원,기각,기각 원인 및 대응,0,,1421
수원-개인회생-기각-후-추심-확인사항,수원 개인회생 기각 후 추심 확인사항,rehab,수원,기각,기각 원인 및 대응,0,,1422
수원-개인회생-기각-후-추심-대응-방법,수원 개인회생 기각 후 추심 대응 방법,rehab,수원,기각,방법·절차 확인,0,,1423
수원-개인회생-기각-후-추심-상담,수원 개인회생 기각 후 추심 상담,rehab,수원,기각,상담·서비스 탐색,0,,1424
수원-개인회생-기각-후-압류,수원 개인회생 기각 후 압류,rehab,수원,기각,기각 원인 및 대응,0,,1425
수원-개인회생-기각-후-압류-확인사항,수원 개인회생 기각 후 압류 확인사항,rehab,수원,기각,기각 원인 및 대응,0,,1426
수원-개인회생-기각-후-압류-대응-방법,수원 개인회생 기각 후 압류 대응 방법,rehab,수원,기각,방법·절차 확인,0,,1427
수원-개인회생-기각-후-압류-상담,수원 개인회생 기각 후 압류 상담,rehab,수원,기각,상담·서비스 탐색,0,,1428
수원-개인회생-기각-후-납부금,수원 개인회생 기각 후 납부금,rehab,수원,기각,기각 원인 및 대응,0,,1429
수원-개인회생-기각-후-납부금-확인사항,수원 개인회생 기각 후 납부금 확인사항,rehab,수원,기각,기각 원인 및 대응,0,,1430
수원-개인회생-기각-후-납부금-대응-방법,수원 개인회생 기각 후 납부금 대응 방법,rehab,수원,기각,방법·절차 확인,0,,1431
수원-개인회생-기각-후-납부금-상담,수원 개인회생 기각 후 납부금 상담,rehab,수원,기각,상담·서비스 탐색,0,,1432
수원-개인회생-기각-후-대리인-변경,수원 개인회생 기각 후 대리인 변경,rehab,수원,기각,기각 원인 및 대응,0,,1433
수원-개인회생-기각-후-대리인-변경-확인사항,수원 개인회생 기각 후 대리인 변경 확인사항,rehab,수원,기각,기각 원인 및 대응,0,,1434
수원-개인회생-기각-후-대리인-변경-대응-방법,수원 개인회생 기각 후 대리인 변경 대응 방법,rehab,수원,기각,방법·절차 확인,0,,1435
수원-개인회생-기각-후-대리인-변경-상담,수원 개인회생 기각 후 대리인 변경 상담,rehab,수원,기각,상담·서비스 탐색,0,,1436
수원-개인회생-기각-이력,수원 개인회생 기각 이력,rehab,수원,기각,기각 원인 및 대응,0,,1437
수원-개인회생-기각-이력-확인사항,수원 개인회생 기각 이력 확인사항,rehab,수원,기각,기각 원인 및 대응,0,,1438
수원-개인회생-기각-이력-대응-방법,수원 개인회생 기각 이력 대응 방법,rehab,수원,기각,방법·절차 확인,0,,1439
수원-개인회생-기각-이력-상담,수원 개인회생 기각 이력 상담,rehab,수원,기각,상담·서비스 탐색,0,,1440
수원-개인회생-변제금-미납-폐지,수원 개인회생 변제금 미납 폐지,rehab,수원,폐지,폐지 예방 및 대응,0,,1441
수원-개인회생-변제금-미납-폐지-확인사항,수원 개인회생 변제금 미납 폐지 확인사항,rehab,수원,폐지,폐지 예방 및 대응,0,,1442
수원-개인회생-변제금-미납-폐지-대응-방법,수원 개인회생 변제금 미납 폐지 대응 방법,rehab,수원,폐지,방법·절차 확인,0,,1443
수원-개인회생-변제금-미납-폐지-상담,수원 개인회생 변제금 미납 폐지 상담,rehab,수원,폐지,상담·서비스 탐색,0,,1444
수원-개인회생-인가-전-폐지,수원 개인회생 인가 전 폐지,rehab,수원,폐지,폐지 예방 및 대응,0,,1445
수원-개인회생-인가-전-폐지-확인사항,수원 개인회생 인가 전 폐지 확인사항,rehab,수원,폐지,폐지 예방 및 대응,0,,1446
수원-개인회생-인가-전-폐지-대응-방법,수원 개인회생 인가 전 폐지 대응 방법,rehab,수원,폐지,방법·절차 확인,0,,1447
수원-개인회생-인가-전-폐지-상담,수원 개인회생 인가 전 폐지 상담,rehab,수원,폐지,상담·서비스 탐색,0,,1448
수원-개인회생-인가-후-폐지,수원 개인회생 인가 후 폐지,rehab,수원,폐지,폐지 예방 및 대응,0,,1449
수원-개인회생-인가-후-폐지-확인사항,수원 개인회생 인가 후 폐지 확인사항,rehab,수원,폐지,폐지 예방 및 대응,0,,1450
수원-개인회생-인가-후-폐지-대응-방법,수원 개인회생 인가 후 폐지 대응 방법,rehab,수원,폐지,방법·절차 확인,0,,1451
수원-개인회생-인가-후-폐지-상담,수원 개인회생 인가 후 폐지 상담,rehab,수원,폐지,상담·서비스 탐색,0,,1452
수원-개인회생-채권자집회-불참-폐지,수원 개인회생 채권자집회 불참 폐지,rehab,수원,폐지,폐지 예방 및 대응,0,,1453
수원-개인회생-채권자집회-불참-폐지-확인사항,수원 개인회생 채권자집회 불참 폐지 확인사항,rehab,수원,폐지,폐지 예방 및 대응,0,,1454
수원-개인회생-채권자집회-불참-폐지-대응-방법,수원 개인회생 채권자집회 불참 폐지 대응 방법,rehab,수원,폐지,방법·절차 확인,0,,1455
수원-개인회생-채권자집회-불참-폐지-상담,수원 개인회생 채권자집회 불참 폐지 상담,rehab,수원,폐지,상담·서비스 탐색,0,,1456
수원-개인회생-폐지예정-통지,수원 개인회생 폐지예정 통지,rehab,수원,폐지,폐지 예방 및 대응,0,,1457
수원-개인회생-폐지예정-통지-확인사항,수원 개인회생 폐지예정 통지 확인사항,rehab,수원,폐지,폐지 예방 및 대응,0,,1458
수원-개인회생-폐지예정-통지-대응-방법,수원 개인회생 폐지예정 통지 대응 방법,rehab,수원,폐지,방법·절차 확인,0,,1459
수원-개인회생-폐지예정-통지-상담,수원 개인회생 폐지예정 통지 상담,rehab,수원,폐지,상담·서비스 탐색,0,,1460
수원-개인회생-폐지결정,수원 개인회생 폐지결정,rehab,수원,폐지,폐지 예방 및 대응,0,,1461
수원-개인회생-폐지결정-확인사항,수원 개인회생 폐지결정 확인사항,rehab,수원,폐지,폐지 예방 및 대응,0,,1462
수원-개인회생-폐지결정-대응-방법,수원 개인회생 폐지결정 대응 방법,rehab,수원,폐지,방법·절차 확인,0,,1463
수원-개인회생-폐지결정-상담,수원 개인회생 폐지결정 상담,rehab,수원,폐지,상담·서비스 탐색,0,,1464
수원-개인회생-폐지결정-송달,수원 개인회생 폐지결정 송달,rehab,수원,폐지,폐지 예방 및 대응,0,,1465
수원-개인회생-폐지결정-송달-확인사항,수원 개인회생 폐지결정 송달 확인사항,rehab,수원,폐지,폐지 예방 및 대응,0,,1466
수원-개인회생-폐지결정-송달-대응-방법,수원 개인회생 폐지결정 송달 대응 방법,rehab,수원,폐지,방법·절차 확인,0,,1467
수원-개인회생-폐지결정-송달-상담,수원 개인회생 폐지결정 송달 상담,rehab,수원,폐지,상담·서비스 탐색,0,,1468
수원-개인회생-폐지-후-즉시항고,수원 개인회생 폐지 후 즉시항고,rehab,수원,폐지,폐지 예방 및 대응,0,,1469
수원-개인회생-폐지-후-즉시항고-확인사항,수원 개인회생 폐지 후 즉시항고 확인사항,rehab,수원,폐지,폐지 예방 및 대응,0,,1470
수원-개인회생-폐지-후-즉시항고-대응-방법,수원 개인회생 폐지 후 즉시항고 대응 방법,rehab,수원,폐지,방법·절차 확인,0,,1471
수원-개인회생-폐지-후-즉시항고-상담,수원 개인회생 폐지 후 즉시항고 상담,rehab,수원,폐지,상담·서비스 탐색,0,,1472
수원-개인회생-폐지-후-미납금-납부,수원 개인회생 폐지 후 미납금 납부,rehab,수원,폐지,폐지 예방 및 대응,0,,1473
수원-개인회생-폐지-후-미납금-납부-확인사항,수원 개인회생 폐지 후 미납금 납부 확인사항,rehab,수원,폐지,폐지 예방 및 대응,0,,1474
수원-개인회생-폐지-후-미납금-납부-대응-방법,수원 개인회생 폐지 후 미납금 납부 대응 방법,rehab,수원,폐지,방법·절차 확인,0,,1475
수원-개인회생-폐지-후-미납금-납부-상담,수원 개인회생 폐지 후 미납금 납부 상담,rehab,수원,폐지,상담·서비스 탐색,0,,1476
수원-개인회생-폐지-후-채권추심,수원 개인회생 폐지 후 채권추심,rehab,수원,폐지,폐지 예방 및 대응,0,,1477
수원-개인회생-폐지-후-채권추심-확인사항,수원 개인회생 폐지 후 채권추심 확인사항,rehab,수원,폐지,폐지 예방 및 대응,0,,1478
수원-개인회생-폐지-후-채권추심-대응-방법,수원 개인회생 폐지 후 채권추심 대응 방법,rehab,수원,폐지,방법·절차 확인,0,,1479
수원-개인회생-폐지-후-채권추심-상담,수원 개인회생 폐지 후 채권추심 상담,rehab,수원,폐지,상담·서비스 탐색,0,,1480
수원-개인회생-폐지-후-통장압류,수원 개인회생 폐지 후 통장압류,rehab,수원,폐지,폐지 예방 및 대응,0,,1481
수원-개인회생-폐지-후-통장압류-확인사항,수원 개인회생 폐지 후 통장압류 확인사항,rehab,수원,폐지,폐지 예방 및 대응,0,,1482
수원-개인회생-폐지-후-통장압류-대응-방법,수원 개인회생 폐지 후 통장압류 대응 방법,rehab,수원,폐지,방법·절차 확인,0,,1483
수원-개인회생-폐지-후-통장압류-상담,수원 개인회생 폐지 후 통장압류 상담,rehab,수원,폐지,상담·서비스 탐색,0,,1484
수원-개인회생-폐지-후-급여압류,수원 개인회생 폐지 후 급여압류,rehab,수원,폐지,폐지 예방 및 대응,0,,1485
수원-개인회생-폐지-후-급여압류-확인사항,수원 개인회생 폐지 후 급여압류 확인사항,rehab,수원,폐지,폐지 예방 및 대응,0,,1486
수원-개인회생-폐지-후-급여압류-대응-방법,수원 개인회생 폐지 후 급여압류 대응 방법,rehab,수원,폐지,방법·절차 확인,0,,1487
수원-개인회생-폐지-후-급여압류-상담,수원 개인회생 폐지 후 급여압류 상담,rehab,수원,폐지,상담·서비스 탐색,0,,1488
수원-개인회생-폐지-후-이자,수원 개인회생 폐지 후 이자,rehab,수원,폐지,폐지 예방 및 대응,0,,1489
수원-개인회생-폐지-후-이자-확인사항,수원 개인회생 폐지 후 이자 확인사항,rehab,수원,폐지,폐지 예방 및 대응,0,,1490
수원-개인회생-폐지-후-이자-대응-방법,수원 개인회생 폐지 후 이자 대응 방법,rehab,수원,폐지,방법·절차 확인,0,,1491
수원-개인회생-폐지-후-이자-상담,수원 개인회생 폐지 후 이자 상담,rehab,수원,폐지,상담·서비스 탐색,0,,1492
수원-개인회생-폐지-후-잔여채무,수원 개인회생 폐지 후 잔여채무,rehab,수원,폐지,폐지 예방 및 대응,0,,1493
수원-개인회생-폐지-후-잔여채무-확인사항,수원 개인회생 폐지 후 잔여채무 확인사항,rehab,수원,폐지,폐지 예방 및 대응,0,,1494
수원-개인회생-폐지-후-잔여채무-대응-방법,수원 개인회생 폐지 후 잔여채무 대응 방법,rehab,수원,폐지,방법·절차 확인,0,,1495
수원-개인회생-폐지-후-잔여채무-상담,수원 개인회생 폐지 후 잔여채무 상담,rehab,수원,폐지,상담·서비스 탐색,0,,1496
수원-개인회생-폐지-후-변제금-환급,수원 개인회생 폐지 후 변제금 환급,rehab,수원,폐지,폐지 예방 및 대응,0,,1497
수원-개인회생-폐지-후-변제금-환급-확인사항,수원 개인회생 폐지 후 변제금 환급 확인사항,rehab,수원,폐지,폐지 예방 및 대응,0,,1498
수원-개인회생-폐지-후-변제금-환급-대응-방법,수원 개인회생 폐지 후 변제금 환급 대응 방법,rehab,수원,폐지,방법·절차 확인,0,,1499
수원-개인회생-폐지-후-변제금-환급-상담,수원 개인회생 폐지 후 변제금 환급 상담,rehab,수원,폐지,상담·서비스 탐색,0,,1500
수원-개인회생-폐지-후-신용정보,수원 개인회생 폐지 후 신용정보,rehab,수원,폐지,폐지 예방 및 대응,0,,1501
수원-개인회생-폐지-후-신용정보-확인사항,수원 개인회생 폐지 후 신용정보 확인사항,rehab,수원,폐지,폐지 예방 및 대응,0,,1502
수원-개인회생-폐지-후-신용정보-대응-방법,수원 개인회생 폐지 후 신용정보 대응 방법,rehab,수원,폐지,방법·절차 확인,0,,1503
수원-개인회생-폐지-후-신용정보-상담,수원 개인회생 폐지 후 신용정보 상담,rehab,수원,폐지,상담·서비스 탐색,0,,1504
수원-개인회생-폐지-후-재접수,수원 개인회생 폐지 후 재접수,rehab,수원,폐지,폐지 예방 및 대응,0,,1505
수원-개인회생-폐지-후-재접수-확인사항,수원 개인회생 폐지 후 재접수 확인사항,rehab,수원,폐지,폐지 예방 및 대응,0,,1506
수원-개인회생-폐지-후-재접수-대응-방법,수원 개인회생 폐지 후 재접수 대응 방법,rehab,수원,폐지,방법·절차 확인,0,,1507
수원-개인회생-폐지-후-재접수-상담,수원 개인회생 폐지 후 재접수 상담,rehab,수원,폐지,상담·서비스 탐색,0,,1508
수원-개인회생-폐지-후-채무조정,수원 개인회생 폐지 후 채무조정,rehab,수원,폐지,폐지 예방 및 대응,0,,1509
수원-개인회생-폐지-후-채무조정-확인사항,수원 개인회생 폐지 후 채무조정 확인사항,rehab,수원,폐지,폐지 예방 및 대응,0,,1510
수원-개인회생-폐지-후-채무조정-대응-방법,수원 개인회생 폐지 후 채무조정 대응 방법,rehab,수원,폐지,방법·절차 확인,0,,1511
수원-개인회생-폐지-후-채무조정-상담,수원 개인회생 폐지 후 채무조정 상담,rehab,수원,폐지,상담·서비스 탐색,0,,1512
수원-개인회생-실직에-따른-폐지-위험,수원 개인회생 실직에 따른 폐지 위험,rehab,수원,폐지,폐지 예방 및 대응,0,,1513
수원-개인회생-실직에-따른-폐지-위험-확인사항,수원 개인회생 실직에 따른 폐지 위험 확인사항,rehab,수원,폐지,폐지 예방 및 대응,0,,1514
수원-개인회생-실직에-따른-폐지-위험-대응-방법,수원 개인회생 실직에 따른 폐지 위험 대응 방법,rehab,수원,폐지,방법·절차 확인,0,,1515
수원-개인회생-실직에-따른-폐지-위험-상담,수원 개인회생 실직에 따른 폐지 위험 상담,rehab,수원,폐지,상담·서비스 탐색,0,,1516
수원-개인회생-폐업에-따른-폐지-위험,수원 개인회생 폐업에 따른 폐지 위험,rehab,수원,폐지,폐지 예방 및 대응,0,,1517
수원-개인회생-폐업에-따른-폐지-위험-확인사항,수원 개인회생 폐업에 따른 폐지 위험 확인사항,rehab,수원,폐지,폐지 예방 및 대응,0,,1518
수원-개인회생-폐업에-따른-폐지-위험-대응-방법,수원 개인회생 폐업에 따른 폐지 위험 대응 방법,rehab,수원,폐지,방법·절차 확인,0,,1519
수원-개인회생-폐업에-따른-폐지-위험-상담,수원 개인회생 폐업에 따른 폐지 위험 상담,rehab,수원,폐지,상담·서비스 탐색,0,,1520
수원-개인회생-두-번째-신청,수원 개인회생 두 번째 신청,rehab,수원,재신청,재신청 가능성과 준비,0,,1521
수원-개인회생-두-번째-신청-가능-여부,수원 개인회생 두 번째 신청 가능 여부,rehab,수원,재신청,재신청 가능성과 준비,0,,1522
수원-개인회생-두-번째-신청-준비서류,수원 개인회생 두 번째 신청 준비서류,rehab,수원,재신청,서류·증빙 준비,0,,1523
수원-개인회생-두-번째-신청-상담,수원 개인회생 두 번째 신청 상담,rehab,수원,재신청,상담·서비스 탐색,0,,1524
수원-개인회생-세-번째-신청,수원 개인회생 세 번째 신청,rehab,수원,재신청,재신청 가능성과 준비,0,,1525
수원-개인회생-세-번째-신청-가능-여부,수원 개인회생 세 번째 신청 가능 여부,rehab,수원,재신청,재신청 가능성과 준비,0,,1526
수원-개인회생-세-번째-신청-준비서류,수원 개인회생 세 번째 신청 준비서류,rehab,수원,재신청,서류·증빙 준비,0,,1527
수원-개인회생-세-번째-신청-상담,수원 개인회생 세 번째 신청 상담,rehab,수원,재신청,상담·서비스 탐색,0,,1528
수원-개인회생-면책-후-재신청,수원 개인회생 면책 후 재신청,rehab,수원,재신청,재신청 가능성과 준비,0,,1529
수원-개인회생-면책-후-재신청-가능-여부,수원 개인회생 면책 후 재신청 가능 여부,rehab,수원,재신청,재신청 가능성과 준비,0,,1530
수원-개인회생-면책-후-재신청-준비서류,수원 개인회생 면책 후 재신청 준비서류,rehab,수원,재신청,서류·증빙 준비,0,,1531
수원-개인회생-면책-후-재신청-상담,수원 개인회생 면책 후 재신청 상담,rehab,수원,재신청,상담·서비스 탐색,0,,1532
수원-개인회생-기각-후-재신청,수원 개인회생 기각 후 재신청,rehab,수원,재신청,재신청 가능성과 준비,0,,1533
수원-개인회생-기각-후-재신청-가능-여부,수원 개인회생 기각 후 재신청 가능 여부,rehab,수원,재신청,재신청 가능성과 준비,0,,1534
수원-개인회생-기각-후-재신청-준비서류,수원 개인회생 기각 후 재신청 준비서류,rehab,수원,재신청,서류·증빙 준비,0,,1535
수원-개인회생-기각-후-재신청-상담,수원 개인회생 기각 후 재신청 상담,rehab,수원,재신청,상담·서비스 탐색,0,,1536
수원-개인회생-폐지-후-재신청,수원 개인회생 폐지 후 재신청,rehab,수원,재신청,재신청 가능성과 준비,0,,1537
수원-개인회생-폐지-후-재신청-가능-여부,수원 개인회생 폐지 후 재신청 가능 여부,rehab,수원,재신청,재신청 가능성과 준비,0,,1538
수원-개인회생-폐지-후-재신청-준비서류,수원 개인회생 폐지 후 재신청 준비서류,rehab,수원,재신청,서류·증빙 준비,0,,1539
수원-개인회생-폐지-후-재신청-상담,수원 개인회생 폐지 후 재신청 상담,rehab,수원,재신청,상담·서비스 탐색,0,,1540
수원-개인회생-취하-후-재신청,수원 개인회생 취하 후 재신청,rehab,수원,재신청,재신청 가능성과 준비,0,,1541
수원-개인회생-취하-후-재신청-가능-여부,수원 개인회생 취하 후 재신청 가능 여부,rehab,수원,재신청,재신청 가능성과 준비,0,,1542
수원-개인회생-취하-후-재신청-준비서류,수원 개인회생 취하 후 재신청 준비서류,rehab,수원,재신청,서류·증빙 준비,0,,1543
수원-개인회생-취하-후-재신청-상담,수원 개인회생 취하 후 재신청 상담,rehab,수원,재신청,상담·서비스 탐색,0,,1544
수원-개인회생-미납-후-재신청,수원 개인회생 미납 후 재신청,rehab,수원,재신청,재신청 가능성과 준비,0,,1545
수원-개인회생-미납-후-재신청-가능-여부,수원 개인회생 미납 후 재신청 가능 여부,rehab,수원,재신청,재신청 가능성과 준비,0,,1546
수원-개인회생-미납-후-재신청-준비서류,수원 개인회생 미납 후 재신청 준비서류,rehab,수원,재신청,서류·증빙 준비,0,,1547
수원-개인회생-미납-후-재신청-상담,수원 개인회생 미납 후 재신청 상담,rehab,수원,재신청,상담·서비스 탐색,0,,1548
수원-개인회생-실직-후-재신청,수원 개인회생 실직 후 재신청,rehab,수원,재신청,재신청 가능성과 준비,0,,1549
수원-개인회생-실직-후-재신청-가능-여부,수원 개인회생 실직 후 재신청 가능 여부,rehab,수원,재신청,재신청 가능성과 준비,0,,1550
수원-개인회생-실직-후-재신청-준비서류,수원 개인회생 실직 후 재신청 준비서류,rehab,수원,재신청,서류·증빙 준비,0,,1551
수원-개인회생-실직-후-재신청-상담,수원 개인회생 실직 후 재신청 상담,rehab,수원,재신청,상담·서비스 탐색,0,,1552
수원-개인회생-재취업-후-재신청,수원 개인회생 재취업 후 재신청,rehab,수원,재신청,재신청 가능성과 준비,0,,1553
수원-개인회생-재취업-후-재신청-가능-여부,수원 개인회생 재취업 후 재신청 가능 여부,rehab,수원,재신청,재신청 가능성과 준비,0,,1554
수원-개인회생-재취업-후-재신청-준비서류,수원 개인회생 재취업 후 재신청 준비서류,rehab,수원,재신청,서류·증빙 준비,0,,1555
수원-개인회생-재취업-후-재신청-상담,수원 개인회생 재취업 후 재신청 상담,rehab,수원,재신청,상담·서비스 탐색,0,,1556
수원-개인회생-폐업-후-재신청,수원 개인회생 폐업 후 재신청,rehab,수원,재신청,재신청 가능성과 준비,0,,1557
수원-개인회생-폐업-후-재신청-가능-여부,수원 개인회생 폐업 후 재신청 가능 여부,rehab,수원,재신청,재신청 가능성과 준비,0,,1558
수원-개인회생-폐업-후-재신청-준비서류,수원 개인회생 폐업 후 재신청 준비서류,rehab,수원,재신청,서류·증빙 준비,0,,1559
수원-개인회생-폐업-후-재신청-상담,수원 개인회생 폐업 후 재신청 상담,rehab,수원,재신청,상담·서비스 탐색,0,,1560
수원-개인회생-채무-증가-후-재신청,수원 개인회생 채무 증가 후 재신청,rehab,수원,재신청,재신청 가능성과 준비,0,,1561
수원-개인회생-채무-증가-후-재신청-가능-여부,수원 개인회생 채무 증가 후 재신청 가능 여부,rehab,수원,재신청,재신청 가능성과 준비,0,,1562
수원-개인회생-채무-증가-후-재신청-준비서류,수원 개인회생 채무 증가 후 재신청 준비서류,rehab,수원,재신청,서류·증빙 준비,0,,1563
수원-개인회생-채무-증가-후-재신청-상담,수원 개인회생 채무 증가 후 재신청 상담,rehab,수원,재신청,상담·서비스 탐색,0,,1564
수원-개인회생-소득-감소-후-재신청,수원 개인회생 소득 감소 후 재신청,rehab,수원,재신청,재신청 가능성과 준비,0,,1565
수원-개인회생-소득-감소-후-재신청-가능-여부,수원 개인회생 소득 감소 후 재신청 가능 여부,rehab,수원,재신청,재신청 가능성과 준비,0,,1566
수원-개인회생-소득-감소-후-재신청-준비서류,수원 개인회생 소득 감소 후 재신청 준비서류,rehab,수원,재신청,서류·증빙 준비,0,,1567
수원-개인회생-소득-감소-후-재신청-상담,수원 개인회생 소득 감소 후 재신청 상담,rehab,수원,재신청,상담·서비스 탐색,0,,1568
수원-개인회생-부양가족-증가-후-재신청,수원 개인회생 부양가족 증가 후 재신청,rehab,수원,재신청,재신청 가능성과 준비,0,,1569
수원-개인회생-부양가족-증가-후-재신청-가능-여부,수원 개인회생 부양가족 증가 후 재신청 가능 여부,rehab,수원,재신청,재신청 가능성과 준비,0,,1570
수원-개인회생-부양가족-증가-후-재신청-준비서류,수원 개인회생 부양가족 증가 후 재신청 준비서류,rehab,수원,재신청,서류·증빙 준비,0,,1571
수원-개인회생-부양가족-증가-후-재신청-상담,수원 개인회생 부양가족 증가 후 재신청 상담,rehab,수원,재신청,상담·서비스 탐색,0,,1572
수원-개인회생-이혼-후-재신청,수원 개인회생 이혼 후 재신청,rehab,수원,재신청,재신청 가능성과 준비,0,,1573
수원-개인회생-이혼-후-재신청-가능-여부,수원 개인회생 이혼 후 재신청 가능 여부,rehab,수원,재신청,재신청 가능성과 준비,0,,1574
수원-개인회생-이혼-후-재신청-준비서류,수원 개인회생 이혼 후 재신청 준비서류,rehab,수원,재신청,서류·증빙 준비,0,,1575
수원-개인회생-이혼-후-재신청-상담,수원 개인회생 이혼 후 재신청 상담,rehab,수원,재신청,상담·서비스 탐색,0,,1576
수원-개인회생-질병-발생-후-재신청,수원 개인회생 질병 발생 후 재신청,rehab,수원,재신청,재신청 가능성과 준비,0,,1577
수원-개인회생-질병-발생-후-재신청-가능-여부,수원 개인회생 질병 발생 후 재신청 가능 여부,rehab,수원,재신청,재신청 가능성과 준비,0,,1578
수원-개인회생-질병-발생-후-재신청-준비서류,수원 개인회생 질병 발생 후 재신청 준비서류,rehab,수원,재신청,서류·증빙 준비,0,,1579
수원-개인회생-질병-발생-후-재신청-상담,수원 개인회생 질병 발생 후 재신청 상담,rehab,수원,재신청,상담·서비스 탐색,0,,1580
수원-개인회생-투자-실패-후-재신청,수원 개인회생 투자 실패 후 재신청,rehab,수원,재신청,재신청 가능성과 준비,0,,1581
수원-개인회생-투자-실패-후-재신청-가능-여부,수원 개인회생 투자 실패 후 재신청 가능 여부,rehab,수원,재신청,재신청 가능성과 준비,0,,1582
수원-개인회생-투자-실패-후-재신청-준비서류,수원 개인회생 투자 실패 후 재신청 준비서류,rehab,수원,재신청,서류·증빙 준비,0,,1583
수원-개인회생-투자-실패-후-재신청-상담,수원 개인회생 투자 실패 후 재신청 상담,rehab,수원,재신청,상담·서비스 탐색,0,,1584
수원-개인회생-사업-재개-후-재신청,수원 개인회생 사업 재개 후 재신청,rehab,수원,재신청,재신청 가능성과 준비,0,,1585
수원-개인회생-사업-재개-후-재신청-가능-여부,수원 개인회생 사업 재개 후 재신청 가능 여부,rehab,수원,재신청,재신청 가능성과 준비,0,,1586
수원-개인회생-사업-재개-후-재신청-준비서류,수원 개인회생 사업 재개 후 재신청 준비서류,rehab,수원,재신청,서류·증빙 준비,0,,1587
수원-개인회생-사업-재개-후-재신청-상담,수원 개인회생 사업 재개 후 재신청 상담,rehab,수원,재신청,상담·서비스 탐색,0,,1588
수원-개인회생-대리인-변경-후-재신청,수원 개인회생 대리인 변경 후 재신청,rehab,수원,재신청,재신청 가능성과 준비,0,,1589
수원-개인회생-대리인-변경-후-재신청-가능-여부,수원 개인회생 대리인 변경 후 재신청 가능 여부,rehab,수원,재신청,재신청 가능성과 준비,0,,1590
수원-개인회생-대리인-변경-후-재신청-준비서류,수원 개인회생 대리인 변경 후 재신청 준비서류,rehab,수원,재신청,서류·증빙 준비,0,,1591
수원-개인회생-대리인-변경-후-재신청-상담,수원 개인회생 대리인 변경 후 재신청 상담,rehab,수원,재신청,상담·서비스 탐색,0,,1592
수원-개인회생-관할-변경-후-재신청,수원 개인회생 관할 변경 후 재신청,rehab,수원,재신청,재신청 가능성과 준비,0,,1593
수원-개인회생-관할-변경-후-재신청-가능-여부,수원 개인회생 관할 변경 후 재신청 가능 여부,rehab,수원,재신청,재신청 가능성과 준비,0,,1594
수원-개인회생-관할-변경-후-재신청-준비서류,수원 개인회생 관할 변경 후 재신청 준비서류,rehab,수원,재신청,서류·증빙 준비,0,,1595
수원-개인회생-관할-변경-후-재신청-상담,수원 개인회생 관할 변경 후 재신청 상담,rehab,수원,재신청,상담·서비스 탐색,0,,1596
수원-개인회생-누락채권-포함-재신청,수원 개인회생 누락채권 포함 재신청,rehab,수원,재신청,재신청 가능성과 준비,0,,1597
수원-개인회생-누락채권-포함-재신청-가능-여부,수원 개인회생 누락채권 포함 재신청 가능 여부,rehab,수원,재신청,재신청 가능성과 준비,0,,1598
수원-개인회생-누락채권-포함-재신청-준비서류,수원 개인회생 누락채권 포함 재신청 준비서류,rehab,수원,재신청,서류·증빙 준비,0,,1599
수원-개인회생-누락채권-포함-재신청-상담,수원 개인회생 누락채권 포함 재신청 상담,rehab,수원,재신청,상담·서비스 탐색,0,,1600
수원-개인회생-면책결정,수원 개인회생 면책결정,rehab,수원,면책,면책 신청과 후속 처리,0,,1601
수원-개인회생-면책결정-확인-방법,수원 개인회생 면책결정 확인 방법,rehab,수원,면책,방법·절차 확인,0,,1602
수원-개인회생-면책결정-처리-절차,수원 개인회생 면책결정 처리 절차,rehab,수원,면책,방법·절차 확인,0,,1603
수원-개인회생-면책결정-상담,수원 개인회생 면책결정 상담,rehab,수원,면책,상담·서비스 탐색,0,,1604
수원-개인회생-면책신청서,수원 개인회생 면책신청서,rehab,수원,면책,면책 신청과 후속 처리,0,,1605
수원-개인회생-면책신청서-확인-방법,수원 개인회생 면책신청서 확인 방법,rehab,수원,면책,방법·절차 확인,0,,1606
수원-개인회생-면책신청서-처리-절차,수원 개인회생 면책신청서 처리 절차,rehab,수원,면책,방법·절차 확인,0,,1607
수원-개인회생-면책신청서-상담,수원 개인회생 면책신청서 상담,rehab,수원,면책,상담·서비스 탐색,0,,1608
수원-개인회생-면책신청-시기,수원 개인회생 면책신청 시기,rehab,수원,면책,면책 신청과 후속 처리,0,,1609
수원-개인회생-면책신청-시기-확인-방법,수원 개인회생 면책신청 시기 확인 방법,rehab,수원,면책,방법·절차 확인,0,,1610
수원-개인회생-면책신청-시기-처리-절차,수원 개인회생 면책신청 시기 처리 절차,rehab,수원,면책,방법·절차 확인,0,,1611
수원-개인회생-면책신청-시기-상담,수원 개인회생 면책신청 시기 상담,rehab,수원,면책,상담·서비스 탐색,0,,1612
수원-개인회생-변제완료-확인,수원 개인회생 변제완료 확인,rehab,수원,면책,면책 신청과 후속 처리,0,,1613
수원-개인회생-변제완료-확인-확인-방법,수원 개인회생 변제완료 확인 확인 방법,rehab,수원,면책,방법·절차 확인,0,,1614
수원-개인회생-변제완료-확인-처리-절차,수원 개인회생 변제완료 확인 처리 절차,rehab,수원,면책,방법·절차 확인,0,,1615
수원-개인회생-변제완료-확인-상담,수원 개인회생 변제완료 확인 상담,rehab,수원,면책,상담·서비스 탐색,0,,1616
수원-개인회생-최종-변제금,수원 개인회생 최종 변제금,rehab,수원,면책,면책 신청과 후속 처리,0,,1617
수원-개인회생-최종-변제금-확인-방법,수원 개인회생 최종 변제금 확인 방법,rehab,수원,면책,방법·절차 확인,0,,1618
수원-개인회생-최종-변제금-처리-절차,수원 개인회생 최종 변제금 처리 절차,rehab,수원,면책,방법·절차 확인,0,,1619
수원-개인회생-최종-변제금-상담,수원 개인회생 최종 변제금 상담,rehab,수원,면책,상담·서비스 탐색,0,,1620
수원-개인회생-미납금-정산,수원 개인회생 미납금 정산,rehab,수원,면책,면책 신청과 후속 처리,0,,1621
수원-개인회생-미납금-정산-확인-방법,수원 개인회생 미납금 정산 확인 방법,rehab,수원,면책,방법·절차 확인,0,,1622
수원-개인회생-미납금-정산-처리-절차,수원 개인회생 미납금 정산 처리 절차,rehab,수원,면책,방법·절차 확인,0,,1623
수원-개인회생-미납금-정산-상담,수원 개인회생 미납금 정산 상담,rehab,수원,면책,상담·서비스 탐색,0,,1624
수원-개인회생-특별면책,수원 개인회생 특별면책,rehab,수원,면책,면책 신청과 후속 처리,0,,1625
수원-개인회생-특별면책-확인-방법,수원 개인회생 특별면책 확인 방법,rehab,수원,면책,방법·절차 확인,0,,1626
수원-개인회생-특별면책-처리-절차,수원 개인회생 특별면책 처리 절차,rehab,수원,면책,방법·절차 확인,0,,1627
수원-개인회생-특별면책-상담,수원 개인회생 특별면책 상담,rehab,수원,면책,상담·서비스 탐색,0,,1628
수원-개인회생-면책불허가,수원 개인회생 면책불허가,rehab,수원,면책,면책 신청과 후속 처리,0,,1629
수원-개인회생-면책불허가-확인-방법,수원 개인회생 면책불허가 확인 방법,rehab,수원,면책,방법·절차 확인,0,,1630
수원-개인회생-면책불허가-처리-절차,수원 개인회생 면책불허가 처리 절차,rehab,수원,면책,방법·절차 확인,0,,1631
수원-개인회생-면책불허가-상담,수원 개인회생 면책불허가 상담,rehab,수원,면책,상담·서비스 탐색,0,,1632
수원-개인회생-면책결정-확정,수원 개인회생 면책결정 확정,rehab,수원,면책,면책 신청과 후속 처리,0,,1633
수원-개인회생-면책결정-확정-확인-방법,수원 개인회생 면책결정 확정 확인 방법,rehab,수원,면책,방법·절차 확인,0,,1634
수원-개인회생-면책결정-확정-처리-절차,수원 개인회생 면책결정 확정 처리 절차,rehab,수원,면책,방법·절차 확인,0,,1635
수원-개인회생-면책결정-확정-상담,수원 개인회생 면책결정 확정 상담,rehab,수원,면책,상담·서비스 탐색,0,,1636
수원-개인회생-면책결정문-발급,수원 개인회생 면책결정문 발급,rehab,수원,면책,면책 신청과 후속 처리,0,,1637
수원-개인회생-면책결정문-발급-확인-방법,수원 개인회생 면책결정문 발급 확인 방법,rehab,수원,면책,방법·절차 확인,0,,1638
수원-개인회생-면책결정문-발급-처리-절차,수원 개인회생 면책결정문 발급 처리 절차,rehab,수원,면책,방법·절차 확인,0,,1639
수원-개인회생-면책결정문-발급-상담,수원 개인회생 면책결정문 발급 상담,rehab,수원,면책,상담·서비스 탐색,0,,1640
수원-개인회생-확정증명원-발급,수원 개인회생 확정증명원 발급,rehab,수원,면책,면책 신청과 후속 처리,0,,1641
수원-개인회생-확정증명원-발급-확인-방법,수원 개인회생 확정증명원 발급 확인 방법,rehab,수원,면책,방법·절차 확인,0,,1642
수원-개인회생-확정증명원-발급-처리-절차,수원 개인회생 확정증명원 발급 처리 절차,rehab,수원,면책,방법·절차 확인,0,,1643
수원-개인회생-확정증명원-발급-상담,수원 개인회생 확정증명원 발급 상담,rehab,수원,면책,상담·서비스 탐색,0,,1644
수원-개인회생-면책-후-누락채권,수원 개인회생 면책 후 누락채권,rehab,수원,면책,면책 신청과 후속 처리,0,,1645
수원-개인회생-면책-후-누락채권-확인-방법,수원 개인회생 면책 후 누락채권 확인 방법,rehab,수원,면책,방법·절차 확인,0,,1646
수원-개인회생-면책-후-누락채권-처리-절차,수원 개인회생 면책 후 누락채권 처리 절차,rehab,수원,면책,방법·절차 확인,0,,1647
수원-개인회생-면책-후-누락채권-상담,수원 개인회생 면책 후 누락채권 상담,rehab,수원,면책,상담·서비스 탐색,0,,1648
수원-개인회생-면책-후-보증채무,수원 개인회생 면책 후 보증채무,rehab,수원,면책,면책 신청과 후속 처리,0,,1649
수원-개인회생-면책-후-보증채무-확인-방법,수원 개인회생 면책 후 보증채무 확인 방법,rehab,수원,면책,방법·절차 확인,0,,1650
수원-개인회생-면책-후-보증채무-처리-절차,수원 개인회생 면책 후 보증채무 처리 절차,rehab,수원,면책,방법·절차 확인,0,,1651
수원-개인회생-면책-후-보증채무-상담,수원 개인회생 면책 후 보증채무 상담,rehab,수원,면책,상담·서비스 탐색,0,,1652
수원-개인회생-면책-후-세금,수원 개인회생 면책 후 세금,rehab,수원,면책,면책 신청과 후속 처리,0,,1653
수원-개인회생-면책-후-세금-확인-방법,수원 개인회생 면책 후 세금 확인 방법,rehab,수원,면책,방법·절차 확인,0,,1654
수원-개인회생-면책-후-세금-처리-절차,수원 개인회생 면책 후 세금 처리 절차,rehab,수원,면책,방법·절차 확인,0,,1655
수원-개인회생-면책-후-세금-상담,수원 개인회생 면책 후 세금 상담,rehab,수원,면책,상담·서비스 탐색,0,,1656
수원-개인회생-면책-후-손해배상채무,수원 개인회생 면책 후 손해배상채무,rehab,수원,면책,면책 신청과 후속 처리,0,,1657
수원-개인회생-면책-후-손해배상채무-확인-방법,수원 개인회생 면책 후 손해배상채무 확인 방법,rehab,수원,면책,방법·절차 확인,0,,1658
수원-개인회생-면책-후-손해배상채무-처리-절차,수원 개인회생 면책 후 손해배상채무 처리 절차,rehab,수원,면책,방법·절차 확인,0,,1659
수원-개인회생-면책-후-손해배상채무-상담,수원 개인회생 면책 후 손해배상채무 상담,rehab,수원,면책,상담·서비스 탐색,0,,1660
수원-개인회생-면책-후-양육비,수원 개인회생 면책 후 양육비,rehab,수원,면책,면책 신청과 후속 처리,0,,1661
수원-개인회생-면책-후-양육비-확인-방법,수원 개인회생 면책 후 양육비 확인 방법,rehab,수원,면책,방법·절차 확인,0,,1662
수원-개인회생-면책-후-양육비-처리-절차,수원 개인회생 면책 후 양육비 처리 절차,rehab,수원,면책,방법·절차 확인,0,,1663
수원-개인회생-면책-후-양육비-상담,수원 개인회생 면책 후 양육비 상담,rehab,수원,면책,상담·서비스 탐색,0,,1664
수원-개인회생-면책-후-담보채무,수원 개인회생 면책 후 담보채무,rehab,수원,면책,면책 신청과 후속 처리,0,,1665
수원-개인회생-면책-후-담보채무-확인-방법,수원 개인회생 면책 후 담보채무 확인 방법,rehab,수원,면책,방법·절차 확인,0,,1666
수원-개인회생-면책-후-담보채무-처리-절차,수원 개인회생 면책 후 담보채무 처리 절차,rehab,수원,면책,방법·절차 확인,0,,1667
수원-개인회생-면책-후-담보채무-상담,수원 개인회생 면책 후 담보채무 상담,rehab,수원,면책,상담·서비스 탐색,0,,1668
수원-개인회생-면책-후-독촉장,수원 개인회생 면책 후 독촉장,rehab,수원,면책,면책 신청과 후속 처리,0,,1669
수원-개인회생-면책-후-독촉장-확인-방법,수원 개인회생 면책 후 독촉장 확인 방법,rehab,수원,면책,방법·절차 확인,0,,1670
수원-개인회생-면책-후-독촉장-처리-절차,수원 개인회생 면책 후 독촉장 처리 절차,rehab,수원,면책,방법·절차 확인,0,,1671
수원-개인회생-면책-후-독촉장-상담,수원 개인회생 면책 후 독촉장 상담,rehab,수원,면책,상담·서비스 탐색,0,,1672
수원-개인회생-면책-후-압류해제,수원 개인회생 면책 후 압류해제,rehab,수원,면책,면책 신청과 후속 처리,0,,1673
수원-개인회생-면책-후-압류해제-확인-방법,수원 개인회생 면책 후 압류해제 확인 방법,rehab,수원,면책,방법·절차 확인,0,,1674
수원-개인회생-면책-후-압류해제-처리-절차,수원 개인회생 면책 후 압류해제 처리 절차,rehab,수원,면책,방법·절차 확인,0,,1675
수원-개인회생-면책-후-압류해제-상담,수원 개인회생 면책 후 압류해제 상담,rehab,수원,면책,상담·서비스 탐색,0,,1676
수원-개인회생-면책-후-기록-정리,수원 개인회생 면책 후 기록 정리,rehab,수원,면책,면책 신청과 후속 처리,0,,1677
수원-개인회생-면책-후-기록-정리-확인-방법,수원 개인회생 면책 후 기록 정리 확인 방법,rehab,수원,면책,방법·절차 확인,0,,1678
수원-개인회생-면책-후-기록-정리-처리-절차,수원 개인회생 면책 후 기록 정리 처리 절차,rehab,수원,면책,방법·절차 확인,0,,1679
수원-개인회생-면책-후-기록-정리-상담,수원 개인회생 면책 후 기록 정리 상담,rehab,수원,면책,상담·서비스 탐색,0,,1680
수원-개인회생-신용점수,수원 개인회생 신용점수,rehab,수원,신용회복,면책 후 금융생활 확인,0,,1681
수원-개인회생-신용점수-면책-후-확인,수원 개인회생 신용점수 면책 후 확인,rehab,수원,신용회복,면책 후 금융생활 확인,0,,1682
수원-개인회생-신용점수-제한-여부,수원 개인회생 신용점수 제한 여부,rehab,수원,신용회복,면책 후 금융생활 확인,0,,1683
수원-개인회생-신용점수-상담,수원 개인회생 신용점수 상담,rehab,수원,신용회복,상담·서비스 탐색,0,,1684
수원-개인회생-신용등급,수원 개인회생 신용등급,rehab,수원,신용회복,면책 후 금융생활 확인,0,,1685
수원-개인회생-신용등급-면책-후-확인,수원 개인회생 신용등급 면책 후 확인,rehab,수원,신용회복,면책 후 금융생활 확인,0,,1686
수원-개인회생-신용등급-제한-여부,수원 개인회생 신용등급 제한 여부,rehab,수원,신용회복,면책 후 금융생활 확인,0,,1687
수원-개인회생-신용등급-상담,수원 개인회생 신용등급 상담,rehab,수원,신용회복,상담·서비스 탐색,0,,1688
수원-개인회생-공공정보-삭제,수원 개인회생 공공정보 삭제,rehab,수원,신용회복,면책 후 금융생활 확인,0,,1689
수원-개인회생-공공정보-삭제-면책-후-확인,수원 개인회생 공공정보 삭제 면책 후 확인,rehab,수원,신용회복,면책 후 금융생활 확인,0,,1690
수원-개인회생-공공정보-삭제-제한-여부,수원 개인회생 공공정보 삭제 제한 여부,rehab,수원,신용회복,면책 후 금융생활 확인,0,,1691
수원-개인회생-공공정보-삭제-상담,수원 개인회생 공공정보 삭제 상담,rehab,수원,신용회복,상담·서비스 탐색,0,,1692
수원-개인회생-연체정보-해제,수원 개인회생 연체정보 해제,rehab,수원,신용회복,면책 후 금융생활 확인,0,,1693
수원-개인회생-연체정보-해제-면책-후-확인,수원 개인회생 연체정보 해제 면책 후 확인,rehab,수원,신용회복,면책 후 금융생활 확인,0,,1694
수원-개인회생-연체정보-해제-제한-여부,수원 개인회생 연체정보 해제 제한 여부,rehab,수원,신용회복,면책 후 금융생활 확인,0,,1695
수원-개인회생-연체정보-해제-상담,수원 개인회생 연체정보 해제 상담,rehab,수원,신용회복,상담·서비스 탐색,0,,1696
수원-개인회생-신용정보-정정,수원 개인회생 신용정보 정정,rehab,수원,신용회복,면책 후 금융생활 확인,0,,1697
수원-개인회생-신용정보-정정-면책-후-확인,수원 개인회생 신용정보 정정 면책 후 확인,rehab,수원,신용회복,면책 후 금융생활 확인,0,,1698
수원-개인회생-신용정보-정정-제한-여부,수원 개인회생 신용정보 정정 제한 여부,rehab,수원,신용회복,면책 후 금융생활 확인,0,,1699
수원-개인회생-신용정보-정정-상담,수원 개인회생 신용정보 정정 상담,rehab,수원,신용회복,상담·서비스 탐색,0,,1700
수원-개인회생-금융거래-재개,수원 개인회생 금융거래 재개,rehab,수원,신용회복,면책 후 금융생활 확인,0,,1701
수원-개인회생-금융거래-재개-면책-후-확인,수원 개인회생 금융거래 재개 면책 후 확인,rehab,수원,신용회복,면책 후 금융생활 확인,0,,1702
수원-개인회생-금융거래-재개-제한-여부,수원 개인회생 금융거래 재개 제한 여부,rehab,수원,신용회복,면책 후 금융생활 확인,0,,1703
수원-개인회생-금융거래-재개-상담,수원 개인회생 금융거래 재개 상담,rehab,수원,신용회복,상담·서비스 탐색,0,,1704
수원-개인회생-체크카드-발급,수원 개인회생 체크카드 발급,rehab,수원,신용회복,면책 후 금융생활 확인,0,,1705
수원-개인회생-체크카드-발급-면책-후-확인,수원 개인회생 체크카드 발급 면책 후 확인,rehab,수원,신용회복,면책 후 금융생활 확인,0,,1706
수원-개인회생-체크카드-발급-제한-여부,수원 개인회생 체크카드 발급 제한 여부,rehab,수원,신용회복,면책 후 금융생활 확인,0,,1707
수원-개인회생-체크카드-발급-상담,수원 개인회생 체크카드 발급 상담,rehab,수원,신용회복,상담·서비스 탐색,0,,1708
수원-개인회생-신용카드-발급,수원 개인회생 신용카드 발급,rehab,수원,신용회복,면책 후 금융생활 확인,0,,1709
수원-개인회생-신용카드-발급-면책-후-확인,수원 개인회생 신용카드 발급 면책 후 확인,rehab,수원,신용회복,면책 후 금융생활 확인,0,,1710
수원-개인회생-신용카드-발급-제한-여부,수원 개인회생 신용카드 발급 제한 여부,rehab,수원,신용회복,면책 후 금융생활 확인,0,,1711
수원-개인회생-신용카드-발급-상담,수원 개인회생 신용카드 발급 상담,rehab,수원,신용회복,상담·서비스 탐색,0,,1712
수원-개인회생-통장-신규-개설,수원 개인회생 통장 신규 개설,rehab,수원,신용회복,면책 후 금융생활 확인,0,,1713
수원-개인회생-통장-신규-개설-면책-후-확인,수원 개인회생 통장 신규 개설 면책 후 확인,rehab,수원,신용회복,면책 후 금융생활 확인,0,,1714
수원-개인회생-통장-신규-개설-제한-여부,수원 개인회생 통장 신규 개설 제한 여부,rehab,수원,신용회복,면책 후 금융생활 확인,0,,1715
수원-개인회생-통장-신규-개설-상담,수원 개인회생 통장 신규 개설 상담,rehab,수원,신용회복,상담·서비스 탐색,0,,1716
수원-개인회생-급여계좌-변경,수원 개인회생 급여계좌 변경,rehab,수원,신용회복,면책 후 금융생활 확인,0,,1717
수원-개인회생-급여계좌-변경-면책-후-확인,수원 개인회생 급여계좌 변경 면책 후 확인,rehab,수원,신용회복,면책 후 금융생활 확인,0,,1718
수원-개인회생-급여계좌-변경-제한-여부,수원 개인회생 급여계좌 변경 제한 여부,rehab,수원,신용회복,면책 후 금융생활 확인,0,,1719
수원-개인회생-급여계좌-변경-상담,수원 개인회생 급여계좌 변경 상담,rehab,수원,신용회복,상담·서비스 탐색,0,,1720
수원-개인회생-휴대폰-개통,수원 개인회생 휴대폰 개통,rehab,수원,신용회복,면책 후 금융생활 확인,0,,1721
수원-개인회생-휴대폰-개통-면책-후-확인,수원 개인회생 휴대폰 개통 면책 후 확인,rehab,수원,신용회복,면책 후 금융생활 확인,0,,1722
수원-개인회생-휴대폰-개통-제한-여부,수원 개인회생 휴대폰 개통 제한 여부,rehab,수원,신용회복,면책 후 금융생활 확인,0,,1723
수원-개인회생-휴대폰-개통-상담,수원 개인회생 휴대폰 개통 상담,rehab,수원,신용회복,상담·서비스 탐색,0,,1724
수원-개인회생-통신요금-자동이체,수원 개인회생 통신요금 자동이체,rehab,수원,신용회복,면책 후 금융생활 확인,0,,1725
수원-개인회생-통신요금-자동이체-면책-후-확인,수원 개인회생 통신요금 자동이체 면책 후 확인,rehab,수원,신용회복,면책 후 금융생활 확인,0,,1726
수원-개인회생-통신요금-자동이체-제한-여부,수원 개인회생 통신요금 자동이체 제한 여부,rehab,수원,신용회복,면책 후 금융생활 확인,0,,1727
수원-개인회생-통신요금-자동이체-상담,수원 개인회생 통신요금 자동이체 상담,rehab,수원,신용회복,상담·서비스 탐색,0,,1728
수원-개인회생-보증보험-가입,수원 개인회생 보증보험 가입,rehab,수원,신용회복,면책 후 금융생활 확인,0,,1729
수원-개인회생-보증보험-가입-면책-후-확인,수원 개인회생 보증보험 가입 면책 후 확인,rehab,수원,신용회복,면책 후 금융생활 확인,0,,1730
수원-개인회생-보증보험-가입-제한-여부,수원 개인회생 보증보험 가입 제한 여부,rehab,수원,신용회복,면책 후 금융생활 확인,0,,1731
수원-개인회생-보증보험-가입-상담,수원 개인회생 보증보험 가입 상담,rehab,수원,신용회복,상담·서비스 탐색,0,,1732
수원-개인회생-전세대출-심사,수원 개인회생 전세대출 심사,rehab,수원,신용회복,면책 후 금융생활 확인,0,,1733
수원-개인회생-전세대출-심사-면책-후-확인,수원 개인회생 전세대출 심사 면책 후 확인,rehab,수원,신용회복,면책 후 금융생활 확인,0,,1734
수원-개인회생-전세대출-심사-제한-여부,수원 개인회생 전세대출 심사 제한 여부,rehab,수원,신용회복,면책 후 금융생활 확인,0,,1735
수원-개인회생-전세대출-심사-상담,수원 개인회생 전세대출 심사 상담,rehab,수원,신용회복,상담·서비스 탐색,0,,1736
수원-개인회생-주택담보대출-심사,수원 개인회생 주택담보대출 심사,rehab,수원,신용회복,면책 후 금융생활 확인,0,,1737
수원-개인회생-주택담보대출-심사-면책-후-확인,수원 개인회생 주택담보대출 심사 면책 후 확인,rehab,수원,신용회복,면책 후 금융생활 확인,0,,1738
수원-개인회생-주택담보대출-심사-제한-여부,수원 개인회생 주택담보대출 심사 제한 여부,rehab,수원,신용회복,면책 후 금융생활 확인,0,,1739
수원-개인회생-주택담보대출-심사-상담,수원 개인회생 주택담보대출 심사 상담,rehab,수원,신용회복,상담·서비스 탐색,0,,1740
수원-개인회생-자동차-할부-심사,수원 개인회생 자동차 할부 심사,rehab,수원,신용회복,면책 후 금융생활 확인,0,,1741
수원-개인회생-자동차-할부-심사-면책-후-확인,수원 개인회생 자동차 할부 심사 면책 후 확인,rehab,수원,신용회복,면책 후 금융생활 확인,0,,1742
수원-개인회생-자동차-할부-심사-제한-여부,수원 개인회생 자동차 할부 심사 제한 여부,rehab,수원,신용회복,면책 후 금융생활 확인,0,,1743
수원-개인회생-자동차-할부-심사-상담,수원 개인회생 자동차 할부 심사 상담,rehab,수원,신용회복,상담·서비스 탐색,0,,1744
수원-개인회생-소액-신용거래,수원 개인회생 소액 신용거래,rehab,수원,신용회복,면책 후 금융생활 확인,0,,1745
수원-개인회생-소액-신용거래-면책-후-확인,수원 개인회생 소액 신용거래 면책 후 확인,rehab,수원,신용회복,면책 후 금융생활 확인,0,,1746
수원-개인회생-소액-신용거래-제한-여부,수원 개인회생 소액 신용거래 제한 여부,rehab,수원,신용회복,면책 후 금융생활 확인,0,,1747
수원-개인회생-소액-신용거래-상담,수원 개인회생 소액 신용거래 상담,rehab,수원,신용회복,상담·서비스 탐색,0,,1748
수원-개인회생-은행-거래실적,수원 개인회생 은행 거래실적,rehab,수원,신용회복,면책 후 금융생활 확인,0,,1749
수원-개인회생-은행-거래실적-면책-후-확인,수원 개인회생 은행 거래실적 면책 후 확인,rehab,수원,신용회복,면책 후 금융생활 확인,0,,1750
수원-개인회생-은행-거래실적-제한-여부,수원 개인회생 은행 거래실적 제한 여부,rehab,수원,신용회복,면책 후 금융생활 확인,0,,1751
수원-개인회생-은행-거래실적-상담,수원 개인회생 은행 거래실적 상담,rehab,수원,신용회복,상담·서비스 탐색,0,,1752
수원-개인회생-신용정보조회,수원 개인회생 신용정보조회,rehab,수원,신용회복,면책 후 금융생활 확인,0,,1753
수원-개인회생-신용정보조회-면책-후-확인,수원 개인회생 신용정보조회 면책 후 확인,rehab,수원,신용회복,면책 후 금융생활 확인,0,,1754
수원-개인회생-신용정보조회-제한-여부,수원 개인회생 신용정보조회 제한 여부,rehab,수원,신용회복,면책 후 금융생활 확인,0,,1755
수원-개인회생-신용정보조회-상담,수원 개인회생 신용정보조회 상담,rehab,수원,신용회복,상담·서비스 탐색,0,,1756
수원-개인회생-채무완제-확인,수원 개인회생 채무완제 확인,rehab,수원,신용회복,면책 후 금융생활 확인,0,,1757
수원-개인회생-채무완제-확인-면책-후-확인,수원 개인회생 채무완제 확인 면책 후 확인,rehab,수원,신용회복,면책 후 금융생활 확인,0,,1758
수원-개인회생-채무완제-확인-제한-여부,수원 개인회생 채무완제 확인 제한 여부,rehab,수원,신용회복,면책 후 금융생활 확인,0,,1759
수원-개인회생-채무완제-확인-상담,수원 개인회생 채무완제 확인 상담,rehab,수원,신용회복,상담·서비스 탐색,0,,1760
수원-개인회생-실직-상태,수원 개인회생 실직 상태,rehab,수원,상황형,개인 상황에 따른 신청 검토,0,,1761
수원-개인회생-실직-상태-신청-가능-여부,수원 개인회생 실직 상태 신청 가능 여부,rehab,수원,상황형,개인 상황에 따른 신청 검토,0,,1762
수원-개인회생-실직-상태-준비사항,수원 개인회생 실직 상태 준비사항,rehab,수원,상황형,개인 상황에 따른 신청 검토,0,,1763
수원-개인회생-실직-상태-상담,수원 개인회생 실직 상태 상담,rehab,수원,상황형,상담·서비스 탐색,0,,1764
수원-개인회생-취업-직후,수원 개인회생 취업 직후,rehab,수원,상황형,개인 상황에 따른 신청 검토,0,,1765
수원-개인회생-취업-직후-신청-가능-여부,수원 개인회생 취업 직후 신청 가능 여부,rehab,수원,상황형,개인 상황에 따른 신청 검토,0,,1766
수원-개인회생-취업-직후-준비사항,수원 개인회생 취업 직후 준비사항,rehab,수원,상황형,개인 상황에 따른 신청 검토,0,,1767
수원-개인회생-취업-직후-상담,수원 개인회생 취업 직후 상담,rehab,수원,상황형,상담·서비스 탐색,0,,1768
수원-개인회생-이직-준비-중,수원 개인회생 이직 준비 중,rehab,수원,상황형,개인 상황에 따른 신청 검토,0,,1769
수원-개인회생-이직-준비-중-신청-가능-여부,수원 개인회생 이직 준비 중 신청 가능 여부,rehab,수원,상황형,개인 상황에 따른 신청 검토,0,,1770
수원-개인회생-이직-준비-중-준비사항,수원 개인회생 이직 준비 중 준비사항,rehab,수원,상황형,개인 상황에 따른 신청 검토,0,,1771
수원-개인회생-이직-준비-중-상담,수원 개인회생 이직 준비 중 상담,rehab,수원,상황형,상담·서비스 탐색,0,,1772
수원-개인회생-휴직-중,수원 개인회생 휴직 중,rehab,수원,상황형,개인 상황에 따른 신청 검토,0,,1773
수원-개인회생-휴직-중-신청-가능-여부,수원 개인회생 휴직 중 신청 가능 여부,rehab,수원,상황형,개인 상황에 따른 신청 검토,0,,1774
수원-개인회생-휴직-중-준비사항,수원 개인회생 휴직 중 준비사항,rehab,수원,상황형,개인 상황에 따른 신청 검토,0,,1775
수원-개인회생-휴직-중-상담,수원 개인회생 휴직 중 상담,rehab,수원,상황형,상담·서비스 탐색,0,,1776
수원-개인회생-육아휴직-중,수원 개인회생 육아휴직 중,rehab,수원,상황형,개인 상황에 따른 신청 검토,0,,1777
수원-개인회생-육아휴직-중-신청-가능-여부,수원 개인회생 육아휴직 중 신청 가능 여부,rehab,수원,상황형,개인 상황에 따른 신청 검토,0,,1778
수원-개인회생-육아휴직-중-준비사항,수원 개인회생 육아휴직 중 준비사항,rehab,수원,상황형,개인 상황에 따른 신청 검토,0,,1779
수원-개인회생-육아휴직-중-상담,수원 개인회생 육아휴직 중 상담,rehab,수원,상황형,상담·서비스 탐색,0,,1780
수원-개인회생-출산-예정,수원 개인회생 출산 예정,rehab,수원,상황형,개인 상황에 따른 신청 검토,0,,1781
수원-개인회생-출산-예정-신청-가능-여부,수원 개인회생 출산 예정 신청 가능 여부,rehab,수원,상황형,개인 상황에 따른 신청 검토,0,,1782
수원-개인회생-출산-예정-준비사항,수원 개인회생 출산 예정 준비사항,rehab,수원,상황형,개인 상황에 따른 신청 검토,0,,1783
수원-개인회생-출산-예정-상담,수원 개인회생 출산 예정 상담,rehab,수원,상황형,상담·서비스 탐색,0,,1784
수원-개인회생-이혼-소송-중,수원 개인회생 이혼 소송 중,rehab,수원,상황형,개인 상황에 따른 신청 검토,0,,1785
수원-개인회생-이혼-소송-중-신청-가능-여부,수원 개인회생 이혼 소송 중 신청 가능 여부,rehab,수원,상황형,개인 상황에 따른 신청 검토,0,,1786
수원-개인회생-이혼-소송-중-준비사항,수원 개인회생 이혼 소송 중 준비사항,rehab,수원,상황형,개인 상황에 따른 신청 검토,0,,1787
수원-개인회생-이혼-소송-중-상담,수원 개인회생 이혼 소송 중 상담,rehab,수원,상황형,상담·서비스 탐색,0,,1788
수원-개인회생-별거-중,수원 개인회생 별거 중,rehab,수원,상황형,개인 상황에 따른 신청 검토,0,,1789
수원-개인회생-별거-중-신청-가능-여부,수원 개인회생 별거 중 신청 가능 여부,rehab,수원,상황형,개인 상황에 따른 신청 검토,0,,1790
수원-개인회생-별거-중-준비사항,수원 개인회생 별거 중 준비사항,rehab,수원,상황형,개인 상황에 따른 신청 검토,0,,1791
수원-개인회생-별거-중-상담,수원 개인회생 별거 중 상담,rehab,수원,상황형,상담·서비스 탐색,0,,1792
수원-개인회생-재혼-예정,수원 개인회생 재혼 예정,rehab,수원,상황형,개인 상황에 따른 신청 검토,0,,1793
수원-개인회생-재혼-예정-신청-가능-여부,수원 개인회생 재혼 예정 신청 가능 여부,rehab,수원,상황형,개인 상황에 따른 신청 검토,0,,1794
수원-개인회생-재혼-예정-준비사항,수원 개인회생 재혼 예정 준비사항,rehab,수원,상황형,개인 상황에 따른 신청 검토,0,,1795
수원-개인회생-재혼-예정-상담,수원 개인회생 재혼 예정 상담,rehab,수원,상황형,상담·서비스 탐색,0,,1796
수원-개인회생-가족-몰래-신청,수원 개인회생 가족 몰래 신청,rehab,수원,상황형,개인 상황에 따른 신청 검토,0,,1797
수원-개인회생-가족-몰래-신청-신청-가능-여부,수원 개인회생 가족 몰래 신청 신청 가능 여부,rehab,수원,상황형,개인 상황에 따른 신청 검토,0,,1798
수원-개인회생-가족-몰래-신청-준비사항,수원 개인회생 가족 몰래 신청 준비사항,rehab,수원,상황형,개인 상황에 따른 신청 검토,0,,1799
수원-개인회생-가족-몰래-신청-상담,수원 개인회생 가족 몰래 신청 상담,rehab,수원,상황형,상담·서비스 탐색,0,,1800
수원-개인회생-회사-몰래-신청,수원 개인회생 회사 몰래 신청,rehab,수원,상황형,개인 상황에 따른 신청 검토,0,,1801
수원-개인회생-회사-몰래-신청-신청-가능-여부,수원 개인회생 회사 몰래 신청 신청 가능 여부,rehab,수원,상황형,개인 상황에 따른 신청 검토,0,,1802
수원-개인회생-회사-몰래-신청-준비사항,수원 개인회생 회사 몰래 신청 준비사항,rehab,수원,상황형,개인 상황에 따른 신청 검토,0,,1803
수원-개인회생-회사-몰래-신청-상담,수원 개인회생 회사 몰래 신청 상담,rehab,수원,상황형,상담·서비스 탐색,0,,1804
수원-개인회생-사업-폐업-예정,수원 개인회생 사업 폐업 예정,rehab,수원,상황형,개인 상황에 따른 신청 검토,0,,1805
수원-개인회생-사업-폐업-예정-신청-가능-여부,수원 개인회생 사업 폐업 예정 신청 가능 여부,rehab,수원,상황형,개인 상황에 따른 신청 검토,0,,1806
수원-개인회생-사업-폐업-예정-준비사항,수원 개인회생 사업 폐업 예정 준비사항,rehab,수원,상황형,개인 상황에 따른 신청 검토,0,,1807
수원-개인회생-사업-폐업-예정-상담,수원 개인회생 사업 폐업 예정 상담,rehab,수원,상황형,상담·서비스 탐색,0,,1808
수원-개인회생-사업-계속-운영,수원 개인회생 사업 계속 운영,rehab,수원,상황형,개인 상황에 따른 신청 검토,0,,1809
수원-개인회생-사업-계속-운영-신청-가능-여부,수원 개인회생 사업 계속 운영 신청 가능 여부,rehab,수원,상황형,개인 상황에 따른 신청 검토,0,,1810
수원-개인회생-사업-계속-운영-준비사항,수원 개인회생 사업 계속 운영 준비사항,rehab,수원,상황형,개인 상황에 따른 신청 검토,0,,1811
수원-개인회생-사업-계속-운영-상담,수원 개인회생 사업 계속 운영 상담,rehab,수원,상황형,상담·서비스 탐색,0,,1812
수원-개인회생-전세-계약-만료,수원 개인회생 전세 계약 만료,rehab,수원,상황형,개인 상황에 따른 신청 검토,0,,1813
수원-개인회생-전세-계약-만료-신청-가능-여부,수원 개인회생 전세 계약 만료 신청 가능 여부,rehab,수원,상황형,개인 상황에 따른 신청 검토,0,,1814
수원-개인회생-전세-계약-만료-준비사항,수원 개인회생 전세 계약 만료 준비사항,rehab,수원,상황형,개인 상황에 따른 신청 검토,0,,1815
수원-개인회생-전세-계약-만료-상담,수원 개인회생 전세 계약 만료 상담,rehab,수원,상황형,상담·서비스 탐색,0,,1816
수원-개인회생-이사-예정,수원 개인회생 이사 예정,rehab,수원,상황형,개인 상황에 따른 신청 검토,0,,1817
수원-개인회생-이사-예정-신청-가능-여부,수원 개인회생 이사 예정 신청 가능 여부,rehab,수원,상황형,개인 상황에 따른 신청 검토,0,,1818
수원-개인회생-이사-예정-준비사항,수원 개인회생 이사 예정 준비사항,rehab,수원,상황형,개인 상황에 따른 신청 검토,0,,1819
수원-개인회생-이사-예정-상담,수원 개인회생 이사 예정 상담,rehab,수원,상황형,상담·서비스 탐색,0,,1820
수원-개인회생-해외-출국-예정,수원 개인회생 해외 출국 예정,rehab,수원,상황형,개인 상황에 따른 신청 검토,0,,1821
수원-개인회생-해외-출국-예정-신청-가능-여부,수원 개인회생 해외 출국 예정 신청 가능 여부,rehab,수원,상황형,개인 상황에 따른 신청 검토,0,,1822
수원-개인회생-해외-출국-예정-준비사항,수원 개인회생 해외 출국 예정 준비사항,rehab,수원,상황형,개인 상황에 따른 신청 검토,0,,1823
수원-개인회생-해외-출국-예정-상담,수원 개인회생 해외 출국 예정 상담,rehab,수원,상황형,상담·서비스 탐색,0,,1824
수원-개인회생-수술-예정,수원 개인회생 수술 예정,rehab,수원,상황형,개인 상황에 따른 신청 검토,0,,1825
수원-개인회생-수술-예정-신청-가능-여부,수원 개인회생 수술 예정 신청 가능 여부,rehab,수원,상황형,개인 상황에 따른 신청 검토,0,,1826
수원-개인회생-수술-예정-준비사항,수원 개인회생 수술 예정 준비사항,rehab,수원,상황형,개인 상황에 따른 신청 검토,0,,1827
수원-개인회생-수술-예정-상담,수원 개인회생 수술 예정 상담,rehab,수원,상황형,상담·서비스 탐색,0,,1828
수원-개인회생-장기-입원-중,수원 개인회생 장기 입원 중,rehab,수원,상황형,개인 상황에 따른 신청 검토,0,,1829
수원-개인회생-장기-입원-중-신청-가능-여부,수원 개인회생 장기 입원 중 신청 가능 여부,rehab,수원,상황형,개인 상황에 따른 신청 검토,0,,1830
수원-개인회생-장기-입원-중-준비사항,수원 개인회생 장기 입원 중 준비사항,rehab,수원,상황형,개인 상황에 따른 신청 검토,0,,1831
수원-개인회생-장기-입원-중-상담,수원 개인회생 장기 입원 중 상담,rehab,수원,상황형,상담·서비스 탐색,0,,1832
수원-개인회생-사기-피해-발생,수원 개인회생 사기 피해 발생,rehab,수원,상황형,개인 상황에 따른 신청 검토,0,,1833
수원-개인회생-사기-피해-발생-신청-가능-여부,수원 개인회생 사기 피해 발생 신청 가능 여부,rehab,수원,상황형,개인 상황에 따른 신청 검토,0,,1834
수원-개인회생-사기-피해-발생-준비사항,수원 개인회생 사기 피해 발생 준비사항,rehab,수원,상황형,개인 상황에 따른 신청 검토,0,,1835
수원-개인회생-사기-피해-발생-상담,수원 개인회생 사기 피해 발생 상담,rehab,수원,상황형,상담·서비스 탐색,0,,1836
수원-개인회생-보이스피싱-피해,수원 개인회생 보이스피싱 피해,rehab,수원,상황형,개인 상황에 따른 신청 검토,0,,1837
수원-개인회생-보이스피싱-피해-신청-가능-여부,수원 개인회생 보이스피싱 피해 신청 가능 여부,rehab,수원,상황형,개인 상황에 따른 신청 검토,0,,1838
수원-개인회생-보이스피싱-피해-준비사항,수원 개인회생 보이스피싱 피해 준비사항,rehab,수원,상황형,개인 상황에 따른 신청 검토,0,,1839
수원-개인회생-보이스피싱-피해-상담,수원 개인회생 보이스피싱 피해 상담,rehab,수원,상황형,상담·서비스 탐색,0,,1840
수원-개인회생-신청비용,수원 개인회생 신청비용,rehab,수원,비용·상담,비용 및 대리인 선택,0,,1841
수원-개인회생-신청비용-안내,수원 개인회생 신청비용 안내,rehab,수원,비용·상담,비용 및 대리인 선택,0,,1842
수원-개인회생-신청비용-확인사항,수원 개인회생 신청비용 확인사항,rehab,수원,비용·상담,비용 및 대리인 선택,0,,1843
수원-개인회생-신청비용-비교,수원 개인회생 신청비용 비교,rehab,수원,비용·상담,비교·선택 검토,0,,1844
수원-개인회생-법원-인지대,수원 개인회생 법원 인지대,rehab,수원,비용·상담,비용 및 대리인 선택,0,,1845
수원-개인회생-법원-인지대-안내,수원 개인회생 법원 인지대 안내,rehab,수원,비용·상담,비용 및 대리인 선택,0,,1846
수원-개인회생-법원-인지대-확인사항,수원 개인회생 법원 인지대 확인사항,rehab,수원,비용·상담,비용 및 대리인 선택,0,,1847
수원-개인회생-법원-인지대-비교,수원 개인회생 법원 인지대 비교,rehab,수원,비용·상담,비교·선택 검토,0,,1848
수원-개인회생-송달료,수원 개인회생 송달료,rehab,수원,비용·상담,비용 및 대리인 선택,0,,1849
수원-개인회생-송달료-안내,수원 개인회생 송달료 안내,rehab,수원,비용·상담,비용 및 대리인 선택,0,,1850
수원-개인회생-송달료-확인사항,수원 개인회생 송달료 확인사항,rehab,수원,비용·상담,비용 및 대리인 선택,0,,1851
수원-개인회생-송달료-비교,수원 개인회생 송달료 비교,rehab,수원,비용·상담,비교·선택 검토,0,,1852
수원-개인회생-회생위원-보수,수원 개인회생 회생위원 보수,rehab,수원,비용·상담,비용 및 대리인 선택,0,,1853
수원-개인회생-회생위원-보수-안내,수원 개인회생 회생위원 보수 안내,rehab,수원,비용·상담,비용 및 대리인 선택,0,,1854
수원-개인회생-회생위원-보수-확인사항,수원 개인회생 회생위원 보수 확인사항,rehab,수원,비용·상담,비용 및 대리인 선택,0,,1855
수원-개인회생-회생위원-보수-비교,수원 개인회생 회생위원 보수 비교,rehab,수원,비용·상담,비교·선택 검토,0,,1856
수원-개인회생-변호사-수임료,수원 개인회생 변호사 수임료,rehab,수원,비용·상담,비용 및 대리인 선택,0,,1857
수원-개인회생-변호사-수임료-안내,수원 개인회생 변호사 수임료 안내,rehab,수원,비용·상담,비용 및 대리인 선택,0,,1858
수원-개인회생-변호사-수임료-확인사항,수원 개인회생 변호사 수임료 확인사항,rehab,수원,비용·상담,비용 및 대리인 선택,0,,1859
수원-개인회생-변호사-수임료-비교,수원 개인회생 변호사 수임료 비교,rehab,수원,비용·상담,비교·선택 검토,0,,1860
수원-개인회생-법무사-보수,수원 개인회생 법무사 보수,rehab,수원,비용·상담,비용 및 대리인 선택,0,,1861
수원-개인회생-법무사-보수-안내,수원 개인회생 법무사 보수 안내,rehab,수원,비용·상담,비용 및 대리인 선택,0,,1862
수원-개인회생-법무사-보수-확인사항,수원 개인회생 법무사 보수 확인사항,rehab,수원,비용·상담,비용 및 대리인 선택,0,,1863
수원-개인회생-법무사-보수-비교,수원 개인회생 법무사 보수 비교,rehab,수원,비용·상담,비교·선택 검토,0,,1864
수원-개인회생-부채증명서-발급비,수원 개인회생 부채증명서 발급비,rehab,수원,비용·상담,비용 및 대리인 선택,0,,1865
수원-개인회생-부채증명서-발급비-안내,수원 개인회생 부채증명서 발급비 안내,rehab,수원,비용·상담,비용 및 대리인 선택,0,,1866
수원-개인회생-부채증명서-발급비-확인사항,수원 개인회생 부채증명서 발급비 확인사항,rehab,수원,비용·상담,비용 및 대리인 선택,0,,1867
수원-개인회생-부채증명서-발급비-비교,수원 개인회생 부채증명서 발급비 비교,rehab,수원,비용·상담,비교·선택 검토,0,,1868
수원-개인회생-추가-보정-비용,수원 개인회생 추가 보정 비용,rehab,수원,비용·상담,비용 및 대리인 선택,0,,1869
수원-개인회생-추가-보정-비용-안내,수원 개인회생 추가 보정 비용 안내,rehab,수원,비용·상담,비용 및 대리인 선택,0,,1870
수원-개인회생-추가-보정-비용-확인사항,수원 개인회생 추가 보정 비용 확인사항,rehab,수원,비용·상담,비용 및 대리인 선택,0,,1871
수원-개인회생-추가-보정-비용-비교,수원 개인회생 추가 보정 비용 비교,rehab,수원,비용·상담,비교·선택 검토,0,,1872
수원-개인회생-재신청-비용,수원 개인회생 재신청 비용,rehab,수원,비용·상담,비용 및 대리인 선택,0,,1873
수원-개인회생-재신청-비용-안내,수원 개인회생 재신청 비용 안내,rehab,수원,비용·상담,비용 및 대리인 선택,0,,1874
수원-개인회생-재신청-비용-확인사항,수원 개인회생 재신청 비용 확인사항,rehab,수원,비용·상담,비용 및 대리인 선택,0,,1875
수원-개인회생-재신청-비용-비교,수원 개인회생 재신청 비용 비교,rehab,수원,비용·상담,비교·선택 검토,0,,1876
수원-개인회생-항고-비용,수원 개인회생 항고 비용,rehab,수원,비용·상담,비용 및 대리인 선택,0,,1877
수원-개인회생-항고-비용-안내,수원 개인회생 항고 비용 안내,rehab,수원,비용·상담,비용 및 대리인 선택,0,,1878
수원-개인회생-항고-비용-확인사항,수원 개인회생 항고 비용 확인사항,rehab,수원,비용·상담,비용 및 대리인 선택,0,,1879
수원-개인회생-항고-비용-비교,수원 개인회생 항고 비용 비교,rehab,수원,비용·상담,비교·선택 검토,0,,1880
수원-개인회생-수임료-분납,수원 개인회생 수임료 분납,rehab,수원,비용·상담,비용 및 대리인 선택,0,,1881
수원-개인회생-수임료-분납-안내,수원 개인회생 수임료 분납 안내,rehab,수원,비용·상담,비용 및 대리인 선택,0,,1882
수원-개인회생-수임료-분납-확인사항,수원 개인회생 수임료 분납 확인사항,rehab,수원,비용·상담,비용 및 대리인 선택,0,,1883
수원-개인회생-수임료-분납-비교,수원 개인회생 수임료 분납 비교,rehab,수원,비용·상담,비교·선택 검토,0,,1884
수원-개인회생-수임료-환불,수원 개인회생 수임료 환불,rehab,수원,비용·상담,비용 및 대리인 선택,0,,1885
수원-개인회생-수임료-환불-안내,수원 개인회생 수임료 환불 안내,rehab,수원,비용·상담,비용 및 대리인 선택,0,,1886
수원-개인회생-수임료-환불-확인사항,수원 개인회생 수임료 환불 확인사항,rehab,수원,비용·상담,비용 및 대리인 선택,0,,1887
수원-개인회생-수임료-환불-비교,수원 개인회생 수임료 환불 비교,rehab,수원,비용·상담,비교·선택 검토,0,,1888
수원-개인회생-무료상담,수원 개인회생 무료상담,rehab,수원,비용·상담,비용 및 대리인 선택,0,,1889
수원-개인회생-무료상담-안내,수원 개인회생 무료상담 안내,rehab,수원,비용·상담,비용 및 대리인 선택,0,,1890
수원-개인회생-무료상담-확인사항,수원 개인회생 무료상담 확인사항,rehab,수원,비용·상담,비용 및 대리인 선택,0,,1891
수원-개인회생-무료상담-비교,수원 개인회생 무료상담 비교,rehab,수원,비용·상담,비교·선택 검토,0,,1892
수원-개인회생-방문상담,수원 개인회생 방문상담,rehab,수원,비용·상담,비용 및 대리인 선택,0,,1893
수원-개인회생-방문상담-안내,수원 개인회생 방문상담 안내,rehab,수원,비용·상담,비용 및 대리인 선택,0,,1894
수원-개인회생-방문상담-확인사항,수원 개인회생 방문상담 확인사항,rehab,수원,비용·상담,비용 및 대리인 선택,0,,1895
수원-개인회생-방문상담-비교,수원 개인회생 방문상담 비교,rehab,수원,비용·상담,비교·선택 검토,0,,1896
수원-개인회생-전화상담,수원 개인회생 전화상담,rehab,수원,비용·상담,비용 및 대리인 선택,0,,1897
수원-개인회생-전화상담-안내,수원 개인회생 전화상담 안내,rehab,수원,비용·상담,비용 및 대리인 선택,0,,1898
수원-개인회생-전화상담-확인사항,수원 개인회생 전화상담 확인사항,rehab,수원,비용·상담,비용 및 대리인 선택,0,,1899
수원-개인회생-전화상담-비교,수원 개인회생 전화상담 비교,rehab,수원,비용·상담,비교·선택 검토,0,,1900
수원-개인회생-온라인상담,수원 개인회생 온라인상담,rehab,수원,비용·상담,비용 및 대리인 선택,0,,1901
수원-개인회생-온라인상담-안내,수원 개인회생 온라인상담 안내,rehab,수원,비용·상담,비용 및 대리인 선택,0,,1902
수원-개인회생-온라인상담-확인사항,수원 개인회생 온라인상담 확인사항,rehab,수원,비용·상담,비용 및 대리인 선택,0,,1903
수원-개인회생-온라인상담-비교,수원 개인회생 온라인상담 비교,rehab,수원,비용·상담,비교·선택 검토,0,,1904
수원-개인회생-법률구조-지원,수원 개인회생 법률구조 지원,rehab,수원,비용·상담,비용 및 대리인 선택,0,,1905
수원-개인회생-법률구조-지원-안내,수원 개인회생 법률구조 지원 안내,rehab,수원,비용·상담,비용 및 대리인 선택,0,,1906
수원-개인회생-법률구조-지원-확인사항,수원 개인회생 법률구조 지원 확인사항,rehab,수원,비용·상담,비용 및 대리인 선택,0,,1907
수원-개인회생-법률구조-지원-비교,수원 개인회생 법률구조 지원 비교,rehab,수원,비용·상담,비교·선택 검토,0,,1908
수원-개인회생-변호사-선임,수원 개인회생 변호사 선임,rehab,수원,비용·상담,비용 및 대리인 선택,0,,1909
수원-개인회생-변호사-선임-안내,수원 개인회생 변호사 선임 안내,rehab,수원,비용·상담,비용 및 대리인 선택,0,,1910
수원-개인회생-변호사-선임-확인사항,수원 개인회생 변호사 선임 확인사항,rehab,수원,비용·상담,비용 및 대리인 선택,0,,1911
수원-개인회생-변호사-선임-비교,수원 개인회생 변호사 선임 비교,rehab,수원,비용·상담,비교·선택 검토,0,,1912
수원-개인회생-법무사-선임,수원 개인회생 법무사 선임,rehab,수원,비용·상담,비용 및 대리인 선택,0,,1913
수원-개인회생-법무사-선임-안내,수원 개인회생 법무사 선임 안내,rehab,수원,비용·상담,비용 및 대리인 선택,0,,1914
수원-개인회생-법무사-선임-확인사항,수원 개인회생 법무사 선임 확인사항,rehab,수원,비용·상담,비용 및 대리인 선택,0,,1915
수원-개인회생-법무사-선임-비교,수원 개인회생 법무사 선임 비교,rehab,수원,비용·상담,비교·선택 검토,0,,1916
수원-개인회생-대리인-변경,수원 개인회생 대리인 변경,rehab,수원,비용·상담,비용 및 대리인 선택,0,,1917
수원-개인회생-대리인-변경-안내,수원 개인회생 대리인 변경 안내,rehab,수원,비용·상담,비용 및 대리인 선택,0,,1918
수원-개인회생-대리인-변경-확인사항,수원 개인회생 대리인 변경 확인사항,rehab,수원,비용·상담,비용 및 대리인 선택,0,,1919
수원-개인회생-대리인-변경-비교,수원 개인회생 대리인 변경 비교,rehab,수원,비용·상담,비교·선택 검토,0,,1920
수원-개인회생-개인파산-차이,수원 개인회생 개인파산 차이,rehab,수원,제도비교,채무조정 제도 및 대안 비교,0,,1921
수원-개인회생-개인파산-차이-선택-기준,수원 개인회생 개인파산 차이 선택 기준,rehab,수원,제도비교,비교·선택 검토,0,,1922
수원-개인회생-개인파산-차이-장단점,수원 개인회생 개인파산 차이 장단점,rehab,수원,제도비교,비교·선택 검토,0,,1923
수원-개인회생-개인파산-차이-상담,수원 개인회생 개인파산 차이 상담,rehab,수원,제도비교,상담·서비스 탐색,0,,1924
수원-개인회생-워크아웃-차이,수원 개인회생 워크아웃 차이,rehab,수원,제도비교,채무조정 제도 및 대안 비교,0,,1925
수원-개인회생-워크아웃-차이-선택-기준,수원 개인회생 워크아웃 차이 선택 기준,rehab,수원,제도비교,비교·선택 검토,0,,1926
수원-개인회생-워크아웃-차이-장단점,수원 개인회생 워크아웃 차이 장단점,rehab,수원,제도비교,비교·선택 검토,0,,1927
수원-개인회생-워크아웃-차이-상담,수원 개인회생 워크아웃 차이 상담,rehab,수원,제도비교,상담·서비스 탐색,0,,1928
수원-개인회생-프리워크아웃-차이,수원 개인회생 프리워크아웃 차이,rehab,수원,제도비교,채무조정 제도 및 대안 비교,0,,1929
수원-개인회생-프리워크아웃-차이-선택-기준,수원 개인회생 프리워크아웃 차이 선택 기준,rehab,수원,제도비교,비교·선택 검토,0,,1930
수원-개인회생-프리워크아웃-차이-장단점,수원 개인회생 프리워크아웃 차이 장단점,rehab,수원,제도비교,비교·선택 검토,0,,1931
수원-개인회생-프리워크아웃-차이-상담,수원 개인회생 프리워크아웃 차이 상담,rehab,수원,제도비교,상담·서비스 탐색,0,,1932
수원-개인회생-신속채무조정-차이,수원 개인회생 신속채무조정 차이,rehab,수원,제도비교,채무조정 제도 및 대안 비교,0,,1933
수원-개인회생-신속채무조정-차이-선택-기준,수원 개인회생 신속채무조정 차이 선택 기준,rehab,수원,제도비교,비교·선택 검토,0,,1934
수원-개인회생-신속채무조정-차이-장단점,수원 개인회생 신속채무조정 차이 장단점,rehab,수원,제도비교,비교·선택 검토,0,,1935
수원-개인회생-신속채무조정-차이-상담,수원 개인회생 신속채무조정 차이 상담,rehab,수원,제도비교,상담·서비스 탐색,0,,1936
수원-개인회생-신용회복위원회-비교,수원 개인회생 신용회복위원회 비교,rehab,수원,제도비교,채무조정 제도 및 대안 비교,0,,1937
수원-개인회생-신용회복위원회-비교-선택-기준,수원 개인회생 신용회복위원회 비교 선택 기준,rehab,수원,제도비교,비교·선택 검토,0,,1938
수원-개인회생-신용회복위원회-비교-장단점,수원 개인회생 신용회복위원회 비교 장단점,rehab,수원,제도비교,비교·선택 검토,0,,1939
수원-개인회생-신용회복위원회-비교-상담,수원 개인회생 신용회복위원회 비교 상담,rehab,수원,제도비교,상담·서비스 탐색,0,,1940
수원-개인회생-파산면책-비교,수원 개인회생 파산면책 비교,rehab,수원,제도비교,채무조정 제도 및 대안 비교,0,,1941
수원-개인회생-파산면책-비교-선택-기준,수원 개인회생 파산면책 비교 선택 기준,rehab,수원,제도비교,비교·선택 검토,0,,1942
수원-개인회생-파산면책-비교-장단점,수원 개인회생 파산면책 비교 장단점,rehab,수원,제도비교,비교·선택 검토,0,,1943
수원-개인회생-파산면책-비교-상담,수원 개인회생 파산면책 비교 상담,rehab,수원,제도비교,상담·서비스 탐색,0,,1944
수원-개인회생-법인회생-차이,수원 개인회생 법인회생 차이,rehab,수원,제도비교,채무조정 제도 및 대안 비교,0,,1945
수원-개인회생-법인회생-차이-선택-기준,수원 개인회생 법인회생 차이 선택 기준,rehab,수원,제도비교,비교·선택 검토,0,,1946
수원-개인회생-법인회생-차이-장단점,수원 개인회생 법인회생 차이 장단점,rehab,수원,제도비교,비교·선택 검토,0,,1947
수원-개인회생-법인회생-차이-상담,수원 개인회생 법인회생 차이 상담,rehab,수원,제도비교,상담·서비스 탐색,0,,1948
수원-개인회생-일반회생-차이,수원 개인회생 일반회생 차이,rehab,수원,제도비교,채무조정 제도 및 대안 비교,0,,1949
수원-개인회생-일반회생-차이-선택-기준,수원 개인회생 일반회생 차이 선택 기준,rehab,수원,제도비교,비교·선택 검토,0,,1950
수원-개인회생-일반회생-차이-장단점,수원 개인회생 일반회생 차이 장단점,rehab,수원,제도비교,비교·선택 검토,0,,1951
수원-개인회생-일반회생-차이-상담,수원 개인회생 일반회생 차이 상담,rehab,수원,제도비교,상담·서비스 탐색,0,,1952
수원-개인회생-채무통합대출-비교,수원 개인회생 채무통합대출 비교,rehab,수원,제도비교,채무조정 제도 및 대안 비교,0,,1953
수원-개인회생-채무통합대출-비교-선택-기준,수원 개인회생 채무통합대출 비교 선택 기준,rehab,수원,제도비교,비교·선택 검토,0,,1954
수원-개인회생-채무통합대출-비교-장단점,수원 개인회생 채무통합대출 비교 장단점,rehab,수원,제도비교,비교·선택 검토,0,,1955
수원-개인회생-채무통합대출-비교-상담,수원 개인회생 채무통합대출 비교 상담,rehab,수원,제도비교,상담·서비스 탐색,0,,1956
수원-개인회생-대환대출-비교,수원 개인회생 대환대출 비교,rehab,수원,제도비교,채무조정 제도 및 대안 비교,0,,1957
수원-개인회생-대환대출-비교-선택-기준,수원 개인회생 대환대출 비교 선택 기준,rehab,수원,제도비교,비교·선택 검토,0,,1958
수원-개인회생-대환대출-비교-장단점,수원 개인회생 대환대출 비교 장단점,rehab,수원,제도비교,비교·선택 검토,0,,1959
수원-개인회생-대환대출-비교-상담,수원 개인회생 대환대출 비교 상담,rehab,수원,제도비교,상담·서비스 탐색,0,,1960
수원-개인회생-새출발기금-비교,수원 개인회생 새출발기금 비교,rehab,수원,제도비교,채무조정 제도 및 대안 비교,0,,1961
수원-개인회생-새출발기금-비교-선택-기준,수원 개인회생 새출발기금 비교 선택 기준,rehab,수원,제도비교,비교·선택 검토,0,,1962
수원-개인회생-새출발기금-비교-장단점,수원 개인회생 새출발기금 비교 장단점,rehab,수원,제도비교,비교·선택 검토,0,,1963
수원-개인회생-새출발기금-비교-상담,수원 개인회생 새출발기금 비교 상담,rehab,수원,제도비교,상담·서비스 탐색,0,,1964
수원-개인회생-사적-채무조정-비교,수원 개인회생 사적 채무조정 비교,rehab,수원,제도비교,채무조정 제도 및 대안 비교,0,,1965
수원-개인회생-사적-채무조정-비교-선택-기준,수원 개인회생 사적 채무조정 비교 선택 기준,rehab,수원,제도비교,비교·선택 검토,0,,1966
수원-개인회생-사적-채무조정-비교-장단점,수원 개인회생 사적 채무조정 비교 장단점,rehab,수원,제도비교,비교·선택 검토,0,,1967
수원-개인회생-사적-채무조정-비교-상담,수원 개인회생 사적 채무조정 비교 상담,rehab,수원,제도비교,상담·서비스 탐색,0,,1968
수원-개인회생-배드뱅크-채무조정-비교,수원 개인회생 배드뱅크 채무조정 비교,rehab,수원,제도비교,채무조정 제도 및 대안 비교,0,,1969
수원-개인회생-배드뱅크-채무조정-비교-선택-기준,수원 개인회생 배드뱅크 채무조정 비교 선택 기준,rehab,수원,제도비교,비교·선택 검토,0,,1970
수원-개인회생-배드뱅크-채무조정-비교-장단점,수원 개인회생 배드뱅크 채무조정 비교 장단점,rehab,수원,제도비교,비교·선택 검토,0,,1971
수원-개인회생-배드뱅크-채무조정-비교-상담,수원 개인회생 배드뱅크 채무조정 비교 상담,rehab,수원,제도비교,상담·서비스 탐색,0,,1972
수원-개인회생-장기연체-채무조정-비교,수원 개인회생 장기연체 채무조정 비교,rehab,수원,제도비교,채무조정 제도 및 대안 비교,0,,1973
수원-개인회생-장기연체-채무조정-비교-선택-기준,수원 개인회생 장기연체 채무조정 비교 선택 기준,rehab,수원,제도비교,비교·선택 검토,0,,1974
수원-개인회생-장기연체-채무조정-비교-장단점,수원 개인회생 장기연체 채무조정 비교 장단점,rehab,수원,제도비교,비교·선택 검토,0,,1975
수원-개인회생-장기연체-채무조정-비교-상담,수원 개인회생 장기연체 채무조정 비교 상담,rehab,수원,제도비교,상담·서비스 탐색,0,,1976
수원-개인회생-담보대출-채무조정-비교,수원 개인회생 담보대출 채무조정 비교,rehab,수원,제도비교,채무조정 제도 및 대안 비교,0,,1977
수원-개인회생-담보대출-채무조정-비교-선택-기준,수원 개인회생 담보대출 채무조정 비교 선택 기준,rehab,수원,제도비교,비교·선택 검토,0,,1978
수원-개인회생-담보대출-채무조정-비교-장단점,수원 개인회생 담보대출 채무조정 비교 장단점,rehab,수원,제도비교,비교·선택 검토,0,,1979
수원-개인회생-담보대출-채무조정-비교-상담,수원 개인회생 담보대출 채무조정 비교 상담,rehab,수원,제도비교,상담·서비스 탐색,0,,1980
수원-개인회생-은행-자체-채무조정-비교,수원 개인회생 은행 자체 채무조정 비교,rehab,수원,제도비교,채무조정 제도 및 대안 비교,0,,1981
수원-개인회생-은행-자체-채무조정-비교-선택-기준,수원 개인회생 은행 자체 채무조정 비교 선택 기준,rehab,수원,제도비교,비교·선택 검토,0,,1982
수원-개인회생-은행-자체-채무조정-비교-장단점,수원 개인회생 은행 자체 채무조정 비교 장단점,rehab,수원,제도비교,비교·선택 검토,0,,1983
수원-개인회생-은행-자체-채무조정-비교-상담,수원 개인회생 은행 자체 채무조정 비교 상담,rehab,수원,제도비교,상담·서비스 탐색,0,,1984
수원-개인회생-분할상환-협의-비교,수원 개인회생 분할상환 협의 비교,rehab,수원,제도비교,채무조정 제도 및 대안 비교,0,,1985
수원-개인회생-분할상환-협의-비교-선택-기준,수원 개인회생 분할상환 협의 비교 선택 기준,rehab,수원,제도비교,비교·선택 검토,0,,1986
수원-개인회생-분할상환-협의-비교-장단점,수원 개인회생 분할상환 협의 비교 장단점,rehab,수원,제도비교,비교·선택 검토,0,,1987
수원-개인회생-분할상환-협의-비교-상담,수원 개인회생 분할상환 협의 비교 상담,rehab,수원,제도비교,상담·서비스 탐색,0,,1988
수원-개인회생-이자-감면-협의-비교,수원 개인회생 이자 감면 협의 비교,rehab,수원,제도비교,채무조정 제도 및 대안 비교,0,,1989
수원-개인회생-이자-감면-협의-비교-선택-기준,수원 개인회생 이자 감면 협의 비교 선택 기준,rehab,수원,제도비교,비교·선택 검토,0,,1990
수원-개인회생-이자-감면-협의-비교-장단점,수원 개인회생 이자 감면 협의 비교 장단점,rehab,수원,제도비교,비교·선택 검토,0,,1991
수원-개인회생-이자-감면-협의-비교-상담,수원 개인회생 이자 감면 협의 비교 상담,rehab,수원,제도비교,상담·서비스 탐색,0,,1992
수원-개인회생-원금-감면-협의-비교,수원 개인회생 원금 감면 협의 비교,rehab,수원,제도비교,채무조정 제도 및 대안 비교,0,,1993
수원-개인회생-원금-감면-협의-비교-선택-기준,수원 개인회생 원금 감면 협의 비교 선택 기준,rehab,수원,제도비교,비교·선택 검토,0,,1994
수원-개인회생-원금-감면-협의-비교-장단점,수원 개인회생 원금 감면 협의 비교 장단점,rehab,수원,제도비교,비교·선택 검토,0,,1995
수원-개인회생-원금-감면-협의-비교-상담,수원 개인회생 원금 감면 협의 비교 상담,rehab,수원,제도비교,상담·서비스 탐색,0,,1996
수원-개인회생-채무조정-전환,수원 개인회생 채무조정 전환,rehab,수원,제도비교,채무조정 제도 및 대안 비교,0,,1997
수원-개인회생-채무조정-전환-선택-기준,수원 개인회생 채무조정 전환 선택 기준,rehab,수원,제도비교,비교·선택 검토,0,,1998
수원-개인회생-채무조정-전환-장단점,수원 개인회생 채무조정 전환 장단점,rehab,수원,제도비교,비교·선택 검토,0,,1999
수원-개인회생-채무조정-전환-상담,수원 개인회생 채무조정 전환 상담,rehab,수원,제도비교,상담·서비스 탐색,0,,2000
개인파산-신청자격,개인파산 신청자격,bankruptcy,,신청자격,신청 가능 여부,0,,1
개인파산-신청자격-확인,개인파산 신청자격 확인,bankruptcy,,신청자격,신청 가능 여부,0,,2
개인파산-신청자격-상담,개인파산 신청자격 상담,bankruptcy,,신청자격,상담·서비스 탐색,0,,3
개인파산-신청자격-사례,개인파산 신청자격 사례,bankruptcy,,신청자격,사례·경험 탐색,0,,4
개인파산-자격조건,개인파산 자격조건,bankruptcy,,신청자격,신청 가능 여부,0,,5
개인파산-자격조건-확인,개인파산 자격조건 확인,bankruptcy,,신청자격,신청 가능 여부,0,,6
개인파산-자격조건-상담,개인파산 자격조건 상담,bankruptcy,,신청자격,상담·서비스 탐색,0,,7
개인파산-자격조건-사례,개인파산 자격조건 사례,bankruptcy,,신청자격,사례·경험 탐색,0,,8
개인파산-신청대상,개인파산 신청대상,bankruptcy,,신청자격,신청 가능 여부,0,,9
개인파산-신청대상-확인,개인파산 신청대상 확인,bankruptcy,,신청자격,신청 가능 여부,0,,10
개인파산-신청대상-상담,개인파산 신청대상 상담,bankruptcy,,신청자격,상담·서비스 탐색,0,,11
개인파산-신청대상-사례,개인파산 신청대상 사례,bankruptcy,,신청자격,사례·경험 탐색,0,,12
개인파산-소득-요건,개인파산 소득 요건,bankruptcy,,신청자격,신청 가능 여부,0,,13
개인파산-소득-요건-확인,개인파산 소득 요건 확인,bankruptcy,,신청자격,신청 가능 여부,0,,14
개인파산-소득-요건-상담,개인파산 소득 요건 상담,bankruptcy,,신청자격,상담·서비스 탐색,0,,15
개인파산-소득-요건-사례,개인파산 소득 요건 사례,bankruptcy,,신청자격,사례·경험 탐색,0,,16
개인파산-채무-한도,개인파산 채무 한도,bankruptcy,,신청자격,신청 가능 여부,0,,17
개인파산-채무-한도-확인,개인파산 채무 한도 확인,bankruptcy,,신청자격,신청 가능 여부,0,,18
개인파산-채무-한도-상담,개인파산 채무 한도 상담,bankruptcy,,신청자격,상담·서비스 탐색,0,,19
개인파산-채무-한도-사례,개인파산 채무 한도 사례,bankruptcy,,신청자격,사례·경험 탐색,0,,20
개인파산-재산-요건,개인파산 재산 요건,bankruptcy,,신청자격,신청 가능 여부,0,,21
개인파산-재산-요건-확인,개인파산 재산 요건 확인,bankruptcy,,신청자격,신청 가능 여부,0,,22
개인파산-재산-요건-상담,개인파산 재산 요건 상담,bankruptcy,,신청자격,상담·서비스 탐색,0,,23
개인파산-재산-요건-사례,개인파산 재산 요건 사례,bankruptcy,,신청자격,사례·경험 탐색,0,,24
개인파산-연체-전-신청,개인파산 연체 전 신청,bankruptcy,,신청자격,신청 가능 여부,0,,25
개인파산-연체-전-신청-확인,개인파산 연체 전 신청 확인,bankruptcy,,신청자격,신청 가능 여부,0,,26
개인파산-연체-전-신청-상담,개인파산 연체 전 신청 상담,bankruptcy,,신청자격,상담·서비스 탐색,0,,27
개인파산-연체-전-신청-사례,개인파산 연체 전 신청 사례,bankruptcy,,신청자격,사례·경험 탐색,0,,28
개인파산-연체-후-신청,개인파산 연체 후 신청,bankruptcy,,신청자격,신청 가능 여부,0,,29
개인파산-연체-후-신청-확인,개인파산 연체 후 신청 확인,bankruptcy,,신청자격,신청 가능 여부,0,,30
개인파산-연체-후-신청-상담,개인파산 연체 후 신청 상담,bankruptcy,,신청자격,상담·서비스 탐색,0,,31
개인파산-연체-후-신청-사례,개인파산 연체 후 신청 사례,bankruptcy,,신청자격,사례·경험 탐색,0,,32
개인파산-신용불량-상태-신청,개인파산 신용불량 상태 신청,bankruptcy,,신청자격,신청 가능 여부,0,,33
개인파산-신용불량-상태-신청-확인,개인파산 신용불량 상태 신청 확인,bankruptcy,,신청자격,신청 가능 여부,0,,34
개인파산-신용불량-상태-신청-상담,개인파산 신용불량 상태 신청 상담,bankruptcy,,신청자격,상담·서비스 탐색,0,,35
개인파산-신용불량-상태-신청-사례,개인파산 신용불량 상태 신청 사례,bankruptcy,,신청자격,사례·경험 탐색,0,,36
개인파산-신규-취업자-신청,개인파산 신규 취업자 신청,bankruptcy,,신청자격,신청 가능 여부,0,,37
개인파산-신규-취업자-신청-확인,개인파산 신규 취업자 신청 확인,bankruptcy,,신청자격,신청 가능 여부,0,,38
개인파산-신규-취업자-신청-상담,개인파산 신규 취업자 신청 상담,bankruptcy,,신청자격,상담·서비스 탐색,0,,39
개인파산-신규-취업자-신청-사례,개인파산 신규 취업자 신청 사례,bankruptcy,,신청자격,사례·경험 탐색,0,,40
개인파산-단기-근무자-신청,개인파산 단기 근무자 신청,bankruptcy,,신청자격,신청 가능 여부,0,,41
개인파산-단기-근무자-신청-확인,개인파산 단기 근무자 신청 확인,bankruptcy,,신청자격,신청 가능 여부,0,,42
개인파산-단기-근무자-신청-상담,개인파산 단기 근무자 신청 상담,bankruptcy,,신청자격,상담·서비스 탐색,0,,43
개인파산-단기-근무자-신청-사례,개인파산 단기 근무자 신청 사례,bankruptcy,,신청자격,사례·경험 탐색,0,,44
개인파산-고령자-신청,개인파산 고령자 신청,bankruptcy,,신청자격,신청 가능 여부,0,,45
개인파산-고령자-신청-확인,개인파산 고령자 신청 확인,bankruptcy,,신청자격,신청 가능 여부,0,,46
개인파산-고령자-신청-상담,개인파산 고령자 신청 상담,bankruptcy,,신청자격,상담·서비스 탐색,0,,47
개인파산-고령자-신청-사례,개인파산 고령자 신청 사례,bankruptcy,,신청자격,사례·경험 탐색,0,,48
개인파산-청년-신청,개인파산 청년 신청,bankruptcy,,신청자격,신청 가능 여부,0,,49
개인파산-청년-신청-확인,개인파산 청년 신청 확인,bankruptcy,,신청자격,신청 가능 여부,0,,50
개인파산-청년-신청-상담,개인파산 청년 신청 상담,bankruptcy,,신청자격,상담·서비스 탐색,0,,51
개인파산-청년-신청-사례,개인파산 청년 신청 사례,bankruptcy,,신청자격,사례·경험 탐색,0,,52
개인파산-외국인-신청,개인파산 외국인 신청,bankruptcy,,신청자격,신청 가능 여부,0,,53
개인파산-외국인-신청-확인,개인파산 외국인 신청 확인,bankruptcy,,신청자격,신청 가능 여부,0,,54
개인파산-외국인-신청-상담,개인파산 외국인 신청 상담,bankruptcy,,신청자격,상담·서비스 탐색,0,,55
개인파산-외국인-신청-사례,개인파산 외국인 신청 사례,bankruptcy,,신청자격,사례·경험 탐색,0,,56
개인파산-해외-거주자-신청,개인파산 해외 거주자 신청,bankruptcy,,신청자격,신청 가능 여부,0,,57
개인파산-해외-거주자-신청-확인,개인파산 해외 거주자 신청 확인,bankruptcy,,신청자격,신청 가능 여부,0,,58
개인파산-해외-거주자-신청-상담,개인파산 해외 거주자 신청 상담,bankruptcy,,신청자격,상담·서비스 탐색,0,,59
개인파산-해외-거주자-신청-사례,개인파산 해외 거주자 신청 사례,bankruptcy,,신청자격,사례·경험 탐색,0,,60
개인파산-미성년자-신청,개인파산 미성년자 신청,bankruptcy,,신청자격,신청 가능 여부,0,,61
개인파산-미성년자-신청-확인,개인파산 미성년자 신청 확인,bankruptcy,,신청자격,신청 가능 여부,0,,62
개인파산-미성년자-신청-상담,개인파산 미성년자 신청 상담,bankruptcy,,신청자격,상담·서비스 탐색,0,,63
개인파산-미성년자-신청-사례,개인파산 미성년자 신청 사례,bankruptcy,,신청자격,사례·경험 탐색,0,,64
개인파산-기초생활수급자-신청,개인파산 기초생활수급자 신청,bankruptcy,,신청자격,신청 가능 여부,0,,65
개인파산-기초생활수급자-신청-확인,개인파산 기초생활수급자 신청 확인,bankruptcy,,신청자격,신청 가능 여부,0,,66
개인파산-기초생활수급자-신청-상담,개인파산 기초생활수급자 신청 상담,bankruptcy,,신청자격,상담·서비스 탐색,0,,67
개인파산-기초생활수급자-신청-사례,개인파산 기초생활수급자 신청 사례,bankruptcy,,신청자격,사례·경험 탐색,0,,68
개인파산-차상위계층-신청,개인파산 차상위계층 신청,bankruptcy,,신청자격,신청 가능 여부,0,,69
개인파산-차상위계층-신청-확인,개인파산 차상위계층 신청 확인,bankruptcy,,신청자격,신청 가능 여부,0,,70
개인파산-차상위계층-신청-상담,개인파산 차상위계층 신청 상담,bankruptcy,,신청자격,상담·서비스 탐색,0,,71
개인파산-차상위계층-신청-사례,개인파산 차상위계층 신청 사례,bankruptcy,,신청자격,사례·경험 탐색,0,,72
개인파산-과거-면책-이력,개인파산 과거 면책 이력,bankruptcy,,신청자격,신청 가능 여부,0,,73
개인파산-과거-면책-이력-확인,개인파산 과거 면책 이력 확인,bankruptcy,,신청자격,신청 가능 여부,0,,74
개인파산-과거-면책-이력-상담,개인파산 과거 면책 이력 상담,bankruptcy,,신청자격,상담·서비스 탐색,0,,75
개인파산-과거-면책-이력-사례,개인파산 과거 면책 이력 사례,bankruptcy,,신청자격,사례·경험 탐색,0,,76
개인파산-지급불능-상태,개인파산 지급불능 상태,bankruptcy,,신청자격,신청 가능 여부,0,,77
개인파산-지급불능-상태-확인,개인파산 지급불능 상태 확인,bankruptcy,,신청자격,신청 가능 여부,0,,78
개인파산-지급불능-상태-상담,개인파산 지급불능 상태 상담,bankruptcy,,신청자격,상담·서비스 탐색,0,,79
개인파산-지급불능-상태-사례,개인파산 지급불능 상태 사례,bankruptcy,,신청자격,사례·경험 탐색,0,,80
개인파산-월급,개인파산 월급,bankruptcy,,소득,소득 반영 방식 확인,0,,81
개인파산-월급-산정-기준,개인파산 월급 산정 기준,bankruptcy,,소득,소득 반영 방식 확인,0,,82
개인파산-월급-증빙-방법,개인파산 월급 증빙 방법,bankruptcy,,소득,서류·증빙 준비,0,,83
개인파산-월급-변제금-영향,개인파산 월급 변제금 영향,bankruptcy,,소득,소득 반영 방식 확인,1,변제금,84
개인파산-상여금,개인파산 상여금,bankruptcy,,소득,소득 반영 방식 확인,0,,85
개인파산-상여금-산정-기준,개인파산 상여금 산정 기준,bankruptcy,,소득,소득 반영 방식 확인,0,,86
개인파산-상여금-증빙-방법,개인파산 상여금 증빙 방법,bankruptcy,,소득,서류·증빙 준비,0,,87
개인파산-상여금-변제금-영향,개인파산 상여금 변제금 영향,bankruptcy,,소득,소득 반영 방식 확인,1,변제금,88
개인파산-성과급,개인파산 성과급,bankruptcy,,소득,소득 반영 방식 확인,0,,89
개인파산-성과급-산정-기준,개인파산 성과급 산정 기준,bankruptcy,,소득,소득 반영 방식 확인,0,,90
개인파산-성과급-증빙-방법,개인파산 성과급 증빙 방법,bankruptcy,,소득,서류·증빙 준비,0,,91
개인파산-성과급-변제금-영향,개인파산 성과급 변제금 영향,bankruptcy,,소득,소득 반영 방식 확인,1,변제금,92
개인파산-퇴직금,개인파산 퇴직금,bankruptcy,,소득,소득 반영 방식 확인,0,,93
개인파산-퇴직금-산정-기준,개인파산 퇴직금 산정 기준,bankruptcy,,소득,소득 반영 방식 확인,0,,94
개인파산-퇴직금-증빙-방법,개인파산 퇴직금 증빙 방법,bankruptcy,,소득,서류·증빙 준비,0,,95
개인파산-퇴직금-변제금-영향,개인파산 퇴직금 변제금 영향,bankruptcy,,소득,소득 반영 방식 확인,1,변제금,96
개인파산-퇴직연금,개인파산 퇴직연금,bankruptcy,,소득,소득 반영 방식 확인,0,,97
개인파산-퇴직연금-산정-기준,개인파산 퇴직연금 산정 기준,bankruptcy,,소득,소득 반영 방식 확인,0,,98
개인파산-퇴직연금-증빙-방법,개인파산 퇴직연금 증빙 방법,bankruptcy,,소득,서류·증빙 준비,0,,99
개인파산-퇴직연금-변제금-영향,개인파산 퇴직연금 변제금 영향,bankruptcy,,소득,소득 반영 방식 확인,1,변제금,100
개인파산-국민연금,개인파산 국민연금,bankruptcy,,소득,소득 반영 방식 확인,0,,101
개인파산-국민연금-산정-기준,개인파산 국민연금 산정 기준,bankruptcy,,소득,소득 반영 방식 확인,0,,102
개인파산-국민연금-증빙-방법,개인파산 국민연금 증빙 방법,bankruptcy,,소득,서류·증빙 준비,0,,103
개인파산-국민연금-변제금-영향,개인파산 국민연금 변제금 영향,bankruptcy,,소득,소득 반영 방식 확인,1,변제금,104
개인파산-일용근로소득,개인파산 일용근로소득,bankruptcy,,소득,소득 반영 방식 확인,0,,105
개인파산-일용근로소득-산정-기준,개인파산 일용근로소득 산정 기준,bankruptcy,,소득,소득 반영 방식 확인,0,,106
개인파산-일용근로소득-증빙-방법,개인파산 일용근로소득 증빙 방법,bankruptcy,,소득,서류·증빙 준비,0,,107
개인파산-일용근로소득-변제금-영향,개인파산 일용근로소득 변제금 영향,bankruptcy,,소득,소득 반영 방식 확인,1,변제금,108
개인파산-사업소득,개인파산 사업소득,bankruptcy,,소득,소득 반영 방식 확인,0,,109
개인파산-사업소득-산정-기준,개인파산 사업소득 산정 기준,bankruptcy,,소득,소득 반영 방식 확인,0,,110
개인파산-사업소득-증빙-방법,개인파산 사업소득 증빙 방법,bankruptcy,,소득,서류·증빙 준비,0,,111
개인파산-사업소득-변제금-영향,개인파산 사업소득 변제금 영향,bankruptcy,,소득,소득 반영 방식 확인,1,변제금,112
개인파산-프리랜서-소득,개인파산 프리랜서 소득,bankruptcy,,소득,소득 반영 방식 확인,0,,113
개인파산-프리랜서-소득-산정-기준,개인파산 프리랜서 소득 산정 기준,bankruptcy,,소득,소득 반영 방식 확인,0,,114
개인파산-프리랜서-소득-증빙-방법,개인파산 프리랜서 소득 증빙 방법,bankruptcy,,소득,서류·증빙 준비,0,,115
개인파산-프리랜서-소득-변제금-영향,개인파산 프리랜서 소득 변제금 영향,bankruptcy,,소득,소득 반영 방식 확인,1,변제금,116
개인파산-부업소득,개인파산 부업소득,bankruptcy,,소득,소득 반영 방식 확인,0,,117
개인파산-부업소득-산정-기준,개인파산 부업소득 산정 기준,bankruptcy,,소득,소득 반영 방식 확인,0,,118
개인파산-부업소득-증빙-방법,개인파산 부업소득 증빙 방법,bankruptcy,,소득,서류·증빙 준비,0,,119
개인파산-부업소득-변제금-영향,개인파산 부업소득 변제금 영향,bankruptcy,,소득,소득 반영 방식 확인,1,변제금,120
개인파산-임대소득,개인파산 임대소득,bankruptcy,,소득,소득 반영 방식 확인,0,,121
개인파산-임대소득-산정-기준,개인파산 임대소득 산정 기준,bankruptcy,,소득,소득 반영 방식 확인,0,,122
개인파산-임대소득-증빙-방법,개인파산 임대소득 증빙 방법,bankruptcy,,소득,서류·증빙 준비,0,,123
개인파산-임대소득-변제금-영향,개인파산 임대소득 변제금 영향,bankruptcy,,소득,소득 반영 방식 확인,1,변제금,124
개인파산-현금-급여,개인파산 현금 급여,bankruptcy,,소득,소득 반영 방식 확인,0,,125
개인파산-현금-급여-산정-기준,개인파산 현금 급여 산정 기준,bankruptcy,,소득,소득 반영 방식 확인,0,,126
개인파산-현금-급여-증빙-방법,개인파산 현금 급여 증빙 방법,bankruptcy,,소득,서류·증빙 준비,0,,127
개인파산-현금-급여-변제금-영향,개인파산 현금 급여 변제금 영향,bankruptcy,,소득,소득 반영 방식 확인,1,변제금,128
개인파산-급여-실수령액,개인파산 급여 실수령액,bankruptcy,,소득,소득 반영 방식 확인,0,,129
개인파산-급여-실수령액-산정-기준,개인파산 급여 실수령액 산정 기준,bankruptcy,,소득,소득 반영 방식 확인,0,,130
개인파산-급여-실수령액-증빙-방법,개인파산 급여 실수령액 증빙 방법,bankruptcy,,소득,서류·증빙 준비,0,,131
개인파산-급여-실수령액-변제금-영향,개인파산 급여 실수령액 변제금 영향,bankruptcy,,소득,소득 반영 방식 확인,1,변제금,132
개인파산-세전-급여,개인파산 세전 급여,bankruptcy,,소득,소득 반영 방식 확인,0,,133
개인파산-세전-급여-산정-기준,개인파산 세전 급여 산정 기준,bankruptcy,,소득,소득 반영 방식 확인,0,,134
개인파산-세전-급여-증빙-방법,개인파산 세전 급여 증빙 방법,bankruptcy,,소득,서류·증빙 준비,0,,135
개인파산-세전-급여-변제금-영향,개인파산 세전 급여 변제금 영향,bankruptcy,,소득,소득 반영 방식 확인,1,변제금,136
개인파산-비정기-소득,개인파산 비정기 소득,bankruptcy,,소득,소득 반영 방식 확인,0,,137
개인파산-비정기-소득-산정-기준,개인파산 비정기 소득 산정 기준,bankruptcy,,소득,소득 반영 방식 확인,0,,138
개인파산-비정기-소득-증빙-방법,개인파산 비정기 소득 증빙 방법,bankruptcy,,소득,서류·증빙 준비,0,,139
개인파산-비정기-소득-변제금-영향,개인파산 비정기 소득 변제금 영향,bankruptcy,,소득,소득 반영 방식 확인,1,변제금,140
개인파산-수습기간-급여,개인파산 수습기간 급여,bankruptcy,,소득,소득 반영 방식 확인,0,,141
개인파산-수습기간-급여-산정-기준,개인파산 수습기간 급여 산정 기준,bankruptcy,,소득,소득 반영 방식 확인,0,,142
개인파산-수습기간-급여-증빙-방법,개인파산 수습기간 급여 증빙 방법,bankruptcy,,소득,서류·증빙 준비,0,,143
개인파산-수습기간-급여-변제금-영향,개인파산 수습기간 급여 변제금 영향,bankruptcy,,소득,소득 반영 방식 확인,1,변제금,144
개인파산-육아휴직-급여,개인파산 육아휴직 급여,bankruptcy,,소득,소득 반영 방식 확인,0,,145
개인파산-육아휴직-급여-산정-기준,개인파산 육아휴직 급여 산정 기준,bankruptcy,,소득,소득 반영 방식 확인,0,,146
개인파산-육아휴직-급여-증빙-방법,개인파산 육아휴직 급여 증빙 방법,bankruptcy,,소득,서류·증빙 준비,0,,147
개인파산-육아휴직-급여-변제금-영향,개인파산 육아휴직 급여 변제금 영향,bankruptcy,,소득,소득 반영 방식 확인,1,변제금,148
개인파산-실업급여,개인파산 실업급여,bankruptcy,,소득,소득 반영 방식 확인,0,,149
개인파산-실업급여-산정-기준,개인파산 실업급여 산정 기준,bankruptcy,,소득,소득 반영 방식 확인,0,,150
개인파산-실업급여-증빙-방법,개인파산 실업급여 증빙 방법,bankruptcy,,소득,서류·증빙 준비,0,,151
개인파산-실업급여-변제금-영향,개인파산 실업급여 변제금 영향,bankruptcy,,소득,소득 반영 방식 확인,1,변제금,152
개인파산-소득-감소,개인파산 소득 감소,bankruptcy,,소득,소득 반영 방식 확인,0,,153
개인파산-소득-감소-산정-기준,개인파산 소득 감소 산정 기준,bankruptcy,,소득,소득 반영 방식 확인,0,,154
개인파산-소득-감소-증빙-방법,개인파산 소득 감소 증빙 방법,bankruptcy,,소득,서류·증빙 준비,0,,155
개인파산-소득-감소-변제금-영향,개인파산 소득 감소 변제금 영향,bankruptcy,,소득,소득 반영 방식 확인,1,변제금,156
개인파산-소득-증가,개인파산 소득 증가,bankruptcy,,소득,소득 반영 방식 확인,0,,157
개인파산-소득-증가-산정-기준,개인파산 소득 증가 산정 기준,bankruptcy,,소득,소득 반영 방식 확인,0,,158
개인파산-소득-증가-증빙-방법,개인파산 소득 증가 증빙 방법,bankruptcy,,소득,서류·증빙 준비,0,,159
개인파산-소득-증가-변제금-영향,개인파산 소득 증가 변제금 영향,bankruptcy,,소득,소득 반영 방식 확인,1,변제금,160
개인파산-신용대출,개인파산 신용대출,bankruptcy,,채무,채무 포함 여부 확인,0,,161
개인파산-신용대출-포함-여부,개인파산 신용대출 포함 여부,bankruptcy,,채무,채무 포함 여부 확인,0,,162
개인파산-신용대출-처리-방법,개인파산 신용대출 처리 방법,bankruptcy,,채무,방법·절차 확인,0,,163
개인파산-신용대출-상담,개인파산 신용대출 상담,bankruptcy,,채무,상담·서비스 탐색,0,,164
개인파산-카드론,개인파산 카드론,bankruptcy,,채무,채무 포함 여부 확인,0,,165
개인파산-카드론-포함-여부,개인파산 카드론 포함 여부,bankruptcy,,채무,채무 포함 여부 확인,0,,166
개인파산-카드론-처리-방법,개인파산 카드론 처리 방법,bankruptcy,,채무,방법·절차 확인,0,,167
개인파산-카드론-상담,개인파산 카드론 상담,bankruptcy,,채무,상담·서비스 탐색,0,,168
개인파산-현금서비스,개인파산 현금서비스,bankruptcy,,채무,채무 포함 여부 확인,0,,169
개인파산-현금서비스-포함-여부,개인파산 현금서비스 포함 여부,bankruptcy,,채무,채무 포함 여부 확인,0,,170
개인파산-현금서비스-처리-방법,개인파산 현금서비스 처리 방법,bankruptcy,,채무,방법·절차 확인,0,,171
개인파산-현금서비스-상담,개인파산 현금서비스 상담,bankruptcy,,채무,상담·서비스 탐색,0,,172
개인파산-카드대금,개인파산 카드대금,bankruptcy,,채무,채무 포함 여부 확인,0,,173
개인파산-카드대금-포함-여부,개인파산 카드대금 포함 여부,bankruptcy,,채무,채무 포함 여부 확인,0,,174
개인파산-카드대금-처리-방법,개인파산 카드대금 처리 방법,bankruptcy,,채무,방법·절차 확인,0,,175
개인파산-카드대금-상담,개인파산 카드대금 상담,bankruptcy,,채무,상담·서비스 탐색,0,,176
개인파산-리볼빙,개인파산 리볼빙,bankruptcy,,채무,채무 포함 여부 확인,0,,177
개인파산-리볼빙-포함-여부,개인파산 리볼빙 포함 여부,bankruptcy,,채무,채무 포함 여부 확인,0,,178
개인파산-리볼빙-처리-방법,개인파산 리볼빙 처리 방법,bankruptcy,,채무,방법·절차 확인,0,,179
개인파산-리볼빙-상담,개인파산 리볼빙 상담,bankruptcy,,채무,상담·서비스 탐색,0,,180
개인파산-대부업-대출,개인파산 대부업 대출,bankruptcy,,채무,채무 포함 여부 확인,0,,181
개인파산-대부업-대출-포함-여부,개인파산 대부업 대출 포함 여부,bankruptcy,,채무,채무 포함 여부 확인,0,,182
개인파산-대부업-대출-처리-방법,개인파산 대부업 대출 처리 방법,bankruptcy,,채무,방법·절차 확인,0,,183
개인파산-대부업-대출-상담,개인파산 대부업 대출 상담,bankruptcy,,채무,상담·서비스 탐색,0,,184
개인파산-저축은행-대출,개인파산 저축은행 대출,bankruptcy,,채무,채무 포함 여부 확인,0,,185
개인파산-저축은행-대출-포함-여부,개인파산 저축은행 대출 포함 여부,bankruptcy,,채무,채무 포함 여부 확인,0,,186
개인파산-저축은행-대출-처리-방법,개인파산 저축은행 대출 처리 방법,bankruptcy,,채무,방법·절차 확인,0,,187
개인파산-저축은행-대출-상담,개인파산 저축은행 대출 상담,bankruptcy,,채무,상담·서비스 탐색,0,,188
개인파산-인터넷은행-대출,개인파산 인터넷은행 대출,bankruptcy,,채무,채무 포함 여부 확인,0,,189
개인파산-인터넷은행-대출-포함-여부,개인파산 인터넷은행 대출 포함 여부,bankruptcy,,채무,채무 포함 여부 확인,0,,190
개인파산-인터넷은행-대출-처리-방법,개인파산 인터넷은행 대출 처리 방법,bankruptcy,,채무,방법·절차 확인,0,,191
개인파산-인터넷은행-대출-상담,개인파산 인터넷은행 대출 상담,bankruptcy,,채무,상담·서비스 탐색,0,,192
개인파산-학자금대출,개인파산 학자금대출,bankruptcy,,채무,채무 포함 여부 확인,0,,193
개인파산-학자금대출-포함-여부,개인파산 학자금대출 포함 여부,bankruptcy,,채무,채무 포함 여부 확인,0,,194
개인파산-학자금대출-처리-방법,개인파산 학자금대출 처리 방법,bankruptcy,,채무,방법·절차 확인,0,,195
개인파산-학자금대출-상담,개인파산 학자금대출 상담,bankruptcy,,채무,상담·서비스 탐색,0,,196
개인파산-보증채무,개인파산 보증채무,bankruptcy,,채무,채무 포함 여부 확인,0,,197
개인파산-보증채무-포함-여부,개인파산 보증채무 포함 여부,bankruptcy,,채무,채무 포함 여부 확인,0,,198
개인파산-보증채무-처리-방법,개인파산 보증채무 처리 방법,bankruptcy,,채무,방법·절차 확인,0,,199
개인파산-보증채무-상담,개인파산 보증채무 상담,bankruptcy,,채무,상담·서비스 탐색,0,,200
개인파산-연대보증,개인파산 연대보증,bankruptcy,,채무,채무 포함 여부 확인,0,,201
개인파산-연대보증-포함-여부,개인파산 연대보증 포함 여부,bankruptcy,,채무,채무 포함 여부 확인,0,,202
개인파산-연대보증-처리-방법,개인파산 연대보증 처리 방법,bankruptcy,,채무,방법·절차 확인,0,,203
개인파산-연대보증-상담,개인파산 연대보증 상담,bankruptcy,,채무,상담·서비스 탐색,0,,204
개인파산-개인-간-차용금,개인파산 개인 간 차용금,bankruptcy,,채무,채무 포함 여부 확인,0,,205
개인파산-개인-간-차용금-포함-여부,개인파산 개인 간 차용금 포함 여부,bankruptcy,,채무,채무 포함 여부 확인,0,,206
개인파산-개인-간-차용금-처리-방법,개인파산 개인 간 차용금 처리 방법,bankruptcy,,채무,방법·절차 확인,0,,207
개인파산-개인-간-차용금-상담,개인파산 개인 간 차용금 상담,bankruptcy,,채무,상담·서비스 탐색,0,,208
개인파산-가족에게-빌린-돈,개인파산 가족에게 빌린 돈,bankruptcy,,채무,채무 포함 여부 확인,0,,209
개인파산-가족에게-빌린-돈-포함-여부,개인파산 가족에게 빌린 돈 포함 여부,bankruptcy,,채무,채무 포함 여부 확인,0,,210
개인파산-가족에게-빌린-돈-처리-방법,개인파산 가족에게 빌린 돈 처리 방법,bankruptcy,,채무,방법·절차 확인,0,,211
개인파산-가족에게-빌린-돈-상담,개인파산 가족에게 빌린 돈 상담,bankruptcy,,채무,상담·서비스 탐색,0,,212
개인파산-사업자대출,개인파산 사업자대출,bankruptcy,,채무,채무 포함 여부 확인,0,,213
개인파산-사업자대출-포함-여부,개인파산 사업자대출 포함 여부,bankruptcy,,채무,채무 포함 여부 확인,0,,214
개인파산-사업자대출-처리-방법,개인파산 사업자대출 처리 방법,bankruptcy,,채무,방법·절차 확인,0,,215
개인파산-사업자대출-상담,개인파산 사업자대출 상담,bankruptcy,,채무,상담·서비스 탐색,0,,216
개인파산-통신요금-미납,개인파산 통신요금 미납,bankruptcy,,채무,채무 포함 여부 확인,0,,217
개인파산-통신요금-미납-포함-여부,개인파산 통신요금 미납 포함 여부,bankruptcy,,채무,채무 포함 여부 확인,0,,218
개인파산-통신요금-미납-처리-방법,개인파산 통신요금 미납 처리 방법,bankruptcy,,채무,방법·절차 확인,0,,219
개인파산-통신요금-미납-상담,개인파산 통신요금 미납 상담,bankruptcy,,채무,상담·서비스 탐색,0,,220
개인파산-렌탈료-미납,개인파산 렌탈료 미납,bankruptcy,,채무,채무 포함 여부 확인,0,,221
개인파산-렌탈료-미납-포함-여부,개인파산 렌탈료 미납 포함 여부,bankruptcy,,채무,채무 포함 여부 확인,0,,222
개인파산-렌탈료-미납-처리-방법,개인파산 렌탈료 미납 처리 방법,bankruptcy,,채무,방법·절차 확인,0,,223
개인파산-렌탈료-미납-상담,개인파산 렌탈료 미납 상담,bankruptcy,,채무,상담·서비스 탐색,0,,224
개인파산-세금-체납,개인파산 세금 체납,bankruptcy,,채무,채무 포함 여부 확인,0,,225
개인파산-세금-체납-포함-여부,개인파산 세금 체납 포함 여부,bankruptcy,,채무,채무 포함 여부 확인,0,,226
개인파산-세금-체납-처리-방법,개인파산 세금 체납 처리 방법,bankruptcy,,채무,방법·절차 확인,0,,227
개인파산-세금-체납-상담,개인파산 세금 체납 상담,bankruptcy,,채무,상담·서비스 탐색,0,,228
개인파산-건강보험료-체납,개인파산 건강보험료 체납,bankruptcy,,채무,채무 포함 여부 확인,0,,229
개인파산-건강보험료-체납-포함-여부,개인파산 건강보험료 체납 포함 여부,bankruptcy,,채무,채무 포함 여부 확인,0,,230
개인파산-건강보험료-체납-처리-방법,개인파산 건강보험료 체납 처리 방법,bankruptcy,,채무,방법·절차 확인,0,,231
개인파산-건강보험료-체납-상담,개인파산 건강보험료 체납 상담,bankruptcy,,채무,상담·서비스 탐색,0,,232
개인파산-손해배상채무,개인파산 손해배상채무,bankruptcy,,채무,채무 포함 여부 확인,0,,233
개인파산-손해배상채무-포함-여부,개인파산 손해배상채무 포함 여부,bankruptcy,,채무,채무 포함 여부 확인,0,,234
개인파산-손해배상채무-처리-방법,개인파산 손해배상채무 처리 방법,bankruptcy,,채무,방법·절차 확인,0,,235
개인파산-손해배상채무-상담,개인파산 손해배상채무 상담,bankruptcy,,채무,상담·서비스 탐색,0,,236
개인파산-양육비-채무,개인파산 양육비 채무,bankruptcy,,채무,채무 포함 여부 확인,0,,237
개인파산-양육비-채무-포함-여부,개인파산 양육비 채무 포함 여부,bankruptcy,,채무,채무 포함 여부 확인,0,,238
개인파산-양육비-채무-처리-방법,개인파산 양육비 채무 처리 방법,bankruptcy,,채무,방법·절차 확인,0,,239
개인파산-양육비-채무-상담,개인파산 양육비 채무 상담,bankruptcy,,채무,상담·서비스 탐색,0,,240
개인파산-자가주택,개인파산 자가주택,bankruptcy,,재산,재산 평가 및 유지 확인,0,,241
개인파산-자가주택-평가-기준,개인파산 자가주택 평가 기준,bankruptcy,,재산,재산 평가 및 유지 확인,0,,242
개인파산-자가주택-신고-방법,개인파산 자가주택 신고 방법,bankruptcy,,재산,방법·절차 확인,0,,243
개인파산-자가주택-청산가치-반영,개인파산 자가주택 청산가치 반영,bankruptcy,,재산,재산 평가 및 유지 확인,0,,244
개인파산-전세보증금,개인파산 전세보증금,bankruptcy,,재산,재산 평가 및 유지 확인,0,,245
개인파산-전세보증금-평가-기준,개인파산 전세보증금 평가 기준,bankruptcy,,재산,재산 평가 및 유지 확인,0,,246
개인파산-전세보증금-신고-방법,개인파산 전세보증금 신고 방법,bankruptcy,,재산,방법·절차 확인,0,,247
개인파산-전세보증금-청산가치-반영,개인파산 전세보증금 청산가치 반영,bankruptcy,,재산,재산 평가 및 유지 확인,0,,248
개인파산-월세보증금,개인파산 월세보증금,bankruptcy,,재산,재산 평가 및 유지 확인,0,,249
개인파산-월세보증금-평가-기준,개인파산 월세보증금 평가 기준,bankruptcy,,재산,재산 평가 및 유지 확인,0,,250
개인파산-월세보증금-신고-방법,개인파산 월세보증금 신고 방법,bankruptcy,,재산,방법·절차 확인,0,,251
개인파산-월세보증금-청산가치-반영,개인파산 월세보증금 청산가치 반영,bankruptcy,,재산,재산 평가 및 유지 확인,0,,252
개인파산-자동차,개인파산 자동차,bankruptcy,,재산,재산 평가 및 유지 확인,0,,253
개인파산-자동차-평가-기준,개인파산 자동차 평가 기준,bankruptcy,,재산,재산 평가 및 유지 확인,0,,254
개인파산-자동차-신고-방법,개인파산 자동차 신고 방법,bankruptcy,,재산,방법·절차 확인,0,,255
개인파산-자동차-청산가치-반영,개인파산 자동차 청산가치 반영,bankruptcy,,재산,재산 평가 및 유지 확인,0,,256
개인파산-배우자-재산,개인파산 배우자 재산,bankruptcy,,재산,재산 평가 및 유지 확인,0,,257
개인파산-배우자-재산-평가-기준,개인파산 배우자 재산 평가 기준,bankruptcy,,재산,재산 평가 및 유지 확인,0,,258
개인파산-배우자-재산-신고-방법,개인파산 배우자 재산 신고 방법,bankruptcy,,재산,방법·절차 확인,0,,259
개인파산-배우자-재산-청산가치-반영,개인파산 배우자 재산 청산가치 반영,bankruptcy,,재산,재산 평가 및 유지 확인,0,,260
개인파산-공동명의-부동산,개인파산 공동명의 부동산,bankruptcy,,재산,재산 평가 및 유지 확인,0,,261
개인파산-공동명의-부동산-평가-기준,개인파산 공동명의 부동산 평가 기준,bankruptcy,,재산,재산 평가 및 유지 확인,0,,262
개인파산-공동명의-부동산-신고-방법,개인파산 공동명의 부동산 신고 방법,bankruptcy,,재산,방법·절차 확인,0,,263
개인파산-공동명의-부동산-청산가치-반영,개인파산 공동명의 부동산 청산가치 반영,bankruptcy,,재산,재산 평가 및 유지 확인,0,,264
개인파산-상속재산,개인파산 상속재산,bankruptcy,,재산,재산 평가 및 유지 확인,0,,265
개인파산-상속재산-평가-기준,개인파산 상속재산 평가 기준,bankruptcy,,재산,재산 평가 및 유지 확인,0,,266
개인파산-상속재산-신고-방법,개인파산 상속재산 신고 방법,bankruptcy,,재산,방법·절차 확인,0,,267
개인파산-상속재산-청산가치-반영,개인파산 상속재산 청산가치 반영,bankruptcy,,재산,재산 평가 및 유지 확인,0,,268
개인파산-증여재산,개인파산 증여재산,bankruptcy,,재산,재산 평가 및 유지 확인,0,,269
개인파산-증여재산-평가-기준,개인파산 증여재산 평가 기준,bankruptcy,,재산,재산 평가 및 유지 확인,0,,270
개인파산-증여재산-신고-방법,개인파산 증여재산 신고 방법,bankruptcy,,재산,방법·절차 확인,0,,271
개인파산-증여재산-청산가치-반영,개인파산 증여재산 청산가치 반영,bankruptcy,,재산,재산 평가 및 유지 확인,0,,272
개인파산-보험-해약환급금,개인파산 보험 해약환급금,bankruptcy,,재산,재산 평가 및 유지 확인,0,,273
개인파산-보험-해약환급금-평가-기준,개인파산 보험 해약환급금 평가 기준,bankruptcy,,재산,재산 평가 및 유지 확인,0,,274
개인파산-보험-해약환급금-신고-방법,개인파산 보험 해약환급금 신고 방법,bankruptcy,,재산,방법·절차 확인,0,,275
개인파산-보험-해약환급금-청산가치-반영,개인파산 보험 해약환급금 청산가치 반영,bankruptcy,,재산,재산 평가 및 유지 확인,0,,276
개인파산-예금-잔액,개인파산 예금 잔액,bankruptcy,,재산,재산 평가 및 유지 확인,0,,277
개인파산-예금-잔액-평가-기준,개인파산 예금 잔액 평가 기준,bankruptcy,,재산,재산 평가 및 유지 확인,0,,278
개인파산-예금-잔액-신고-방법,개인파산 예금 잔액 신고 방법,bankruptcy,,재산,방법·절차 확인,0,,279
개인파산-예금-잔액-청산가치-반영,개인파산 예금 잔액 청산가치 반영,bankruptcy,,재산,재산 평가 및 유지 확인,0,,280
개인파산-적금,개인파산 적금,bankruptcy,,재산,재산 평가 및 유지 확인,0,,281
개인파산-적금-평가-기준,개인파산 적금 평가 기준,bankruptcy,,재산,재산 평가 및 유지 확인,0,,282
개인파산-적금-신고-방법,개인파산 적금 신고 방법,bankruptcy,,재산,방법·절차 확인,0,,283
개인파산-적금-청산가치-반영,개인파산 적금 청산가치 반영,bankruptcy,,재산,재산 평가 및 유지 확인,0,,284
개인파산-주식-보유액,개인파산 주식 보유액,bankruptcy,,재산,재산 평가 및 유지 확인,0,,285
개인파산-주식-보유액-평가-기준,개인파산 주식 보유액 평가 기준,bankruptcy,,재산,재산 평가 및 유지 확인,0,,286
개인파산-주식-보유액-신고-방법,개인파산 주식 보유액 신고 방법,bankruptcy,,재산,방법·절차 확인,0,,287
개인파산-주식-보유액-청산가치-반영,개인파산 주식 보유액 청산가치 반영,bankruptcy,,재산,재산 평가 및 유지 확인,0,,288
개인파산-가상자산-보유액,개인파산 가상자산 보유액,bankruptcy,,재산,재산 평가 및 유지 확인,0,,289
개인파산-가상자산-보유액-평가-기준,개인파산 가상자산 보유액 평가 기준,bankruptcy,,재산,재산 평가 및 유지 확인,0,,290
개인파산-가상자산-보유액-신고-방법,개인파산 가상자산 보유액 신고 방법,bankruptcy,,재산,방법·절차 확인,0,,291
개인파산-가상자산-보유액-청산가치-반영,개인파산 가상자산 보유액 청산가치 반영,bankruptcy,,재산,재산 평가 및 유지 확인,0,,292
개인파산-퇴직금-예상액,개인파산 퇴직금 예상액,bankruptcy,,재산,재산 평가 및 유지 확인,0,,293
개인파산-퇴직금-예상액-평가-기준,개인파산 퇴직금 예상액 평가 기준,bankruptcy,,재산,재산 평가 및 유지 확인,0,,294
개인파산-퇴직금-예상액-신고-방법,개인파산 퇴직금 예상액 신고 방법,bankruptcy,,재산,방법·절차 확인,0,,295
개인파산-퇴직금-예상액-청산가치-반영,개인파산 퇴직금 예상액 청산가치 반영,bankruptcy,,재산,재산 평가 및 유지 확인,0,,296
개인파산-사업장-보증금,개인파산 사업장 보증금,bankruptcy,,재산,재산 평가 및 유지 확인,0,,297
개인파산-사업장-보증금-평가-기준,개인파산 사업장 보증금 평가 기준,bankruptcy,,재산,재산 평가 및 유지 확인,0,,298
개인파산-사업장-보증금-신고-방법,개인파산 사업장 보증금 신고 방법,bankruptcy,,재산,방법·절차 확인,0,,299
개인파산-사업장-보증금-청산가치-반영,개인파산 사업장 보증금 청산가치 반영,bankruptcy,,재산,재산 평가 및 유지 확인,0,,300
개인파산-임대차보증금-반환채권,개인파산 임대차보증금 반환채권,bankruptcy,,재산,재산 평가 및 유지 확인,0,,301
개인파산-임대차보증금-반환채권-평가-기준,개인파산 임대차보증금 반환채권 평가 기준,bankruptcy,,재산,재산 평가 및 유지 확인,0,,302
개인파산-임대차보증금-반환채권-신고-방법,개인파산 임대차보증금 반환채권 신고 방법,bankruptcy,,재산,방법·절차 확인,0,,303
개인파산-임대차보증금-반환채권-청산가치-반영,개인파산 임대차보증금 반환채권 청산가치 반영,bankruptcy,,재산,재산 평가 및 유지 확인,0,,304
개인파산-부동산-지분,개인파산 부동산 지분,bankruptcy,,재산,재산 평가 및 유지 확인,0,,305
개인파산-부동산-지분-평가-기준,개인파산 부동산 지분 평가 기준,bankruptcy,,재산,재산 평가 및 유지 확인,0,,306
개인파산-부동산-지분-신고-방법,개인파산 부동산 지분 신고 방법,bankruptcy,,재산,방법·절차 확인,0,,307
개인파산-부동산-지분-청산가치-반영,개인파산 부동산 지분 청산가치 반영,bankruptcy,,재산,재산 평가 및 유지 확인,0,,308
개인파산-토지,개인파산 토지,bankruptcy,,재산,재산 평가 및 유지 확인,0,,309
개인파산-토지-평가-기준,개인파산 토지 평가 기준,bankruptcy,,재산,재산 평가 및 유지 확인,0,,310
개인파산-토지-신고-방법,개인파산 토지 신고 방법,bankruptcy,,재산,방법·절차 확인,0,,311
개인파산-토지-청산가치-반영,개인파산 토지 청산가치 반영,bankruptcy,,재산,재산 평가 및 유지 확인,0,,312
개인파산-경매-진행-부동산,개인파산 경매 진행 부동산,bankruptcy,,재산,재산 평가 및 유지 확인,0,,313
개인파산-경매-진행-부동산-평가-기준,개인파산 경매 진행 부동산 평가 기준,bankruptcy,,재산,재산 평가 및 유지 확인,0,,314
개인파산-경매-진행-부동산-신고-방법,개인파산 경매 진행 부동산 신고 방법,bankruptcy,,재산,방법·절차 확인,0,,315
개인파산-경매-진행-부동산-청산가치-반영,개인파산 경매 진행 부동산 청산가치 반영,bankruptcy,,재산,재산 평가 및 유지 확인,0,,316
개인파산-압류된-재산,개인파산 압류된 재산,bankruptcy,,재산,재산 평가 및 유지 확인,0,,317
개인파산-압류된-재산-평가-기준,개인파산 압류된 재산 평가 기준,bankruptcy,,재산,재산 평가 및 유지 확인,0,,318
개인파산-압류된-재산-신고-방법,개인파산 압류된 재산 신고 방법,bankruptcy,,재산,방법·절차 확인,0,,319
개인파산-압류된-재산-청산가치-반영,개인파산 압류된 재산 청산가치 반영,bankruptcy,,재산,재산 평가 및 유지 확인,0,,320
개인파산-월변제금-계산,개인파산 월변제금 계산,bankruptcy,,변제금,변제금 산정 및 납부 확인,1,변제금,321
개인파산-월변제금-계산-방법,개인파산 월변제금 계산 방법,bankruptcy,,변제금,방법·절차 확인,1,변제금,322
개인파산-월변제금-계산-상담,개인파산 월변제금 계산 상담,bankruptcy,,변제금,상담·서비스 탐색,1,변제금,323
개인파산-월변제금-계산-사례,개인파산 월변제금 계산 사례,bankruptcy,,변제금,사례·경험 탐색,1,변제금,324
개인파산-예상변제금-산정,개인파산 예상변제금 산정,bankruptcy,,변제금,변제금 산정 및 납부 확인,1,변제금,325
개인파산-예상변제금-산정-방법,개인파산 예상변제금 산정 방법,bankruptcy,,변제금,방법·절차 확인,1,변제금,326
개인파산-예상변제금-산정-상담,개인파산 예상변제금 산정 상담,bankruptcy,,변제금,상담·서비스 탐색,1,변제금,327
개인파산-예상변제금-산정-사례,개인파산 예상변제금 산정 사례,bankruptcy,,변제금,사례·경험 탐색,1,변제금,328
개인파산-변제율-계산,개인파산 변제율 계산,bankruptcy,,변제금,변제금 산정 및 납부 확인,0,,329
개인파산-변제율-계산-방법,개인파산 변제율 계산 방법,bankruptcy,,변제금,방법·절차 확인,0,,330
개인파산-변제율-계산-상담,개인파산 변제율 계산 상담,bankruptcy,,변제금,상담·서비스 탐색,0,,331
개인파산-변제율-계산-사례,개인파산 변제율 계산 사례,bankruptcy,,변제금,사례·경험 탐색,0,,332
개인파산-가용소득-산정,개인파산 가용소득 산정,bankruptcy,,변제금,변제금 산정 및 납부 확인,1,가용소득,333
개인파산-가용소득-산정-방법,개인파산 가용소득 산정 방법,bankruptcy,,변제금,방법·절차 확인,1,가용소득,334
개인파산-가용소득-산정-상담,개인파산 가용소득 산정 상담,bankruptcy,,변제금,상담·서비스 탐색,1,가용소득,335
개인파산-가용소득-산정-사례,개인파산 가용소득 산정 사례,bankruptcy,,변제금,사례·경험 탐색,1,가용소득,336
개인파산-청산가치-보장,개인파산 청산가치 보장,bankruptcy,,변제금,변제금 산정 및 납부 확인,0,,337
개인파산-청산가치-보장-방법,개인파산 청산가치 보장 방법,bankruptcy,,변제금,방법·절차 확인,0,,338
개인파산-청산가치-보장-상담,개인파산 청산가치 보장 상담,bankruptcy,,변제금,상담·서비스 탐색,0,,339
개인파산-청산가치-보장-사례,개인파산 청산가치 보장 사례,bankruptcy,,변제금,사례·경험 탐색,0,,340
개인파산-변제금-감액,개인파산 변제금 감액,bankruptcy,,변제금,변제금 산정 및 납부 확인,1,변제금,341
개인파산-변제금-감액-방법,개인파산 변제금 감액 방법,bankruptcy,,변제금,방법·절차 확인,1,변제금,342
개인파산-변제금-감액-상담,개인파산 변제금 감액 상담,bankruptcy,,변제금,상담·서비스 탐색,1,변제금,343
개인파산-변제금-감액-사례,개인파산 변제금 감액 사례,bankruptcy,,변제금,사례·경험 탐색,1,변제금,344
개인파산-변제금-증액,개인파산 변제금 증액,bankruptcy,,변제금,변제금 산정 및 납부 확인,1,변제금,345
개인파산-변제금-증액-방법,개인파산 변제금 증액 방법,bankruptcy,,변제금,방법·절차 확인,1,변제금,346
개인파산-변제금-증액-상담,개인파산 변제금 증액 상담,bankruptcy,,변제금,상담·서비스 탐색,1,변제금,347
개인파산-변제금-증액-사례,개인파산 변제금 증액 사례,bankruptcy,,변제금,사례·경험 탐색,1,변제금,348
개인파산-변제금-미납,개인파산 변제금 미납,bankruptcy,,변제금,변제금 산정 및 납부 확인,1,변제금,349
개인파산-변제금-미납-방법,개인파산 변제금 미납 방법,bankruptcy,,변제금,방법·절차 확인,1,변제금,350
개인파산-변제금-미납-상담,개인파산 변제금 미납 상담,bankruptcy,,변제금,상담·서비스 탐색,1,변제금,351
개인파산-변제금-미납-사례,개인파산 변제금 미납 사례,bankruptcy,,변제금,사례·경험 탐색,1,변제금,352
개인파산-변제금-연체,개인파산 변제금 연체,bankruptcy,,변제금,변제금 산정 및 납부 확인,1,변제금,353
개인파산-변제금-연체-방법,개인파산 변제금 연체 방법,bankruptcy,,변제금,방법·절차 확인,1,변제금,354
개인파산-변제금-연체-상담,개인파산 변제금 연체 상담,bankruptcy,,변제금,상담·서비스 탐색,1,변제금,355
개인파산-변제금-연체-사례,개인파산 변제금 연체 사례,bankruptcy,,변제금,사례·경험 탐색,1,변제금,356
개인파산-변제금-납부,개인파산 변제금 납부,bankruptcy,,변제금,변제금 산정 및 납부 확인,1,변제금,357
개인파산-변제금-납부-방법,개인파산 변제금 납부 방법,bankruptcy,,변제금,방법·절차 확인,1,변제금,358
개인파산-변제금-납부-상담,개인파산 변제금 납부 상담,bankruptcy,,변제금,상담·서비스 탐색,1,변제금,359
개인파산-변제금-납부-사례,개인파산 변제금 납부 사례,bankruptcy,,변제금,사례·경험 탐색,1,변제금,360
개인파산-변제금-선납,개인파산 변제금 선납,bankruptcy,,변제금,변제금 산정 및 납부 확인,1,변제금,361
개인파산-변제금-선납-방법,개인파산 변제금 선납 방법,bankruptcy,,변제금,방법·절차 확인,1,변제금,362
개인파산-변제금-선납-상담,개인파산 변제금 선납 상담,bankruptcy,,변제금,상담·서비스 탐색,1,변제금,363
개인파산-변제금-선납-사례,개인파산 변제금 선납 사례,bankruptcy,,변제금,사례·경험 탐색,1,변제금,364
개인파산-변제금-일시납,개인파산 변제금 일시납,bankruptcy,,변제금,변제금 산정 및 납부 확인,1,변제금,365
개인파산-변제금-일시납-방법,개인파산 변제금 일시납 방법,bankruptcy,,변제금,방법·절차 확인,1,변제금,366
개인파산-변제금-일시납-상담,개인파산 변제금 일시납 상담,bankruptcy,,변제금,상담·서비스 탐색,1,변제금,367
개인파산-변제금-일시납-사례,개인파산 변제금 일시납 사례,bankruptcy,,변제금,사례·경험 탐색,1,변제금,368
개인파산-변제계획-변경,개인파산 변제계획 변경,bankruptcy,,변제금,변제금 산정 및 납부 확인,1,변제계획,369
개인파산-변제계획-변경-방법,개인파산 변제계획 변경 방법,bankruptcy,,변제금,방법·절차 확인,1,변제계획,370
개인파산-변제계획-변경-상담,개인파산 변제계획 변경 상담,bankruptcy,,변제금,상담·서비스 탐색,1,변제계획,371
개인파산-변제계획-변경-사례,개인파산 변제계획 변경 사례,bankruptcy,,변제금,사례·경험 탐색,1,변제계획,372
개인파산-변제기간-단축,개인파산 변제기간 단축,bankruptcy,,변제금,변제금 산정 및 납부 확인,1,변제기간,373
개인파산-변제기간-단축-방법,개인파산 변제기간 단축 방법,bankruptcy,,변제금,방법·절차 확인,1,변제기간,374
개인파산-변제기간-단축-상담,개인파산 변제기간 단축 상담,bankruptcy,,변제금,상담·서비스 탐색,1,변제기간,375
개인파산-변제기간-단축-사례,개인파산 변제기간 단축 사례,bankruptcy,,변제금,사례·경험 탐색,1,변제기간,376
개인파산-변제기간-연장,개인파산 변제기간 연장,bankruptcy,,변제금,변제금 산정 및 납부 확인,1,변제기간,377
개인파산-변제기간-연장-방법,개인파산 변제기간 연장 방법,bankruptcy,,변제금,방법·절차 확인,1,변제기간,378
개인파산-변제기간-연장-상담,개인파산 변제기간 연장 상담,bankruptcy,,변제금,상담·서비스 탐색,1,변제기간,379
개인파산-변제기간-연장-사례,개인파산 변제기간 연장 사례,bankruptcy,,변제금,사례·경험 탐색,1,변제기간,380
개인파산-첫-변제금-납부,개인파산 첫 변제금 납부,bankruptcy,,변제금,변제금 산정 및 납부 확인,1,변제금,381
개인파산-첫-변제금-납부-방법,개인파산 첫 변제금 납부 방법,bankruptcy,,변제금,방법·절차 확인,1,변제금,382
개인파산-첫-변제금-납부-상담,개인파산 첫 변제금 납부 상담,bankruptcy,,변제금,상담·서비스 탐색,1,변제금,383
개인파산-첫-변제금-납부-사례,개인파산 첫 변제금 납부 사례,bankruptcy,,변제금,사례·경험 탐색,1,변제금,384
개인파산-인가-전-변제금-적립,개인파산 인가 전 변제금 적립,bankruptcy,,변제금,변제금 산정 및 납부 확인,1,변제금;인가,385
개인파산-인가-전-변제금-적립-방법,개인파산 인가 전 변제금 적립 방법,bankruptcy,,변제금,방법·절차 확인,1,변제금;인가,386
개인파산-인가-전-변제금-적립-상담,개인파산 인가 전 변제금 적립 상담,bankruptcy,,변제금,상담·서비스 탐색,1,변제금;인가,387
개인파산-인가-전-변제금-적립-사례,개인파산 인가 전 변제금 적립 사례,bankruptcy,,변제금,사례·경험 탐색,1,변제금;인가,388
개인파산-미납금-분할납부,개인파산 미납금 분할납부,bankruptcy,,변제금,변제금 산정 및 납부 확인,0,,389
개인파산-미납금-분할납부-방법,개인파산 미납금 분할납부 방법,bankruptcy,,변제금,방법·절차 확인,0,,390
개인파산-미납금-분할납부-상담,개인파산 미납금 분할납부 상담,bankruptcy,,변제금,상담·서비스 탐색,0,,391
개인파산-미납금-분할납부-사례,개인파산 미납금 분할납부 사례,bankruptcy,,변제금,사례·경험 탐색,0,,392
개인파산-변제금-납부계좌-변경,개인파산 변제금 납부계좌 변경,bankruptcy,,변제금,변제금 산정 및 납부 확인,1,변제금,393
개인파산-변제금-납부계좌-변경-방법,개인파산 변제금 납부계좌 변경 방법,bankruptcy,,변제금,방법·절차 확인,1,변제금,394
개인파산-변제금-납부계좌-변경-상담,개인파산 변제금 납부계좌 변경 상담,bankruptcy,,변제금,상담·서비스 탐색,1,변제금,395
개인파산-변제금-납부계좌-변경-사례,개인파산 변제금 납부계좌 변경 사례,bankruptcy,,변제금,사례·경험 탐색,1,변제금,396
개인파산-변제금-초과납부,개인파산 변제금 초과납부,bankruptcy,,변제금,변제금 산정 및 납부 확인,1,변제금,397
개인파산-변제금-초과납부-방법,개인파산 변제금 초과납부 방법,bankruptcy,,변제금,방법·절차 확인,1,변제금,398
개인파산-변제금-초과납부-상담,개인파산 변제금 초과납부 상담,bankruptcy,,변제금,상담·서비스 탐색,1,변제금,399
개인파산-변제금-초과납부-사례,개인파산 변제금 초과납부 사례,bankruptcy,,변제금,사례·경험 탐색,1,변제금,400
개인파산-최저생계비,개인파산 최저생계비,bankruptcy,,생계비,생계비 인정 범위 확인,0,,401
개인파산-최저생계비-인정-기준,개인파산 최저생계비 인정 기준,bankruptcy,,생계비,생계비 인정 범위 확인,0,,402
개인파산-최저생계비-증빙서류,개인파산 최저생계비 증빙서류,bankruptcy,,생계비,서류·증빙 준비,0,,403
개인파산-최저생계비-변제금-반영,개인파산 최저생계비 변제금 반영,bankruptcy,,생계비,생계비 인정 범위 확인,1,변제금,404
개인파산-추가생계비,개인파산 추가생계비,bankruptcy,,생계비,생계비 인정 범위 확인,0,,405
개인파산-추가생계비-인정-기준,개인파산 추가생계비 인정 기준,bankruptcy,,생계비,생계비 인정 범위 확인,0,,406
개인파산-추가생계비-증빙서류,개인파산 추가생계비 증빙서류,bankruptcy,,생계비,서류·증빙 준비,0,,407
개인파산-추가생계비-변제금-반영,개인파산 추가생계비 변제금 반영,bankruptcy,,생계비,생계비 인정 범위 확인,1,변제금,408
개인파산-주거비,개인파산 주거비,bankruptcy,,생계비,생계비 인정 범위 확인,0,,409
개인파산-주거비-인정-기준,개인파산 주거비 인정 기준,bankruptcy,,생계비,생계비 인정 범위 확인,0,,410
개인파산-주거비-증빙서류,개인파산 주거비 증빙서류,bankruptcy,,생계비,서류·증빙 준비,0,,411
개인파산-주거비-변제금-반영,개인파산 주거비 변제금 반영,bankruptcy,,생계비,생계비 인정 범위 확인,1,변제금,412
개인파산-월세,개인파산 월세,bankruptcy,,생계비,생계비 인정 범위 확인,0,,413
개인파산-월세-인정-기준,개인파산 월세 인정 기준,bankruptcy,,생계비,생계비 인정 범위 확인,0,,414
개인파산-월세-증빙서류,개인파산 월세 증빙서류,bankruptcy,,생계비,서류·증빙 준비,0,,415
개인파산-월세-변제금-반영,개인파산 월세 변제금 반영,bankruptcy,,생계비,생계비 인정 범위 확인,1,변제금,416
개인파산-의료비,개인파산 의료비,bankruptcy,,생계비,생계비 인정 범위 확인,0,,417
개인파산-의료비-인정-기준,개인파산 의료비 인정 기준,bankruptcy,,생계비,생계비 인정 범위 확인,0,,418
개인파산-의료비-증빙서류,개인파산 의료비 증빙서류,bankruptcy,,생계비,서류·증빙 준비,0,,419
개인파산-의료비-변제금-반영,개인파산 의료비 변제금 반영,bankruptcy,,생계비,생계비 인정 범위 확인,1,변제금,420
개인파산-교육비,개인파산 교육비,bankruptcy,,생계비,생계비 인정 범위 확인,0,,421
개인파산-교육비-인정-기준,개인파산 교육비 인정 기준,bankruptcy,,생계비,생계비 인정 범위 확인,0,,422
개인파산-교육비-증빙서류,개인파산 교육비 증빙서류,bankruptcy,,생계비,서류·증빙 준비,0,,423
개인파산-교육비-변제금-반영,개인파산 교육비 변제금 반영,bankruptcy,,생계비,생계비 인정 범위 확인,1,변제금,424
개인파산-교통비,개인파산 교통비,bankruptcy,,생계비,생계비 인정 범위 확인,0,,425
개인파산-교통비-인정-기준,개인파산 교통비 인정 기준,bankruptcy,,생계비,생계비 인정 범위 확인,0,,426
개인파산-교통비-증빙서류,개인파산 교통비 증빙서류,bankruptcy,,생계비,서류·증빙 준비,0,,427
개인파산-교통비-변제금-반영,개인파산 교통비 변제금 반영,bankruptcy,,생계비,생계비 인정 범위 확인,1,변제금,428
개인파산-식비,개인파산 식비,bankruptcy,,생계비,생계비 인정 범위 확인,0,,429
개인파산-식비-인정-기준,개인파산 식비 인정 기준,bankruptcy,,생계비,생계비 인정 범위 확인,0,,430
개인파산-식비-증빙서류,개인파산 식비 증빙서류,bankruptcy,,생계비,서류·증빙 준비,0,,431
개인파산-식비-변제금-반영,개인파산 식비 변제금 반영,bankruptcy,,생계비,생계비 인정 범위 확인,1,변제금,432
개인파산-통신비,개인파산 통신비,bankruptcy,,생계비,생계비 인정 범위 확인,0,,433
개인파산-통신비-인정-기준,개인파산 통신비 인정 기준,bankruptcy,,생계비,생계비 인정 범위 확인,0,,434
개인파산-통신비-증빙서류,개인파산 통신비 증빙서류,bankruptcy,,생계비,서류·증빙 준비,0,,435
개인파산-통신비-변제금-반영,개인파산 통신비 변제금 반영,bankruptcy,,생계비,생계비 인정 범위 확인,1,변제금,436
개인파산-보험료,개인파산 보험료,bankruptcy,,생계비,생계비 인정 범위 확인,0,,437
개인파산-보험료-인정-기준,개인파산 보험료 인정 기준,bankruptcy,,생계비,생계비 인정 범위 확인,0,,438
개인파산-보험료-증빙서류,개인파산 보험료 증빙서류,bankruptcy,,생계비,서류·증빙 준비,0,,439
개인파산-보험료-변제금-반영,개인파산 보험료 변제금 반영,bankruptcy,,생계비,생계비 인정 범위 확인,1,변제금,440
개인파산-자녀-양육비,개인파산 자녀 양육비,bankruptcy,,생계비,생계비 인정 범위 확인,0,,441
개인파산-자녀-양육비-인정-기준,개인파산 자녀 양육비 인정 기준,bankruptcy,,생계비,생계비 인정 범위 확인,0,,442
개인파산-자녀-양육비-증빙서류,개인파산 자녀 양육비 증빙서류,bankruptcy,,생계비,서류·증빙 준비,0,,443
개인파산-자녀-양육비-변제금-반영,개인파산 자녀 양육비 변제금 반영,bankruptcy,,생계비,생계비 인정 범위 확인,1,변제금,444
개인파산-부모님-생활비,개인파산 부모님 생활비,bankruptcy,,생계비,생계비 인정 범위 확인,0,,445
개인파산-부모님-생활비-인정-기준,개인파산 부모님 생활비 인정 기준,bankruptcy,,생계비,생계비 인정 범위 확인,0,,446
개인파산-부모님-생활비-증빙서류,개인파산 부모님 생활비 증빙서류,bankruptcy,,생계비,서류·증빙 준비,0,,447
개인파산-부모님-생활비-변제금-반영,개인파산 부모님 생활비 변제금 반영,bankruptcy,,생계비,생계비 인정 범위 확인,1,변제금,448
개인파산-간병비,개인파산 간병비,bankruptcy,,생계비,생계비 인정 범위 확인,0,,449
개인파산-간병비-인정-기준,개인파산 간병비 인정 기준,bankruptcy,,생계비,생계비 인정 범위 확인,0,,450
개인파산-간병비-증빙서류,개인파산 간병비 증빙서류,bankruptcy,,생계비,서류·증빙 준비,0,,451
개인파산-간병비-변제금-반영,개인파산 간병비 변제금 반영,bankruptcy,,생계비,생계비 인정 범위 확인,1,변제금,452
개인파산-장애-관련-지출,개인파산 장애 관련 지출,bankruptcy,,생계비,생계비 인정 범위 확인,0,,453
개인파산-장애-관련-지출-인정-기준,개인파산 장애 관련 지출 인정 기준,bankruptcy,,생계비,생계비 인정 범위 확인,0,,454
개인파산-장애-관련-지출-증빙서류,개인파산 장애 관련 지출 증빙서류,bankruptcy,,생계비,서류·증빙 준비,0,,455
개인파산-장애-관련-지출-변제금-반영,개인파산 장애 관련 지출 변제금 반영,bankruptcy,,생계비,생계비 인정 범위 확인,1,변제금,456
개인파산-만성질환-치료비,개인파산 만성질환 치료비,bankruptcy,,생계비,생계비 인정 범위 확인,0,,457
개인파산-만성질환-치료비-인정-기준,개인파산 만성질환 치료비 인정 기준,bankruptcy,,생계비,생계비 인정 범위 확인,0,,458
개인파산-만성질환-치료비-증빙서류,개인파산 만성질환 치료비 증빙서류,bankruptcy,,생계비,서류·증빙 준비,0,,459
개인파산-만성질환-치료비-변제금-반영,개인파산 만성질환 치료비 변제금 반영,bankruptcy,,생계비,생계비 인정 범위 확인,1,변제금,460
개인파산-치과-치료비,개인파산 치과 치료비,bankruptcy,,생계비,생계비 인정 범위 확인,0,,461
개인파산-치과-치료비-인정-기준,개인파산 치과 치료비 인정 기준,bankruptcy,,생계비,생계비 인정 범위 확인,0,,462
개인파산-치과-치료비-증빙서류,개인파산 치과 치료비 증빙서류,bankruptcy,,생계비,서류·증빙 준비,0,,463
개인파산-치과-치료비-변제금-반영,개인파산 치과 치료비 변제금 반영,bankruptcy,,생계비,생계비 인정 범위 확인,1,변제금,464
개인파산-난방비,개인파산 난방비,bankruptcy,,생계비,생계비 인정 범위 확인,0,,465
개인파산-난방비-인정-기준,개인파산 난방비 인정 기준,bankruptcy,,생계비,생계비 인정 범위 확인,0,,466
개인파산-난방비-증빙서류,개인파산 난방비 증빙서류,bankruptcy,,생계비,서류·증빙 준비,0,,467
개인파산-난방비-변제금-반영,개인파산 난방비 변제금 반영,bankruptcy,,생계비,생계비 인정 범위 확인,1,변제금,468
개인파산-사업상-필수경비,개인파산 사업상 필수경비,bankruptcy,,생계비,생계비 인정 범위 확인,0,,469
개인파산-사업상-필수경비-인정-기준,개인파산 사업상 필수경비 인정 기준,bankruptcy,,생계비,생계비 인정 범위 확인,0,,470
개인파산-사업상-필수경비-증빙서류,개인파산 사업상 필수경비 증빙서류,bankruptcy,,생계비,서류·증빙 준비,0,,471
개인파산-사업상-필수경비-변제금-반영,개인파산 사업상 필수경비 변제금 반영,bankruptcy,,생계비,생계비 인정 범위 확인,1,변제금,472
개인파산-1인-가구-생계비,개인파산 1인 가구 생계비,bankruptcy,,생계비,생계비 인정 범위 확인,0,,473
개인파산-1인-가구-생계비-인정-기준,개인파산 1인 가구 생계비 인정 기준,bankruptcy,,생계비,생계비 인정 범위 확인,0,,474
개인파산-1인-가구-생계비-증빙서류,개인파산 1인 가구 생계비 증빙서류,bankruptcy,,생계비,서류·증빙 준비,0,,475
개인파산-1인-가구-생계비-변제금-반영,개인파산 1인 가구 생계비 변제금 반영,bankruptcy,,생계비,생계비 인정 범위 확인,1,변제금,476
개인파산-다인-가구-생계비,개인파산 다인 가구 생계비,bankruptcy,,생계비,생계비 인정 범위 확인,0,,477
개인파산-다인-가구-생계비-인정-기준,개인파산 다인 가구 생계비 인정 기준,bankruptcy,,생계비,생계비 인정 범위 확인,0,,478
개인파산-다인-가구-생계비-증빙서류,개인파산 다인 가구 생계비 증빙서류,bankruptcy,,생계비,서류·증빙 준비,0,,479
개인파산-다인-가구-생계비-변제금-반영,개인파산 다인 가구 생계비 변제금 반영,bankruptcy,,생계비,생계비 인정 범위 확인,1,변제금,480
개인파산-미성년-자녀,개인파산 미성년 자녀,bankruptcy,,부양가족,부양가족 인정 여부 확인,0,,481
개인파산-미성년-자녀-부양가족-인정,개인파산 미성년 자녀 부양가족 인정,bankruptcy,,부양가족,부양가족 인정 여부 확인,0,,482
개인파산-미성년-자녀-부양-증빙서류,개인파산 미성년 자녀 부양 증빙서류,bankruptcy,,부양가족,서류·증빙 준비,0,,483
개인파산-미성년-자녀-생계비-계산,개인파산 미성년 자녀 생계비 계산,bankruptcy,,부양가족,부양가족 인정 여부 확인,0,,484
개인파산-성년-자녀,개인파산 성년 자녀,bankruptcy,,부양가족,부양가족 인정 여부 확인,0,,485
개인파산-성년-자녀-부양가족-인정,개인파산 성년 자녀 부양가족 인정,bankruptcy,,부양가족,부양가족 인정 여부 확인,0,,486
개인파산-성년-자녀-부양-증빙서류,개인파산 성년 자녀 부양 증빙서류,bankruptcy,,부양가족,서류·증빙 준비,0,,487
개인파산-성년-자녀-생계비-계산,개인파산 성년 자녀 생계비 계산,bankruptcy,,부양가족,부양가족 인정 여부 확인,0,,488
개인파산-대학생-자녀,개인파산 대학생 자녀,bankruptcy,,부양가족,부양가족 인정 여부 확인,0,,489
개인파산-대학생-자녀-부양가족-인정,개인파산 대학생 자녀 부양가족 인정,bankruptcy,,부양가족,부양가족 인정 여부 확인,0,,490
개인파산-대학생-자녀-부양-증빙서류,개인파산 대학생 자녀 부양 증빙서류,bankruptcy,,부양가족,서류·증빙 준비,0,,491
개인파산-대학생-자녀-생계비-계산,개인파산 대학생 자녀 생계비 계산,bankruptcy,,부양가족,부양가족 인정 여부 확인,0,,492
개인파산-고령-부모,개인파산 고령 부모,bankruptcy,,부양가족,부양가족 인정 여부 확인,0,,493
개인파산-고령-부모-부양가족-인정,개인파산 고령 부모 부양가족 인정,bankruptcy,,부양가족,부양가족 인정 여부 확인,0,,494
개인파산-고령-부모-부양-증빙서류,개인파산 고령 부모 부양 증빙서류,bankruptcy,,부양가족,서류·증빙 준비,0,,495
개인파산-고령-부모-생계비-계산,개인파산 고령 부모 생계비 계산,bankruptcy,,부양가족,부양가족 인정 여부 확인,0,,496
개인파산-장애인-부모,개인파산 장애인 부모,bankruptcy,,부양가족,부양가족 인정 여부 확인,0,,497
개인파산-장애인-부모-부양가족-인정,개인파산 장애인 부모 부양가족 인정,bankruptcy,,부양가족,부양가족 인정 여부 확인,0,,498
개인파산-장애인-부모-부양-증빙서류,개인파산 장애인 부모 부양 증빙서류,bankruptcy,,부양가족,서류·증빙 준비,0,,499
개인파산-장애인-부모-생계비-계산,개인파산 장애인 부모 생계비 계산,bankruptcy,,부양가족,부양가족 인정 여부 확인,0,,500
개인파산-배우자-부양,개인파산 배우자 부양,bankruptcy,,부양가족,부양가족 인정 여부 확인,0,,501
개인파산-배우자-부양-부양가족-인정,개인파산 배우자 부양 부양가족 인정,bankruptcy,,부양가족,부양가족 인정 여부 확인,0,,502
개인파산-배우자-부양-부양-증빙서류,개인파산 배우자 부양 부양 증빙서류,bankruptcy,,부양가족,서류·증빙 준비,0,,503
개인파산-배우자-부양-생계비-계산,개인파산 배우자 부양 생계비 계산,bankruptcy,,부양가족,부양가족 인정 여부 확인,0,,504
개인파산-무직-배우자,개인파산 무직 배우자,bankruptcy,,부양가족,부양가족 인정 여부 확인,0,,505
개인파산-무직-배우자-부양가족-인정,개인파산 무직 배우자 부양가족 인정,bankruptcy,,부양가족,부양가족 인정 여부 확인,0,,506
개인파산-무직-배우자-부양-증빙서류,개인파산 무직 배우자 부양 증빙서류,bankruptcy,,부양가족,서류·증빙 준비,0,,507
개인파산-무직-배우자-생계비-계산,개인파산 무직 배우자 생계비 계산,bankruptcy,,부양가족,부양가족 인정 여부 확인,0,,508
개인파산-맞벌이-배우자,개인파산 맞벌이 배우자,bankruptcy,,부양가족,부양가족 인정 여부 확인,0,,509
개인파산-맞벌이-배우자-부양가족-인정,개인파산 맞벌이 배우자 부양가족 인정,bankruptcy,,부양가족,부양가족 인정 여부 확인,0,,510
개인파산-맞벌이-배우자-부양-증빙서류,개인파산 맞벌이 배우자 부양 증빙서류,bankruptcy,,부양가족,서류·증빙 준비,0,,511
개인파산-맞벌이-배우자-생계비-계산,개인파산 맞벌이 배우자 생계비 계산,bankruptcy,,부양가족,부양가족 인정 여부 확인,0,,512
개인파산-임신-중-배우자,개인파산 임신 중 배우자,bankruptcy,,부양가족,부양가족 인정 여부 확인,0,,513
개인파산-임신-중-배우자-부양가족-인정,개인파산 임신 중 배우자 부양가족 인정,bankruptcy,,부양가족,부양가족 인정 여부 확인,0,,514
개인파산-임신-중-배우자-부양-증빙서류,개인파산 임신 중 배우자 부양 증빙서류,bankruptcy,,부양가족,서류·증빙 준비,0,,515
개인파산-임신-중-배우자-생계비-계산,개인파산 임신 중 배우자 생계비 계산,bankruptcy,,부양가족,부양가족 인정 여부 확인,0,,516
개인파산-태아,개인파산 태아,bankruptcy,,부양가족,부양가족 인정 여부 확인,0,,517
개인파산-태아-부양가족-인정,개인파산 태아 부양가족 인정,bankruptcy,,부양가족,부양가족 인정 여부 확인,0,,518
개인파산-태아-부양-증빙서류,개인파산 태아 부양 증빙서류,bankruptcy,,부양가족,서류·증빙 준비,0,,519
개인파산-태아-생계비-계산,개인파산 태아 생계비 계산,bankruptcy,,부양가족,부양가족 인정 여부 확인,0,,520
개인파산-신생아,개인파산 신생아,bankruptcy,,부양가족,부양가족 인정 여부 확인,0,,521
개인파산-신생아-부양가족-인정,개인파산 신생아 부양가족 인정,bankruptcy,,부양가족,부양가족 인정 여부 확인,0,,522
개인파산-신생아-부양-증빙서류,개인파산 신생아 부양 증빙서류,bankruptcy,,부양가족,서류·증빙 준비,0,,523
개인파산-신생아-생계비-계산,개인파산 신생아 생계비 계산,bankruptcy,,부양가족,부양가족 인정 여부 확인,0,,524
개인파산-손자녀,개인파산 손자녀,bankruptcy,,부양가족,부양가족 인정 여부 확인,0,,525
개인파산-손자녀-부양가족-인정,개인파산 손자녀 부양가족 인정,bankruptcy,,부양가족,부양가족 인정 여부 확인,0,,526
개인파산-손자녀-부양-증빙서류,개인파산 손자녀 부양 증빙서류,bankruptcy,,부양가족,서류·증빙 준비,0,,527
개인파산-손자녀-생계비-계산,개인파산 손자녀 생계비 계산,bankruptcy,,부양가족,부양가족 인정 여부 확인,0,,528
개인파산-형제자매,개인파산 형제자매,bankruptcy,,부양가족,부양가족 인정 여부 확인,0,,529
개인파산-형제자매-부양가족-인정,개인파산 형제자매 부양가족 인정,bankruptcy,,부양가족,부양가족 인정 여부 확인,0,,530
개인파산-형제자매-부양-증빙서류,개인파산 형제자매 부양 증빙서류,bankruptcy,,부양가족,서류·증빙 준비,0,,531
개인파산-형제자매-생계비-계산,개인파산 형제자매 생계비 계산,bankruptcy,,부양가족,부양가족 인정 여부 확인,0,,532
개인파산-별거-중-가족,개인파산 별거 중 가족,bankruptcy,,부양가족,부양가족 인정 여부 확인,0,,533
개인파산-별거-중-가족-부양가족-인정,개인파산 별거 중 가족 부양가족 인정,bankruptcy,,부양가족,부양가족 인정 여부 확인,0,,534
개인파산-별거-중-가족-부양-증빙서류,개인파산 별거 중 가족 부양 증빙서류,bankruptcy,,부양가족,서류·증빙 준비,0,,535
개인파산-별거-중-가족-생계비-계산,개인파산 별거 중 가족 생계비 계산,bankruptcy,,부양가족,부양가족 인정 여부 확인,0,,536
개인파산-동거-부모,개인파산 동거 부모,bankruptcy,,부양가족,부양가족 인정 여부 확인,0,,537
개인파산-동거-부모-부양가족-인정,개인파산 동거 부모 부양가족 인정,bankruptcy,,부양가족,부양가족 인정 여부 확인,0,,538
개인파산-동거-부모-부양-증빙서류,개인파산 동거 부모 부양 증빙서류,bankruptcy,,부양가족,서류·증빙 준비,0,,539
개인파산-동거-부모-생계비-계산,개인파산 동거 부모 생계비 계산,bankruptcy,,부양가족,부양가족 인정 여부 확인,0,,540
개인파산-비동거-부모,개인파산 비동거 부모,bankruptcy,,부양가족,부양가족 인정 여부 확인,0,,541
개인파산-비동거-부모-부양가족-인정,개인파산 비동거 부모 부양가족 인정,bankruptcy,,부양가족,부양가족 인정 여부 확인,0,,542
개인파산-비동거-부모-부양-증빙서류,개인파산 비동거 부모 부양 증빙서류,bankruptcy,,부양가족,서류·증빙 준비,0,,543
개인파산-비동거-부모-생계비-계산,개인파산 비동거 부모 생계비 계산,bankruptcy,,부양가족,부양가족 인정 여부 확인,0,,544
개인파산-이혼-후-자녀,개인파산 이혼 후 자녀,bankruptcy,,부양가족,부양가족 인정 여부 확인,0,,545
개인파산-이혼-후-자녀-부양가족-인정,개인파산 이혼 후 자녀 부양가족 인정,bankruptcy,,부양가족,부양가족 인정 여부 확인,0,,546
개인파산-이혼-후-자녀-부양-증빙서류,개인파산 이혼 후 자녀 부양 증빙서류,bankruptcy,,부양가족,서류·증빙 준비,0,,547
개인파산-이혼-후-자녀-생계비-계산,개인파산 이혼 후 자녀 생계비 계산,bankruptcy,,부양가족,부양가족 인정 여부 확인,0,,548
개인파산-공동양육-자녀,개인파산 공동양육 자녀,bankruptcy,,부양가족,부양가족 인정 여부 확인,0,,549
개인파산-공동양육-자녀-부양가족-인정,개인파산 공동양육 자녀 부양가족 인정,bankruptcy,,부양가족,부양가족 인정 여부 확인,0,,550
개인파산-공동양육-자녀-부양-증빙서류,개인파산 공동양육 자녀 부양 증빙서류,bankruptcy,,부양가족,서류·증빙 준비,0,,551
개인파산-공동양육-자녀-생계비-계산,개인파산 공동양육 자녀 생계비 계산,bankruptcy,,부양가족,부양가족 인정 여부 확인,0,,552
개인파산-재혼가정-자녀,개인파산 재혼가정 자녀,bankruptcy,,부양가족,부양가족 인정 여부 확인,0,,553
개인파산-재혼가정-자녀-부양가족-인정,개인파산 재혼가정 자녀 부양가족 인정,bankruptcy,,부양가족,부양가족 인정 여부 확인,0,,554
개인파산-재혼가정-자녀-부양-증빙서류,개인파산 재혼가정 자녀 부양 증빙서류,bankruptcy,,부양가족,서류·증빙 준비,0,,555
개인파산-재혼가정-자녀-생계비-계산,개인파산 재혼가정 자녀 생계비 계산,bankruptcy,,부양가족,부양가족 인정 여부 확인,0,,556
개인파산-소득-있는-부모,개인파산 소득 있는 부모,bankruptcy,,부양가족,부양가족 인정 여부 확인,0,,557
개인파산-소득-있는-부모-부양가족-인정,개인파산 소득 있는 부모 부양가족 인정,bankruptcy,,부양가족,부양가족 인정 여부 확인,0,,558
개인파산-소득-있는-부모-부양-증빙서류,개인파산 소득 있는 부모 부양 증빙서류,bankruptcy,,부양가족,서류·증빙 준비,0,,559
개인파산-소득-있는-부모-생계비-계산,개인파산 소득 있는 부모 생계비 계산,bankruptcy,,부양가족,부양가족 인정 여부 확인,0,,560
개인파산-신청-준비,개인파산 신청 준비,bankruptcy,,절차,진행 순서와 기간 확인,0,,561
개인파산-신청-준비-절차,개인파산 신청 준비 절차,bankruptcy,,절차,방법·절차 확인,0,,562
개인파산-신청-준비-소요기간,개인파산 신청 준비 소요기간,bankruptcy,,절차,진행 순서와 기간 확인,0,,563
개인파산-신청-준비-준비사항,개인파산 신청 준비 준비사항,bankruptcy,,절차,진행 순서와 기간 확인,0,,564
개인파산-신청서-접수,개인파산 신청서 접수,bankruptcy,,절차,진행 순서와 기간 확인,0,,565
개인파산-신청서-접수-절차,개인파산 신청서 접수 절차,bankruptcy,,절차,방법·절차 확인,0,,566
개인파산-신청서-접수-소요기간,개인파산 신청서 접수 소요기간,bankruptcy,,절차,진행 순서와 기간 확인,0,,567
개인파산-신청서-접수-준비사항,개인파산 신청서 접수 준비사항,bankruptcy,,절차,진행 순서와 기간 확인,0,,568
개인파산-사건번호-발급,개인파산 사건번호 발급,bankruptcy,,절차,진행 순서와 기간 확인,0,,569
개인파산-사건번호-발급-절차,개인파산 사건번호 발급 절차,bankruptcy,,절차,방법·절차 확인,0,,570
개인파산-사건번호-발급-소요기간,개인파산 사건번호 발급 소요기간,bankruptcy,,절차,진행 순서와 기간 확인,0,,571
개인파산-사건번호-발급-준비사항,개인파산 사건번호 발급 준비사항,bankruptcy,,절차,진행 순서와 기간 확인,0,,572
개인파산-서류-심사,개인파산 서류 심사,bankruptcy,,절차,진행 순서와 기간 확인,0,,573
개인파산-서류-심사-절차,개인파산 서류 심사 절차,bankruptcy,,절차,방법·절차 확인,0,,574
개인파산-서류-심사-소요기간,개인파산 서류 심사 소요기간,bankruptcy,,절차,진행 순서와 기간 확인,0,,575
개인파산-서류-심사-준비사항,개인파산 서류 심사 준비사항,bankruptcy,,절차,진행 순서와 기간 확인,0,,576
개인파산-회생위원-면담,개인파산 회생위원 면담,bankruptcy,,절차,진행 순서와 기간 확인,1,회생위원,577
개인파산-회생위원-면담-절차,개인파산 회생위원 면담 절차,bankruptcy,,절차,방법·절차 확인,1,회생위원,578
개인파산-회생위원-면담-소요기간,개인파산 회생위원 면담 소요기간,bankruptcy,,절차,진행 순서와 기간 확인,1,회생위원,579
개인파산-회생위원-면담-준비사항,개인파산 회생위원 면담 준비사항,bankruptcy,,절차,진행 순서와 기간 확인,1,회생위원,580
개인파산-채권자목록-제출,개인파산 채권자목록 제출,bankruptcy,,절차,진행 순서와 기간 확인,0,,581
개인파산-채권자목록-제출-절차,개인파산 채권자목록 제출 절차,bankruptcy,,절차,방법·절차 확인,0,,582
개인파산-채권자목록-제출-소요기간,개인파산 채권자목록 제출 소요기간,bankruptcy,,절차,진행 순서와 기간 확인,0,,583
개인파산-채권자목록-제출-준비사항,개인파산 채권자목록 제출 준비사항,bankruptcy,,절차,진행 순서와 기간 확인,0,,584
개인파산-변제계획안-제출,개인파산 변제계획안 제출,bankruptcy,,절차,진행 순서와 기간 확인,1,변제계획,585
개인파산-변제계획안-제출-절차,개인파산 변제계획안 제출 절차,bankruptcy,,절차,방법·절차 확인,1,변제계획,586
개인파산-변제계획안-제출-소요기간,개인파산 변제계획안 제출 소요기간,bankruptcy,,절차,진행 순서와 기간 확인,1,변제계획,587
개인파산-변제계획안-제출-준비사항,개인파산 변제계획안 제출 준비사항,bankruptcy,,절차,진행 순서와 기간 확인,1,변제계획,588
개인파산-개시결정,개인파산 개시결정,bankruptcy,,절차,진행 순서와 기간 확인,1,개시결정,589
개인파산-개시결정-절차,개인파산 개시결정 절차,bankruptcy,,절차,방법·절차 확인,1,개시결정,590
개인파산-개시결정-소요기간,개인파산 개시결정 소요기간,bankruptcy,,절차,진행 순서와 기간 확인,1,개시결정,591
개인파산-개시결정-준비사항,개인파산 개시결정 준비사항,bankruptcy,,절차,진행 순서와 기간 확인,1,개시결정,592
개인파산-채권자-이의신청,개인파산 채권자 이의신청,bankruptcy,,절차,진행 순서와 기간 확인,0,,593
개인파산-채권자-이의신청-절차,개인파산 채권자 이의신청 절차,bankruptcy,,절차,방법·절차 확인,0,,594
개인파산-채권자-이의신청-소요기간,개인파산 채권자 이의신청 소요기간,bankruptcy,,절차,진행 순서와 기간 확인,0,,595
개인파산-채권자-이의신청-준비사항,개인파산 채권자 이의신청 준비사항,bankruptcy,,절차,진행 순서와 기간 확인,0,,596
개인파산-채권조사확정재판,개인파산 채권조사확정재판,bankruptcy,,절차,진행 순서와 기간 확인,0,,597
개인파산-채권조사확정재판-절차,개인파산 채권조사확정재판 절차,bankruptcy,,절차,방법·절차 확인,0,,598
개인파산-채권조사확정재판-소요기간,개인파산 채권조사확정재판 소요기간,bankruptcy,,절차,진행 순서와 기간 확인,0,,599
개인파산-채권조사확정재판-준비사항,개인파산 채권조사확정재판 준비사항,bankruptcy,,절차,진행 순서와 기간 확인,0,,600
개인파산-채권자집회,개인파산 채권자집회,bankruptcy,,절차,진행 순서와 기간 확인,0,,601
개인파산-채권자집회-절차,개인파산 채권자집회 절차,bankruptcy,,절차,방법·절차 확인,0,,602
개인파산-채권자집회-소요기간,개인파산 채권자집회 소요기간,bankruptcy,,절차,진행 순서와 기간 확인,0,,603
개인파산-채권자집회-준비사항,개인파산 채권자집회 준비사항,bankruptcy,,절차,진행 순서와 기간 확인,0,,604
개인파산-인가결정,개인파산 인가결정,bankruptcy,,절차,진행 순서와 기간 확인,1,인가,605
개인파산-인가결정-절차,개인파산 인가결정 절차,bankruptcy,,절차,방법·절차 확인,1,인가,606
개인파산-인가결정-소요기간,개인파산 인가결정 소요기간,bankruptcy,,절차,진행 순서와 기간 확인,1,인가,607
개인파산-인가결정-준비사항,개인파산 인가결정 준비사항,bankruptcy,,절차,진행 순서와 기간 확인,1,인가,608
개인파산-변제-수행,개인파산 변제 수행,bankruptcy,,절차,진행 순서와 기간 확인,0,,609
개인파산-변제-수행-절차,개인파산 변제 수행 절차,bankruptcy,,절차,방법·절차 확인,0,,610
개인파산-변제-수행-소요기간,개인파산 변제 수행 소요기간,bankruptcy,,절차,진행 순서와 기간 확인,0,,611
개인파산-변제-수행-준비사항,개인파산 변제 수행 준비사항,bankruptcy,,절차,진행 순서와 기간 확인,0,,612
개인파산-면책신청,개인파산 면책신청,bankruptcy,,절차,진행 순서와 기간 확인,0,,613
개인파산-면책신청-절차,개인파산 면책신청 절차,bankruptcy,,절차,방법·절차 확인,0,,614
개인파산-면책신청-소요기간,개인파산 면책신청 소요기간,bankruptcy,,절차,진행 순서와 기간 확인,0,,615
개인파산-면책신청-준비사항,개인파산 면책신청 준비사항,bankruptcy,,절차,진행 순서와 기간 확인,0,,616
개인파산-신청-취하,개인파산 신청 취하,bankruptcy,,절차,진행 순서와 기간 확인,0,,617
개인파산-신청-취하-절차,개인파산 신청 취하 절차,bankruptcy,,절차,방법·절차 확인,0,,618
개인파산-신청-취하-소요기간,개인파산 신청 취하 소요기간,bankruptcy,,절차,진행 순서와 기간 확인,0,,619
개인파산-신청-취하-준비사항,개인파산 신청 취하 준비사항,bankruptcy,,절차,진행 순서와 기간 확인,0,,620
개인파산-사건-이송,개인파산 사건 이송,bankruptcy,,절차,진행 순서와 기간 확인,0,,621
개인파산-사건-이송-절차,개인파산 사건 이송 절차,bankruptcy,,절차,방법·절차 확인,0,,622
개인파산-사건-이송-소요기간,개인파산 사건 이송 소요기간,bankruptcy,,절차,진행 순서와 기간 확인,0,,623
개인파산-사건-이송-준비사항,개인파산 사건 이송 준비사항,bankruptcy,,절차,진행 순서와 기간 확인,0,,624
개인파산-채권자-추가,개인파산 채권자 추가,bankruptcy,,절차,진행 순서와 기간 확인,0,,625
개인파산-채권자-추가-절차,개인파산 채권자 추가 절차,bankruptcy,,절차,방법·절차 확인,0,,626
개인파산-채권자-추가-소요기간,개인파산 채권자 추가 소요기간,bankruptcy,,절차,진행 순서와 기간 확인,0,,627
개인파산-채권자-추가-준비사항,개인파산 채권자 추가 준비사항,bankruptcy,,절차,진행 순서와 기간 확인,0,,628
개인파산-채무-누락-정정,개인파산 채무 누락 정정,bankruptcy,,절차,진행 순서와 기간 확인,0,,629
개인파산-채무-누락-정정-절차,개인파산 채무 누락 정정 절차,bankruptcy,,절차,방법·절차 확인,0,,630
개인파산-채무-누락-정정-소요기간,개인파산 채무 누락 정정 소요기간,bankruptcy,,절차,진행 순서와 기간 확인,0,,631
개인파산-채무-누락-정정-준비사항,개인파산 채무 누락 정정 준비사항,bankruptcy,,절차,진행 순서와 기간 확인,0,,632
개인파산-주소-변경-신고,개인파산 주소 변경 신고,bankruptcy,,절차,진행 순서와 기간 확인,0,,633
개인파산-주소-변경-신고-절차,개인파산 주소 변경 신고 절차,bankruptcy,,절차,방법·절차 확인,0,,634
개인파산-주소-변경-신고-소요기간,개인파산 주소 변경 신고 소요기간,bankruptcy,,절차,진행 순서와 기간 확인,0,,635
개인파산-주소-변경-신고-준비사항,개인파산 주소 변경 신고 준비사항,bankruptcy,,절차,진행 순서와 기간 확인,0,,636
개인파산-송달장소-변경,개인파산 송달장소 변경,bankruptcy,,절차,진행 순서와 기간 확인,0,,637
개인파산-송달장소-변경-절차,개인파산 송달장소 변경 절차,bankruptcy,,절차,방법·절차 확인,0,,638
개인파산-송달장소-변경-소요기간,개인파산 송달장소 변경 소요기간,bankruptcy,,절차,진행 순서와 기간 확인,0,,639
개인파산-송달장소-변경-준비사항,개인파산 송달장소 변경 준비사항,bankruptcy,,절차,진행 순서와 기간 확인,0,,640
개인파산-관할법원,개인파산 관할법원,bankruptcy,,법원,관할 및 법원 이용 안내,0,,641
개인파산-관할법원-접수-안내,개인파산 관할법원 접수 안내,bankruptcy,,법원,관할 및 법원 이용 안내,0,,642
개인파산-관할법원-이용-방법,개인파산 관할법원 이용 방법,bankruptcy,,법원,방법·절차 확인,0,,643
개인파산-관할법원-문의-방법,개인파산 관할법원 문의 방법,bankruptcy,,법원,방법·절차 확인,0,,644
개인파산-주소지-관할,개인파산 주소지 관할,bankruptcy,,법원,관할 및 법원 이용 안내,0,,645
개인파산-주소지-관할-접수-안내,개인파산 주소지 관할 접수 안내,bankruptcy,,법원,관할 및 법원 이용 안내,0,,646
개인파산-주소지-관할-이용-방법,개인파산 주소지 관할 이용 방법,bankruptcy,,법원,방법·절차 확인,0,,647
개인파산-주소지-관할-문의-방법,개인파산 주소지 관할 문의 방법,bankruptcy,,법원,방법·절차 확인,0,,648
개인파산-직장-소재지-관할,개인파산 직장 소재지 관할,bankruptcy,,법원,관할 및 법원 이용 안내,0,,649
개인파산-직장-소재지-관할-접수-안내,개인파산 직장 소재지 관할 접수 안내,bankruptcy,,법원,관할 및 법원 이용 안내,0,,650
개인파산-직장-소재지-관할-이용-방법,개인파산 직장 소재지 관할 이용 방법,bankruptcy,,법원,방법·절차 확인,0,,651
개인파산-직장-소재지-관할-문의-방법,개인파산 직장 소재지 관할 문의 방법,bankruptcy,,법원,방법·절차 확인,0,,652
개인파산-사업장-소재지-관할,개인파산 사업장 소재지 관할,bankruptcy,,법원,관할 및 법원 이용 안내,0,,653
개인파산-사업장-소재지-관할-접수-안내,개인파산 사업장 소재지 관할 접수 안내,bankruptcy,,법원,관할 및 법원 이용 안내,0,,654
개인파산-사업장-소재지-관할-이용-방법,개인파산 사업장 소재지 관할 이용 방법,bankruptcy,,법원,방법·절차 확인,0,,655
개인파산-사업장-소재지-관할-문의-방법,개인파산 사업장 소재지 관할 문의 방법,bankruptcy,,법원,방법·절차 확인,0,,656
개인파산-서울회생법원,개인파산 서울회생법원,bankruptcy,,법원,관할 및 법원 이용 안내,0,,657
개인파산-서울회생법원-접수-안내,개인파산 서울회생법원 접수 안내,bankruptcy,,법원,관할 및 법원 이용 안내,0,,658
개인파산-서울회생법원-이용-방법,개인파산 서울회생법원 이용 방법,bankruptcy,,법원,방법·절차 확인,0,,659
개인파산-서울회생법원-문의-방법,개인파산 서울회생법원 문의 방법,bankruptcy,,법원,방법·절차 확인,0,,660
개인파산-수원회생법원,개인파산 수원회생법원,bankruptcy,,법원,관할 및 법원 이용 안내,0,,661
개인파산-수원회생법원-접수-안내,개인파산 수원회생법원 접수 안내,bankruptcy,,법원,관할 및 법원 이용 안내,0,,662
개인파산-수원회생법원-이용-방법,개인파산 수원회생법원 이용 방법,bankruptcy,,법원,방법·절차 확인,0,,663
개인파산-수원회생법원-문의-방법,개인파산 수원회생법원 문의 방법,bankruptcy,,법원,방법·절차 확인,0,,664
개인파산-부산회생법원,개인파산 부산회생법원,bankruptcy,,법원,관할 및 법원 이용 안내,0,,665
개인파산-부산회생법원-접수-안내,개인파산 부산회생법원 접수 안내,bankruptcy,,법원,관할 및 법원 이용 안내,0,,666
개인파산-부산회생법원-이용-방법,개인파산 부산회생법원 이용 방법,bankruptcy,,법원,방법·절차 확인,0,,667
개인파산-부산회생법원-문의-방법,개인파산 부산회생법원 문의 방법,bankruptcy,,법원,방법·절차 확인,0,,668
개인파산-대전-지역-법원,개인파산 대전 지역 법원,bankruptcy,,법원,관할 및 법원 이용 안내,0,,669
개인파산-대전-지역-법원-접수-안내,개인파산 대전 지역 법원 접수 안내,bankruptcy,,법원,관할 및 법원 이용 안내,0,,670
개인파산-대전-지역-법원-이용-방법,개인파산 대전 지역 법원 이용 방법,bankruptcy,,법원,방법·절차 확인,0,,671
개인파산-대전-지역-법원-문의-방법,개인파산 대전 지역 법원 문의 방법,bankruptcy,,법원,방법·절차 확인,0,,672
개인파산-대구-지역-법원,개인파산 대구 지역 법원,bankruptcy,,법원,관할 및 법원 이용 안내,0,,673
개인파산-대구-지역-법원-접수-안내,개인파산 대구 지역 법원 접수 안내,bankruptcy,,법원,관할 및 법원 이용 안내,0,,674
개인파산-대구-지역-법원-이용-방법,개인파산 대구 지역 법원 이용 방법,bankruptcy,,법원,방법·절차 확인,0,,675
개인파산-대구-지역-법원-문의-방법,개인파산 대구 지역 법원 문의 방법,bankruptcy,,법원,방법·절차 확인,0,,676
개인파산-광주-지역-법원,개인파산 광주 지역 법원,bankruptcy,,법원,관할 및 법원 이용 안내,0,,677
개인파산-광주-지역-법원-접수-안내,개인파산 광주 지역 법원 접수 안내,bankruptcy,,법원,관할 및 법원 이용 안내,0,,678
개인파산-광주-지역-법원-이용-방법,개인파산 광주 지역 법원 이용 방법,bankruptcy,,법원,방법·절차 확인,0,,679
개인파산-광주-지역-법원-문의-방법,개인파산 광주 지역 법원 문의 방법,bankruptcy,,법원,방법·절차 확인,0,,680
개인파산-인천-지역-법원,개인파산 인천 지역 법원,bankruptcy,,법원,관할 및 법원 이용 안내,0,,681
개인파산-인천-지역-법원-접수-안내,개인파산 인천 지역 법원 접수 안내,bankruptcy,,법원,관할 및 법원 이용 안내,0,,682
개인파산-인천-지역-법원-이용-방법,개인파산 인천 지역 법원 이용 방법,bankruptcy,,법원,방법·절차 확인,0,,683
개인파산-인천-지역-법원-문의-방법,개인파산 인천 지역 법원 문의 방법,bankruptcy,,법원,방법·절차 확인,0,,684
개인파산-울산-지역-법원,개인파산 울산 지역 법원,bankruptcy,,법원,관할 및 법원 이용 안내,0,,685
개인파산-울산-지역-법원-접수-안내,개인파산 울산 지역 법원 접수 안내,bankruptcy,,법원,관할 및 법원 이용 안내,0,,686
개인파산-울산-지역-법원-이용-방법,개인파산 울산 지역 법원 이용 방법,bankruptcy,,법원,방법·절차 확인,0,,687
개인파산-울산-지역-법원-문의-방법,개인파산 울산 지역 법원 문의 방법,bankruptcy,,법원,방법·절차 확인,0,,688
개인파산-창원-지역-법원,개인파산 창원 지역 법원,bankruptcy,,법원,관할 및 법원 이용 안내,0,,689
개인파산-창원-지역-법원-접수-안내,개인파산 창원 지역 법원 접수 안내,bankruptcy,,법원,관할 및 법원 이용 안내,0,,690
개인파산-창원-지역-법원-이용-방법,개인파산 창원 지역 법원 이용 방법,bankruptcy,,법원,방법·절차 확인,0,,691
개인파산-창원-지역-법원-문의-방법,개인파산 창원 지역 법원 문의 방법,bankruptcy,,법원,방법·절차 확인,0,,692
개인파산-전주-지역-법원,개인파산 전주 지역 법원,bankruptcy,,법원,관할 및 법원 이용 안내,0,,693
개인파산-전주-지역-법원-접수-안내,개인파산 전주 지역 법원 접수 안내,bankruptcy,,법원,관할 및 법원 이용 안내,0,,694
개인파산-전주-지역-법원-이용-방법,개인파산 전주 지역 법원 이용 방법,bankruptcy,,법원,방법·절차 확인,0,,695
개인파산-전주-지역-법원-문의-방법,개인파산 전주 지역 법원 문의 방법,bankruptcy,,법원,방법·절차 확인,0,,696
개인파산-청주-지역-법원,개인파산 청주 지역 법원,bankruptcy,,법원,관할 및 법원 이용 안내,0,,697
개인파산-청주-지역-법원-접수-안내,개인파산 청주 지역 법원 접수 안내,bankruptcy,,법원,관할 및 법원 이용 안내,0,,698
개인파산-청주-지역-법원-이용-방법,개인파산 청주 지역 법원 이용 방법,bankruptcy,,법원,방법·절차 확인,0,,699
개인파산-청주-지역-법원-문의-방법,개인파산 청주 지역 법원 문의 방법,bankruptcy,,법원,방법·절차 확인,0,,700
개인파산-춘천-지역-법원,개인파산 춘천 지역 법원,bankruptcy,,법원,관할 및 법원 이용 안내,0,,701
개인파산-춘천-지역-법원-접수-안내,개인파산 춘천 지역 법원 접수 안내,bankruptcy,,법원,관할 및 법원 이용 안내,0,,702
개인파산-춘천-지역-법원-이용-방법,개인파산 춘천 지역 법원 이용 방법,bankruptcy,,법원,방법·절차 확인,0,,703
개인파산-춘천-지역-법원-문의-방법,개인파산 춘천 지역 법원 문의 방법,bankruptcy,,법원,방법·절차 확인,0,,704
개인파산-제주-지역-법원,개인파산 제주 지역 법원,bankruptcy,,법원,관할 및 법원 이용 안내,0,,705
개인파산-제주-지역-법원-접수-안내,개인파산 제주 지역 법원 접수 안내,bankruptcy,,법원,관할 및 법원 이용 안내,0,,706
개인파산-제주-지역-법원-이용-방법,개인파산 제주 지역 법원 이용 방법,bankruptcy,,법원,방법·절차 확인,0,,707
개인파산-제주-지역-법원-문의-방법,개인파산 제주 지역 법원 문의 방법,bankruptcy,,법원,방법·절차 확인,0,,708
개인파산-의정부-지역-법원,개인파산 의정부 지역 법원,bankruptcy,,법원,관할 및 법원 이용 안내,0,,709
개인파산-의정부-지역-법원-접수-안내,개인파산 의정부 지역 법원 접수 안내,bankruptcy,,법원,관할 및 법원 이용 안내,0,,710
개인파산-의정부-지역-법원-이용-방법,개인파산 의정부 지역 법원 이용 방법,bankruptcy,,법원,방법·절차 확인,0,,711
개인파산-의정부-지역-법원-문의-방법,개인파산 의정부 지역 법원 문의 방법,bankruptcy,,법원,방법·절차 확인,0,,712
개인파산-법원-민원실,개인파산 법원 민원실,bankruptcy,,법원,관할 및 법원 이용 안내,0,,713
개인파산-법원-민원실-접수-안내,개인파산 법원 민원실 접수 안내,bankruptcy,,법원,관할 및 법원 이용 안내,0,,714
개인파산-법원-민원실-이용-방법,개인파산 법원 민원실 이용 방법,bankruptcy,,법원,방법·절차 확인,0,,715
개인파산-법원-민원실-문의-방법,개인파산 법원 민원실 문의 방법,bankruptcy,,법원,방법·절차 확인,0,,716
개인파산-법원-전자소송,개인파산 법원 전자소송,bankruptcy,,법원,관할 및 법원 이용 안내,0,,717
개인파산-법원-전자소송-접수-안내,개인파산 법원 전자소송 접수 안내,bankruptcy,,법원,관할 및 법원 이용 안내,0,,718
개인파산-법원-전자소송-이용-방법,개인파산 법원 전자소송 이용 방법,bankruptcy,,법원,방법·절차 확인,0,,719
개인파산-법원-전자소송-문의-방법,개인파산 법원 전자소송 문의 방법,bankruptcy,,법원,방법·절차 확인,0,,720
개인파산-주민등록등본,개인파산 주민등록등본,bankruptcy,,서류,필요서류 준비 및 작성,0,,721
개인파산-주민등록등본-준비-방법,개인파산 주민등록등본 준비 방법,bankruptcy,,서류,방법·절차 확인,0,,722
개인파산-주민등록등본-제출-방법,개인파산 주민등록등본 제출 방법,bankruptcy,,서류,방법·절차 확인,0,,723
개인파산-주민등록등본-누락-시-대응,개인파산 주민등록등본 누락 시 대응,bankruptcy,,서류,필요서류 준비 및 작성,0,,724
개인파산-주민등록초본,개인파산 주민등록초본,bankruptcy,,서류,필요서류 준비 및 작성,0,,725
개인파산-주민등록초본-준비-방법,개인파산 주민등록초본 준비 방법,bankruptcy,,서류,방법·절차 확인,0,,726
개인파산-주민등록초본-제출-방법,개인파산 주민등록초본 제출 방법,bankruptcy,,서류,방법·절차 확인,0,,727
개인파산-주민등록초본-누락-시-대응,개인파산 주민등록초본 누락 시 대응,bankruptcy,,서류,필요서류 준비 및 작성,0,,728
개인파산-가족관계증명서,개인파산 가족관계증명서,bankruptcy,,서류,필요서류 준비 및 작성,0,,729
개인파산-가족관계증명서-준비-방법,개인파산 가족관계증명서 준비 방법,bankruptcy,,서류,방법·절차 확인,0,,730
개인파산-가족관계증명서-제출-방법,개인파산 가족관계증명서 제출 방법,bankruptcy,,서류,방법·절차 확인,0,,731
개인파산-가족관계증명서-누락-시-대응,개인파산 가족관계증명서 누락 시 대응,bankruptcy,,서류,필요서류 준비 및 작성,0,,732
개인파산-혼인관계증명서,개인파산 혼인관계증명서,bankruptcy,,서류,필요서류 준비 및 작성,0,,733
개인파산-혼인관계증명서-준비-방법,개인파산 혼인관계증명서 준비 방법,bankruptcy,,서류,방법·절차 확인,0,,734
개인파산-혼인관계증명서-제출-방법,개인파산 혼인관계증명서 제출 방법,bankruptcy,,서류,방법·절차 확인,0,,735
개인파산-혼인관계증명서-누락-시-대응,개인파산 혼인관계증명서 누락 시 대응,bankruptcy,,서류,필요서류 준비 및 작성,0,,736
개인파산-급여명세서,개인파산 급여명세서,bankruptcy,,서류,필요서류 준비 및 작성,0,,737
개인파산-급여명세서-준비-방법,개인파산 급여명세서 준비 방법,bankruptcy,,서류,방법·절차 확인,0,,738
개인파산-급여명세서-제출-방법,개인파산 급여명세서 제출 방법,bankruptcy,,서류,방법·절차 확인,0,,739
개인파산-급여명세서-누락-시-대응,개인파산 급여명세서 누락 시 대응,bankruptcy,,서류,필요서류 준비 및 작성,0,,740
개인파산-재직증명서,개인파산 재직증명서,bankruptcy,,서류,필요서류 준비 및 작성,0,,741
개인파산-재직증명서-준비-방법,개인파산 재직증명서 준비 방법,bankruptcy,,서류,방법·절차 확인,0,,742
개인파산-재직증명서-제출-방법,개인파산 재직증명서 제출 방법,bankruptcy,,서류,방법·절차 확인,0,,743
개인파산-재직증명서-누락-시-대응,개인파산 재직증명서 누락 시 대응,bankruptcy,,서류,필요서류 준비 및 작성,0,,744
개인파산-원천징수영수증,개인파산 원천징수영수증,bankruptcy,,서류,필요서류 준비 및 작성,0,,745
개인파산-원천징수영수증-준비-방법,개인파산 원천징수영수증 준비 방법,bankruptcy,,서류,방법·절차 확인,0,,746
개인파산-원천징수영수증-제출-방법,개인파산 원천징수영수증 제출 방법,bankruptcy,,서류,방법·절차 확인,0,,747
개인파산-원천징수영수증-누락-시-대응,개인파산 원천징수영수증 누락 시 대응,bankruptcy,,서류,필요서류 준비 및 작성,0,,748
개인파산-소득금액증명,개인파산 소득금액증명,bankruptcy,,서류,필요서류 준비 및 작성,0,,749
개인파산-소득금액증명-준비-방법,개인파산 소득금액증명 준비 방법,bankruptcy,,서류,방법·절차 확인,0,,750
개인파산-소득금액증명-제출-방법,개인파산 소득금액증명 제출 방법,bankruptcy,,서류,방법·절차 확인,0,,751
개인파산-소득금액증명-누락-시-대응,개인파산 소득금액증명 누락 시 대응,bankruptcy,,서류,필요서류 준비 및 작성,0,,752
개인파산-사업자등록증,개인파산 사업자등록증,bankruptcy,,서류,필요서류 준비 및 작성,0,,753
개인파산-사업자등록증-준비-방법,개인파산 사업자등록증 준비 방법,bankruptcy,,서류,방법·절차 확인,0,,754
개인파산-사업자등록증-제출-방법,개인파산 사업자등록증 제출 방법,bankruptcy,,서류,방법·절차 확인,0,,755
개인파산-사업자등록증-누락-시-대응,개인파산 사업자등록증 누락 시 대응,bankruptcy,,서류,필요서류 준비 및 작성,0,,756
개인파산-부가가치세-신고자료,개인파산 부가가치세 신고자료,bankruptcy,,서류,필요서류 준비 및 작성,0,,757
개인파산-부가가치세-신고자료-준비-방법,개인파산 부가가치세 신고자료 준비 방법,bankruptcy,,서류,방법·절차 확인,0,,758
개인파산-부가가치세-신고자료-제출-방법,개인파산 부가가치세 신고자료 제출 방법,bankruptcy,,서류,방법·절차 확인,0,,759
개인파산-부가가치세-신고자료-누락-시-대응,개인파산 부가가치세 신고자료 누락 시 대응,bankruptcy,,서류,필요서류 준비 및 작성,0,,760
개인파산-통장거래내역,개인파산 통장거래내역,bankruptcy,,서류,필요서류 준비 및 작성,0,,761
개인파산-통장거래내역-준비-방법,개인파산 통장거래내역 준비 방법,bankruptcy,,서류,방법·절차 확인,0,,762
개인파산-통장거래내역-제출-방법,개인파산 통장거래내역 제출 방법,bankruptcy,,서류,방법·절차 확인,0,,763
개인파산-통장거래내역-누락-시-대응,개인파산 통장거래내역 누락 시 대응,bankruptcy,,서류,필요서류 준비 및 작성,0,,764
개인파산-부채증명서,개인파산 부채증명서,bankruptcy,,서류,필요서류 준비 및 작성,0,,765
개인파산-부채증명서-준비-방법,개인파산 부채증명서 준비 방법,bankruptcy,,서류,방법·절차 확인,0,,766
개인파산-부채증명서-제출-방법,개인파산 부채증명서 제출 방법,bankruptcy,,서류,방법·절차 확인,0,,767
개인파산-부채증명서-누락-시-대응,개인파산 부채증명서 누락 시 대응,bankruptcy,,서류,필요서류 준비 및 작성,0,,768
개인파산-신용정보조회서,개인파산 신용정보조회서,bankruptcy,,서류,필요서류 준비 및 작성,0,,769
개인파산-신용정보조회서-준비-방법,개인파산 신용정보조회서 준비 방법,bankruptcy,,서류,방법·절차 확인,0,,770
개인파산-신용정보조회서-제출-방법,개인파산 신용정보조회서 제출 방법,bankruptcy,,서류,방법·절차 확인,0,,771
개인파산-신용정보조회서-누락-시-대응,개인파산 신용정보조회서 누락 시 대응,bankruptcy,,서류,필요서류 준비 및 작성,0,,772
개인파산-임대차계약서,개인파산 임대차계약서,bankruptcy,,서류,필요서류 준비 및 작성,0,,773
개인파산-임대차계약서-준비-방법,개인파산 임대차계약서 준비 방법,bankruptcy,,서류,방법·절차 확인,0,,774
개인파산-임대차계약서-제출-방법,개인파산 임대차계약서 제출 방법,bankruptcy,,서류,방법·절차 확인,0,,775
개인파산-임대차계약서-누락-시-대응,개인파산 임대차계약서 누락 시 대응,bankruptcy,,서류,필요서류 준비 및 작성,0,,776
개인파산-부동산-등기사항증명서,개인파산 부동산 등기사항증명서,bankruptcy,,서류,필요서류 준비 및 작성,0,,777
개인파산-부동산-등기사항증명서-준비-방법,개인파산 부동산 등기사항증명서 준비 방법,bankruptcy,,서류,방법·절차 확인,0,,778
개인파산-부동산-등기사항증명서-제출-방법,개인파산 부동산 등기사항증명서 제출 방법,bankruptcy,,서류,방법·절차 확인,0,,779
개인파산-부동산-등기사항증명서-누락-시-대응,개인파산 부동산 등기사항증명서 누락 시 대응,bankruptcy,,서류,필요서류 준비 및 작성,0,,780
개인파산-자동차등록원부,개인파산 자동차등록원부,bankruptcy,,서류,필요서류 준비 및 작성,0,,781
개인파산-자동차등록원부-준비-방법,개인파산 자동차등록원부 준비 방법,bankruptcy,,서류,방법·절차 확인,0,,782
개인파산-자동차등록원부-제출-방법,개인파산 자동차등록원부 제출 방법,bankruptcy,,서류,방법·절차 확인,0,,783
개인파산-자동차등록원부-누락-시-대응,개인파산 자동차등록원부 누락 시 대응,bankruptcy,,서류,필요서류 준비 및 작성,0,,784
개인파산-보험가입내역,개인파산 보험가입내역,bankruptcy,,서류,필요서류 준비 및 작성,0,,785
개인파산-보험가입내역-준비-방법,개인파산 보험가입내역 준비 방법,bankruptcy,,서류,방법·절차 확인,0,,786
개인파산-보험가입내역-제출-방법,개인파산 보험가입내역 제출 방법,bankruptcy,,서류,방법·절차 확인,0,,787
개인파산-보험가입내역-누락-시-대응,개인파산 보험가입내역 누락 시 대응,bankruptcy,,서류,필요서류 준비 및 작성,0,,788
개인파산-보험-해약환급금-증명서,개인파산 보험 해약환급금 증명서,bankruptcy,,서류,필요서류 준비 및 작성,0,,789
개인파산-보험-해약환급금-증명서-준비-방법,개인파산 보험 해약환급금 증명서 준비 방법,bankruptcy,,서류,방법·절차 확인,0,,790
개인파산-보험-해약환급금-증명서-제출-방법,개인파산 보험 해약환급금 증명서 제출 방법,bankruptcy,,서류,방법·절차 확인,0,,791
개인파산-보험-해약환급금-증명서-누락-시-대응,개인파산 보험 해약환급금 증명서 누락 시 대응,bankruptcy,,서류,필요서류 준비 및 작성,0,,792
개인파산-진술서,개인파산 진술서,bankruptcy,,서류,필요서류 준비 및 작성,0,,793
개인파산-진술서-준비-방법,개인파산 진술서 준비 방법,bankruptcy,,서류,방법·절차 확인,0,,794
개인파산-진술서-제출-방법,개인파산 진술서 제출 방법,bankruptcy,,서류,방법·절차 확인,0,,795
개인파산-진술서-누락-시-대응,개인파산 진술서 누락 시 대응,bankruptcy,,서류,필요서류 준비 및 작성,0,,796
개인파산-재산목록,개인파산 재산목록,bankruptcy,,서류,필요서류 준비 및 작성,0,,797
개인파산-재산목록-준비-방법,개인파산 재산목록 준비 방법,bankruptcy,,서류,방법·절차 확인,0,,798
개인파산-재산목록-제출-방법,개인파산 재산목록 제출 방법,bankruptcy,,서류,방법·절차 확인,0,,799
개인파산-재산목록-누락-시-대응,개인파산 재산목록 누락 시 대응,bankruptcy,,서류,필요서류 준비 및 작성,0,,800
개인파산-보정권고,개인파산 보정권고,bankruptcy,,보정,보정 요구 대응,0,,801
개인파산-보정권고-대응-방법,개인파산 보정권고 대응 방법,bankruptcy,,보정,방법·절차 확인,0,,802
개인파산-보정권고-제출서류,개인파산 보정권고 제출서류,bankruptcy,,보정,서류·증빙 준비,0,,803
개인파산-보정권고-사례,개인파산 보정권고 사례,bankruptcy,,보정,사례·경험 탐색,0,,804
개인파산-보정명령,개인파산 보정명령,bankruptcy,,보정,보정 요구 대응,0,,805
개인파산-보정명령-대응-방법,개인파산 보정명령 대응 방법,bankruptcy,,보정,방법·절차 확인,0,,806
개인파산-보정명령-제출서류,개인파산 보정명령 제출서류,bankruptcy,,보정,서류·증빙 준비,0,,807
개인파산-보정명령-사례,개인파산 보정명령 사례,bankruptcy,,보정,사례·경험 탐색,0,,808
개인파산-보정서-작성,개인파산 보정서 작성,bankruptcy,,보정,보정 요구 대응,0,,809
개인파산-보정서-작성-대응-방법,개인파산 보정서 작성 대응 방법,bankruptcy,,보정,방법·절차 확인,0,,810
개인파산-보정서-작성-제출서류,개인파산 보정서 작성 제출서류,bankruptcy,,보정,서류·증빙 준비,0,,811
개인파산-보정서-작성-사례,개인파산 보정서 작성 사례,bankruptcy,,보정,사례·경험 탐색,0,,812
개인파산-보정기한-연장,개인파산 보정기한 연장,bankruptcy,,보정,보정 요구 대응,0,,813
개인파산-보정기한-연장-대응-방법,개인파산 보정기한 연장 대응 방법,bankruptcy,,보정,방법·절차 확인,0,,814
개인파산-보정기한-연장-제출서류,개인파산 보정기한 연장 제출서류,bankruptcy,,보정,서류·증빙 준비,0,,815
개인파산-보정기한-연장-사례,개인파산 보정기한 연장 사례,bankruptcy,,보정,사례·경험 탐색,0,,816
개인파산-소득자료-보정,개인파산 소득자료 보정,bankruptcy,,보정,보정 요구 대응,0,,817
개인파산-소득자료-보정-대응-방법,개인파산 소득자료 보정 대응 방법,bankruptcy,,보정,방법·절차 확인,0,,818
개인파산-소득자료-보정-제출서류,개인파산 소득자료 보정 제출서류,bankruptcy,,보정,서류·증빙 준비,0,,819
개인파산-소득자료-보정-사례,개인파산 소득자료 보정 사례,bankruptcy,,보정,사례·경험 탐색,0,,820
개인파산-재산자료-보정,개인파산 재산자료 보정,bankruptcy,,보정,보정 요구 대응,0,,821
개인파산-재산자료-보정-대응-방법,개인파산 재산자료 보정 대응 방법,bankruptcy,,보정,방법·절차 확인,0,,822
개인파산-재산자료-보정-제출서류,개인파산 재산자료 보정 제출서류,bankruptcy,,보정,서류·증빙 준비,0,,823
개인파산-재산자료-보정-사례,개인파산 재산자료 보정 사례,bankruptcy,,보정,사례·경험 탐색,0,,824
개인파산-채무증대-경위-보정,개인파산 채무증대 경위 보정,bankruptcy,,보정,보정 요구 대응,0,,825
개인파산-채무증대-경위-보정-대응-방법,개인파산 채무증대 경위 보정 대응 방법,bankruptcy,,보정,방법·절차 확인,0,,826
개인파산-채무증대-경위-보정-제출서류,개인파산 채무증대 경위 보정 제출서류,bankruptcy,,보정,서류·증빙 준비,0,,827
개인파산-채무증대-경위-보정-사례,개인파산 채무증대 경위 보정 사례,bankruptcy,,보정,사례·경험 탐색,0,,828
개인파산-최근대출-사용처-보정,개인파산 최근대출 사용처 보정,bankruptcy,,보정,보정 요구 대응,0,,829
개인파산-최근대출-사용처-보정-대응-방법,개인파산 최근대출 사용처 보정 대응 방법,bankruptcy,,보정,방법·절차 확인,0,,830
개인파산-최근대출-사용처-보정-제출서류,개인파산 최근대출 사용처 보정 제출서류,bankruptcy,,보정,서류·증빙 준비,0,,831
개인파산-최근대출-사용처-보정-사례,개인파산 최근대출 사용처 보정 사례,bankruptcy,,보정,사례·경험 탐색,0,,832
개인파산-현금인출-내역-보정,개인파산 현금인출 내역 보정,bankruptcy,,보정,보정 요구 대응,0,,833
개인파산-현금인출-내역-보정-대응-방법,개인파산 현금인출 내역 보정 대응 방법,bankruptcy,,보정,방법·절차 확인,0,,834
개인파산-현금인출-내역-보정-제출서류,개인파산 현금인출 내역 보정 제출서류,bankruptcy,,보정,서류·증빙 준비,0,,835
개인파산-현금인출-내역-보정-사례,개인파산 현금인출 내역 보정 사례,bankruptcy,,보정,사례·경험 탐색,0,,836
개인파산-가족-간-거래-보정,개인파산 가족 간 거래 보정,bankruptcy,,보정,보정 요구 대응,0,,837
개인파산-가족-간-거래-보정-대응-방법,개인파산 가족 간 거래 보정 대응 방법,bankruptcy,,보정,방법·절차 확인,0,,838
개인파산-가족-간-거래-보정-제출서류,개인파산 가족 간 거래 보정 제출서류,bankruptcy,,보정,서류·증빙 준비,0,,839
개인파산-가족-간-거래-보정-사례,개인파산 가족 간 거래 보정 사례,bankruptcy,,보정,사례·경험 탐색,0,,840
개인파산-배우자-재산-보정,개인파산 배우자 재산 보정,bankruptcy,,보정,보정 요구 대응,0,,841
개인파산-배우자-재산-보정-대응-방법,개인파산 배우자 재산 보정 대응 방법,bankruptcy,,보정,방법·절차 확인,0,,842
개인파산-배우자-재산-보정-제출서류,개인파산 배우자 재산 보정 제출서류,bankruptcy,,보정,서류·증빙 준비,0,,843
개인파산-배우자-재산-보정-사례,개인파산 배우자 재산 보정 사례,bankruptcy,,보정,사례·경험 탐색,0,,844
개인파산-보험자료-보정,개인파산 보험자료 보정,bankruptcy,,보정,보정 요구 대응,0,,845
개인파산-보험자료-보정-대응-방법,개인파산 보험자료 보정 대응 방법,bankruptcy,,보정,방법·절차 확인,0,,846
개인파산-보험자료-보정-제출서류,개인파산 보험자료 보정 제출서류,bankruptcy,,보정,서류·증빙 준비,0,,847
개인파산-보험자료-보정-사례,개인파산 보험자료 보정 사례,bankruptcy,,보정,사례·경험 탐색,0,,848
개인파산-가상자산-거래-보정,개인파산 가상자산 거래 보정,bankruptcy,,보정,보정 요구 대응,0,,849
개인파산-가상자산-거래-보정-대응-방법,개인파산 가상자산 거래 보정 대응 방법,bankruptcy,,보정,방법·절차 확인,0,,850
개인파산-가상자산-거래-보정-제출서류,개인파산 가상자산 거래 보정 제출서류,bankruptcy,,보정,서류·증빙 준비,0,,851
개인파산-가상자산-거래-보정-사례,개인파산 가상자산 거래 보정 사례,bankruptcy,,보정,사례·경험 탐색,0,,852
개인파산-주식-거래-보정,개인파산 주식 거래 보정,bankruptcy,,보정,보정 요구 대응,0,,853
개인파산-주식-거래-보정-대응-방법,개인파산 주식 거래 보정 대응 방법,bankruptcy,,보정,방법·절차 확인,0,,854
개인파산-주식-거래-보정-제출서류,개인파산 주식 거래 보정 제출서류,bankruptcy,,보정,서류·증빙 준비,0,,855
개인파산-주식-거래-보정-사례,개인파산 주식 거래 보정 사례,bankruptcy,,보정,사례·경험 탐색,0,,856
개인파산-사업경비-보정,개인파산 사업경비 보정,bankruptcy,,보정,보정 요구 대응,0,,857
개인파산-사업경비-보정-대응-방법,개인파산 사업경비 보정 대응 방법,bankruptcy,,보정,방법·절차 확인,0,,858
개인파산-사업경비-보정-제출서류,개인파산 사업경비 보정 제출서류,bankruptcy,,보정,서류·증빙 준비,0,,859
개인파산-사업경비-보정-사례,개인파산 사업경비 보정 사례,bankruptcy,,보정,사례·경험 탐색,0,,860
개인파산-부양가족-보정,개인파산 부양가족 보정,bankruptcy,,보정,보정 요구 대응,0,,861
개인파산-부양가족-보정-대응-방법,개인파산 부양가족 보정 대응 방법,bankruptcy,,보정,방법·절차 확인,0,,862
개인파산-부양가족-보정-제출서류,개인파산 부양가족 보정 제출서류,bankruptcy,,보정,서류·증빙 준비,0,,863
개인파산-부양가족-보정-사례,개인파산 부양가족 보정 사례,bankruptcy,,보정,사례·경험 탐색,0,,864
개인파산-주거비-보정,개인파산 주거비 보정,bankruptcy,,보정,보정 요구 대응,0,,865
개인파산-주거비-보정-대응-방법,개인파산 주거비 보정 대응 방법,bankruptcy,,보정,방법·절차 확인,0,,866
개인파산-주거비-보정-제출서류,개인파산 주거비 보정 제출서류,bankruptcy,,보정,서류·증빙 준비,0,,867
개인파산-주거비-보정-사례,개인파산 주거비 보정 사례,bankruptcy,,보정,사례·경험 탐색,0,,868
개인파산-채권자목록-보정,개인파산 채권자목록 보정,bankruptcy,,보정,보정 요구 대응,0,,869
개인파산-채권자목록-보정-대응-방법,개인파산 채권자목록 보정 대응 방법,bankruptcy,,보정,방법·절차 확인,0,,870
개인파산-채권자목록-보정-제출서류,개인파산 채권자목록 보정 제출서류,bankruptcy,,보정,서류·증빙 준비,0,,871
개인파산-채권자목록-보정-사례,개인파산 채권자목록 보정 사례,bankruptcy,,보정,사례·경험 탐색,0,,872
개인파산-변제계획안-보정,개인파산 변제계획안 보정,bankruptcy,,보정,보정 요구 대응,1,변제계획,873
개인파산-변제계획안-보정-대응-방법,개인파산 변제계획안 보정 대응 방법,bankruptcy,,보정,방법·절차 확인,1,변제계획,874
개인파산-변제계획안-보정-제출서류,개인파산 변제계획안 보정 제출서류,bankruptcy,,보정,서류·증빙 준비,1,변제계획,875
개인파산-변제계획안-보정-사례,개인파산 변제계획안 보정 사례,bankruptcy,,보정,사례·경험 탐색,1,변제계획,876
개인파산-추가-보정,개인파산 추가 보정,bankruptcy,,보정,보정 요구 대응,0,,877
개인파산-추가-보정-대응-방법,개인파산 추가 보정 대응 방법,bankruptcy,,보정,방법·절차 확인,0,,878
개인파산-추가-보정-제출서류,개인파산 추가 보정 제출서류,bankruptcy,,보정,서류·증빙 준비,0,,879
개인파산-추가-보정-사례,개인파산 추가 보정 사례,bankruptcy,,보정,사례·경험 탐색,0,,880
개인파산-금지명령-신청,개인파산 금지명령 신청,bankruptcy,,금지명령,명령 신청 및 효력 확인,0,,881
개인파산-금지명령-신청-확인사항,개인파산 금지명령 신청 확인사항,bankruptcy,,금지명령,명령 신청 및 효력 확인,0,,882
개인파산-금지명령-신청-대응-상담,개인파산 금지명령 신청 대응 상담,bankruptcy,,금지명령,상담·서비스 탐색,0,,883
개인파산-금지명령-신청-사례,개인파산 금지명령 신청 사례,bankruptcy,,금지명령,사례·경험 탐색,0,,884
개인파산-중지명령-신청,개인파산 중지명령 신청,bankruptcy,,금지명령,명령 신청 및 효력 확인,0,,885
개인파산-중지명령-신청-확인사항,개인파산 중지명령 신청 확인사항,bankruptcy,,금지명령,명령 신청 및 효력 확인,0,,886
개인파산-중지명령-신청-대응-상담,개인파산 중지명령 신청 대응 상담,bankruptcy,,금지명령,상담·서비스 탐색,0,,887
개인파산-중지명령-신청-사례,개인파산 중지명령 신청 사례,bankruptcy,,금지명령,사례·경험 탐색,0,,888
개인파산-금지명령-기각,개인파산 금지명령 기각,bankruptcy,,금지명령,명령 신청 및 효력 확인,0,,889
개인파산-금지명령-기각-확인사항,개인파산 금지명령 기각 확인사항,bankruptcy,,금지명령,명령 신청 및 효력 확인,0,,890
개인파산-금지명령-기각-대응-상담,개인파산 금지명령 기각 대응 상담,bankruptcy,,금지명령,상담·서비스 탐색,0,,891
개인파산-금지명령-기각-사례,개인파산 금지명령 기각 사례,bankruptcy,,금지명령,사례·경험 탐색,0,,892
개인파산-금지명령-지연,개인파산 금지명령 지연,bankruptcy,,금지명령,명령 신청 및 효력 확인,0,,893
개인파산-금지명령-지연-확인사항,개인파산 금지명령 지연 확인사항,bankruptcy,,금지명령,명령 신청 및 효력 확인,0,,894
개인파산-금지명령-지연-대응-상담,개인파산 금지명령 지연 대응 상담,bankruptcy,,금지명령,상담·서비스 탐색,0,,895
개인파산-금지명령-지연-사례,개인파산 금지명령 지연 사례,bankruptcy,,금지명령,사례·경험 탐색,0,,896
개인파산-금지명령-송달,개인파산 금지명령 송달,bankruptcy,,금지명령,명령 신청 및 효력 확인,0,,897
개인파산-금지명령-송달-확인사항,개인파산 금지명령 송달 확인사항,bankruptcy,,금지명령,명령 신청 및 효력 확인,0,,898
개인파산-금지명령-송달-대응-상담,개인파산 금지명령 송달 대응 상담,bankruptcy,,금지명령,상담·서비스 탐색,0,,899
개인파산-금지명령-송달-사례,개인파산 금지명령 송달 사례,bankruptcy,,금지명령,사례·경험 탐색,0,,900
개인파산-금지명령-재신청,개인파산 금지명령 재신청,bankruptcy,,금지명령,명령 신청 및 효력 확인,0,,901
개인파산-금지명령-재신청-확인사항,개인파산 금지명령 재신청 확인사항,bankruptcy,,금지명령,명령 신청 및 효력 확인,0,,902
개인파산-금지명령-재신청-대응-상담,개인파산 금지명령 재신청 대응 상담,bankruptcy,,금지명령,상담·서비스 탐색,0,,903
개인파산-금지명령-재신청-사례,개인파산 금지명령 재신청 사례,bankruptcy,,금지명령,사례·경험 탐색,0,,904
개인파산-금지명령-효력,개인파산 금지명령 효력,bankruptcy,,금지명령,명령 신청 및 효력 확인,0,,905
개인파산-금지명령-효력-확인사항,개인파산 금지명령 효력 확인사항,bankruptcy,,금지명령,명령 신청 및 효력 확인,0,,906
개인파산-금지명령-효력-대응-상담,개인파산 금지명령 효력 대응 상담,bankruptcy,,금지명령,상담·서비스 탐색,0,,907
개인파산-금지명령-효력-사례,개인파산 금지명령 효력 사례,bankruptcy,,금지명령,사례·경험 탐색,0,,908
개인파산-중지명령-효력,개인파산 중지명령 효력,bankruptcy,,금지명령,명령 신청 및 효력 확인,0,,909
개인파산-중지명령-효력-확인사항,개인파산 중지명령 효력 확인사항,bankruptcy,,금지명령,명령 신청 및 효력 확인,0,,910
개인파산-중지명령-효력-대응-상담,개인파산 중지명령 효력 대응 상담,bankruptcy,,금지명령,상담·서비스 탐색,0,,911
개인파산-중지명령-효력-사례,개인파산 중지명령 효력 사례,bankruptcy,,금지명령,사례·경험 탐색,0,,912
개인파산-금지명령-후-독촉,개인파산 금지명령 후 독촉,bankruptcy,,금지명령,명령 신청 및 효력 확인,0,,913
개인파산-금지명령-후-독촉-확인사항,개인파산 금지명령 후 독촉 확인사항,bankruptcy,,금지명령,명령 신청 및 효력 확인,0,,914
개인파산-금지명령-후-독촉-대응-상담,개인파산 금지명령 후 독촉 대응 상담,bankruptcy,,금지명령,상담·서비스 탐색,0,,915
개인파산-금지명령-후-독촉-사례,개인파산 금지명령 후 독촉 사례,bankruptcy,,금지명령,사례·경험 탐색,0,,916
개인파산-금지명령-후-압류,개인파산 금지명령 후 압류,bankruptcy,,금지명령,명령 신청 및 효력 확인,0,,917
개인파산-금지명령-후-압류-확인사항,개인파산 금지명령 후 압류 확인사항,bankruptcy,,금지명령,명령 신청 및 효력 확인,0,,918
개인파산-금지명령-후-압류-대응-상담,개인파산 금지명령 후 압류 대응 상담,bankruptcy,,금지명령,상담·서비스 탐색,0,,919
개인파산-금지명령-후-압류-사례,개인파산 금지명령 후 압류 사례,bankruptcy,,금지명령,사례·경험 탐색,0,,920
개인파산-금지명령-전-추심,개인파산 금지명령 전 추심,bankruptcy,,금지명령,명령 신청 및 효력 확인,0,,921
개인파산-금지명령-전-추심-확인사항,개인파산 금지명령 전 추심 확인사항,bankruptcy,,금지명령,명령 신청 및 효력 확인,0,,922
개인파산-금지명령-전-추심-대응-상담,개인파산 금지명령 전 추심 대응 상담,bankruptcy,,금지명령,상담·서비스 탐색,0,,923
개인파산-금지명령-전-추심-사례,개인파산 금지명령 전 추심 사례,bankruptcy,,금지명령,사례·경험 탐색,0,,924
개인파산-금지명령-누락-채권,개인파산 금지명령 누락 채권,bankruptcy,,금지명령,명령 신청 및 효력 확인,0,,925
개인파산-금지명령-누락-채권-확인사항,개인파산 금지명령 누락 채권 확인사항,bankruptcy,,금지명령,명령 신청 및 효력 확인,0,,926
개인파산-금지명령-누락-채권-대응-상담,개인파산 금지명령 누락 채권 대응 상담,bankruptcy,,금지명령,상담·서비스 탐색,0,,927
개인파산-금지명령-누락-채권-사례,개인파산 금지명령 누락 채권 사례,bankruptcy,,금지명령,사례·경험 탐색,0,,928
개인파산-금지명령-채권자-추가,개인파산 금지명령 채권자 추가,bankruptcy,,금지명령,명령 신청 및 효력 확인,0,,929
개인파산-금지명령-채권자-추가-확인사항,개인파산 금지명령 채권자 추가 확인사항,bankruptcy,,금지명령,명령 신청 및 효력 확인,0,,930
개인파산-금지명령-채권자-추가-대응-상담,개인파산 금지명령 채권자 추가 대응 상담,bankruptcy,,금지명령,상담·서비스 탐색,0,,931
개인파산-금지명령-채권자-추가-사례,개인파산 금지명령 채권자 추가 사례,bankruptcy,,금지명령,사례·경험 탐색,0,,932
개인파산-금지명령-금융회사-통지,개인파산 금지명령 금융회사 통지,bankruptcy,,금지명령,명령 신청 및 효력 확인,0,,933
개인파산-금지명령-금융회사-통지-확인사항,개인파산 금지명령 금융회사 통지 확인사항,bankruptcy,,금지명령,명령 신청 및 효력 확인,0,,934
개인파산-금지명령-금융회사-통지-대응-상담,개인파산 금지명령 금융회사 통지 대응 상담,bankruptcy,,금지명령,상담·서비스 탐색,0,,935
개인파산-금지명령-금융회사-통지-사례,개인파산 금지명령 금융회사 통지 사례,bankruptcy,,금지명령,사례·경험 탐색,0,,936
개인파산-중지명령-급여압류,개인파산 중지명령 급여압류,bankruptcy,,금지명령,명령 신청 및 효력 확인,0,,937
개인파산-중지명령-급여압류-확인사항,개인파산 중지명령 급여압류 확인사항,bankruptcy,,금지명령,명령 신청 및 효력 확인,0,,938
개인파산-중지명령-급여압류-대응-상담,개인파산 중지명령 급여압류 대응 상담,bankruptcy,,금지명령,상담·서비스 탐색,0,,939
개인파산-중지명령-급여압류-사례,개인파산 중지명령 급여압류 사례,bankruptcy,,금지명령,사례·경험 탐색,0,,940
개인파산-중지명령-통장압류,개인파산 중지명령 통장압류,bankruptcy,,금지명령,명령 신청 및 효력 확인,0,,941
개인파산-중지명령-통장압류-확인사항,개인파산 중지명령 통장압류 확인사항,bankruptcy,,금지명령,명령 신청 및 효력 확인,0,,942
개인파산-중지명령-통장압류-대응-상담,개인파산 중지명령 통장압류 대응 상담,bankruptcy,,금지명령,상담·서비스 탐색,0,,943
개인파산-중지명령-통장압류-사례,개인파산 중지명령 통장압류 사례,bankruptcy,,금지명령,사례·경험 탐색,0,,944
개인파산-중지명령-경매,개인파산 중지명령 경매,bankruptcy,,금지명령,명령 신청 및 효력 확인,0,,945
개인파산-중지명령-경매-확인사항,개인파산 중지명령 경매 확인사항,bankruptcy,,금지명령,명령 신청 및 효력 확인,0,,946
개인파산-중지명령-경매-대응-상담,개인파산 중지명령 경매 대응 상담,bankruptcy,,금지명령,상담·서비스 탐색,0,,947
개인파산-중지명령-경매-사례,개인파산 중지명령 경매 사례,bankruptcy,,금지명령,사례·경험 탐색,0,,948
개인파산-중지명령-집행사건,개인파산 중지명령 집행사건,bankruptcy,,금지명령,명령 신청 및 효력 확인,0,,949
개인파산-중지명령-집행사건-확인사항,개인파산 중지명령 집행사건 확인사항,bankruptcy,,금지명령,명령 신청 및 효력 확인,0,,950
개인파산-중지명령-집행사건-대응-상담,개인파산 중지명령 집행사건 대응 상담,bankruptcy,,금지명령,상담·서비스 탐색,0,,951
개인파산-중지명령-집행사건-사례,개인파산 중지명령 집행사건 사례,bankruptcy,,금지명령,사례·경험 탐색,0,,952
개인파산-재신청-금지명령,개인파산 재신청 금지명령,bankruptcy,,금지명령,명령 신청 및 효력 확인,0,,953
개인파산-재신청-금지명령-확인사항,개인파산 재신청 금지명령 확인사항,bankruptcy,,금지명령,명령 신청 및 효력 확인,0,,954
개인파산-재신청-금지명령-대응-상담,개인파산 재신청 금지명령 대응 상담,bankruptcy,,금지명령,상담·서비스 탐색,0,,955
개인파산-재신청-금지명령-사례,개인파산 재신청 금지명령 사례,bankruptcy,,금지명령,사례·경험 탐색,0,,956
개인파산-금지명령-위반,개인파산 금지명령 위반,bankruptcy,,금지명령,명령 신청 및 효력 확인,0,,957
개인파산-금지명령-위반-확인사항,개인파산 금지명령 위반 확인사항,bankruptcy,,금지명령,명령 신청 및 효력 확인,0,,958
개인파산-금지명령-위반-대응-상담,개인파산 금지명령 위반 대응 상담,bankruptcy,,금지명령,상담·서비스 탐색,0,,959
개인파산-금지명령-위반-사례,개인파산 금지명령 위반 사례,bankruptcy,,금지명령,사례·경험 탐색,0,,960
개인파산-통장압류,개인파산 통장압류,bankruptcy,,압류,압류 대응 및 해제,0,,961
개인파산-통장압류-대응-방법,개인파산 통장압류 대응 방법,bankruptcy,,압류,방법·절차 확인,0,,962
개인파산-통장압류-필요서류,개인파산 통장압류 필요서류,bankruptcy,,압류,서류·증빙 준비,0,,963
개인파산-통장압류-상담,개인파산 통장압류 상담,bankruptcy,,압류,상담·서비스 탐색,0,,964
개인파산-급여압류,개인파산 급여압류,bankruptcy,,압류,압류 대응 및 해제,0,,965
개인파산-급여압류-대응-방법,개인파산 급여압류 대응 방법,bankruptcy,,압류,방법·절차 확인,0,,966
개인파산-급여압류-필요서류,개인파산 급여압류 필요서류,bankruptcy,,압류,서류·증빙 준비,0,,967
개인파산-급여압류-상담,개인파산 급여압류 상담,bankruptcy,,압류,상담·서비스 탐색,0,,968
개인파산-퇴직금-압류,개인파산 퇴직금 압류,bankruptcy,,압류,압류 대응 및 해제,0,,969
개인파산-퇴직금-압류-대응-방법,개인파산 퇴직금 압류 대응 방법,bankruptcy,,압류,방법·절차 확인,0,,970
개인파산-퇴직금-압류-필요서류,개인파산 퇴직금 압류 필요서류,bankruptcy,,압류,서류·증빙 준비,0,,971
개인파산-퇴직금-압류-상담,개인파산 퇴직금 압류 상담,bankruptcy,,압류,상담·서비스 탐색,0,,972
개인파산-보증금-압류,개인파산 보증금 압류,bankruptcy,,압류,압류 대응 및 해제,0,,973
개인파산-보증금-압류-대응-방법,개인파산 보증금 압류 대응 방법,bankruptcy,,압류,방법·절차 확인,0,,974
개인파산-보증금-압류-필요서류,개인파산 보증금 압류 필요서류,bankruptcy,,압류,서류·증빙 준비,0,,975
개인파산-보증금-압류-상담,개인파산 보증금 압류 상담,bankruptcy,,압류,상담·서비스 탐색,0,,976
개인파산-자동차-압류,개인파산 자동차 압류,bankruptcy,,압류,압류 대응 및 해제,0,,977
개인파산-자동차-압류-대응-방법,개인파산 자동차 압류 대응 방법,bankruptcy,,압류,방법·절차 확인,0,,978
개인파산-자동차-압류-필요서류,개인파산 자동차 압류 필요서류,bankruptcy,,압류,서류·증빙 준비,0,,979
개인파산-자동차-압류-상담,개인파산 자동차 압류 상담,bankruptcy,,압류,상담·서비스 탐색,0,,980
개인파산-부동산-압류,개인파산 부동산 압류,bankruptcy,,압류,압류 대응 및 해제,0,,981
개인파산-부동산-압류-대응-방법,개인파산 부동산 압류 대응 방법,bankruptcy,,압류,방법·절차 확인,0,,982
개인파산-부동산-압류-필요서류,개인파산 부동산 압류 필요서류,bankruptcy,,압류,서류·증빙 준비,0,,983
개인파산-부동산-압류-상담,개인파산 부동산 압류 상담,bankruptcy,,압류,상담·서비스 탐색,0,,984
개인파산-유체동산-압류,개인파산 유체동산 압류,bankruptcy,,압류,압류 대응 및 해제,0,,985
개인파산-유체동산-압류-대응-방법,개인파산 유체동산 압류 대응 방법,bankruptcy,,압류,방법·절차 확인,0,,986
개인파산-유체동산-압류-필요서류,개인파산 유체동산 압류 필요서류,bankruptcy,,압류,서류·증빙 준비,0,,987
개인파산-유체동산-압류-상담,개인파산 유체동산 압류 상담,bankruptcy,,압류,상담·서비스 탐색,0,,988
개인파산-매출채권-압류,개인파산 매출채권 압류,bankruptcy,,압류,압류 대응 및 해제,0,,989
개인파산-매출채권-압류-대응-방법,개인파산 매출채권 압류 대응 방법,bankruptcy,,압류,방법·절차 확인,0,,990
개인파산-매출채권-압류-필요서류,개인파산 매출채권 압류 필요서류,bankruptcy,,압류,서류·증빙 준비,0,,991
개인파산-매출채권-압류-상담,개인파산 매출채권 압류 상담,bankruptcy,,압류,상담·서비스 탐색,0,,992
개인파산-카드매출-압류,개인파산 카드매출 압류,bankruptcy,,압류,압류 대응 및 해제,0,,993
개인파산-카드매출-압류-대응-방법,개인파산 카드매출 압류 대응 방법,bankruptcy,,압류,방법·절차 확인,0,,994
개인파산-카드매출-압류-필요서류,개인파산 카드매출 압류 필요서류,bankruptcy,,압류,서류·증빙 준비,0,,995
개인파산-카드매출-압류-상담,개인파산 카드매출 압류 상담,bankruptcy,,압류,상담·서비스 탐색,0,,996
개인파산-예금-가압류,개인파산 예금 가압류,bankruptcy,,압류,압류 대응 및 해제,0,,997
개인파산-예금-가압류-대응-방법,개인파산 예금 가압류 대응 방법,bankruptcy,,압류,방법·절차 확인,0,,998
개인파산-예금-가압류-필요서류,개인파산 예금 가압류 필요서류,bankruptcy,,압류,서류·증빙 준비,0,,999
개인파산-예금-가압류-상담,개인파산 예금 가압류 상담,bankruptcy,,압류,상담·서비스 탐색,0,,1000
개인파산-급여-가압류,개인파산 급여 가압류,bankruptcy,,압류,압류 대응 및 해제,0,,1001
개인파산-급여-가압류-대응-방법,개인파산 급여 가압류 대응 방법,bankruptcy,,압류,방법·절차 확인,0,,1002
개인파산-급여-가압류-필요서류,개인파산 급여 가압류 필요서류,bankruptcy,,압류,서류·증빙 준비,0,,1003
개인파산-급여-가압류-상담,개인파산 급여 가압류 상담,bankruptcy,,압류,상담·서비스 탐색,0,,1004
개인파산-압류금지채권,개인파산 압류금지채권,bankruptcy,,압류,압류 대응 및 해제,0,,1005
개인파산-압류금지채권-대응-방법,개인파산 압류금지채권 대응 방법,bankruptcy,,압류,방법·절차 확인,0,,1006
개인파산-압류금지채권-필요서류,개인파산 압류금지채권 필요서류,bankruptcy,,압류,서류·증빙 준비,0,,1007
개인파산-압류금지채권-상담,개인파산 압류금지채권 상담,bankruptcy,,압류,상담·서비스 탐색,0,,1008
개인파산-생계비-계좌-압류,개인파산 생계비 계좌 압류,bankruptcy,,압류,압류 대응 및 해제,0,,1009
개인파산-생계비-계좌-압류-대응-방법,개인파산 생계비 계좌 압류 대응 방법,bankruptcy,,압류,방법·절차 확인,0,,1010
개인파산-생계비-계좌-압류-필요서류,개인파산 생계비 계좌 압류 필요서류,bankruptcy,,압류,서류·증빙 준비,0,,1011
개인파산-생계비-계좌-압류-상담,개인파산 생계비 계좌 압류 상담,bankruptcy,,압류,상담·서비스 탐색,0,,1012
개인파산-공동명의-재산-압류,개인파산 공동명의 재산 압류,bankruptcy,,압류,압류 대응 및 해제,0,,1013
개인파산-공동명의-재산-압류-대응-방법,개인파산 공동명의 재산 압류 대응 방법,bankruptcy,,압류,방법·절차 확인,0,,1014
개인파산-공동명의-재산-압류-필요서류,개인파산 공동명의 재산 압류 필요서류,bankruptcy,,압류,서류·증빙 준비,0,,1015
개인파산-공동명의-재산-압류-상담,개인파산 공동명의 재산 압류 상담,bankruptcy,,압류,상담·서비스 탐색,0,,1016
개인파산-압류계좌-잔액,개인파산 압류계좌 잔액,bankruptcy,,압류,압류 대응 및 해제,0,,1017
개인파산-압류계좌-잔액-대응-방법,개인파산 압류계좌 잔액 대응 방법,bankruptcy,,압류,방법·절차 확인,0,,1018
개인파산-압류계좌-잔액-필요서류,개인파산 압류계좌 잔액 필요서류,bankruptcy,,압류,서류·증빙 준비,0,,1019
개인파산-압류계좌-잔액-상담,개인파산 압류계좌 잔액 상담,bankruptcy,,압류,상담·서비스 탐색,0,,1020
개인파산-추심명령,개인파산 추심명령,bankruptcy,,압류,압류 대응 및 해제,0,,1021
개인파산-추심명령-대응-방법,개인파산 추심명령 대응 방법,bankruptcy,,압류,방법·절차 확인,0,,1022
개인파산-추심명령-필요서류,개인파산 추심명령 필요서류,bankruptcy,,압류,서류·증빙 준비,0,,1023
개인파산-추심명령-상담,개인파산 추심명령 상담,bankruptcy,,압류,상담·서비스 탐색,0,,1024
개인파산-전부명령,개인파산 전부명령,bankruptcy,,압류,압류 대응 및 해제,0,,1025
개인파산-전부명령-대응-방법,개인파산 전부명령 대응 방법,bankruptcy,,압류,방법·절차 확인,0,,1026
개인파산-전부명령-필요서류,개인파산 전부명령 필요서류,bankruptcy,,압류,서류·증빙 준비,0,,1027
개인파산-전부명령-상담,개인파산 전부명령 상담,bankruptcy,,압류,상담·서비스 탐색,0,,1028
개인파산-강제경매,개인파산 강제경매,bankruptcy,,압류,압류 대응 및 해제,0,,1029
개인파산-강제경매-대응-방법,개인파산 강제경매 대응 방법,bankruptcy,,압류,방법·절차 확인,0,,1030
개인파산-강제경매-필요서류,개인파산 강제경매 필요서류,bankruptcy,,압류,서류·증빙 준비,0,,1031
개인파산-강제경매-상담,개인파산 강제경매 상담,bankruptcy,,압류,상담·서비스 탐색,0,,1032
개인파산-압류해제-신청,개인파산 압류해제 신청,bankruptcy,,압류,압류 대응 및 해제,0,,1033
개인파산-압류해제-신청-대응-방법,개인파산 압류해제 신청 대응 방법,bankruptcy,,압류,방법·절차 확인,0,,1034
개인파산-압류해제-신청-필요서류,개인파산 압류해제 신청 필요서류,bankruptcy,,압류,서류·증빙 준비,0,,1035
개인파산-압류해제-신청-상담,개인파산 압류해제 신청 상담,bankruptcy,,압류,상담·서비스 탐색,0,,1036
개인파산-압류금지채권-범위변경,개인파산 압류금지채권 범위변경,bankruptcy,,압류,압류 대응 및 해제,0,,1037
개인파산-압류금지채권-범위변경-대응-방법,개인파산 압류금지채권 범위변경 대응 방법,bankruptcy,,압류,방법·절차 확인,0,,1038
개인파산-압류금지채권-범위변경-필요서류,개인파산 압류금지채권 범위변경 필요서류,bankruptcy,,압류,서류·증빙 준비,0,,1039
개인파산-압류금지채권-범위변경-상담,개인파산 압류금지채권 범위변경 상담,bankruptcy,,압류,상담·서비스 탐색,0,,1040
개인파산-전화-독촉,개인파산 전화 독촉,bankruptcy,,추심,독촉 및 추심 대응,0,,1041
개인파산-전화-독촉-대응-방법,개인파산 전화 독촉 대응 방법,bankruptcy,,추심,방법·절차 확인,0,,1042
개인파산-전화-독촉-증거-확보,개인파산 전화 독촉 증거 확보,bankruptcy,,추심,독촉 및 추심 대응,0,,1043
개인파산-전화-독촉-상담,개인파산 전화 독촉 상담,bankruptcy,,추심,상담·서비스 탐색,0,,1044
개인파산-문자-독촉,개인파산 문자 독촉,bankruptcy,,추심,독촉 및 추심 대응,0,,1045
개인파산-문자-독촉-대응-방법,개인파산 문자 독촉 대응 방법,bankruptcy,,추심,방법·절차 확인,0,,1046
개인파산-문자-독촉-증거-확보,개인파산 문자 독촉 증거 확보,bankruptcy,,추심,독촉 및 추심 대응,0,,1047
개인파산-문자-독촉-상담,개인파산 문자 독촉 상담,bankruptcy,,추심,상담·서비스 탐색,0,,1048
개인파산-방문-추심,개인파산 방문 추심,bankruptcy,,추심,독촉 및 추심 대응,0,,1049
개인파산-방문-추심-대응-방법,개인파산 방문 추심 대응 방법,bankruptcy,,추심,방법·절차 확인,0,,1050
개인파산-방문-추심-증거-확보,개인파산 방문 추심 증거 확보,bankruptcy,,추심,독촉 및 추심 대응,0,,1051
개인파산-방문-추심-상담,개인파산 방문 추심 상담,bankruptcy,,추심,상담·서비스 탐색,0,,1052
개인파산-직장-방문-추심,개인파산 직장 방문 추심,bankruptcy,,추심,독촉 및 추심 대응,0,,1053
개인파산-직장-방문-추심-대응-방법,개인파산 직장 방문 추심 대응 방법,bankruptcy,,추심,방법·절차 확인,0,,1054
개인파산-직장-방문-추심-증거-확보,개인파산 직장 방문 추심 증거 확보,bankruptcy,,추심,독촉 및 추심 대응,0,,1055
개인파산-직장-방문-추심-상담,개인파산 직장 방문 추심 상담,bankruptcy,,추심,상담·서비스 탐색,0,,1056
개인파산-가족-연락-추심,개인파산 가족 연락 추심,bankruptcy,,추심,독촉 및 추심 대응,0,,1057
개인파산-가족-연락-추심-대응-방법,개인파산 가족 연락 추심 대응 방법,bankruptcy,,추심,방법·절차 확인,0,,1058
개인파산-가족-연락-추심-증거-확보,개인파산 가족 연락 추심 증거 확보,bankruptcy,,추심,독촉 및 추심 대응,0,,1059
개인파산-가족-연락-추심-상담,개인파산 가족 연락 추심 상담,bankruptcy,,추심,상담·서비스 탐색,0,,1060
개인파산-야간-추심,개인파산 야간 추심,bankruptcy,,추심,독촉 및 추심 대응,0,,1061
개인파산-야간-추심-대응-방법,개인파산 야간 추심 대응 방법,bankruptcy,,추심,방법·절차 확인,0,,1062
개인파산-야간-추심-증거-확보,개인파산 야간 추심 증거 확보,bankruptcy,,추심,독촉 및 추심 대응,0,,1063
개인파산-야간-추심-상담,개인파산 야간 추심 상담,bankruptcy,,추심,상담·서비스 탐색,0,,1064
개인파산-반복-추심,개인파산 반복 추심,bankruptcy,,추심,독촉 및 추심 대응,0,,1065
개인파산-반복-추심-대응-방법,개인파산 반복 추심 대응 방법,bankruptcy,,추심,방법·절차 확인,0,,1066
개인파산-반복-추심-증거-확보,개인파산 반복 추심 증거 확보,bankruptcy,,추심,독촉 및 추심 대응,0,,1067
개인파산-반복-추심-상담,개인파산 반복 추심 상담,bankruptcy,,추심,상담·서비스 탐색,0,,1068
개인파산-불법추심,개인파산 불법추심,bankruptcy,,추심,독촉 및 추심 대응,0,,1069
개인파산-불법추심-대응-방법,개인파산 불법추심 대응 방법,bankruptcy,,추심,방법·절차 확인,0,,1070
개인파산-불법추심-증거-확보,개인파산 불법추심 증거 확보,bankruptcy,,추심,독촉 및 추심 대응,0,,1071
개인파산-불법추심-상담,개인파산 불법추심 상담,bankruptcy,,추심,상담·서비스 탐색,0,,1072
개인파산-채권추심-우편,개인파산 채권추심 우편,bankruptcy,,추심,독촉 및 추심 대응,0,,1073
개인파산-채권추심-우편-대응-방법,개인파산 채권추심 우편 대응 방법,bankruptcy,,추심,방법·절차 확인,0,,1074
개인파산-채권추심-우편-증거-확보,개인파산 채권추심 우편 증거 확보,bankruptcy,,추심,독촉 및 추심 대응,0,,1075
개인파산-채권추심-우편-상담,개인파산 채권추심 우편 상담,bankruptcy,,추심,상담·서비스 탐색,0,,1076
개인파산-내용증명,개인파산 내용증명,bankruptcy,,추심,독촉 및 추심 대응,0,,1077
개인파산-내용증명-대응-방법,개인파산 내용증명 대응 방법,bankruptcy,,추심,방법·절차 확인,0,,1078
개인파산-내용증명-증거-확보,개인파산 내용증명 증거 확보,bankruptcy,,추심,독촉 및 추심 대응,0,,1079
개인파산-내용증명-상담,개인파산 내용증명 상담,bankruptcy,,추심,상담·서비스 탐색,0,,1080
개인파산-지급명령,개인파산 지급명령,bankruptcy,,추심,독촉 및 추심 대응,0,,1081
개인파산-지급명령-대응-방법,개인파산 지급명령 대응 방법,bankruptcy,,추심,방법·절차 확인,0,,1082
개인파산-지급명령-증거-확보,개인파산 지급명령 증거 확보,bankruptcy,,추심,독촉 및 추심 대응,0,,1083
개인파산-지급명령-상담,개인파산 지급명령 상담,bankruptcy,,추심,상담·서비스 탐색,0,,1084
개인파산-대여금-소송,개인파산 대여금 소송,bankruptcy,,추심,독촉 및 추심 대응,0,,1085
개인파산-대여금-소송-대응-방법,개인파산 대여금 소송 대응 방법,bankruptcy,,추심,방법·절차 확인,0,,1086
개인파산-대여금-소송-증거-확보,개인파산 대여금 소송 증거 확보,bankruptcy,,추심,독촉 및 추심 대응,0,,1087
개인파산-대여금-소송-상담,개인파산 대여금 소송 상담,bankruptcy,,추심,상담·서비스 탐색,0,,1088
개인파산-카드대금-소송,개인파산 카드대금 소송,bankruptcy,,추심,독촉 및 추심 대응,0,,1089
개인파산-카드대금-소송-대응-방법,개인파산 카드대금 소송 대응 방법,bankruptcy,,추심,방법·절차 확인,0,,1090
개인파산-카드대금-소송-증거-확보,개인파산 카드대금 소송 증거 확보,bankruptcy,,추심,독촉 및 추심 대응,0,,1091
개인파산-카드대금-소송-상담,개인파산 카드대금 소송 상담,bankruptcy,,추심,상담·서비스 탐색,0,,1092
개인파산-대부업체-추심,개인파산 대부업체 추심,bankruptcy,,추심,독촉 및 추심 대응,0,,1093
개인파산-대부업체-추심-대응-방법,개인파산 대부업체 추심 대응 방법,bankruptcy,,추심,방법·절차 확인,0,,1094
개인파산-대부업체-추심-증거-확보,개인파산 대부업체 추심 증거 확보,bankruptcy,,추심,독촉 및 추심 대응,0,,1095
개인파산-대부업체-추심-상담,개인파산 대부업체 추심 상담,bankruptcy,,추심,상담·서비스 탐색,0,,1096
개인파산-추심업체-연락,개인파산 추심업체 연락,bankruptcy,,추심,독촉 및 추심 대응,0,,1097
개인파산-추심업체-연락-대응-방법,개인파산 추심업체 연락 대응 방법,bankruptcy,,추심,방법·절차 확인,0,,1098
개인파산-추심업체-연락-증거-확보,개인파산 추심업체 연락 증거 확보,bankruptcy,,추심,독촉 및 추심 대응,0,,1099
개인파산-추심업체-연락-상담,개인파산 추심업체 연락 상담,bankruptcy,,추심,상담·서비스 탐색,0,,1100
개인파산-채권양도-통지,개인파산 채권양도 통지,bankruptcy,,추심,독촉 및 추심 대응,0,,1101
개인파산-채권양도-통지-대응-방법,개인파산 채권양도 통지 대응 방법,bankruptcy,,추심,방법·절차 확인,0,,1102
개인파산-채권양도-통지-증거-확보,개인파산 채권양도 통지 증거 확보,bankruptcy,,추심,독촉 및 추심 대응,0,,1103
개인파산-채권양도-통지-상담,개인파산 채권양도 통지 상담,bankruptcy,,추심,상담·서비스 탐색,0,,1104
개인파산-보증인-추심,개인파산 보증인 추심,bankruptcy,,추심,독촉 및 추심 대응,0,,1105
개인파산-보증인-추심-대응-방법,개인파산 보증인 추심 대응 방법,bankruptcy,,추심,방법·절차 확인,0,,1106
개인파산-보증인-추심-증거-확보,개인파산 보증인 추심 증거 확보,bankruptcy,,추심,독촉 및 추심 대응,0,,1107
개인파산-보증인-추심-상담,개인파산 보증인 추심 상담,bankruptcy,,추심,상담·서비스 탐색,0,,1108
개인파산-인가-후-추심,개인파산 인가 후 추심,bankruptcy,,추심,독촉 및 추심 대응,1,인가,1109
개인파산-인가-후-추심-대응-방법,개인파산 인가 후 추심 대응 방법,bankruptcy,,추심,방법·절차 확인,1,인가,1110
개인파산-인가-후-추심-증거-확보,개인파산 인가 후 추심 증거 확보,bankruptcy,,추심,독촉 및 추심 대응,1,인가,1111
개인파산-인가-후-추심-상담,개인파산 인가 후 추심 상담,bankruptcy,,추심,상담·서비스 탐색,1,인가,1112
개인파산-접수-후-독촉,개인파산 접수 후 독촉,bankruptcy,,추심,독촉 및 추심 대응,0,,1113
개인파산-접수-후-독촉-대응-방법,개인파산 접수 후 독촉 대응 방법,bankruptcy,,추심,방법·절차 확인,0,,1114
개인파산-접수-후-독촉-증거-확보,개인파산 접수 후 독촉 증거 확보,bankruptcy,,추심,독촉 및 추심 대응,0,,1115
개인파산-접수-후-독촉-상담,개인파산 접수 후 독촉 상담,bankruptcy,,추심,상담·서비스 탐색,0,,1116
개인파산-면책-후-독촉,개인파산 면책 후 독촉,bankruptcy,,추심,독촉 및 추심 대응,0,,1117
개인파산-면책-후-독촉-대응-방법,개인파산 면책 후 독촉 대응 방법,bankruptcy,,추심,방법·절차 확인,0,,1118
개인파산-면책-후-독촉-증거-확보,개인파산 면책 후 독촉 증거 확보,bankruptcy,,추심,독촉 및 추심 대응,0,,1119
개인파산-면책-후-독촉-상담,개인파산 면책 후 독촉 상담,bankruptcy,,추심,상담·서비스 탐색,0,,1120
개인파산-신청-직전-대출,개인파산 신청 직전 대출,bankruptcy,,최근대출,최근 차입 심사 쟁점 확인,0,,1121
개인파산-신청-직전-대출-심사-쟁점,개인파산 신청 직전 대출 심사 쟁점,bankruptcy,,최근대출,최근 차입 심사 쟁점 확인,0,,1122
개인파산-신청-직전-대출-소명자료,개인파산 신청 직전 대출 소명자료,bankruptcy,,최근대출,서류·증빙 준비,0,,1123
개인파산-신청-직전-대출-상담,개인파산 신청 직전 대출 상담,bankruptcy,,최근대출,상담·서비스 탐색,0,,1124
개인파산-1개월-이내-대출,개인파산 1개월 이내 대출,bankruptcy,,최근대출,최근 차입 심사 쟁점 확인,0,,1125
개인파산-1개월-이내-대출-심사-쟁점,개인파산 1개월 이내 대출 심사 쟁점,bankruptcy,,최근대출,최근 차입 심사 쟁점 확인,0,,1126
개인파산-1개월-이내-대출-소명자료,개인파산 1개월 이내 대출 소명자료,bankruptcy,,최근대출,서류·증빙 준비,0,,1127
개인파산-1개월-이내-대출-상담,개인파산 1개월 이내 대출 상담,bankruptcy,,최근대출,상담·서비스 탐색,0,,1128
개인파산-3개월-이내-대출,개인파산 3개월 이내 대출,bankruptcy,,최근대출,최근 차입 심사 쟁점 확인,0,,1129
개인파산-3개월-이내-대출-심사-쟁점,개인파산 3개월 이내 대출 심사 쟁점,bankruptcy,,최근대출,최근 차입 심사 쟁점 확인,0,,1130
개인파산-3개월-이내-대출-소명자료,개인파산 3개월 이내 대출 소명자료,bankruptcy,,최근대출,서류·증빙 준비,0,,1131
개인파산-3개월-이내-대출-상담,개인파산 3개월 이내 대출 상담,bankruptcy,,최근대출,상담·서비스 탐색,0,,1132
개인파산-6개월-이내-대출,개인파산 6개월 이내 대출,bankruptcy,,최근대출,최근 차입 심사 쟁점 확인,0,,1133
개인파산-6개월-이내-대출-심사-쟁점,개인파산 6개월 이내 대출 심사 쟁점,bankruptcy,,최근대출,최근 차입 심사 쟁점 확인,0,,1134
개인파산-6개월-이내-대출-소명자료,개인파산 6개월 이내 대출 소명자료,bankruptcy,,최근대출,서류·증빙 준비,0,,1135
개인파산-6개월-이내-대출-상담,개인파산 6개월 이내 대출 상담,bankruptcy,,최근대출,상담·서비스 탐색,0,,1136
개인파산-1년-이내-대출,개인파산 1년 이내 대출,bankruptcy,,최근대출,최근 차입 심사 쟁점 확인,0,,1137
개인파산-1년-이내-대출-심사-쟁점,개인파산 1년 이내 대출 심사 쟁점,bankruptcy,,최근대출,최근 차입 심사 쟁점 확인,0,,1138
개인파산-1년-이내-대출-소명자료,개인파산 1년 이내 대출 소명자료,bankruptcy,,최근대출,서류·증빙 준비,0,,1139
개인파산-1년-이내-대출-상담,개인파산 1년 이내 대출 상담,bankruptcy,,최근대출,상담·서비스 탐색,0,,1140
개인파산-최근-카드론,개인파산 최근 카드론,bankruptcy,,최근대출,최근 차입 심사 쟁점 확인,0,,1141
개인파산-최근-카드론-심사-쟁점,개인파산 최근 카드론 심사 쟁점,bankruptcy,,최근대출,최근 차입 심사 쟁점 확인,0,,1142
개인파산-최근-카드론-소명자료,개인파산 최근 카드론 소명자료,bankruptcy,,최근대출,서류·증빙 준비,0,,1143
개인파산-최근-카드론-상담,개인파산 최근 카드론 상담,bankruptcy,,최근대출,상담·서비스 탐색,0,,1144
개인파산-최근-현금서비스,개인파산 최근 현금서비스,bankruptcy,,최근대출,최근 차입 심사 쟁점 확인,0,,1145
개인파산-최근-현금서비스-심사-쟁점,개인파산 최근 현금서비스 심사 쟁점,bankruptcy,,최근대출,최근 차입 심사 쟁점 확인,0,,1146
개인파산-최근-현금서비스-소명자료,개인파산 최근 현금서비스 소명자료,bankruptcy,,최근대출,서류·증빙 준비,0,,1147
개인파산-최근-현금서비스-상담,개인파산 최근 현금서비스 상담,bankruptcy,,최근대출,상담·서비스 탐색,0,,1148
개인파산-최근-대부업-대출,개인파산 최근 대부업 대출,bankruptcy,,최근대출,최근 차입 심사 쟁점 확인,0,,1149
개인파산-최근-대부업-대출-심사-쟁점,개인파산 최근 대부업 대출 심사 쟁점,bankruptcy,,최근대출,최근 차입 심사 쟁점 확인,0,,1150
개인파산-최근-대부업-대출-소명자료,개인파산 최근 대부업 대출 소명자료,bankruptcy,,최근대출,서류·증빙 준비,0,,1151
개인파산-최근-대부업-대출-상담,개인파산 최근 대부업 대출 상담,bankruptcy,,최근대출,상담·서비스 탐색,0,,1152
개인파산-최근-생활비-대출,개인파산 최근 생활비 대출,bankruptcy,,최근대출,최근 차입 심사 쟁점 확인,0,,1153
개인파산-최근-생활비-대출-심사-쟁점,개인파산 최근 생활비 대출 심사 쟁점,bankruptcy,,최근대출,최근 차입 심사 쟁점 확인,0,,1154
개인파산-최근-생활비-대출-소명자료,개인파산 최근 생활비 대출 소명자료,bankruptcy,,최근대출,서류·증빙 준비,0,,1155
개인파산-최근-생활비-대출-상담,개인파산 최근 생활비 대출 상담,bankruptcy,,최근대출,상담·서비스 탐색,0,,1156
개인파산-최근-사업자금-대출,개인파산 최근 사업자금 대출,bankruptcy,,최근대출,최근 차입 심사 쟁점 확인,0,,1157
개인파산-최근-사업자금-대출-심사-쟁점,개인파산 최근 사업자금 대출 심사 쟁점,bankruptcy,,최근대출,최근 차입 심사 쟁점 확인,0,,1158
개인파산-최근-사업자금-대출-소명자료,개인파산 최근 사업자금 대출 소명자료,bankruptcy,,최근대출,서류·증빙 준비,0,,1159
개인파산-최근-사업자금-대출-상담,개인파산 최근 사업자금 대출 상담,bankruptcy,,최근대출,상담·서비스 탐색,0,,1160
개인파산-최근-돌려막기,개인파산 최근 돌려막기,bankruptcy,,최근대출,최근 차입 심사 쟁점 확인,0,,1161
개인파산-최근-돌려막기-심사-쟁점,개인파산 최근 돌려막기 심사 쟁점,bankruptcy,,최근대출,최근 차입 심사 쟁점 확인,0,,1162
개인파산-최근-돌려막기-소명자료,개인파산 최근 돌려막기 소명자료,bankruptcy,,최근대출,서류·증빙 준비,0,,1163
개인파산-최근-돌려막기-상담,개인파산 최근 돌려막기 상담,bankruptcy,,최근대출,상담·서비스 탐색,0,,1164
개인파산-최근-대환대출,개인파산 최근 대환대출,bankruptcy,,최근대출,최근 차입 심사 쟁점 확인,0,,1165
개인파산-최근-대환대출-심사-쟁점,개인파산 최근 대환대출 심사 쟁점,bankruptcy,,최근대출,최근 차입 심사 쟁점 확인,0,,1166
개인파산-최근-대환대출-소명자료,개인파산 최근 대환대출 소명자료,bankruptcy,,최근대출,서류·증빙 준비,0,,1167
개인파산-최근-대환대출-상담,개인파산 최근 대환대출 상담,bankruptcy,,최근대출,상담·서비스 탐색,0,,1168
개인파산-최근-가족-송금,개인파산 최근 가족 송금,bankruptcy,,최근대출,최근 차입 심사 쟁점 확인,0,,1169
개인파산-최근-가족-송금-심사-쟁점,개인파산 최근 가족 송금 심사 쟁점,bankruptcy,,최근대출,최근 차입 심사 쟁점 확인,0,,1170
개인파산-최근-가족-송금-소명자료,개인파산 최근 가족 송금 소명자료,bankruptcy,,최근대출,서류·증빙 준비,0,,1171
개인파산-최근-가족-송금-상담,개인파산 최근 가족 송금 상담,bankruptcy,,최근대출,상담·서비스 탐색,0,,1172
개인파산-최근-고액-인출,개인파산 최근 고액 인출,bankruptcy,,최근대출,최근 차입 심사 쟁점 확인,0,,1173
개인파산-최근-고액-인출-심사-쟁점,개인파산 최근 고액 인출 심사 쟁점,bankruptcy,,최근대출,최근 차입 심사 쟁점 확인,0,,1174
개인파산-최근-고액-인출-소명자료,개인파산 최근 고액 인출 소명자료,bankruptcy,,최근대출,서류·증빙 준비,0,,1175
개인파산-최근-고액-인출-상담,개인파산 최근 고액 인출 상담,bankruptcy,,최근대출,상담·서비스 탐색,0,,1176
개인파산-최근-카드-사용,개인파산 최근 카드 사용,bankruptcy,,최근대출,최근 차입 심사 쟁점 확인,0,,1177
개인파산-최근-카드-사용-심사-쟁점,개인파산 최근 카드 사용 심사 쟁점,bankruptcy,,최근대출,최근 차입 심사 쟁점 확인,0,,1178
개인파산-최근-카드-사용-소명자료,개인파산 최근 카드 사용 소명자료,bankruptcy,,최근대출,서류·증빙 준비,0,,1179
개인파산-최근-카드-사용-상담,개인파산 최근 카드 사용 상담,bankruptcy,,최근대출,상담·서비스 탐색,0,,1180
개인파산-최근-할부-구매,개인파산 최근 할부 구매,bankruptcy,,최근대출,최근 차입 심사 쟁점 확인,0,,1181
개인파산-최근-할부-구매-심사-쟁점,개인파산 최근 할부 구매 심사 쟁점,bankruptcy,,최근대출,최근 차입 심사 쟁점 확인,0,,1182
개인파산-최근-할부-구매-소명자료,개인파산 최근 할부 구매 소명자료,bankruptcy,,최근대출,서류·증빙 준비,0,,1183
개인파산-최근-할부-구매-상담,개인파산 최근 할부 구매 상담,bankruptcy,,최근대출,상담·서비스 탐색,0,,1184
개인파산-최근-차량-구입-대출,개인파산 최근 차량 구입 대출,bankruptcy,,최근대출,최근 차입 심사 쟁점 확인,0,,1185
개인파산-최근-차량-구입-대출-심사-쟁점,개인파산 최근 차량 구입 대출 심사 쟁점,bankruptcy,,최근대출,최근 차입 심사 쟁점 확인,0,,1186
개인파산-최근-차량-구입-대출-소명자료,개인파산 최근 차량 구입 대출 소명자료,bankruptcy,,최근대출,서류·증빙 준비,0,,1187
개인파산-최근-차량-구입-대출-상담,개인파산 최근 차량 구입 대출 상담,bankruptcy,,최근대출,상담·서비스 탐색,0,,1188
개인파산-최근-보증금-대출,개인파산 최근 보증금 대출,bankruptcy,,최근대출,최근 차입 심사 쟁점 확인,0,,1189
개인파산-최근-보증금-대출-심사-쟁점,개인파산 최근 보증금 대출 심사 쟁점,bankruptcy,,최근대출,최근 차입 심사 쟁점 확인,0,,1190
개인파산-최근-보증금-대출-소명자료,개인파산 최근 보증금 대출 소명자료,bankruptcy,,최근대출,서류·증빙 준비,0,,1191
개인파산-최근-보증금-대출-상담,개인파산 최근 보증금 대출 상담,bankruptcy,,최근대출,상담·서비스 탐색,0,,1192
개인파산-최근-투자금-대출,개인파산 최근 투자금 대출,bankruptcy,,최근대출,최근 차입 심사 쟁점 확인,0,,1193
개인파산-최근-투자금-대출-심사-쟁점,개인파산 최근 투자금 대출 심사 쟁점,bankruptcy,,최근대출,최근 차입 심사 쟁점 확인,0,,1194
개인파산-최근-투자금-대출-소명자료,개인파산 최근 투자금 대출 소명자료,bankruptcy,,최근대출,서류·증빙 준비,0,,1195
개인파산-최근-투자금-대출-상담,개인파산 최근 투자금 대출 상담,bankruptcy,,최근대출,상담·서비스 탐색,0,,1196
개인파산-최근-병원비-대출,개인파산 최근 병원비 대출,bankruptcy,,최근대출,최근 차입 심사 쟁점 확인,0,,1197
개인파산-최근-병원비-대출-심사-쟁점,개인파산 최근 병원비 대출 심사 쟁점,bankruptcy,,최근대출,최근 차입 심사 쟁점 확인,0,,1198
개인파산-최근-병원비-대출-소명자료,개인파산 최근 병원비 대출 소명자료,bankruptcy,,최근대출,서류·증빙 준비,0,,1199
개인파산-최근-병원비-대출-상담,개인파산 최근 병원비 대출 상담,bankruptcy,,최근대출,상담·서비스 탐색,0,,1200
개인파산-주식빚,개인파산 주식빚,bankruptcy,,주식·코인,투자 손실 채무 검토,0,,1201
개인파산-주식빚-심사-쟁점,개인파산 주식빚 심사 쟁점,bankruptcy,,주식·코인,투자 손실 채무 검토,0,,1202
개인파산-주식빚-소명-방법,개인파산 주식빚 소명 방법,bankruptcy,,주식·코인,서류·증빙 준비,0,,1203
개인파산-주식빚-상담,개인파산 주식빚 상담,bankruptcy,,주식·코인,상담·서비스 탐색,0,,1204
개인파산-코인빚,개인파산 코인빚,bankruptcy,,주식·코인,투자 손실 채무 검토,0,,1205
개인파산-코인빚-심사-쟁점,개인파산 코인빚 심사 쟁점,bankruptcy,,주식·코인,투자 손실 채무 검토,0,,1206
개인파산-코인빚-소명-방법,개인파산 코인빚 소명 방법,bankruptcy,,주식·코인,서류·증빙 준비,0,,1207
개인파산-코인빚-상담,개인파산 코인빚 상담,bankruptcy,,주식·코인,상담·서비스 탐색,0,,1208
개인파산-해외주식-손실,개인파산 해외주식 손실,bankruptcy,,주식·코인,투자 손실 채무 검토,0,,1209
개인파산-해외주식-손실-심사-쟁점,개인파산 해외주식 손실 심사 쟁점,bankruptcy,,주식·코인,투자 손실 채무 검토,0,,1210
개인파산-해외주식-손실-소명-방법,개인파산 해외주식 손실 소명 방법,bankruptcy,,주식·코인,서류·증빙 준비,0,,1211
개인파산-해외주식-손실-상담,개인파산 해외주식 손실 상담,bankruptcy,,주식·코인,상담·서비스 탐색,0,,1212
개인파산-국내주식-손실,개인파산 국내주식 손실,bankruptcy,,주식·코인,투자 손실 채무 검토,0,,1213
개인파산-국내주식-손실-심사-쟁점,개인파산 국내주식 손실 심사 쟁점,bankruptcy,,주식·코인,투자 손실 채무 검토,0,,1214
개인파산-국내주식-손실-소명-방법,개인파산 국내주식 손실 소명 방법,bankruptcy,,주식·코인,서류·증빙 준비,0,,1215
개인파산-국내주식-손실-상담,개인파산 국내주식 손실 상담,bankruptcy,,주식·코인,상담·서비스 탐색,0,,1216
개인파산-주식-미수거래,개인파산 주식 미수거래,bankruptcy,,주식·코인,투자 손실 채무 검토,0,,1217
개인파산-주식-미수거래-심사-쟁점,개인파산 주식 미수거래 심사 쟁점,bankruptcy,,주식·코인,투자 손실 채무 검토,0,,1218
개인파산-주식-미수거래-소명-방법,개인파산 주식 미수거래 소명 방법,bankruptcy,,주식·코인,서류·증빙 준비,0,,1219
개인파산-주식-미수거래-상담,개인파산 주식 미수거래 상담,bankruptcy,,주식·코인,상담·서비스 탐색,0,,1220
개인파산-주식-신용거래,개인파산 주식 신용거래,bankruptcy,,주식·코인,투자 손실 채무 검토,0,,1221
개인파산-주식-신용거래-심사-쟁점,개인파산 주식 신용거래 심사 쟁점,bankruptcy,,주식·코인,투자 손실 채무 검토,0,,1222
개인파산-주식-신용거래-소명-방법,개인파산 주식 신용거래 소명 방법,bankruptcy,,주식·코인,서류·증빙 준비,0,,1223
개인파산-주식-신용거래-상담,개인파산 주식 신용거래 상담,bankruptcy,,주식·코인,상담·서비스 탐색,0,,1224
개인파산-선물거래-손실,개인파산 선물거래 손실,bankruptcy,,주식·코인,투자 손실 채무 검토,0,,1225
개인파산-선물거래-손실-심사-쟁점,개인파산 선물거래 손실 심사 쟁점,bankruptcy,,주식·코인,투자 손실 채무 검토,0,,1226
개인파산-선물거래-손실-소명-방법,개인파산 선물거래 손실 소명 방법,bankruptcy,,주식·코인,서류·증빙 준비,0,,1227
개인파산-선물거래-손실-상담,개인파산 선물거래 손실 상담,bankruptcy,,주식·코인,상담·서비스 탐색,0,,1228
개인파산-옵션거래-손실,개인파산 옵션거래 손실,bankruptcy,,주식·코인,투자 손실 채무 검토,0,,1229
개인파산-옵션거래-손실-심사-쟁점,개인파산 옵션거래 손실 심사 쟁점,bankruptcy,,주식·코인,투자 손실 채무 검토,0,,1230
개인파산-옵션거래-손실-소명-방법,개인파산 옵션거래 손실 소명 방법,bankruptcy,,주식·코인,서류·증빙 준비,0,,1231
개인파산-옵션거래-손실-상담,개인파산 옵션거래 손실 상담,bankruptcy,,주식·코인,상담·서비스 탐색,0,,1232
개인파산-가상자산-선물-손실,개인파산 가상자산 선물 손실,bankruptcy,,주식·코인,투자 손실 채무 검토,0,,1233
개인파산-가상자산-선물-손실-심사-쟁점,개인파산 가상자산 선물 손실 심사 쟁점,bankruptcy,,주식·코인,투자 손실 채무 검토,0,,1234
개인파산-가상자산-선물-손실-소명-방법,개인파산 가상자산 선물 손실 소명 방법,bankruptcy,,주식·코인,서류·증빙 준비,0,,1235
개인파산-가상자산-선물-손실-상담,개인파산 가상자산 선물 손실 상담,bankruptcy,,주식·코인,상담·서비스 탐색,0,,1236
개인파산-레버리지-투자-손실,개인파산 레버리지 투자 손실,bankruptcy,,주식·코인,투자 손실 채무 검토,0,,1237
개인파산-레버리지-투자-손실-심사-쟁점,개인파산 레버리지 투자 손실 심사 쟁점,bankruptcy,,주식·코인,투자 손실 채무 검토,0,,1238
개인파산-레버리지-투자-손실-소명-방법,개인파산 레버리지 투자 손실 소명 방법,bankruptcy,,주식·코인,서류·증빙 준비,0,,1239
개인파산-레버리지-투자-손실-상담,개인파산 레버리지 투자 손실 상담,bankruptcy,,주식·코인,상담·서비스 탐색,0,,1240
개인파산-투자대출,개인파산 투자대출,bankruptcy,,주식·코인,투자 손실 채무 검토,0,,1241
개인파산-투자대출-심사-쟁점,개인파산 투자대출 심사 쟁점,bankruptcy,,주식·코인,투자 손실 채무 검토,0,,1242
개인파산-투자대출-소명-방법,개인파산 투자대출 소명 방법,bankruptcy,,주식·코인,서류·증빙 준비,0,,1243
개인파산-투자대출-상담,개인파산 투자대출 상담,bankruptcy,,주식·코인,상담·서비스 탐색,0,,1244
개인파산-투자사기-피해-채무,개인파산 투자사기 피해 채무,bankruptcy,,주식·코인,투자 손실 채무 검토,0,,1245
개인파산-투자사기-피해-채무-심사-쟁점,개인파산 투자사기 피해 채무 심사 쟁점,bankruptcy,,주식·코인,투자 손실 채무 검토,0,,1246
개인파산-투자사기-피해-채무-소명-방법,개인파산 투자사기 피해 채무 소명 방법,bankruptcy,,주식·코인,서류·증빙 준비,0,,1247
개인파산-투자사기-피해-채무-상담,개인파산 투자사기 피해 채무 상담,bankruptcy,,주식·코인,상담·서비스 탐색,0,,1248
개인파산-비상장주식-손실,개인파산 비상장주식 손실,bankruptcy,,주식·코인,투자 손실 채무 검토,0,,1249
개인파산-비상장주식-손실-심사-쟁점,개인파산 비상장주식 손실 심사 쟁점,bankruptcy,,주식·코인,투자 손실 채무 검토,0,,1250
개인파산-비상장주식-손실-소명-방법,개인파산 비상장주식 손실 소명 방법,bankruptcy,,주식·코인,서류·증빙 준비,0,,1251
개인파산-비상장주식-손실-상담,개인파산 비상장주식 손실 상담,bankruptcy,,주식·코인,상담·서비스 탐색,0,,1252
개인파산-상장폐지-종목-손실,개인파산 상장폐지 종목 손실,bankruptcy,,주식·코인,투자 손실 채무 검토,0,,1253
개인파산-상장폐지-종목-손실-심사-쟁점,개인파산 상장폐지 종목 손실 심사 쟁점,bankruptcy,,주식·코인,투자 손실 채무 검토,0,,1254
개인파산-상장폐지-종목-손실-소명-방법,개인파산 상장폐지 종목 손실 소명 방법,bankruptcy,,주식·코인,서류·증빙 준비,0,,1255
개인파산-상장폐지-종목-손실-상담,개인파산 상장폐지 종목 손실 상담,bankruptcy,,주식·코인,상담·서비스 탐색,0,,1256
개인파산-가상자산-상장폐지-손실,개인파산 가상자산 상장폐지 손실,bankruptcy,,주식·코인,투자 손실 채무 검토,0,,1257
개인파산-가상자산-상장폐지-손실-심사-쟁점,개인파산 가상자산 상장폐지 손실 심사 쟁점,bankruptcy,,주식·코인,투자 손실 채무 검토,0,,1258
개인파산-가상자산-상장폐지-손실-소명-방법,개인파산 가상자산 상장폐지 손실 소명 방법,bankruptcy,,주식·코인,서류·증빙 준비,0,,1259
개인파산-가상자산-상장폐지-손실-상담,개인파산 가상자산 상장폐지 손실 상담,bankruptcy,,주식·코인,상담·서비스 탐색,0,,1260
개인파산-거래소-출금내역,개인파산 거래소 출금내역,bankruptcy,,주식·코인,투자 손실 채무 검토,0,,1261
개인파산-거래소-출금내역-심사-쟁점,개인파산 거래소 출금내역 심사 쟁점,bankruptcy,,주식·코인,투자 손실 채무 검토,0,,1262
개인파산-거래소-출금내역-소명-방법,개인파산 거래소 출금내역 소명 방법,bankruptcy,,주식·코인,서류·증빙 준비,0,,1263
개인파산-거래소-출금내역-상담,개인파산 거래소 출금내역 상담,bankruptcy,,주식·코인,상담·서비스 탐색,0,,1264
개인파산-증권계좌-거래내역,개인파산 증권계좌 거래내역,bankruptcy,,주식·코인,투자 손실 채무 검토,0,,1265
개인파산-증권계좌-거래내역-심사-쟁점,개인파산 증권계좌 거래내역 심사 쟁점,bankruptcy,,주식·코인,투자 손실 채무 검토,0,,1266
개인파산-증권계좌-거래내역-소명-방법,개인파산 증권계좌 거래내역 소명 방법,bankruptcy,,주식·코인,서류·증빙 준비,0,,1267
개인파산-증권계좌-거래내역-상담,개인파산 증권계좌 거래내역 상담,bankruptcy,,주식·코인,상담·서비스 탐색,0,,1268
개인파산-가상자산-거래내역,개인파산 가상자산 거래내역,bankruptcy,,주식·코인,투자 손실 채무 검토,0,,1269
개인파산-가상자산-거래내역-심사-쟁점,개인파산 가상자산 거래내역 심사 쟁점,bankruptcy,,주식·코인,투자 손실 채무 검토,0,,1270
개인파산-가상자산-거래내역-소명-방법,개인파산 가상자산 거래내역 소명 방법,bankruptcy,,주식·코인,서류·증빙 준비,0,,1271
개인파산-가상자산-거래내역-상담,개인파산 가상자산 거래내역 상담,bankruptcy,,주식·코인,상담·서비스 탐색,0,,1272
개인파산-투자금-사용처,개인파산 투자금 사용처,bankruptcy,,주식·코인,투자 손실 채무 검토,0,,1273
개인파산-투자금-사용처-심사-쟁점,개인파산 투자금 사용처 심사 쟁점,bankruptcy,,주식·코인,투자 손실 채무 검토,0,,1274
개인파산-투자금-사용처-소명-방법,개인파산 투자금 사용처 소명 방법,bankruptcy,,주식·코인,서류·증빙 준비,0,,1275
개인파산-투자금-사용처-상담,개인파산 투자금 사용처 상담,bankruptcy,,주식·코인,상담·서비스 탐색,0,,1276
개인파산-투자-손실-진술서,개인파산 투자 손실 진술서,bankruptcy,,주식·코인,투자 손실 채무 검토,0,,1277
개인파산-투자-손실-진술서-심사-쟁점,개인파산 투자 손실 진술서 심사 쟁점,bankruptcy,,주식·코인,투자 손실 채무 검토,0,,1278
개인파산-투자-손실-진술서-소명-방법,개인파산 투자 손실 진술서 소명 방법,bankruptcy,,주식·코인,서류·증빙 준비,0,,1279
개인파산-투자-손실-진술서-상담,개인파산 투자 손실 진술서 상담,bankruptcy,,주식·코인,상담·서비스 탐색,0,,1280
개인파산-직장인,개인파산 직장인,bankruptcy,,직업별,직업별 신청 준비,0,,1281
개인파산-직장인-신청조건,개인파산 직장인 신청조건,bankruptcy,,직업별,직업별 신청 준비,0,,1282
개인파산-직장인-소득증빙,개인파산 직장인 소득증빙,bankruptcy,,직업별,서류·증빙 준비,0,,1283
개인파산-직장인-준비서류,개인파산 직장인 준비서류,bankruptcy,,직업별,서류·증빙 준비,0,,1284
개인파산-자영업자,개인파산 자영업자,bankruptcy,,직업별,직업별 신청 준비,0,,1285
개인파산-자영업자-신청조건,개인파산 자영업자 신청조건,bankruptcy,,직업별,직업별 신청 준비,0,,1286
개인파산-자영업자-소득증빙,개인파산 자영업자 소득증빙,bankruptcy,,직업별,서류·증빙 준비,0,,1287
개인파산-자영업자-준비서류,개인파산 자영업자 준비서류,bankruptcy,,직업별,서류·증빙 준비,0,,1288
개인파산-개인사업자,개인파산 개인사업자,bankruptcy,,직업별,직업별 신청 준비,0,,1289
개인파산-개인사업자-신청조건,개인파산 개인사업자 신청조건,bankruptcy,,직업별,직업별 신청 준비,0,,1290
개인파산-개인사업자-소득증빙,개인파산 개인사업자 소득증빙,bankruptcy,,직업별,서류·증빙 준비,0,,1291
개인파산-개인사업자-준비서류,개인파산 개인사업자 준비서류,bankruptcy,,직업별,서류·증빙 준비,0,,1292
개인파산-프리랜서,개인파산 프리랜서,bankruptcy,,직업별,직업별 신청 준비,0,,1293
개인파산-프리랜서-신청조건,개인파산 프리랜서 신청조건,bankruptcy,,직업별,직업별 신청 준비,0,,1294
개인파산-프리랜서-소득증빙,개인파산 프리랜서 소득증빙,bankruptcy,,직업별,서류·증빙 준비,0,,1295
개인파산-프리랜서-준비서류,개인파산 프리랜서 준비서류,bankruptcy,,직업별,서류·증빙 준비,0,,1296
개인파산-일용직,개인파산 일용직,bankruptcy,,직업별,직업별 신청 준비,0,,1297
개인파산-일용직-신청조건,개인파산 일용직 신청조건,bankruptcy,,직업별,직업별 신청 준비,0,,1298
개인파산-일용직-소득증빙,개인파산 일용직 소득증빙,bankruptcy,,직업별,서류·증빙 준비,0,,1299
개인파산-일용직-준비서류,개인파산 일용직 준비서류,bankruptcy,,직업별,서류·증빙 준비,0,,1300
개인파산-아르바이트생,개인파산 아르바이트생,bankruptcy,,직업별,직업별 신청 준비,0,,1301
개인파산-아르바이트생-신청조건,개인파산 아르바이트생 신청조건,bankruptcy,,직업별,직업별 신청 준비,0,,1302
개인파산-아르바이트생-소득증빙,개인파산 아르바이트생 소득증빙,bankruptcy,,직업별,서류·증빙 준비,0,,1303
개인파산-아르바이트생-준비서류,개인파산 아르바이트생 준비서류,bankruptcy,,직업별,서류·증빙 준비,0,,1304
개인파산-계약직,개인파산 계약직,bankruptcy,,직업별,직업별 신청 준비,0,,1305
개인파산-계약직-신청조건,개인파산 계약직 신청조건,bankruptcy,,직업별,직업별 신청 준비,0,,1306
개인파산-계약직-소득증빙,개인파산 계약직 소득증빙,bankruptcy,,직업별,서류·증빙 준비,0,,1307
개인파산-계약직-준비서류,개인파산 계약직 준비서류,bankruptcy,,직업별,서류·증빙 준비,0,,1308
개인파산-공무원,개인파산 공무원,bankruptcy,,직업별,직업별 신청 준비,0,,1309
개인파산-공무원-신청조건,개인파산 공무원 신청조건,bankruptcy,,직업별,직업별 신청 준비,0,,1310
개인파산-공무원-소득증빙,개인파산 공무원 소득증빙,bankruptcy,,직업별,서류·증빙 준비,0,,1311
개인파산-공무원-준비서류,개인파산 공무원 준비서류,bankruptcy,,직업별,서류·증빙 준비,0,,1312
개인파산-군인,개인파산 군인,bankruptcy,,직업별,직업별 신청 준비,0,,1313
개인파산-군인-신청조건,개인파산 군인 신청조건,bankruptcy,,직업별,직업별 신청 준비,0,,1314
개인파산-군인-소득증빙,개인파산 군인 소득증빙,bankruptcy,,직업별,서류·증빙 준비,0,,1315
개인파산-군인-준비서류,개인파산 군인 준비서류,bankruptcy,,직업별,서류·증빙 준비,0,,1316
개인파산-교사,개인파산 교사,bankruptcy,,직업별,직업별 신청 준비,0,,1317
개인파산-교사-신청조건,개인파산 교사 신청조건,bankruptcy,,직업별,직업별 신청 준비,0,,1318
개인파산-교사-소득증빙,개인파산 교사 소득증빙,bankruptcy,,직업별,서류·증빙 준비,0,,1319
개인파산-교사-준비서류,개인파산 교사 준비서류,bankruptcy,,직업별,서류·증빙 준비,0,,1320
개인파산-간호사,개인파산 간호사,bankruptcy,,직업별,직업별 신청 준비,0,,1321
개인파산-간호사-신청조건,개인파산 간호사 신청조건,bankruptcy,,직업별,직업별 신청 준비,0,,1322
개인파산-간호사-소득증빙,개인파산 간호사 소득증빙,bankruptcy,,직업별,서류·증빙 준비,0,,1323
개인파산-간호사-준비서류,개인파산 간호사 준비서류,bankruptcy,,직업별,서류·증빙 준비,0,,1324
개인파산-택시기사,개인파산 택시기사,bankruptcy,,직업별,직업별 신청 준비,0,,1325
개인파산-택시기사-신청조건,개인파산 택시기사 신청조건,bankruptcy,,직업별,직업별 신청 준비,0,,1326
개인파산-택시기사-소득증빙,개인파산 택시기사 소득증빙,bankruptcy,,직업별,서류·증빙 준비,0,,1327
개인파산-택시기사-준비서류,개인파산 택시기사 준비서류,bankruptcy,,직업별,서류·증빙 준비,0,,1328
개인파산-화물차기사,개인파산 화물차기사,bankruptcy,,직업별,직업별 신청 준비,0,,1329
개인파산-화물차기사-신청조건,개인파산 화물차기사 신청조건,bankruptcy,,직업별,직업별 신청 준비,0,,1330
개인파산-화물차기사-소득증빙,개인파산 화물차기사 소득증빙,bankruptcy,,직업별,서류·증빙 준비,0,,1331
개인파산-화물차기사-준비서류,개인파산 화물차기사 준비서류,bankruptcy,,직업별,서류·증빙 준비,0,,1332
개인파산-배달기사,개인파산 배달기사,bankruptcy,,직업별,직업별 신청 준비,0,,1333
개인파산-배달기사-신청조건,개인파산 배달기사 신청조건,bankruptcy,,직업별,직업별 신청 준비,0,,1334
개인파산-배달기사-소득증빙,개인파산 배달기사 소득증빙,bankruptcy,,직업별,서류·증빙 준비,0,,1335
개인파산-배달기사-준비서류,개인파산 배달기사 준비서류,bankruptcy,,직업별,서류·증빙 준비,0,,1336
개인파산-보험설계사,개인파산 보험설계사,bankruptcy,,직업별,직업별 신청 준비,0,,1337
개인파산-보험설계사-신청조건,개인파산 보험설계사 신청조건,bankruptcy,,직업별,직업별 신청 준비,0,,1338
개인파산-보험설계사-소득증빙,개인파산 보험설계사 소득증빙,bankruptcy,,직업별,서류·증빙 준비,0,,1339
개인파산-보험설계사-준비서류,개인파산 보험설계사 준비서류,bankruptcy,,직업별,서류·증빙 준비,0,,1340
개인파산-학원강사,개인파산 학원강사,bankruptcy,,직업별,직업별 신청 준비,0,,1341
개인파산-학원강사-신청조건,개인파산 학원강사 신청조건,bankruptcy,,직업별,직업별 신청 준비,0,,1342
개인파산-학원강사-소득증빙,개인파산 학원강사 소득증빙,bankruptcy,,직업별,서류·증빙 준비,0,,1343
개인파산-학원강사-준비서류,개인파산 학원강사 준비서류,bankruptcy,,직업별,서류·증빙 준비,0,,1344
개인파산-플랫폼-노동자,개인파산 플랫폼 노동자,bankruptcy,,직업별,직업별 신청 준비,0,,1345
개인파산-플랫폼-노동자-신청조건,개인파산 플랫폼 노동자 신청조건,bankruptcy,,직업별,직업별 신청 준비,0,,1346
개인파산-플랫폼-노동자-소득증빙,개인파산 플랫폼 노동자 소득증빙,bankruptcy,,직업별,서류·증빙 준비,0,,1347
개인파산-플랫폼-노동자-준비서류,개인파산 플랫폼 노동자 준비서류,bankruptcy,,직업별,서류·증빙 준비,0,,1348
개인파산-농업인,개인파산 농업인,bankruptcy,,직업별,직업별 신청 준비,0,,1349
개인파산-농업인-신청조건,개인파산 농업인 신청조건,bankruptcy,,직업별,직업별 신청 준비,0,,1350
개인파산-농업인-소득증빙,개인파산 농업인 소득증빙,bankruptcy,,직업별,서류·증빙 준비,0,,1351
개인파산-농업인-준비서류,개인파산 농업인 준비서류,bankruptcy,,직업별,서류·증빙 준비,0,,1352
개인파산-법인대표,개인파산 법인대표,bankruptcy,,직업별,직업별 신청 준비,0,,1353
개인파산-법인대표-신청조건,개인파산 법인대표 신청조건,bankruptcy,,직업별,직업별 신청 준비,0,,1354
개인파산-법인대표-소득증빙,개인파산 법인대표 소득증빙,bankruptcy,,직업별,서류·증빙 준비,0,,1355
개인파산-법인대표-준비서류,개인파산 법인대표 준비서류,bankruptcy,,직업별,서류·증빙 준비,0,,1356
개인파산-연금생활자,개인파산 연금생활자,bankruptcy,,직업별,직업별 신청 준비,0,,1357
개인파산-연금생활자-신청조건,개인파산 연금생활자 신청조건,bankruptcy,,직업별,직업별 신청 준비,0,,1358
개인파산-연금생활자-소득증빙,개인파산 연금생활자 소득증빙,bankruptcy,,직업별,서류·증빙 준비,0,,1359
개인파산-연금생활자-준비서류,개인파산 연금생활자 준비서류,bankruptcy,,직업별,서류·증빙 준비,0,,1360
개인파산-신청-기각,개인파산 신청 기각,bankruptcy,,기각,기각 원인 및 대응,0,,1361
개인파산-신청-기각-확인사항,개인파산 신청 기각 확인사항,bankruptcy,,기각,기각 원인 및 대응,0,,1362
개인파산-신청-기각-대응-방법,개인파산 신청 기각 대응 방법,bankruptcy,,기각,방법·절차 확인,0,,1363
개인파산-신청-기각-상담,개인파산 신청 기각 상담,bankruptcy,,기각,상담·서비스 탐색,0,,1364
개인파산-서류-미제출-기각,개인파산 서류 미제출 기각,bankruptcy,,기각,기각 원인 및 대응,0,,1365
개인파산-서류-미제출-기각-확인사항,개인파산 서류 미제출 기각 확인사항,bankruptcy,,기각,기각 원인 및 대응,0,,1366
개인파산-서류-미제출-기각-대응-방법,개인파산 서류 미제출 기각 대응 방법,bankruptcy,,기각,방법·절차 확인,0,,1367
개인파산-서류-미제출-기각-상담,개인파산 서류 미제출 기각 상담,bankruptcy,,기각,상담·서비스 탐색,0,,1368
개인파산-보정-불이행-기각,개인파산 보정 불이행 기각,bankruptcy,,기각,기각 원인 및 대응,0,,1369
개인파산-보정-불이행-기각-확인사항,개인파산 보정 불이행 기각 확인사항,bankruptcy,,기각,기각 원인 및 대응,0,,1370
개인파산-보정-불이행-기각-대응-방법,개인파산 보정 불이행 기각 대응 방법,bankruptcy,,기각,방법·절차 확인,0,,1371
개인파산-보정-불이행-기각-상담,개인파산 보정 불이행 기각 상담,bankruptcy,,기각,상담·서비스 탐색,0,,1372
개인파산-소득-부족-기각,개인파산 소득 부족 기각,bankruptcy,,기각,기각 원인 및 대응,0,,1373
개인파산-소득-부족-기각-확인사항,개인파산 소득 부족 기각 확인사항,bankruptcy,,기각,기각 원인 및 대응,0,,1374
개인파산-소득-부족-기각-대응-방법,개인파산 소득 부족 기각 대응 방법,bankruptcy,,기각,방법·절차 확인,0,,1375
개인파산-소득-부족-기각-상담,개인파산 소득 부족 기각 상담,bankruptcy,,기각,상담·서비스 탐색,0,,1376
개인파산-재산-누락-기각,개인파산 재산 누락 기각,bankruptcy,,기각,기각 원인 및 대응,0,,1377
개인파산-재산-누락-기각-확인사항,개인파산 재산 누락 기각 확인사항,bankruptcy,,기각,기각 원인 및 대응,0,,1378
개인파산-재산-누락-기각-대응-방법,개인파산 재산 누락 기각 대응 방법,bankruptcy,,기각,방법·절차 확인,0,,1379
개인파산-재산-누락-기각-상담,개인파산 재산 누락 기각 상담,bankruptcy,,기각,상담·서비스 탐색,0,,1380
개인파산-채권-누락-기각,개인파산 채권 누락 기각,bankruptcy,,기각,기각 원인 및 대응,0,,1381
개인파산-채권-누락-기각-확인사항,개인파산 채권 누락 기각 확인사항,bankruptcy,,기각,기각 원인 및 대응,0,,1382
개인파산-채권-누락-기각-대응-방법,개인파산 채권 누락 기각 대응 방법,bankruptcy,,기각,방법·절차 확인,0,,1383
개인파산-채권-누락-기각-상담,개인파산 채권 누락 기각 상담,bankruptcy,,기각,상담·서비스 탐색,0,,1384
개인파산-허위서류-기각,개인파산 허위서류 기각,bankruptcy,,기각,기각 원인 및 대응,0,,1385
개인파산-허위서류-기각-확인사항,개인파산 허위서류 기각 확인사항,bankruptcy,,기각,기각 원인 및 대응,0,,1386
개인파산-허위서류-기각-대응-방법,개인파산 허위서류 기각 대응 방법,bankruptcy,,기각,방법·절차 확인,0,,1387
개인파산-허위서류-기각-상담,개인파산 허위서류 기각 상담,bankruptcy,,기각,상담·서비스 탐색,0,,1388
개인파산-최근대출-관련-기각,개인파산 최근대출 관련 기각,bankruptcy,,기각,기각 원인 및 대응,0,,1389
개인파산-최근대출-관련-기각-확인사항,개인파산 최근대출 관련 기각 확인사항,bankruptcy,,기각,기각 원인 및 대응,0,,1390
개인파산-최근대출-관련-기각-대응-방법,개인파산 최근대출 관련 기각 대응 방법,bankruptcy,,기각,방법·절차 확인,0,,1391
개인파산-최근대출-관련-기각-상담,개인파산 최근대출 관련 기각 상담,bankruptcy,,기각,상담·서비스 탐색,0,,1392
개인파산-불성실-신청-기각,개인파산 불성실 신청 기각,bankruptcy,,기각,기각 원인 및 대응,0,,1393
개인파산-불성실-신청-기각-확인사항,개인파산 불성실 신청 기각 확인사항,bankruptcy,,기각,기각 원인 및 대응,0,,1394
개인파산-불성실-신청-기각-대응-방법,개인파산 불성실 신청 기각 대응 방법,bankruptcy,,기각,방법·절차 확인,0,,1395
개인파산-불성실-신청-기각-상담,개인파산 불성실 신청 기각 상담,bankruptcy,,기각,상담·서비스 탐색,0,,1396
개인파산-비용-미납-기각,개인파산 비용 미납 기각,bankruptcy,,기각,기각 원인 및 대응,0,,1397
개인파산-비용-미납-기각-확인사항,개인파산 비용 미납 기각 확인사항,bankruptcy,,기각,기각 원인 및 대응,0,,1398
개인파산-비용-미납-기각-대응-방법,개인파산 비용 미납 기각 대응 방법,bankruptcy,,기각,방법·절차 확인,0,,1399
개인파산-비용-미납-기각-상담,개인파산 비용 미납 기각 상담,bankruptcy,,기각,상담·서비스 탐색,0,,1400
개인파산-변제계획-관련-기각,개인파산 변제계획 관련 기각,bankruptcy,,기각,기각 원인 및 대응,1,변제계획,1401
개인파산-변제계획-관련-기각-확인사항,개인파산 변제계획 관련 기각 확인사항,bankruptcy,,기각,기각 원인 및 대응,1,변제계획,1402
개인파산-변제계획-관련-기각-대응-방법,개인파산 변제계획 관련 기각 대응 방법,bankruptcy,,기각,방법·절차 확인,1,변제계획,1403
개인파산-변제계획-관련-기각-상담,개인파산 변제계획 관련 기각 상담,bankruptcy,,기각,상담·서비스 탐색,1,변제계획,1404
개인파산-변제수행-가능성-심사,개인파산 변제수행 가능성 심사,bankruptcy,,기각,기각 원인 및 대응,0,,1405
개인파산-변제수행-가능성-심사-확인사항,개인파산 변제수행 가능성 심사 확인사항,bankruptcy,,기각,기각 원인 및 대응,0,,1406
개인파산-변제수행-가능성-심사-대응-방법,개인파산 변제수행 가능성 심사 대응 방법,bankruptcy,,기각,방법·절차 확인,0,,1407
개인파산-변제수행-가능성-심사-상담,개인파산 변제수행 가능성 심사 상담,bankruptcy,,기각,상담·서비스 탐색,0,,1408
개인파산-기각결정문,개인파산 기각결정문,bankruptcy,,기각,기각 원인 및 대응,0,,1409
개인파산-기각결정문-확인사항,개인파산 기각결정문 확인사항,bankruptcy,,기각,기각 원인 및 대응,0,,1410
개인파산-기각결정문-대응-방법,개인파산 기각결정문 대응 방법,bankruptcy,,기각,방법·절차 확인,0,,1411
개인파산-기각결정문-상담,개인파산 기각결정문 상담,bankruptcy,,기각,상담·서비스 탐색,0,,1412
개인파산-기각-후-즉시항고,개인파산 기각 후 즉시항고,bankruptcy,,기각,기각 원인 및 대응,0,,1413
개인파산-기각-후-즉시항고-확인사항,개인파산 기각 후 즉시항고 확인사항,bankruptcy,,기각,기각 원인 및 대응,0,,1414
개인파산-기각-후-즉시항고-대응-방법,개인파산 기각 후 즉시항고 대응 방법,bankruptcy,,기각,방법·절차 확인,0,,1415
개인파산-기각-후-즉시항고-상담,개인파산 기각 후 즉시항고 상담,bankruptcy,,기각,상담·서비스 탐색,0,,1416
개인파산-기각-후-재접수,개인파산 기각 후 재접수,bankruptcy,,기각,기각 원인 및 대응,0,,1417
개인파산-기각-후-재접수-확인사항,개인파산 기각 후 재접수 확인사항,bankruptcy,,기각,기각 원인 및 대응,0,,1418
개인파산-기각-후-재접수-대응-방법,개인파산 기각 후 재접수 대응 방법,bankruptcy,,기각,방법·절차 확인,0,,1419
개인파산-기각-후-재접수-상담,개인파산 기각 후 재접수 상담,bankruptcy,,기각,상담·서비스 탐색,0,,1420
개인파산-기각-후-추심,개인파산 기각 후 추심,bankruptcy,,기각,기각 원인 및 대응,0,,1421
개인파산-기각-후-추심-확인사항,개인파산 기각 후 추심 확인사항,bankruptcy,,기각,기각 원인 및 대응,0,,1422
개인파산-기각-후-추심-대응-방법,개인파산 기각 후 추심 대응 방법,bankruptcy,,기각,방법·절차 확인,0,,1423
개인파산-기각-후-추심-상담,개인파산 기각 후 추심 상담,bankruptcy,,기각,상담·서비스 탐색,0,,1424
개인파산-기각-후-압류,개인파산 기각 후 압류,bankruptcy,,기각,기각 원인 및 대응,0,,1425
개인파산-기각-후-압류-확인사항,개인파산 기각 후 압류 확인사항,bankruptcy,,기각,기각 원인 및 대응,0,,1426
개인파산-기각-후-압류-대응-방법,개인파산 기각 후 압류 대응 방법,bankruptcy,,기각,방법·절차 확인,0,,1427
개인파산-기각-후-압류-상담,개인파산 기각 후 압류 상담,bankruptcy,,기각,상담·서비스 탐색,0,,1428
개인파산-기각-후-납부금,개인파산 기각 후 납부금,bankruptcy,,기각,기각 원인 및 대응,0,,1429
개인파산-기각-후-납부금-확인사항,개인파산 기각 후 납부금 확인사항,bankruptcy,,기각,기각 원인 및 대응,0,,1430
개인파산-기각-후-납부금-대응-방법,개인파산 기각 후 납부금 대응 방법,bankruptcy,,기각,방법·절차 확인,0,,1431
개인파산-기각-후-납부금-상담,개인파산 기각 후 납부금 상담,bankruptcy,,기각,상담·서비스 탐색,0,,1432
개인파산-기각-후-대리인-변경,개인파산 기각 후 대리인 변경,bankruptcy,,기각,기각 원인 및 대응,0,,1433
개인파산-기각-후-대리인-변경-확인사항,개인파산 기각 후 대리인 변경 확인사항,bankruptcy,,기각,기각 원인 및 대응,0,,1434
개인파산-기각-후-대리인-변경-대응-방법,개인파산 기각 후 대리인 변경 대응 방법,bankruptcy,,기각,방법·절차 확인,0,,1435
개인파산-기각-후-대리인-변경-상담,개인파산 기각 후 대리인 변경 상담,bankruptcy,,기각,상담·서비스 탐색,0,,1436
개인파산-기각-이력,개인파산 기각 이력,bankruptcy,,기각,기각 원인 및 대응,0,,1437
개인파산-기각-이력-확인사항,개인파산 기각 이력 확인사항,bankruptcy,,기각,기각 원인 및 대응,0,,1438
개인파산-기각-이력-대응-방법,개인파산 기각 이력 대응 방법,bankruptcy,,기각,방법·절차 확인,0,,1439
개인파산-기각-이력-상담,개인파산 기각 이력 상담,bankruptcy,,기각,상담·서비스 탐색,0,,1440
개인파산-변제금-미납-폐지,개인파산 변제금 미납 폐지,bankruptcy,,폐지,폐지 예방 및 대응,1,변제금,1441
개인파산-변제금-미납-폐지-확인사항,개인파산 변제금 미납 폐지 확인사항,bankruptcy,,폐지,폐지 예방 및 대응,1,변제금,1442
개인파산-변제금-미납-폐지-대응-방법,개인파산 변제금 미납 폐지 대응 방법,bankruptcy,,폐지,방법·절차 확인,1,변제금,1443
개인파산-변제금-미납-폐지-상담,개인파산 변제금 미납 폐지 상담,bankruptcy,,폐지,상담·서비스 탐색,1,변제금,1444
개인파산-인가-전-폐지,개인파산 인가 전 폐지,bankruptcy,,폐지,폐지 예방 및 대응,1,인가,1445
개인파산-인가-전-폐지-확인사항,개인파산 인가 전 폐지 확인사항,bankruptcy,,폐지,폐지 예방 및 대응,1,인가,1446
개인파산-인가-전-폐지-대응-방법,개인파산 인가 전 폐지 대응 방법,bankruptcy,,폐지,방법·절차 확인,1,인가,1447
개인파산-인가-전-폐지-상담,개인파산 인가 전 폐지 상담,bankruptcy,,폐지,상담·서비스 탐색,1,인가,1448
개인파산-인가-후-폐지,개인파산 인가 후 폐지,bankruptcy,,폐지,폐지 예방 및 대응,1,인가,1449
개인파산-인가-후-폐지-확인사항,개인파산 인가 후 폐지 확인사항,bankruptcy,,폐지,폐지 예방 및 대응,1,인가,1450
개인파산-인가-후-폐지-대응-방법,개인파산 인가 후 폐지 대응 방법,bankruptcy,,폐지,방법·절차 확인,1,인가,1451
개인파산-인가-후-폐지-상담,개인파산 인가 후 폐지 상담,bankruptcy,,폐지,상담·서비스 탐색,1,인가,1452
개인파산-채권자집회-불참-폐지,개인파산 채권자집회 불참 폐지,bankruptcy,,폐지,폐지 예방 및 대응,0,,1453
개인파산-채권자집회-불참-폐지-확인사항,개인파산 채권자집회 불참 폐지 확인사항,bankruptcy,,폐지,폐지 예방 및 대응,0,,1454
개인파산-채권자집회-불참-폐지-대응-방법,개인파산 채권자집회 불참 폐지 대응 방법,bankruptcy,,폐지,방법·절차 확인,0,,1455
개인파산-채권자집회-불참-폐지-상담,개인파산 채권자집회 불참 폐지 상담,bankruptcy,,폐지,상담·서비스 탐색,0,,1456
개인파산-폐지예정-통지,개인파산 폐지예정 통지,bankruptcy,,폐지,폐지 예방 및 대응,0,,1457
개인파산-폐지예정-통지-확인사항,개인파산 폐지예정 통지 확인사항,bankruptcy,,폐지,폐지 예방 및 대응,0,,1458
개인파산-폐지예정-통지-대응-방법,개인파산 폐지예정 통지 대응 방법,bankruptcy,,폐지,방법·절차 확인,0,,1459
개인파산-폐지예정-통지-상담,개인파산 폐지예정 통지 상담,bankruptcy,,폐지,상담·서비스 탐색,0,,1460
개인파산-폐지결정,개인파산 폐지결정,bankruptcy,,폐지,폐지 예방 및 대응,0,,1461
개인파산-폐지결정-확인사항,개인파산 폐지결정 확인사항,bankruptcy,,폐지,폐지 예방 및 대응,0,,1462
개인파산-폐지결정-대응-방법,개인파산 폐지결정 대응 방법,bankruptcy,,폐지,방법·절차 확인,0,,1463
개인파산-폐지결정-상담,개인파산 폐지결정 상담,bankruptcy,,폐지,상담·서비스 탐색,0,,1464
개인파산-폐지결정-송달,개인파산 폐지결정 송달,bankruptcy,,폐지,폐지 예방 및 대응,0,,1465
개인파산-폐지결정-송달-확인사항,개인파산 폐지결정 송달 확인사항,bankruptcy,,폐지,폐지 예방 및 대응,0,,1466
개인파산-폐지결정-송달-대응-방법,개인파산 폐지결정 송달 대응 방법,bankruptcy,,폐지,방법·절차 확인,0,,1467
개인파산-폐지결정-송달-상담,개인파산 폐지결정 송달 상담,bankruptcy,,폐지,상담·서비스 탐색,0,,1468
개인파산-폐지-후-즉시항고,개인파산 폐지 후 즉시항고,bankruptcy,,폐지,폐지 예방 및 대응,0,,1469
개인파산-폐지-후-즉시항고-확인사항,개인파산 폐지 후 즉시항고 확인사항,bankruptcy,,폐지,폐지 예방 및 대응,0,,1470
개인파산-폐지-후-즉시항고-대응-방법,개인파산 폐지 후 즉시항고 대응 방법,bankruptcy,,폐지,방법·절차 확인,0,,1471
개인파산-폐지-후-즉시항고-상담,개인파산 폐지 후 즉시항고 상담,bankruptcy,,폐지,상담·서비스 탐색,0,,1472
개인파산-폐지-후-미납금-납부,개인파산 폐지 후 미납금 납부,bankruptcy,,폐지,폐지 예방 및 대응,0,,1473
개인파산-폐지-후-미납금-납부-확인사항,개인파산 폐지 후 미납금 납부 확인사항,bankruptcy,,폐지,폐지 예방 및 대응,0,,1474
개인파산-폐지-후-미납금-납부-대응-방법,개인파산 폐지 후 미납금 납부 대응 방법,bankruptcy,,폐지,방법·절차 확인,0,,1475
개인파산-폐지-후-미납금-납부-상담,개인파산 폐지 후 미납금 납부 상담,bankruptcy,,폐지,상담·서비스 탐색,0,,1476
개인파산-폐지-후-채권추심,개인파산 폐지 후 채권추심,bankruptcy,,폐지,폐지 예방 및 대응,0,,1477
개인파산-폐지-후-채권추심-확인사항,개인파산 폐지 후 채권추심 확인사항,bankruptcy,,폐지,폐지 예방 및 대응,0,,1478
개인파산-폐지-후-채권추심-대응-방법,개인파산 폐지 후 채권추심 대응 방법,bankruptcy,,폐지,방법·절차 확인,0,,1479
개인파산-폐지-후-채권추심-상담,개인파산 폐지 후 채권추심 상담,bankruptcy,,폐지,상담·서비스 탐색,0,,1480
개인파산-폐지-후-통장압류,개인파산 폐지 후 통장압류,bankruptcy,,폐지,폐지 예방 및 대응,0,,1481
개인파산-폐지-후-통장압류-확인사항,개인파산 폐지 후 통장압류 확인사항,bankruptcy,,폐지,폐지 예방 및 대응,0,,1482
개인파산-폐지-후-통장압류-대응-방법,개인파산 폐지 후 통장압류 대응 방법,bankruptcy,,폐지,방법·절차 확인,0,,1483
개인파산-폐지-후-통장압류-상담,개인파산 폐지 후 통장압류 상담,bankruptcy,,폐지,상담·서비스 탐색,0,,1484
개인파산-폐지-후-급여압류,개인파산 폐지 후 급여압류,bankruptcy,,폐지,폐지 예방 및 대응,0,,1485
개인파산-폐지-후-급여압류-확인사항,개인파산 폐지 후 급여압류 확인사항,bankruptcy,,폐지,폐지 예방 및 대응,0,,1486
개인파산-폐지-후-급여압류-대응-방법,개인파산 폐지 후 급여압류 대응 방법,bankruptcy,,폐지,방법·절차 확인,0,,1487
개인파산-폐지-후-급여압류-상담,개인파산 폐지 후 급여압류 상담,bankruptcy,,폐지,상담·서비스 탐색,0,,1488
개인파산-폐지-후-이자,개인파산 폐지 후 이자,bankruptcy,,폐지,폐지 예방 및 대응,0,,1489
개인파산-폐지-후-이자-확인사항,개인파산 폐지 후 이자 확인사항,bankruptcy,,폐지,폐지 예방 및 대응,0,,1490
개인파산-폐지-후-이자-대응-방법,개인파산 폐지 후 이자 대응 방법,bankruptcy,,폐지,방법·절차 확인,0,,1491
개인파산-폐지-후-이자-상담,개인파산 폐지 후 이자 상담,bankruptcy,,폐지,상담·서비스 탐색,0,,1492
개인파산-폐지-후-잔여채무,개인파산 폐지 후 잔여채무,bankruptcy,,폐지,폐지 예방 및 대응,0,,1493
개인파산-폐지-후-잔여채무-확인사항,개인파산 폐지 후 잔여채무 확인사항,bankruptcy,,폐지,폐지 예방 및 대응,0,,1494
개인파산-폐지-후-잔여채무-대응-방법,개인파산 폐지 후 잔여채무 대응 방법,bankruptcy,,폐지,방법·절차 확인,0,,1495
개인파산-폐지-후-잔여채무-상담,개인파산 폐지 후 잔여채무 상담,bankruptcy,,폐지,상담·서비스 탐색,0,,1496
개인파산-폐지-후-변제금-환급,개인파산 폐지 후 변제금 환급,bankruptcy,,폐지,폐지 예방 및 대응,1,변제금,1497
개인파산-폐지-후-변제금-환급-확인사항,개인파산 폐지 후 변제금 환급 확인사항,bankruptcy,,폐지,폐지 예방 및 대응,1,변제금,1498
개인파산-폐지-후-변제금-환급-대응-방법,개인파산 폐지 후 변제금 환급 대응 방법,bankruptcy,,폐지,방법·절차 확인,1,변제금,1499
개인파산-폐지-후-변제금-환급-상담,개인파산 폐지 후 변제금 환급 상담,bankruptcy,,폐지,상담·서비스 탐색,1,변제금,1500
개인파산-폐지-후-신용정보,개인파산 폐지 후 신용정보,bankruptcy,,폐지,폐지 예방 및 대응,0,,1501
개인파산-폐지-후-신용정보-확인사항,개인파산 폐지 후 신용정보 확인사항,bankruptcy,,폐지,폐지 예방 및 대응,0,,1502
개인파산-폐지-후-신용정보-대응-방법,개인파산 폐지 후 신용정보 대응 방법,bankruptcy,,폐지,방법·절차 확인,0,,1503
개인파산-폐지-후-신용정보-상담,개인파산 폐지 후 신용정보 상담,bankruptcy,,폐지,상담·서비스 탐색,0,,1504
개인파산-폐지-후-재접수,개인파산 폐지 후 재접수,bankruptcy,,폐지,폐지 예방 및 대응,0,,1505
개인파산-폐지-후-재접수-확인사항,개인파산 폐지 후 재접수 확인사항,bankruptcy,,폐지,폐지 예방 및 대응,0,,1506
개인파산-폐지-후-재접수-대응-방법,개인파산 폐지 후 재접수 대응 방법,bankruptcy,,폐지,방법·절차 확인,0,,1507
개인파산-폐지-후-재접수-상담,개인파산 폐지 후 재접수 상담,bankruptcy,,폐지,상담·서비스 탐색,0,,1508
개인파산-폐지-후-채무조정,개인파산 폐지 후 채무조정,bankruptcy,,폐지,폐지 예방 및 대응,0,,1509
개인파산-폐지-후-채무조정-확인사항,개인파산 폐지 후 채무조정 확인사항,bankruptcy,,폐지,폐지 예방 및 대응,0,,1510
개인파산-폐지-후-채무조정-대응-방법,개인파산 폐지 후 채무조정 대응 방법,bankruptcy,,폐지,방법·절차 확인,0,,1511
개인파산-폐지-후-채무조정-상담,개인파산 폐지 후 채무조정 상담,bankruptcy,,폐지,상담·서비스 탐색,0,,1512
개인파산-실직에-따른-폐지-위험,개인파산 실직에 따른 폐지 위험,bankruptcy,,폐지,폐지 예방 및 대응,0,,1513
개인파산-실직에-따른-폐지-위험-확인사항,개인파산 실직에 따른 폐지 위험 확인사항,bankruptcy,,폐지,폐지 예방 및 대응,0,,1514
개인파산-실직에-따른-폐지-위험-대응-방법,개인파산 실직에 따른 폐지 위험 대응 방법,bankruptcy,,폐지,방법·절차 확인,0,,1515
개인파산-실직에-따른-폐지-위험-상담,개인파산 실직에 따른 폐지 위험 상담,bankruptcy,,폐지,상담·서비스 탐색,0,,1516
개인파산-폐업에-따른-폐지-위험,개인파산 폐업에 따른 폐지 위험,bankruptcy,,폐지,폐지 예방 및 대응,0,,1517
개인파산-폐업에-따른-폐지-위험-확인사항,개인파산 폐업에 따른 폐지 위험 확인사항,bankruptcy,,폐지,폐지 예방 및 대응,0,,1518
개인파산-폐업에-따른-폐지-위험-대응-방법,개인파산 폐업에 따른 폐지 위험 대응 방법,bankruptcy,,폐지,방법·절차 확인,0,,1519
개인파산-폐업에-따른-폐지-위험-상담,개인파산 폐업에 따른 폐지 위험 상담,bankruptcy,,폐지,상담·서비스 탐색,0,,1520
개인파산-두-번째-신청,개인파산 두 번째 신청,bankruptcy,,재신청,재신청 가능성과 준비,0,,1521
개인파산-두-번째-신청-가능-여부,개인파산 두 번째 신청 가능 여부,bankruptcy,,재신청,재신청 가능성과 준비,0,,1522
개인파산-두-번째-신청-준비서류,개인파산 두 번째 신청 준비서류,bankruptcy,,재신청,서류·증빙 준비,0,,1523
개인파산-두-번째-신청-상담,개인파산 두 번째 신청 상담,bankruptcy,,재신청,상담·서비스 탐색,0,,1524
개인파산-세-번째-신청,개인파산 세 번째 신청,bankruptcy,,재신청,재신청 가능성과 준비,0,,1525
개인파산-세-번째-신청-가능-여부,개인파산 세 번째 신청 가능 여부,bankruptcy,,재신청,재신청 가능성과 준비,0,,1526
개인파산-세-번째-신청-준비서류,개인파산 세 번째 신청 준비서류,bankruptcy,,재신청,서류·증빙 준비,0,,1527
개인파산-세-번째-신청-상담,개인파산 세 번째 신청 상담,bankruptcy,,재신청,상담·서비스 탐색,0,,1528
개인파산-면책-후-재신청,개인파산 면책 후 재신청,bankruptcy,,재신청,재신청 가능성과 준비,0,,1529
개인파산-면책-후-재신청-가능-여부,개인파산 면책 후 재신청 가능 여부,bankruptcy,,재신청,재신청 가능성과 준비,0,,1530
개인파산-면책-후-재신청-준비서류,개인파산 면책 후 재신청 준비서류,bankruptcy,,재신청,서류·증빙 준비,0,,1531
개인파산-면책-후-재신청-상담,개인파산 면책 후 재신청 상담,bankruptcy,,재신청,상담·서비스 탐색,0,,1532
개인파산-기각-후-재신청,개인파산 기각 후 재신청,bankruptcy,,재신청,재신청 가능성과 준비,0,,1533
개인파산-기각-후-재신청-가능-여부,개인파산 기각 후 재신청 가능 여부,bankruptcy,,재신청,재신청 가능성과 준비,0,,1534
개인파산-기각-후-재신청-준비서류,개인파산 기각 후 재신청 준비서류,bankruptcy,,재신청,서류·증빙 준비,0,,1535
개인파산-기각-후-재신청-상담,개인파산 기각 후 재신청 상담,bankruptcy,,재신청,상담·서비스 탐색,0,,1536
개인파산-폐지-후-재신청,개인파산 폐지 후 재신청,bankruptcy,,재신청,재신청 가능성과 준비,0,,1537
개인파산-폐지-후-재신청-가능-여부,개인파산 폐지 후 재신청 가능 여부,bankruptcy,,재신청,재신청 가능성과 준비,0,,1538
개인파산-폐지-후-재신청-준비서류,개인파산 폐지 후 재신청 준비서류,bankruptcy,,재신청,서류·증빙 준비,0,,1539
개인파산-폐지-후-재신청-상담,개인파산 폐지 후 재신청 상담,bankruptcy,,재신청,상담·서비스 탐색,0,,1540
개인파산-취하-후-재신청,개인파산 취하 후 재신청,bankruptcy,,재신청,재신청 가능성과 준비,0,,1541
개인파산-취하-후-재신청-가능-여부,개인파산 취하 후 재신청 가능 여부,bankruptcy,,재신청,재신청 가능성과 준비,0,,1542
개인파산-취하-후-재신청-준비서류,개인파산 취하 후 재신청 준비서류,bankruptcy,,재신청,서류·증빙 준비,0,,1543
개인파산-취하-후-재신청-상담,개인파산 취하 후 재신청 상담,bankruptcy,,재신청,상담·서비스 탐색,0,,1544
개인파산-미납-후-재신청,개인파산 미납 후 재신청,bankruptcy,,재신청,재신청 가능성과 준비,0,,1545
개인파산-미납-후-재신청-가능-여부,개인파산 미납 후 재신청 가능 여부,bankruptcy,,재신청,재신청 가능성과 준비,0,,1546
개인파산-미납-후-재신청-준비서류,개인파산 미납 후 재신청 준비서류,bankruptcy,,재신청,서류·증빙 준비,0,,1547
개인파산-미납-후-재신청-상담,개인파산 미납 후 재신청 상담,bankruptcy,,재신청,상담·서비스 탐색,0,,1548
개인파산-실직-후-재신청,개인파산 실직 후 재신청,bankruptcy,,재신청,재신청 가능성과 준비,0,,1549
개인파산-실직-후-재신청-가능-여부,개인파산 실직 후 재신청 가능 여부,bankruptcy,,재신청,재신청 가능성과 준비,0,,1550
개인파산-실직-후-재신청-준비서류,개인파산 실직 후 재신청 준비서류,bankruptcy,,재신청,서류·증빙 준비,0,,1551
개인파산-실직-후-재신청-상담,개인파산 실직 후 재신청 상담,bankruptcy,,재신청,상담·서비스 탐색,0,,1552
개인파산-재취업-후-재신청,개인파산 재취업 후 재신청,bankruptcy,,재신청,재신청 가능성과 준비,0,,1553
개인파산-재취업-후-재신청-가능-여부,개인파산 재취업 후 재신청 가능 여부,bankruptcy,,재신청,재신청 가능성과 준비,0,,1554
개인파산-재취업-후-재신청-준비서류,개인파산 재취업 후 재신청 준비서류,bankruptcy,,재신청,서류·증빙 준비,0,,1555
개인파산-재취업-후-재신청-상담,개인파산 재취업 후 재신청 상담,bankruptcy,,재신청,상담·서비스 탐색,0,,1556
개인파산-폐업-후-재신청,개인파산 폐업 후 재신청,bankruptcy,,재신청,재신청 가능성과 준비,0,,1557
개인파산-폐업-후-재신청-가능-여부,개인파산 폐업 후 재신청 가능 여부,bankruptcy,,재신청,재신청 가능성과 준비,0,,1558
개인파산-폐업-후-재신청-준비서류,개인파산 폐업 후 재신청 준비서류,bankruptcy,,재신청,서류·증빙 준비,0,,1559
개인파산-폐업-후-재신청-상담,개인파산 폐업 후 재신청 상담,bankruptcy,,재신청,상담·서비스 탐색,0,,1560
개인파산-채무-증가-후-재신청,개인파산 채무 증가 후 재신청,bankruptcy,,재신청,재신청 가능성과 준비,0,,1561
개인파산-채무-증가-후-재신청-가능-여부,개인파산 채무 증가 후 재신청 가능 여부,bankruptcy,,재신청,재신청 가능성과 준비,0,,1562
개인파산-채무-증가-후-재신청-준비서류,개인파산 채무 증가 후 재신청 준비서류,bankruptcy,,재신청,서류·증빙 준비,0,,1563
개인파산-채무-증가-후-재신청-상담,개인파산 채무 증가 후 재신청 상담,bankruptcy,,재신청,상담·서비스 탐색,0,,1564
개인파산-소득-감소-후-재신청,개인파산 소득 감소 후 재신청,bankruptcy,,재신청,재신청 가능성과 준비,0,,1565
개인파산-소득-감소-후-재신청-가능-여부,개인파산 소득 감소 후 재신청 가능 여부,bankruptcy,,재신청,재신청 가능성과 준비,0,,1566
개인파산-소득-감소-후-재신청-준비서류,개인파산 소득 감소 후 재신청 준비서류,bankruptcy,,재신청,서류·증빙 준비,0,,1567
개인파산-소득-감소-후-재신청-상담,개인파산 소득 감소 후 재신청 상담,bankruptcy,,재신청,상담·서비스 탐색,0,,1568
개인파산-부양가족-증가-후-재신청,개인파산 부양가족 증가 후 재신청,bankruptcy,,재신청,재신청 가능성과 준비,0,,1569
개인파산-부양가족-증가-후-재신청-가능-여부,개인파산 부양가족 증가 후 재신청 가능 여부,bankruptcy,,재신청,재신청 가능성과 준비,0,,1570
개인파산-부양가족-증가-후-재신청-준비서류,개인파산 부양가족 증가 후 재신청 준비서류,bankruptcy,,재신청,서류·증빙 준비,0,,1571
개인파산-부양가족-증가-후-재신청-상담,개인파산 부양가족 증가 후 재신청 상담,bankruptcy,,재신청,상담·서비스 탐색,0,,1572
개인파산-이혼-후-재신청,개인파산 이혼 후 재신청,bankruptcy,,재신청,재신청 가능성과 준비,0,,1573
개인파산-이혼-후-재신청-가능-여부,개인파산 이혼 후 재신청 가능 여부,bankruptcy,,재신청,재신청 가능성과 준비,0,,1574
개인파산-이혼-후-재신청-준비서류,개인파산 이혼 후 재신청 준비서류,bankruptcy,,재신청,서류·증빙 준비,0,,1575
개인파산-이혼-후-재신청-상담,개인파산 이혼 후 재신청 상담,bankruptcy,,재신청,상담·서비스 탐색,0,,1576
개인파산-질병-발생-후-재신청,개인파산 질병 발생 후 재신청,bankruptcy,,재신청,재신청 가능성과 준비,0,,1577
개인파산-질병-발생-후-재신청-가능-여부,개인파산 질병 발생 후 재신청 가능 여부,bankruptcy,,재신청,재신청 가능성과 준비,0,,1578
개인파산-질병-발생-후-재신청-준비서류,개인파산 질병 발생 후 재신청 준비서류,bankruptcy,,재신청,서류·증빙 준비,0,,1579
개인파산-질병-발생-후-재신청-상담,개인파산 질병 발생 후 재신청 상담,bankruptcy,,재신청,상담·서비스 탐색,0,,1580
개인파산-투자-실패-후-재신청,개인파산 투자 실패 후 재신청,bankruptcy,,재신청,재신청 가능성과 준비,0,,1581
개인파산-투자-실패-후-재신청-가능-여부,개인파산 투자 실패 후 재신청 가능 여부,bankruptcy,,재신청,재신청 가능성과 준비,0,,1582
개인파산-투자-실패-후-재신청-준비서류,개인파산 투자 실패 후 재신청 준비서류,bankruptcy,,재신청,서류·증빙 준비,0,,1583
개인파산-투자-실패-후-재신청-상담,개인파산 투자 실패 후 재신청 상담,bankruptcy,,재신청,상담·서비스 탐색,0,,1584
개인파산-사업-재개-후-재신청,개인파산 사업 재개 후 재신청,bankruptcy,,재신청,재신청 가능성과 준비,0,,1585
개인파산-사업-재개-후-재신청-가능-여부,개인파산 사업 재개 후 재신청 가능 여부,bankruptcy,,재신청,재신청 가능성과 준비,0,,1586
개인파산-사업-재개-후-재신청-준비서류,개인파산 사업 재개 후 재신청 준비서류,bankruptcy,,재신청,서류·증빙 준비,0,,1587
개인파산-사업-재개-후-재신청-상담,개인파산 사업 재개 후 재신청 상담,bankruptcy,,재신청,상담·서비스 탐색,0,,1588
개인파산-대리인-변경-후-재신청,개인파산 대리인 변경 후 재신청,bankruptcy,,재신청,재신청 가능성과 준비,0,,1589
개인파산-대리인-변경-후-재신청-가능-여부,개인파산 대리인 변경 후 재신청 가능 여부,bankruptcy,,재신청,재신청 가능성과 준비,0,,1590
개인파산-대리인-변경-후-재신청-준비서류,개인파산 대리인 변경 후 재신청 준비서류,bankruptcy,,재신청,서류·증빙 준비,0,,1591
개인파산-대리인-변경-후-재신청-상담,개인파산 대리인 변경 후 재신청 상담,bankruptcy,,재신청,상담·서비스 탐색,0,,1592
개인파산-관할-변경-후-재신청,개인파산 관할 변경 후 재신청,bankruptcy,,재신청,재신청 가능성과 준비,0,,1593
개인파산-관할-변경-후-재신청-가능-여부,개인파산 관할 변경 후 재신청 가능 여부,bankruptcy,,재신청,재신청 가능성과 준비,0,,1594
개인파산-관할-변경-후-재신청-준비서류,개인파산 관할 변경 후 재신청 준비서류,bankruptcy,,재신청,서류·증빙 준비,0,,1595
개인파산-관할-변경-후-재신청-상담,개인파산 관할 변경 후 재신청 상담,bankruptcy,,재신청,상담·서비스 탐색,0,,1596
개인파산-누락채권-포함-재신청,개인파산 누락채권 포함 재신청,bankruptcy,,재신청,재신청 가능성과 준비,0,,1597
개인파산-누락채권-포함-재신청-가능-여부,개인파산 누락채권 포함 재신청 가능 여부,bankruptcy,,재신청,재신청 가능성과 준비,0,,1598
개인파산-누락채권-포함-재신청-준비서류,개인파산 누락채권 포함 재신청 준비서류,bankruptcy,,재신청,서류·증빙 준비,0,,1599
개인파산-누락채권-포함-재신청-상담,개인파산 누락채권 포함 재신청 상담,bankruptcy,,재신청,상담·서비스 탐색,0,,1600
개인파산-면책결정,개인파산 면책결정,bankruptcy,,면책,면책 신청과 후속 처리,0,,1601
개인파산-면책결정-확인-방법,개인파산 면책결정 확인 방법,bankruptcy,,면책,방법·절차 확인,0,,1602
개인파산-면책결정-처리-절차,개인파산 면책결정 처리 절차,bankruptcy,,면책,방법·절차 확인,0,,1603
개인파산-면책결정-상담,개인파산 면책결정 상담,bankruptcy,,면책,상담·서비스 탐색,0,,1604
개인파산-면책신청서,개인파산 면책신청서,bankruptcy,,면책,면책 신청과 후속 처리,0,,1605
개인파산-면책신청서-확인-방법,개인파산 면책신청서 확인 방법,bankruptcy,,면책,방법·절차 확인,0,,1606
개인파산-면책신청서-처리-절차,개인파산 면책신청서 처리 절차,bankruptcy,,면책,방법·절차 확인,0,,1607
개인파산-면책신청서-상담,개인파산 면책신청서 상담,bankruptcy,,면책,상담·서비스 탐색,0,,1608
개인파산-면책신청-시기,개인파산 면책신청 시기,bankruptcy,,면책,면책 신청과 후속 처리,0,,1609
개인파산-면책신청-시기-확인-방법,개인파산 면책신청 시기 확인 방법,bankruptcy,,면책,방법·절차 확인,0,,1610
개인파산-면책신청-시기-처리-절차,개인파산 면책신청 시기 처리 절차,bankruptcy,,면책,방법·절차 확인,0,,1611
개인파산-면책신청-시기-상담,개인파산 면책신청 시기 상담,bankruptcy,,면책,상담·서비스 탐색,0,,1612
개인파산-변제완료-확인,개인파산 변제완료 확인,bankruptcy,,면책,면책 신청과 후속 처리,0,,1613
개인파산-변제완료-확인-확인-방법,개인파산 변제완료 확인 확인 방법,bankruptcy,,면책,방법·절차 확인,0,,1614
개인파산-변제완료-확인-처리-절차,개인파산 변제완료 확인 처리 절차,bankruptcy,,면책,방법·절차 확인,0,,1615
개인파산-변제완료-확인-상담,개인파산 변제완료 확인 상담,bankruptcy,,면책,상담·서비스 탐색,0,,1616
개인파산-최종-변제금,개인파산 최종 변제금,bankruptcy,,면책,면책 신청과 후속 처리,1,변제금,1617
개인파산-최종-변제금-확인-방법,개인파산 최종 변제금 확인 방법,bankruptcy,,면책,방법·절차 확인,1,변제금,1618
개인파산-최종-변제금-처리-절차,개인파산 최종 변제금 처리 절차,bankruptcy,,면책,방법·절차 확인,1,변제금,1619
개인파산-최종-변제금-상담,개인파산 최종 변제금 상담,bankruptcy,,면책,상담·서비스 탐색,1,변제금,1620
개인파산-미납금-정산,개인파산 미납금 정산,bankruptcy,,면책,면책 신청과 후속 처리,0,,1621
개인파산-미납금-정산-확인-방법,개인파산 미납금 정산 확인 방법,bankruptcy,,면책,방법·절차 확인,0,,1622
개인파산-미납금-정산-처리-절차,개인파산 미납금 정산 처리 절차,bankruptcy,,면책,방법·절차 확인,0,,1623
개인파산-미납금-정산-상담,개인파산 미납금 정산 상담,bankruptcy,,면책,상담·서비스 탐색,0,,1624
개인파산-특별면책,개인파산 특별면책,bankruptcy,,면책,면책 신청과 후속 처리,0,,1625
개인파산-특별면책-확인-방법,개인파산 특별면책 확인 방법,bankruptcy,,면책,방법·절차 확인,0,,1626
개인파산-특별면책-처리-절차,개인파산 특별면책 처리 절차,bankruptcy,,면책,방법·절차 확인,0,,1627
개인파산-특별면책-상담,개인파산 특별면책 상담,bankruptcy,,면책,상담·서비스 탐색,0,,1628
개인파산-면책불허가,개인파산 면책불허가,bankruptcy,,면책,면책 신청과 후속 처리,0,,1629
개인파산-면책불허가-확인-방법,개인파산 면책불허가 확인 방법,bankruptcy,,면책,방법·절차 확인,0,,1630
개인파산-면책불허가-처리-절차,개인파산 면책불허가 처리 절차,bankruptcy,,면책,방법·절차 확인,0,,1631
개인파산-면책불허가-상담,개인파산 면책불허가 상담,bankruptcy,,면책,상담·서비스 탐색,0,,1632
개인파산-면책결정-확정,개인파산 면책결정 확정,bankruptcy,,면책,면책 신청과 후속 처리,0,,1633
개인파산-면책결정-확정-확인-방법,개인파산 면책결정 확정 확인 방법,bankruptcy,,면책,방법·절차 확인,0,,1634
개인파산-면책결정-확정-처리-절차,개인파산 면책결정 확정 처리 절차,bankruptcy,,면책,방법·절차 확인,0,,1635
개인파산-면책결정-확정-상담,개인파산 면책결정 확정 상담,bankruptcy,,면책,상담·서비스 탐색,0,,1636
개인파산-면책결정문-발급,개인파산 면책결정문 발급,bankruptcy,,면책,면책 신청과 후속 처리,0,,1637
개인파산-면책결정문-발급-확인-방법,개인파산 면책결정문 발급 확인 방법,bankruptcy,,면책,방법·절차 확인,0,,1638
개인파산-면책결정문-발급-처리-절차,개인파산 면책결정문 발급 처리 절차,bankruptcy,,면책,방법·절차 확인,0,,1639
개인파산-면책결정문-발급-상담,개인파산 면책결정문 발급 상담,bankruptcy,,면책,상담·서비스 탐색,0,,1640
개인파산-확정증명원-발급,개인파산 확정증명원 발급,bankruptcy,,면책,면책 신청과 후속 처리,0,,1641
개인파산-확정증명원-발급-확인-방법,개인파산 확정증명원 발급 확인 방법,bankruptcy,,면책,방법·절차 확인,0,,1642
개인파산-확정증명원-발급-처리-절차,개인파산 확정증명원 발급 처리 절차,bankruptcy,,면책,방법·절차 확인,0,,1643
개인파산-확정증명원-발급-상담,개인파산 확정증명원 발급 상담,bankruptcy,,면책,상담·서비스 탐색,0,,1644
개인파산-면책-후-누락채권,개인파산 면책 후 누락채권,bankruptcy,,면책,면책 신청과 후속 처리,0,,1645
개인파산-면책-후-누락채권-확인-방법,개인파산 면책 후 누락채권 확인 방법,bankruptcy,,면책,방법·절차 확인,0,,1646
개인파산-면책-후-누락채권-처리-절차,개인파산 면책 후 누락채권 처리 절차,bankruptcy,,면책,방법·절차 확인,0,,1647
개인파산-면책-후-누락채권-상담,개인파산 면책 후 누락채권 상담,bankruptcy,,면책,상담·서비스 탐색,0,,1648
개인파산-면책-후-보증채무,개인파산 면책 후 보증채무,bankruptcy,,면책,면책 신청과 후속 처리,0,,1649
개인파산-면책-후-보증채무-확인-방법,개인파산 면책 후 보증채무 확인 방법,bankruptcy,,면책,방법·절차 확인,0,,1650
개인파산-면책-후-보증채무-처리-절차,개인파산 면책 후 보증채무 처리 절차,bankruptcy,,면책,방법·절차 확인,0,,1651
개인파산-면책-후-보증채무-상담,개인파산 면책 후 보증채무 상담,bankruptcy,,면책,상담·서비스 탐색,0,,1652
개인파산-면책-후-세금,개인파산 면책 후 세금,bankruptcy,,면책,면책 신청과 후속 처리,0,,1653
개인파산-면책-후-세금-확인-방법,개인파산 면책 후 세금 확인 방법,bankruptcy,,면책,방법·절차 확인,0,,1654
개인파산-면책-후-세금-처리-절차,개인파산 면책 후 세금 처리 절차,bankruptcy,,면책,방법·절차 확인,0,,1655
개인파산-면책-후-세금-상담,개인파산 면책 후 세금 상담,bankruptcy,,면책,상담·서비스 탐색,0,,1656
개인파산-면책-후-손해배상채무,개인파산 면책 후 손해배상채무,bankruptcy,,면책,면책 신청과 후속 처리,0,,1657
개인파산-면책-후-손해배상채무-확인-방법,개인파산 면책 후 손해배상채무 확인 방법,bankruptcy,,면책,방법·절차 확인,0,,1658
개인파산-면책-후-손해배상채무-처리-절차,개인파산 면책 후 손해배상채무 처리 절차,bankruptcy,,면책,방법·절차 확인,0,,1659
개인파산-면책-후-손해배상채무-상담,개인파산 면책 후 손해배상채무 상담,bankruptcy,,면책,상담·서비스 탐색,0,,1660
개인파산-면책-후-양육비,개인파산 면책 후 양육비,bankruptcy,,면책,면책 신청과 후속 처리,0,,1661
개인파산-면책-후-양육비-확인-방법,개인파산 면책 후 양육비 확인 방법,bankruptcy,,면책,방법·절차 확인,0,,1662
개인파산-면책-후-양육비-처리-절차,개인파산 면책 후 양육비 처리 절차,bankruptcy,,면책,방법·절차 확인,0,,1663
개인파산-면책-후-양육비-상담,개인파산 면책 후 양육비 상담,bankruptcy,,면책,상담·서비스 탐색,0,,1664
개인파산-면책-후-담보채무,개인파산 면책 후 담보채무,bankruptcy,,면책,면책 신청과 후속 처리,0,,1665
개인파산-면책-후-담보채무-확인-방법,개인파산 면책 후 담보채무 확인 방법,bankruptcy,,면책,방법·절차 확인,0,,1666
개인파산-면책-후-담보채무-처리-절차,개인파산 면책 후 담보채무 처리 절차,bankruptcy,,면책,방법·절차 확인,0,,1667
개인파산-면책-후-담보채무-상담,개인파산 면책 후 담보채무 상담,bankruptcy,,면책,상담·서비스 탐색,0,,1668
개인파산-면책-후-독촉장,개인파산 면책 후 독촉장,bankruptcy,,면책,면책 신청과 후속 처리,0,,1669
개인파산-면책-후-독촉장-확인-방법,개인파산 면책 후 독촉장 확인 방법,bankruptcy,,면책,방법·절차 확인,0,,1670
개인파산-면책-후-독촉장-처리-절차,개인파산 면책 후 독촉장 처리 절차,bankruptcy,,면책,방법·절차 확인,0,,1671
개인파산-면책-후-독촉장-상담,개인파산 면책 후 독촉장 상담,bankruptcy,,면책,상담·서비스 탐색,0,,1672
개인파산-면책-후-압류해제,개인파산 면책 후 압류해제,bankruptcy,,면책,면책 신청과 후속 처리,0,,1673
개인파산-면책-후-압류해제-확인-방법,개인파산 면책 후 압류해제 확인 방법,bankruptcy,,면책,방법·절차 확인,0,,1674
개인파산-면책-후-압류해제-처리-절차,개인파산 면책 후 압류해제 처리 절차,bankruptcy,,면책,방법·절차 확인,0,,1675
개인파산-면책-후-압류해제-상담,개인파산 면책 후 압류해제 상담,bankruptcy,,면책,상담·서비스 탐색,0,,1676
개인파산-면책-후-기록-정리,개인파산 면책 후 기록 정리,bankruptcy,,면책,면책 신청과 후속 처리,0,,1677
개인파산-면책-후-기록-정리-확인-방법,개인파산 면책 후 기록 정리 확인 방법,bankruptcy,,면책,방법·절차 확인,0,,1678
개인파산-면책-후-기록-정리-처리-절차,개인파산 면책 후 기록 정리 처리 절차,bankruptcy,,면책,방법·절차 확인,0,,1679
개인파산-면책-후-기록-정리-상담,개인파산 면책 후 기록 정리 상담,bankruptcy,,면책,상담·서비스 탐색,0,,1680
개인파산-신용점수,개인파산 신용점수,bankruptcy,,신용회복,면책 후 금융생활 확인,0,,1681
개인파산-신용점수-면책-후-확인,개인파산 신용점수 면책 후 확인,bankruptcy,,신용회복,면책 후 금융생활 확인,0,,1682
개인파산-신용점수-제한-여부,개인파산 신용점수 제한 여부,bankruptcy,,신용회복,면책 후 금융생활 확인,0,,1683
개인파산-신용점수-상담,개인파산 신용점수 상담,bankruptcy,,신용회복,상담·서비스 탐색,0,,1684
개인파산-신용등급,개인파산 신용등급,bankruptcy,,신용회복,면책 후 금융생활 확인,0,,1685
개인파산-신용등급-면책-후-확인,개인파산 신용등급 면책 후 확인,bankruptcy,,신용회복,면책 후 금융생활 확인,0,,1686
개인파산-신용등급-제한-여부,개인파산 신용등급 제한 여부,bankruptcy,,신용회복,면책 후 금융생활 확인,0,,1687
개인파산-신용등급-상담,개인파산 신용등급 상담,bankruptcy,,신용회복,상담·서비스 탐색,0,,1688
개인파산-공공정보-삭제,개인파산 공공정보 삭제,bankruptcy,,신용회복,면책 후 금융생활 확인,0,,1689
개인파산-공공정보-삭제-면책-후-확인,개인파산 공공정보 삭제 면책 후 확인,bankruptcy,,신용회복,면책 후 금융생활 확인,0,,1690
개인파산-공공정보-삭제-제한-여부,개인파산 공공정보 삭제 제한 여부,bankruptcy,,신용회복,면책 후 금융생활 확인,0,,1691
개인파산-공공정보-삭제-상담,개인파산 공공정보 삭제 상담,bankruptcy,,신용회복,상담·서비스 탐색,0,,1692
개인파산-연체정보-해제,개인파산 연체정보 해제,bankruptcy,,신용회복,면책 후 금융생활 확인,0,,1693
개인파산-연체정보-해제-면책-후-확인,개인파산 연체정보 해제 면책 후 확인,bankruptcy,,신용회복,면책 후 금융생활 확인,0,,1694
개인파산-연체정보-해제-제한-여부,개인파산 연체정보 해제 제한 여부,bankruptcy,,신용회복,면책 후 금융생활 확인,0,,1695
개인파산-연체정보-해제-상담,개인파산 연체정보 해제 상담,bankruptcy,,신용회복,상담·서비스 탐색,0,,1696
개인파산-신용정보-정정,개인파산 신용정보 정정,bankruptcy,,신용회복,면책 후 금융생활 확인,0,,1697
개인파산-신용정보-정정-면책-후-확인,개인파산 신용정보 정정 면책 후 확인,bankruptcy,,신용회복,면책 후 금융생활 확인,0,,1698
개인파산-신용정보-정정-제한-여부,개인파산 신용정보 정정 제한 여부,bankruptcy,,신용회복,면책 후 금융생활 확인,0,,1699
개인파산-신용정보-정정-상담,개인파산 신용정보 정정 상담,bankruptcy,,신용회복,상담·서비스 탐색,0,,1700
개인파산-금융거래-재개,개인파산 금융거래 재개,bankruptcy,,신용회복,면책 후 금융생활 확인,0,,1701
개인파산-금융거래-재개-면책-후-확인,개인파산 금융거래 재개 면책 후 확인,bankruptcy,,신용회복,면책 후 금융생활 확인,0,,1702
개인파산-금융거래-재개-제한-여부,개인파산 금융거래 재개 제한 여부,bankruptcy,,신용회복,면책 후 금융생활 확인,0,,1703
개인파산-금융거래-재개-상담,개인파산 금융거래 재개 상담,bankruptcy,,신용회복,상담·서비스 탐색,0,,1704
개인파산-체크카드-발급,개인파산 체크카드 발급,bankruptcy,,신용회복,면책 후 금융생활 확인,0,,1705
개인파산-체크카드-발급-면책-후-확인,개인파산 체크카드 발급 면책 후 확인,bankruptcy,,신용회복,면책 후 금융생활 확인,0,,1706
개인파산-체크카드-발급-제한-여부,개인파산 체크카드 발급 제한 여부,bankruptcy,,신용회복,면책 후 금융생활 확인,0,,1707
개인파산-체크카드-발급-상담,개인파산 체크카드 발급 상담,bankruptcy,,신용회복,상담·서비스 탐색,0,,1708
개인파산-신용카드-발급,개인파산 신용카드 발급,bankruptcy,,신용회복,면책 후 금융생활 확인,0,,1709
개인파산-신용카드-발급-면책-후-확인,개인파산 신용카드 발급 면책 후 확인,bankruptcy,,신용회복,면책 후 금융생활 확인,0,,1710
개인파산-신용카드-발급-제한-여부,개인파산 신용카드 발급 제한 여부,bankruptcy,,신용회복,면책 후 금융생활 확인,0,,1711
개인파산-신용카드-발급-상담,개인파산 신용카드 발급 상담,bankruptcy,,신용회복,상담·서비스 탐색,0,,1712
개인파산-통장-신규-개설,개인파산 통장 신규 개설,bankruptcy,,신용회복,면책 후 금융생활 확인,0,,1713
개인파산-통장-신규-개설-면책-후-확인,개인파산 통장 신규 개설 면책 후 확인,bankruptcy,,신용회복,면책 후 금융생활 확인,0,,1714
개인파산-통장-신규-개설-제한-여부,개인파산 통장 신규 개설 제한 여부,bankruptcy,,신용회복,면책 후 금융생활 확인,0,,1715
개인파산-통장-신규-개설-상담,개인파산 통장 신규 개설 상담,bankruptcy,,신용회복,상담·서비스 탐색,0,,1716
개인파산-급여계좌-변경,개인파산 급여계좌 변경,bankruptcy,,신용회복,면책 후 금융생활 확인,0,,1717
개인파산-급여계좌-변경-면책-후-확인,개인파산 급여계좌 변경 면책 후 확인,bankruptcy,,신용회복,면책 후 금융생활 확인,0,,1718
개인파산-급여계좌-변경-제한-여부,개인파산 급여계좌 변경 제한 여부,bankruptcy,,신용회복,면책 후 금융생활 확인,0,,1719
개인파산-급여계좌-변경-상담,개인파산 급여계좌 변경 상담,bankruptcy,,신용회복,상담·서비스 탐색,0,,1720
개인파산-휴대폰-개통,개인파산 휴대폰 개통,bankruptcy,,신용회복,면책 후 금융생활 확인,0,,1721
개인파산-휴대폰-개통-면책-후-확인,개인파산 휴대폰 개통 면책 후 확인,bankruptcy,,신용회복,면책 후 금융생활 확인,0,,1722
개인파산-휴대폰-개통-제한-여부,개인파산 휴대폰 개통 제한 여부,bankruptcy,,신용회복,면책 후 금융생활 확인,0,,1723
개인파산-휴대폰-개통-상담,개인파산 휴대폰 개통 상담,bankruptcy,,신용회복,상담·서비스 탐색,0,,1724
개인파산-통신요금-자동이체,개인파산 통신요금 자동이체,bankruptcy,,신용회복,면책 후 금융생활 확인,0,,1725
개인파산-통신요금-자동이체-면책-후-확인,개인파산 통신요금 자동이체 면책 후 확인,bankruptcy,,신용회복,면책 후 금융생활 확인,0,,1726
개인파산-통신요금-자동이체-제한-여부,개인파산 통신요금 자동이체 제한 여부,bankruptcy,,신용회복,면책 후 금융생활 확인,0,,1727
개인파산-통신요금-자동이체-상담,개인파산 통신요금 자동이체 상담,bankruptcy,,신용회복,상담·서비스 탐색,0,,1728
개인파산-보증보험-가입,개인파산 보증보험 가입,bankruptcy,,신용회복,면책 후 금융생활 확인,0,,1729
개인파산-보증보험-가입-면책-후-확인,개인파산 보증보험 가입 면책 후 확인,bankruptcy,,신용회복,면책 후 금융생활 확인,0,,1730
개인파산-보증보험-가입-제한-여부,개인파산 보증보험 가입 제한 여부,bankruptcy,,신용회복,면책 후 금융생활 확인,0,,1731
개인파산-보증보험-가입-상담,개인파산 보증보험 가입 상담,bankruptcy,,신용회복,상담·서비스 탐색,0,,1732
개인파산-전세대출-심사,개인파산 전세대출 심사,bankruptcy,,신용회복,면책 후 금융생활 확인,0,,1733
개인파산-전세대출-심사-면책-후-확인,개인파산 전세대출 심사 면책 후 확인,bankruptcy,,신용회복,면책 후 금융생활 확인,0,,1734
개인파산-전세대출-심사-제한-여부,개인파산 전세대출 심사 제한 여부,bankruptcy,,신용회복,면책 후 금융생활 확인,0,,1735
개인파산-전세대출-심사-상담,개인파산 전세대출 심사 상담,bankruptcy,,신용회복,상담·서비스 탐색,0,,1736
개인파산-주택담보대출-심사,개인파산 주택담보대출 심사,bankruptcy,,신용회복,면책 후 금융생활 확인,0,,1737
개인파산-주택담보대출-심사-면책-후-확인,개인파산 주택담보대출 심사 면책 후 확인,bankruptcy,,신용회복,면책 후 금융생활 확인,0,,1738
개인파산-주택담보대출-심사-제한-여부,개인파산 주택담보대출 심사 제한 여부,bankruptcy,,신용회복,면책 후 금융생활 확인,0,,1739
개인파산-주택담보대출-심사-상담,개인파산 주택담보대출 심사 상담,bankruptcy,,신용회복,상담·서비스 탐색,0,,1740
개인파산-자동차-할부-심사,개인파산 자동차 할부 심사,bankruptcy,,신용회복,면책 후 금융생활 확인,0,,1741
개인파산-자동차-할부-심사-면책-후-확인,개인파산 자동차 할부 심사 면책 후 확인,bankruptcy,,신용회복,면책 후 금융생활 확인,0,,1742
개인파산-자동차-할부-심사-제한-여부,개인파산 자동차 할부 심사 제한 여부,bankruptcy,,신용회복,면책 후 금융생활 확인,0,,1743
개인파산-자동차-할부-심사-상담,개인파산 자동차 할부 심사 상담,bankruptcy,,신용회복,상담·서비스 탐색,0,,1744
개인파산-소액-신용거래,개인파산 소액 신용거래,bankruptcy,,신용회복,면책 후 금융생활 확인,0,,1745
개인파산-소액-신용거래-면책-후-확인,개인파산 소액 신용거래 면책 후 확인,bankruptcy,,신용회복,면책 후 금융생활 확인,0,,1746
개인파산-소액-신용거래-제한-여부,개인파산 소액 신용거래 제한 여부,bankruptcy,,신용회복,면책 후 금융생활 확인,0,,1747
개인파산-소액-신용거래-상담,개인파산 소액 신용거래 상담,bankruptcy,,신용회복,상담·서비스 탐색,0,,1748
개인파산-은행-거래실적,개인파산 은행 거래실적,bankruptcy,,신용회복,면책 후 금융생활 확인,0,,1749
개인파산-은행-거래실적-면책-후-확인,개인파산 은행 거래실적 면책 후 확인,bankruptcy,,신용회복,면책 후 금융생활 확인,0,,1750
개인파산-은행-거래실적-제한-여부,개인파산 은행 거래실적 제한 여부,bankruptcy,,신용회복,면책 후 금융생활 확인,0,,1751
개인파산-은행-거래실적-상담,개인파산 은행 거래실적 상담,bankruptcy,,신용회복,상담·서비스 탐색,0,,1752
개인파산-신용정보조회,개인파산 신용정보조회,bankruptcy,,신용회복,면책 후 금융생활 확인,0,,1753
개인파산-신용정보조회-면책-후-확인,개인파산 신용정보조회 면책 후 확인,bankruptcy,,신용회복,면책 후 금융생활 확인,0,,1754
개인파산-신용정보조회-제한-여부,개인파산 신용정보조회 제한 여부,bankruptcy,,신용회복,면책 후 금융생활 확인,0,,1755
개인파산-신용정보조회-상담,개인파산 신용정보조회 상담,bankruptcy,,신용회복,상담·서비스 탐색,0,,1756
개인파산-채무완제-확인,개인파산 채무완제 확인,bankruptcy,,신용회복,면책 후 금융생활 확인,0,,1757
개인파산-채무완제-확인-면책-후-확인,개인파산 채무완제 확인 면책 후 확인,bankruptcy,,신용회복,면책 후 금융생활 확인,0,,1758
개인파산-채무완제-확인-제한-여부,개인파산 채무완제 확인 제한 여부,bankruptcy,,신용회복,면책 후 금융생활 확인,0,,1759
개인파산-채무완제-확인-상담,개인파산 채무완제 확인 상담,bankruptcy,,신용회복,상담·서비스 탐색,0,,1760
개인파산-실직-상태,개인파산 실직 상태,bankruptcy,,상황형,개인 상황에 따른 신청 검토,0,,1761
개인파산-실직-상태-신청-가능-여부,개인파산 실직 상태 신청 가능 여부,bankruptcy,,상황형,개인 상황에 따른 신청 검토,0,,1762
개인파산-실직-상태-준비사항,개인파산 실직 상태 준비사항,bankruptcy,,상황형,개인 상황에 따른 신청 검토,0,,1763
개인파산-실직-상태-상담,개인파산 실직 상태 상담,bankruptcy,,상황형,상담·서비스 탐색,0,,1764
개인파산-취업-직후,개인파산 취업 직후,bankruptcy,,상황형,개인 상황에 따른 신청 검토,0,,1765
개인파산-취업-직후-신청-가능-여부,개인파산 취업 직후 신청 가능 여부,bankruptcy,,상황형,개인 상황에 따른 신청 검토,0,,1766
개인파산-취업-직후-준비사항,개인파산 취업 직후 준비사항,bankruptcy,,상황형,개인 상황에 따른 신청 검토,0,,1767
개인파산-취업-직후-상담,개인파산 취업 직후 상담,bankruptcy,,상황형,상담·서비스 탐색,0,,1768
개인파산-이직-준비-중,개인파산 이직 준비 중,bankruptcy,,상황형,개인 상황에 따른 신청 검토,0,,1769
개인파산-이직-준비-중-신청-가능-여부,개인파산 이직 준비 중 신청 가능 여부,bankruptcy,,상황형,개인 상황에 따른 신청 검토,0,,1770
개인파산-이직-준비-중-준비사항,개인파산 이직 준비 중 준비사항,bankruptcy,,상황형,개인 상황에 따른 신청 검토,0,,1771
개인파산-이직-준비-중-상담,개인파산 이직 준비 중 상담,bankruptcy,,상황형,상담·서비스 탐색,0,,1772
개인파산-휴직-중,개인파산 휴직 중,bankruptcy,,상황형,개인 상황에 따른 신청 검토,0,,1773
개인파산-휴직-중-신청-가능-여부,개인파산 휴직 중 신청 가능 여부,bankruptcy,,상황형,개인 상황에 따른 신청 검토,0,,1774
개인파산-휴직-중-준비사항,개인파산 휴직 중 준비사항,bankruptcy,,상황형,개인 상황에 따른 신청 검토,0,,1775
개인파산-휴직-중-상담,개인파산 휴직 중 상담,bankruptcy,,상황형,상담·서비스 탐색,0,,1776
개인파산-육아휴직-중,개인파산 육아휴직 중,bankruptcy,,상황형,개인 상황에 따른 신청 검토,0,,1777
개인파산-육아휴직-중-신청-가능-여부,개인파산 육아휴직 중 신청 가능 여부,bankruptcy,,상황형,개인 상황에 따른 신청 검토,0,,1778
개인파산-육아휴직-중-준비사항,개인파산 육아휴직 중 준비사항,bankruptcy,,상황형,개인 상황에 따른 신청 검토,0,,1779
개인파산-육아휴직-중-상담,개인파산 육아휴직 중 상담,bankruptcy,,상황형,상담·서비스 탐색,0,,1780
개인파산-출산-예정,개인파산 출산 예정,bankruptcy,,상황형,개인 상황에 따른 신청 검토,0,,1781
개인파산-출산-예정-신청-가능-여부,개인파산 출산 예정 신청 가능 여부,bankruptcy,,상황형,개인 상황에 따른 신청 검토,0,,1782
개인파산-출산-예정-준비사항,개인파산 출산 예정 준비사항,bankruptcy,,상황형,개인 상황에 따른 신청 검토,0,,1783
개인파산-출산-예정-상담,개인파산 출산 예정 상담,bankruptcy,,상황형,상담·서비스 탐색,0,,1784
개인파산-이혼-소송-중,개인파산 이혼 소송 중,bankruptcy,,상황형,개인 상황에 따른 신청 검토,0,,1785
개인파산-이혼-소송-중-신청-가능-여부,개인파산 이혼 소송 중 신청 가능 여부,bankruptcy,,상황형,개인 상황에 따른 신청 검토,0,,1786
개인파산-이혼-소송-중-준비사항,개인파산 이혼 소송 중 준비사항,bankruptcy,,상황형,개인 상황에 따른 신청 검토,0,,1787
개인파산-이혼-소송-중-상담,개인파산 이혼 소송 중 상담,bankruptcy,,상황형,상담·서비스 탐색,0,,1788
개인파산-별거-중,개인파산 별거 중,bankruptcy,,상황형,개인 상황에 따른 신청 검토,0,,1789
개인파산-별거-중-신청-가능-여부,개인파산 별거 중 신청 가능 여부,bankruptcy,,상황형,개인 상황에 따른 신청 검토,0,,1790
개인파산-별거-중-준비사항,개인파산 별거 중 준비사항,bankruptcy,,상황형,개인 상황에 따른 신청 검토,0,,1791
개인파산-별거-중-상담,개인파산 별거 중 상담,bankruptcy,,상황형,상담·서비스 탐색,0,,1792
개인파산-재혼-예정,개인파산 재혼 예정,bankruptcy,,상황형,개인 상황에 따른 신청 검토,0,,1793
개인파산-재혼-예정-신청-가능-여부,개인파산 재혼 예정 신청 가능 여부,bankruptcy,,상황형,개인 상황에 따른 신청 검토,0,,1794
개인파산-재혼-예정-준비사항,개인파산 재혼 예정 준비사항,bankruptcy,,상황형,개인 상황에 따른 신청 검토,0,,1795
개인파산-재혼-예정-상담,개인파산 재혼 예정 상담,bankruptcy,,상황형,상담·서비스 탐색,0,,1796
개인파산-가족-몰래-신청,개인파산 가족 몰래 신청,bankruptcy,,상황형,개인 상황에 따른 신청 검토,0,,1797
개인파산-가족-몰래-신청-신청-가능-여부,개인파산 가족 몰래 신청 신청 가능 여부,bankruptcy,,상황형,개인 상황에 따른 신청 검토,0,,1798
개인파산-가족-몰래-신청-준비사항,개인파산 가족 몰래 신청 준비사항,bankruptcy,,상황형,개인 상황에 따른 신청 검토,0,,1799
개인파산-가족-몰래-신청-상담,개인파산 가족 몰래 신청 상담,bankruptcy,,상황형,상담·서비스 탐색,0,,1800
개인파산-회사-몰래-신청,개인파산 회사 몰래 신청,bankruptcy,,상황형,개인 상황에 따른 신청 검토,0,,1801
개인파산-회사-몰래-신청-신청-가능-여부,개인파산 회사 몰래 신청 신청 가능 여부,bankruptcy,,상황형,개인 상황에 따른 신청 검토,0,,1802
개인파산-회사-몰래-신청-준비사항,개인파산 회사 몰래 신청 준비사항,bankruptcy,,상황형,개인 상황에 따른 신청 검토,0,,1803
개인파산-회사-몰래-신청-상담,개인파산 회사 몰래 신청 상담,bankruptcy,,상황형,상담·서비스 탐색,0,,1804
개인파산-사업-폐업-예정,개인파산 사업 폐업 예정,bankruptcy,,상황형,개인 상황에 따른 신청 검토,0,,1805
개인파산-사업-폐업-예정-신청-가능-여부,개인파산 사업 폐업 예정 신청 가능 여부,bankruptcy,,상황형,개인 상황에 따른 신청 검토,0,,1806
개인파산-사업-폐업-예정-준비사항,개인파산 사업 폐업 예정 준비사항,bankruptcy,,상황형,개인 상황에 따른 신청 검토,0,,1807
개인파산-사업-폐업-예정-상담,개인파산 사업 폐업 예정 상담,bankruptcy,,상황형,상담·서비스 탐색,0,,1808
개인파산-사업-계속-운영,개인파산 사업 계속 운영,bankruptcy,,상황형,개인 상황에 따른 신청 검토,0,,1809
개인파산-사업-계속-운영-신청-가능-여부,개인파산 사업 계속 운영 신청 가능 여부,bankruptcy,,상황형,개인 상황에 따른 신청 검토,0,,1810
개인파산-사업-계속-운영-준비사항,개인파산 사업 계속 운영 준비사항,bankruptcy,,상황형,개인 상황에 따른 신청 검토,0,,1811
개인파산-사업-계속-운영-상담,개인파산 사업 계속 운영 상담,bankruptcy,,상황형,상담·서비스 탐색,0,,1812
개인파산-전세-계약-만료,개인파산 전세 계약 만료,bankruptcy,,상황형,개인 상황에 따른 신청 검토,0,,1813
개인파산-전세-계약-만료-신청-가능-여부,개인파산 전세 계약 만료 신청 가능 여부,bankruptcy,,상황형,개인 상황에 따른 신청 검토,0,,1814
개인파산-전세-계약-만료-준비사항,개인파산 전세 계약 만료 준비사항,bankruptcy,,상황형,개인 상황에 따른 신청 검토,0,,1815
개인파산-전세-계약-만료-상담,개인파산 전세 계약 만료 상담,bankruptcy,,상황형,상담·서비스 탐색,0,,1816
개인파산-이사-예정,개인파산 이사 예정,bankruptcy,,상황형,개인 상황에 따른 신청 검토,0,,1817
개인파산-이사-예정-신청-가능-여부,개인파산 이사 예정 신청 가능 여부,bankruptcy,,상황형,개인 상황에 따른 신청 검토,0,,1818
개인파산-이사-예정-준비사항,개인파산 이사 예정 준비사항,bankruptcy,,상황형,개인 상황에 따른 신청 검토,0,,1819
개인파산-이사-예정-상담,개인파산 이사 예정 상담,bankruptcy,,상황형,상담·서비스 탐색,0,,1820
개인파산-해외-출국-예정,개인파산 해외 출국 예정,bankruptcy,,상황형,개인 상황에 따른 신청 검토,0,,1821
개인파산-해외-출국-예정-신청-가능-여부,개인파산 해외 출국 예정 신청 가능 여부,bankruptcy,,상황형,개인 상황에 따른 신청 검토,0,,1822
개인파산-해외-출국-예정-준비사항,개인파산 해외 출국 예정 준비사항,bankruptcy,,상황형,개인 상황에 따른 신청 검토,0,,1823
개인파산-해외-출국-예정-상담,개인파산 해외 출국 예정 상담,bankruptcy,,상황형,상담·서비스 탐색,0,,1824
개인파산-수술-예정,개인파산 수술 예정,bankruptcy,,상황형,개인 상황에 따른 신청 검토,0,,1825
개인파산-수술-예정-신청-가능-여부,개인파산 수술 예정 신청 가능 여부,bankruptcy,,상황형,개인 상황에 따른 신청 검토,0,,1826
개인파산-수술-예정-준비사항,개인파산 수술 예정 준비사항,bankruptcy,,상황형,개인 상황에 따른 신청 검토,0,,1827
개인파산-수술-예정-상담,개인파산 수술 예정 상담,bankruptcy,,상황형,상담·서비스 탐색,0,,1828
개인파산-장기-입원-중,개인파산 장기 입원 중,bankruptcy,,상황형,개인 상황에 따른 신청 검토,0,,1829
개인파산-장기-입원-중-신청-가능-여부,개인파산 장기 입원 중 신청 가능 여부,bankruptcy,,상황형,개인 상황에 따른 신청 검토,0,,1830
개인파산-장기-입원-중-준비사항,개인파산 장기 입원 중 준비사항,bankruptcy,,상황형,개인 상황에 따른 신청 검토,0,,1831
개인파산-장기-입원-중-상담,개인파산 장기 입원 중 상담,bankruptcy,,상황형,상담·서비스 탐색,0,,1832
개인파산-사기-피해-발생,개인파산 사기 피해 발생,bankruptcy,,상황형,개인 상황에 따른 신청 검토,0,,1833
개인파산-사기-피해-발생-신청-가능-여부,개인파산 사기 피해 발생 신청 가능 여부,bankruptcy,,상황형,개인 상황에 따른 신청 검토,0,,1834
개인파산-사기-피해-발생-준비사항,개인파산 사기 피해 발생 준비사항,bankruptcy,,상황형,개인 상황에 따른 신청 검토,0,,1835
개인파산-사기-피해-발생-상담,개인파산 사기 피해 발생 상담,bankruptcy,,상황형,상담·서비스 탐색,0,,1836
개인파산-보이스피싱-피해,개인파산 보이스피싱 피해,bankruptcy,,상황형,개인 상황에 따른 신청 검토,0,,1837
개인파산-보이스피싱-피해-신청-가능-여부,개인파산 보이스피싱 피해 신청 가능 여부,bankruptcy,,상황형,개인 상황에 따른 신청 검토,0,,1838
개인파산-보이스피싱-피해-준비사항,개인파산 보이스피싱 피해 준비사항,bankruptcy,,상황형,개인 상황에 따른 신청 검토,0,,1839
개인파산-보이스피싱-피해-상담,개인파산 보이스피싱 피해 상담,bankruptcy,,상황형,상담·서비스 탐색,0,,1840
개인파산-신청비용,개인파산 신청비용,bankruptcy,,비용·상담,비용 및 대리인 선택,0,,1841
개인파산-신청비용-안내,개인파산 신청비용 안내,bankruptcy,,비용·상담,비용 및 대리인 선택,0,,1842
개인파산-신청비용-확인사항,개인파산 신청비용 확인사항,bankruptcy,,비용·상담,비용 및 대리인 선택,0,,1843
개인파산-신청비용-비교,개인파산 신청비용 비교,bankruptcy,,비용·상담,비교·선택 검토,0,,1844
개인파산-법원-인지대,개인파산 법원 인지대,bankruptcy,,비용·상담,비용 및 대리인 선택,0,,1845
개인파산-법원-인지대-안내,개인파산 법원 인지대 안내,bankruptcy,,비용·상담,비용 및 대리인 선택,0,,1846
개인파산-법원-인지대-확인사항,개인파산 법원 인지대 확인사항,bankruptcy,,비용·상담,비용 및 대리인 선택,0,,1847
개인파산-법원-인지대-비교,개인파산 법원 인지대 비교,bankruptcy,,비용·상담,비교·선택 검토,0,,1848
개인파산-송달료,개인파산 송달료,bankruptcy,,비용·상담,비용 및 대리인 선택,0,,1849
개인파산-송달료-안내,개인파산 송달료 안내,bankruptcy,,비용·상담,비용 및 대리인 선택,0,,1850
개인파산-송달료-확인사항,개인파산 송달료 확인사항,bankruptcy,,비용·상담,비용 및 대리인 선택,0,,1851
개인파산-송달료-비교,개인파산 송달료 비교,bankruptcy,,비용·상담,비교·선택 검토,0,,1852
개인파산-회생위원-보수,개인파산 회생위원 보수,bankruptcy,,비용·상담,비용 및 대리인 선택,1,회생위원,1853
개인파산-회생위원-보수-안내,개인파산 회생위원 보수 안내,bankruptcy,,비용·상담,비용 및 대리인 선택,1,회생위원,1854
개인파산-회생위원-보수-확인사항,개인파산 회생위원 보수 확인사항,bankruptcy,,비용·상담,비용 및 대리인 선택,1,회생위원,1855
개인파산-회생위원-보수-비교,개인파산 회생위원 보수 비교,bankruptcy,,비용·상담,비교·선택 검토,1,회생위원,1856
개인파산-변호사-수임료,개인파산 변호사 수임료,bankruptcy,,비용·상담,비용 및 대리인 선택,0,,1857
개인파산-변호사-수임료-안내,개인파산 변호사 수임료 안내,bankruptcy,,비용·상담,비용 및 대리인 선택,0,,1858
개인파산-변호사-수임료-확인사항,개인파산 변호사 수임료 확인사항,bankruptcy,,비용·상담,비용 및 대리인 선택,0,,1859
개인파산-변호사-수임료-비교,개인파산 변호사 수임료 비교,bankruptcy,,비용·상담,비교·선택 검토,0,,1860
개인파산-법무사-보수,개인파산 법무사 보수,bankruptcy,,비용·상담,비용 및 대리인 선택,0,,1861
개인파산-법무사-보수-안내,개인파산 법무사 보수 안내,bankruptcy,,비용·상담,비용 및 대리인 선택,0,,1862
개인파산-법무사-보수-확인사항,개인파산 법무사 보수 확인사항,bankruptcy,,비용·상담,비용 및 대리인 선택,0,,1863
개인파산-법무사-보수-비교,개인파산 법무사 보수 비교,bankruptcy,,비용·상담,비교·선택 검토,0,,1864
개인파산-부채증명서-발급비,개인파산 부채증명서 발급비,bankruptcy,,비용·상담,비용 및 대리인 선택,0,,1865
개인파산-부채증명서-발급비-안내,개인파산 부채증명서 발급비 안내,bankruptcy,,비용·상담,비용 및 대리인 선택,0,,1866
개인파산-부채증명서-발급비-확인사항,개인파산 부채증명서 발급비 확인사항,bankruptcy,,비용·상담,비용 및 대리인 선택,0,,1867
개인파산-부채증명서-발급비-비교,개인파산 부채증명서 발급비 비교,bankruptcy,,비용·상담,비교·선택 검토,0,,1868
개인파산-추가-보정-비용,개인파산 추가 보정 비용,bankruptcy,,비용·상담,비용 및 대리인 선택,0,,1869
개인파산-추가-보정-비용-안내,개인파산 추가 보정 비용 안내,bankruptcy,,비용·상담,비용 및 대리인 선택,0,,1870
개인파산-추가-보정-비용-확인사항,개인파산 추가 보정 비용 확인사항,bankruptcy,,비용·상담,비용 및 대리인 선택,0,,1871
개인파산-추가-보정-비용-비교,개인파산 추가 보정 비용 비교,bankruptcy,,비용·상담,비교·선택 검토,0,,1872
개인파산-재신청-비용,개인파산 재신청 비용,bankruptcy,,비용·상담,비용 및 대리인 선택,0,,1873
개인파산-재신청-비용-안내,개인파산 재신청 비용 안내,bankruptcy,,비용·상담,비용 및 대리인 선택,0,,1874
개인파산-재신청-비용-확인사항,개인파산 재신청 비용 확인사항,bankruptcy,,비용·상담,비용 및 대리인 선택,0,,1875
개인파산-재신청-비용-비교,개인파산 재신청 비용 비교,bankruptcy,,비용·상담,비교·선택 검토,0,,1876
개인파산-항고-비용,개인파산 항고 비용,bankruptcy,,비용·상담,비용 및 대리인 선택,0,,1877
개인파산-항고-비용-안내,개인파산 항고 비용 안내,bankruptcy,,비용·상담,비용 및 대리인 선택,0,,1878
개인파산-항고-비용-확인사항,개인파산 항고 비용 확인사항,bankruptcy,,비용·상담,비용 및 대리인 선택,0,,1879
개인파산-항고-비용-비교,개인파산 항고 비용 비교,bankruptcy,,비용·상담,비교·선택 검토,0,,1880
개인파산-수임료-분납,개인파산 수임료 분납,bankruptcy,,비용·상담,비용 및 대리인 선택,0,,1881
개인파산-수임료-분납-안내,개인파산 수임료 분납 안내,bankruptcy,,비용·상담,비용 및 대리인 선택,0,,1882
개인파산-수임료-분납-확인사항,개인파산 수임료 분납 확인사항,bankruptcy,,비용·상담,비용 및 대리인 선택,0,,1883
개인파산-수임료-분납-비교,개인파산 수임료 분납 비교,bankruptcy,,비용·상담,비교·선택 검토,0,,1884
개인파산-수임료-환불,개인파산 수임료 환불,bankruptcy,,비용·상담,비용 및 대리인 선택,0,,1885
개인파산-수임료-환불-안내,개인파산 수임료 환불 안내,bankruptcy,,비용·상담,비용 및 대리인 선택,0,,1886
개인파산-수임료-환불-확인사항,개인파산 수임료 환불 확인사항,bankruptcy,,비용·상담,비용 및 대리인 선택,0,,1887
개인파산-수임료-환불-비교,개인파산 수임료 환불 비교,bankruptcy,,비용·상담,비교·선택 검토,0,,1888
개인파산-무료상담,개인파산 무료상담,bankruptcy,,비용·상담,비용 및 대리인 선택,0,,1889
개인파산-무료상담-안내,개인파산 무료상담 안내,bankruptcy,,비용·상담,비용 및 대리인 선택,0,,1890
개인파산-무료상담-확인사항,개인파산 무료상담 확인사항,bankruptcy,,비용·상담,비용 및 대리인 선택,0,,1891
개인파산-무료상담-비교,개인파산 무료상담 비교,bankruptcy,,비용·상담,비교·선택 검토,0,,1892
개인파산-방문상담,개인파산 방문상담,bankruptcy,,비용·상담,비용 및 대리인 선택,0,,1893
개인파산-방문상담-안내,개인파산 방문상담 안내,bankruptcy,,비용·상담,비용 및 대리인 선택,0,,1894
개인파산-방문상담-확인사항,개인파산 방문상담 확인사항,bankruptcy,,비용·상담,비용 및 대리인 선택,0,,1895
개인파산-방문상담-비교,개인파산 방문상담 비교,bankruptcy,,비용·상담,비교·선택 검토,0,,1896
개인파산-전화상담,개인파산 전화상담,bankruptcy,,비용·상담,비용 및 대리인 선택,0,,1897
개인파산-전화상담-안내,개인파산 전화상담 안내,bankruptcy,,비용·상담,비용 및 대리인 선택,0,,1898
개인파산-전화상담-확인사항,개인파산 전화상담 확인사항,bankruptcy,,비용·상담,비용 및 대리인 선택,0,,1899
개인파산-전화상담-비교,개인파산 전화상담 비교,bankruptcy,,비용·상담,비교·선택 검토,0,,1900
개인파산-온라인상담,개인파산 온라인상담,bankruptcy,,비용·상담,비용 및 대리인 선택,0,,1901
개인파산-온라인상담-안내,개인파산 온라인상담 안내,bankruptcy,,비용·상담,비용 및 대리인 선택,0,,1902
개인파산-온라인상담-확인사항,개인파산 온라인상담 확인사항,bankruptcy,,비용·상담,비용 및 대리인 선택,0,,1903
개인파산-온라인상담-비교,개인파산 온라인상담 비교,bankruptcy,,비용·상담,비교·선택 검토,0,,1904
개인파산-법률구조-지원,개인파산 법률구조 지원,bankruptcy,,비용·상담,비용 및 대리인 선택,0,,1905
개인파산-법률구조-지원-안내,개인파산 법률구조 지원 안내,bankruptcy,,비용·상담,비용 및 대리인 선택,0,,1906
개인파산-법률구조-지원-확인사항,개인파산 법률구조 지원 확인사항,bankruptcy,,비용·상담,비용 및 대리인 선택,0,,1907
개인파산-법률구조-지원-비교,개인파산 법률구조 지원 비교,bankruptcy,,비용·상담,비교·선택 검토,0,,1908
개인파산-변호사-선임,개인파산 변호사 선임,bankruptcy,,비용·상담,비용 및 대리인 선택,0,,1909
개인파산-변호사-선임-안내,개인파산 변호사 선임 안내,bankruptcy,,비용·상담,비용 및 대리인 선택,0,,1910
개인파산-변호사-선임-확인사항,개인파산 변호사 선임 확인사항,bankruptcy,,비용·상담,비용 및 대리인 선택,0,,1911
개인파산-변호사-선임-비교,개인파산 변호사 선임 비교,bankruptcy,,비용·상담,비교·선택 검토,0,,1912
개인파산-법무사-선임,개인파산 법무사 선임,bankruptcy,,비용·상담,비용 및 대리인 선택,0,,1913
개인파산-법무사-선임-안내,개인파산 법무사 선임 안내,bankruptcy,,비용·상담,비용 및 대리인 선택,0,,1914
개인파산-법무사-선임-확인사항,개인파산 법무사 선임 확인사항,bankruptcy,,비용·상담,비용 및 대리인 선택,0,,1915
개인파산-법무사-선임-비교,개인파산 법무사 선임 비교,bankruptcy,,비용·상담,비교·선택 검토,0,,1916
개인파산-대리인-변경,개인파산 대리인 변경,bankruptcy,,비용·상담,비용 및 대리인 선택,0,,1917
개인파산-대리인-변경-안내,개인파산 대리인 변경 안내,bankruptcy,,비용·상담,비용 및 대리인 선택,0,,1918
개인파산-대리인-변경-확인사항,개인파산 대리인 변경 확인사항,bankruptcy,,비용·상담,비용 및 대리인 선택,0,,1919
개인파산-대리인-변경-비교,개인파산 대리인 변경 비교,bankruptcy,,비용·상담,비교·선택 검토,0,,1920
개인파산-워크아웃-차이,개인파산 워크아웃 차이,bankruptcy,,제도비교,채무조정 제도 및 대안 비교,0,,1925
개인파산-워크아웃-차이-선택-기준,개인파산 워크아웃 차이 선택 기준,bankruptcy,,제도비교,비교·선택 검토,0,,1926
개인파산-워크아웃-차이-장단점,개인파산 워크아웃 차이 장단점,bankruptcy,,제도비교,비교·선택 검토,0,,1927
개인파산-워크아웃-차이-상담,개인파산 워크아웃 차이 상담,bankruptcy,,제도비교,상담·서비스 탐색,0,,1928
개인파산-프리워크아웃-차이,개인파산 프리워크아웃 차이,bankruptcy,,제도비교,채무조정 제도 및 대안 비교,0,,1929
개인파산-프리워크아웃-차이-선택-기준,개인파산 프리워크아웃 차이 선택 기준,bankruptcy,,제도비교,비교·선택 검토,0,,1930
개인파산-프리워크아웃-차이-장단점,개인파산 프리워크아웃 차이 장단점,bankruptcy,,제도비교,비교·선택 검토,0,,1931
개인파산-프리워크아웃-차이-상담,개인파산 프리워크아웃 차이 상담,bankruptcy,,제도비교,상담·서비스 탐색,0,,1932
개인파산-신속채무조정-차이,개인파산 신속채무조정 차이,bankruptcy,,제도비교,채무조정 제도 및 대안 비교,0,,1933
개인파산-신속채무조정-차이-선택-기준,개인파산 신속채무조정 차이 선택 기준,bankruptcy,,제도비교,비교·선택 검토,0,,1934
개인파산-신속채무조정-차이-장단점,개인파산 신속채무조정 차이 장단점,bankruptcy,,제도비교,비교·선택 검토,0,,1935
개인파산-신속채무조정-차이-상담,개인파산 신속채무조정 차이 상담,bankruptcy,,제도비교,상담·서비스 탐색,0,,1936
개인파산-신용회복위원회-비교,개인파산 신용회복위원회 비교,bankruptcy,,제도비교,채무조정 제도 및 대안 비교,0,,1937
개인파산-신용회복위원회-비교-선택-기준,개인파산 신용회복위원회 비교 선택 기준,bankruptcy,,제도비교,비교·선택 검토,0,,1938
개인파산-신용회복위원회-비교-장단점,개인파산 신용회복위원회 비교 장단점,bankruptcy,,제도비교,비교·선택 검토,0,,1939
개인파산-신용회복위원회-비교-상담,개인파산 신용회복위원회 비교 상담,bankruptcy,,제도비교,상담·서비스 탐색,0,,1940
개인파산-파산면책-비교,개인파산 파산면책 비교,bankruptcy,,제도비교,채무조정 제도 및 대안 비교,0,,1941
개인파산-파산면책-비교-선택-기준,개인파산 파산면책 비교 선택 기준,bankruptcy,,제도비교,비교·선택 검토,0,,1942
개인파산-파산면책-비교-장단점,개인파산 파산면책 비교 장단점,bankruptcy,,제도비교,비교·선택 검토,0,,1943
개인파산-파산면책-비교-상담,개인파산 파산면책 비교 상담,bankruptcy,,제도비교,상담·서비스 탐색,0,,1944
개인파산-법인회생-차이,개인파산 법인회생 차이,bankruptcy,,제도비교,채무조정 제도 및 대안 비교,0,,1945
개인파산-법인회생-차이-선택-기준,개인파산 법인회생 차이 선택 기준,bankruptcy,,제도비교,비교·선택 검토,0,,1946
개인파산-법인회생-차이-장단점,개인파산 법인회생 차이 장단점,bankruptcy,,제도비교,비교·선택 검토,0,,1947
개인파산-법인회생-차이-상담,개인파산 법인회생 차이 상담,bankruptcy,,제도비교,상담·서비스 탐색,0,,1948
개인파산-일반회생-차이,개인파산 일반회생 차이,bankruptcy,,제도비교,채무조정 제도 및 대안 비교,0,,1949
개인파산-일반회생-차이-선택-기준,개인파산 일반회생 차이 선택 기준,bankruptcy,,제도비교,비교·선택 검토,0,,1950
개인파산-일반회생-차이-장단점,개인파산 일반회생 차이 장단점,bankruptcy,,제도비교,비교·선택 검토,0,,1951
개인파산-일반회생-차이-상담,개인파산 일반회생 차이 상담,bankruptcy,,제도비교,상담·서비스 탐색,0,,1952
개인파산-채무통합대출-비교,개인파산 채무통합대출 비교,bankruptcy,,제도비교,채무조정 제도 및 대안 비교,0,,1953
개인파산-채무통합대출-비교-선택-기준,개인파산 채무통합대출 비교 선택 기준,bankruptcy,,제도비교,비교·선택 검토,0,,1954
개인파산-채무통합대출-비교-장단점,개인파산 채무통합대출 비교 장단점,bankruptcy,,제도비교,비교·선택 검토,0,,1955
개인파산-채무통합대출-비교-상담,개인파산 채무통합대출 비교 상담,bankruptcy,,제도비교,상담·서비스 탐색,0,,1956
개인파산-대환대출-비교,개인파산 대환대출 비교,bankruptcy,,제도비교,채무조정 제도 및 대안 비교,0,,1957
개인파산-대환대출-비교-선택-기준,개인파산 대환대출 비교 선택 기준,bankruptcy,,제도비교,비교·선택 검토,0,,1958
개인파산-대환대출-비교-장단점,개인파산 대환대출 비교 장단점,bankruptcy,,제도비교,비교·선택 검토,0,,1959
개인파산-대환대출-비교-상담,개인파산 대환대출 비교 상담,bankruptcy,,제도비교,상담·서비스 탐색,0,,1960
개인파산-새출발기금-비교,개인파산 새출발기금 비교,bankruptcy,,제도비교,채무조정 제도 및 대안 비교,0,,1961
개인파산-새출발기금-비교-선택-기준,개인파산 새출발기금 비교 선택 기준,bankruptcy,,제도비교,비교·선택 검토,0,,1962
개인파산-새출발기금-비교-장단점,개인파산 새출발기금 비교 장단점,bankruptcy,,제도비교,비교·선택 검토,0,,1963
개인파산-새출발기금-비교-상담,개인파산 새출발기금 비교 상담,bankruptcy,,제도비교,상담·서비스 탐색,0,,1964
개인파산-사적-채무조정-비교,개인파산 사적 채무조정 비교,bankruptcy,,제도비교,채무조정 제도 및 대안 비교,0,,1965
개인파산-사적-채무조정-비교-선택-기준,개인파산 사적 채무조정 비교 선택 기준,bankruptcy,,제도비교,비교·선택 검토,0,,1966
개인파산-사적-채무조정-비교-장단점,개인파산 사적 채무조정 비교 장단점,bankruptcy,,제도비교,비교·선택 검토,0,,1967
개인파산-사적-채무조정-비교-상담,개인파산 사적 채무조정 비교 상담,bankruptcy,,제도비교,상담·서비스 탐색,0,,1968
개인파산-배드뱅크-채무조정-비교,개인파산 배드뱅크 채무조정 비교,bankruptcy,,제도비교,채무조정 제도 및 대안 비교,0,,1969
개인파산-배드뱅크-채무조정-비교-선택-기준,개인파산 배드뱅크 채무조정 비교 선택 기준,bankruptcy,,제도비교,비교·선택 검토,0,,1970
개인파산-배드뱅크-채무조정-비교-장단점,개인파산 배드뱅크 채무조정 비교 장단점,bankruptcy,,제도비교,비교·선택 검토,0,,1971
개인파산-배드뱅크-채무조정-비교-상담,개인파산 배드뱅크 채무조정 비교 상담,bankruptcy,,제도비교,상담·서비스 탐색,0,,1972
개인파산-장기연체-채무조정-비교,개인파산 장기연체 채무조정 비교,bankruptcy,,제도비교,채무조정 제도 및 대안 비교,0,,1973
개인파산-장기연체-채무조정-비교-선택-기준,개인파산 장기연체 채무조정 비교 선택 기준,bankruptcy,,제도비교,비교·선택 검토,0,,1974
개인파산-장기연체-채무조정-비교-장단점,개인파산 장기연체 채무조정 비교 장단점,bankruptcy,,제도비교,비교·선택 검토,0,,1975
개인파산-장기연체-채무조정-비교-상담,개인파산 장기연체 채무조정 비교 상담,bankruptcy,,제도비교,상담·서비스 탐색,0,,1976
개인파산-담보대출-채무조정-비교,개인파산 담보대출 채무조정 비교,bankruptcy,,제도비교,채무조정 제도 및 대안 비교,0,,1977
개인파산-담보대출-채무조정-비교-선택-기준,개인파산 담보대출 채무조정 비교 선택 기준,bankruptcy,,제도비교,비교·선택 검토,0,,1978
개인파산-담보대출-채무조정-비교-장단점,개인파산 담보대출 채무조정 비교 장단점,bankruptcy,,제도비교,비교·선택 검토,0,,1979
개인파산-담보대출-채무조정-비교-상담,개인파산 담보대출 채무조정 비교 상담,bankruptcy,,제도비교,상담·서비스 탐색,0,,1980
개인파산-은행-자체-채무조정-비교,개인파산 은행 자체 채무조정 비교,bankruptcy,,제도비교,채무조정 제도 및 대안 비교,0,,1981
개인파산-은행-자체-채무조정-비교-선택-기준,개인파산 은행 자체 채무조정 비교 선택 기준,bankruptcy,,제도비교,비교·선택 검토,0,,1982
개인파산-은행-자체-채무조정-비교-장단점,개인파산 은행 자체 채무조정 비교 장단점,bankruptcy,,제도비교,비교·선택 검토,0,,1983
개인파산-은행-자체-채무조정-비교-상담,개인파산 은행 자체 채무조정 비교 상담,bankruptcy,,제도비교,상담·서비스 탐색,0,,1984
개인파산-분할상환-협의-비교,개인파산 분할상환 협의 비교,bankruptcy,,제도비교,채무조정 제도 및 대안 비교,0,,1985
개인파산-분할상환-협의-비교-선택-기준,개인파산 분할상환 협의 비교 선택 기준,bankruptcy,,제도비교,비교·선택 검토,0,,1986
개인파산-분할상환-협의-비교-장단점,개인파산 분할상환 협의 비교 장단점,bankruptcy,,제도비교,비교·선택 검토,0,,1987
개인파산-분할상환-협의-비교-상담,개인파산 분할상환 협의 비교 상담,bankruptcy,,제도비교,상담·서비스 탐색,0,,1988
개인파산-이자-감면-협의-비교,개인파산 이자 감면 협의 비교,bankruptcy,,제도비교,채무조정 제도 및 대안 비교,0,,1989
개인파산-이자-감면-협의-비교-선택-기준,개인파산 이자 감면 협의 비교 선택 기준,bankruptcy,,제도비교,비교·선택 검토,0,,1990
개인파산-이자-감면-협의-비교-장단점,개인파산 이자 감면 협의 비교 장단점,bankruptcy,,제도비교,비교·선택 검토,0,,1991
개인파산-이자-감면-협의-비교-상담,개인파산 이자 감면 협의 비교 상담,bankruptcy,,제도비교,상담·서비스 탐색,0,,1992
개인파산-원금-감면-협의-비교,개인파산 원금 감면 협의 비교,bankruptcy,,제도비교,채무조정 제도 및 대안 비교,0,,1993
개인파산-원금-감면-협의-비교-선택-기준,개인파산 원금 감면 협의 비교 선택 기준,bankruptcy,,제도비교,비교·선택 검토,0,,1994
개인파산-원금-감면-협의-비교-장단점,개인파산 원금 감면 협의 비교 장단점,bankruptcy,,제도비교,비교·선택 검토,0,,1995
개인파산-원금-감면-협의-비교-상담,개인파산 원금 감면 협의 비교 상담,bankruptcy,,제도비교,상담·서비스 탐색,0,,1996
개인파산-채무조정-전환,개인파산 채무조정 전환,bankruptcy,,제도비교,채무조정 제도 및 대안 비교,0,,1997
개인파산-채무조정-전환-선택-기준,개인파산 채무조정 전환 선택 기준,bankruptcy,,제도비교,비교·선택 검토,0,,1998
개인파산-채무조정-전환-장단점,개인파산 채무조정 전환 장단점,bankruptcy,,제도비교,비교·선택 검토,0,,1999
개인파산-채무조정-전환-상담,개인파산 채무조정 전환 상담,bankruptcy,,제도비교,상담·서비스 탐색,0,,2000
신용회복-신청자격,신용회복 신청자격,credit,,신청자격,신청 가능 여부,0,,1
신용회복-신청자격-확인,신용회복 신청자격 확인,credit,,신청자격,신청 가능 여부,0,,2
신용회복-신청자격-상담,신용회복 신청자격 상담,credit,,신청자격,상담·서비스 탐색,0,,3
신용회복-신청자격-사례,신용회복 신청자격 사례,credit,,신청자격,사례·경험 탐색,0,,4
신용회복-자격조건,신용회복 자격조건,credit,,신청자격,신청 가능 여부,0,,5
신용회복-자격조건-확인,신용회복 자격조건 확인,credit,,신청자격,신청 가능 여부,0,,6
신용회복-자격조건-상담,신용회복 자격조건 상담,credit,,신청자격,상담·서비스 탐색,0,,7
신용회복-자격조건-사례,신용회복 자격조건 사례,credit,,신청자격,사례·경험 탐색,0,,8
신용회복-신청대상,신용회복 신청대상,credit,,신청자격,신청 가능 여부,0,,9
신용회복-신청대상-확인,신용회복 신청대상 확인,credit,,신청자격,신청 가능 여부,0,,10
신용회복-신청대상-상담,신용회복 신청대상 상담,credit,,신청자격,상담·서비스 탐색,0,,11
신용회복-신청대상-사례,신용회복 신청대상 사례,credit,,신청자격,사례·경험 탐색,0,,12
신용회복-소득-요건,신용회복 소득 요건,credit,,신청자격,신청 가능 여부,0,,13
신용회복-소득-요건-확인,신용회복 소득 요건 확인,credit,,신청자격,신청 가능 여부,0,,14
신용회복-소득-요건-상담,신용회복 소득 요건 상담,credit,,신청자격,상담·서비스 탐색,0,,15
신용회복-소득-요건-사례,신용회복 소득 요건 사례,credit,,신청자격,사례·경험 탐색,0,,16
신용회복-채무-한도,신용회복 채무 한도,credit,,신청자격,신청 가능 여부,0,,17
신용회복-채무-한도-확인,신용회복 채무 한도 확인,credit,,신청자격,신청 가능 여부,0,,18
신용회복-채무-한도-상담,신용회복 채무 한도 상담,credit,,신청자격,상담·서비스 탐색,0,,19
신용회복-채무-한도-사례,신용회복 채무 한도 사례,credit,,신청자격,사례·경험 탐색,0,,20
신용회복-재산-요건,신용회복 재산 요건,credit,,신청자격,신청 가능 여부,0,,21
신용회복-재산-요건-확인,신용회복 재산 요건 확인,credit,,신청자격,신청 가능 여부,0,,22
신용회복-재산-요건-상담,신용회복 재산 요건 상담,credit,,신청자격,상담·서비스 탐색,0,,23
신용회복-재산-요건-사례,신용회복 재산 요건 사례,credit,,신청자격,사례·경험 탐색,0,,24
신용회복-연체-전-신청,신용회복 연체 전 신청,credit,,신청자격,신청 가능 여부,0,,25
신용회복-연체-전-신청-확인,신용회복 연체 전 신청 확인,credit,,신청자격,신청 가능 여부,0,,26
신용회복-연체-전-신청-상담,신용회복 연체 전 신청 상담,credit,,신청자격,상담·서비스 탐색,0,,27
신용회복-연체-전-신청-사례,신용회복 연체 전 신청 사례,credit,,신청자격,사례·경험 탐색,0,,28
신용회복-연체-후-신청,신용회복 연체 후 신청,credit,,신청자격,신청 가능 여부,0,,29
신용회복-연체-후-신청-확인,신용회복 연체 후 신청 확인,credit,,신청자격,신청 가능 여부,0,,30
신용회복-연체-후-신청-상담,신용회복 연체 후 신청 상담,credit,,신청자격,상담·서비스 탐색,0,,31
신용회복-연체-후-신청-사례,신용회복 연체 후 신청 사례,credit,,신청자격,사례·경험 탐색,0,,32
신용회복-신용불량-상태-신청,신용회복 신용불량 상태 신청,credit,,신청자격,신청 가능 여부,0,,33
신용회복-신용불량-상태-신청-확인,신용회복 신용불량 상태 신청 확인,credit,,신청자격,신청 가능 여부,0,,34
신용회복-신용불량-상태-신청-상담,신용회복 신용불량 상태 신청 상담,credit,,신청자격,상담·서비스 탐색,0,,35
신용회복-신용불량-상태-신청-사례,신용회복 신용불량 상태 신청 사례,credit,,신청자격,사례·경험 탐색,0,,36
신용회복-신규-취업자-신청,신용회복 신규 취업자 신청,credit,,신청자격,신청 가능 여부,0,,37
신용회복-신규-취업자-신청-확인,신용회복 신규 취업자 신청 확인,credit,,신청자격,신청 가능 여부,0,,38
신용회복-신규-취업자-신청-상담,신용회복 신규 취업자 신청 상담,credit,,신청자격,상담·서비스 탐색,0,,39
신용회복-신규-취업자-신청-사례,신용회복 신규 취업자 신청 사례,credit,,신청자격,사례·경험 탐색,0,,40
신용회복-단기-근무자-신청,신용회복 단기 근무자 신청,credit,,신청자격,신청 가능 여부,0,,41
신용회복-단기-근무자-신청-확인,신용회복 단기 근무자 신청 확인,credit,,신청자격,신청 가능 여부,0,,42
신용회복-단기-근무자-신청-상담,신용회복 단기 근무자 신청 상담,credit,,신청자격,상담·서비스 탐색,0,,43
신용회복-단기-근무자-신청-사례,신용회복 단기 근무자 신청 사례,credit,,신청자격,사례·경험 탐색,0,,44
신용회복-고령자-신청,신용회복 고령자 신청,credit,,신청자격,신청 가능 여부,0,,45
신용회복-고령자-신청-확인,신용회복 고령자 신청 확인,credit,,신청자격,신청 가능 여부,0,,46
신용회복-고령자-신청-상담,신용회복 고령자 신청 상담,credit,,신청자격,상담·서비스 탐색,0,,47
신용회복-고령자-신청-사례,신용회복 고령자 신청 사례,credit,,신청자격,사례·경험 탐색,0,,48
신용회복-청년-신청,신용회복 청년 신청,credit,,신청자격,신청 가능 여부,0,,49
신용회복-청년-신청-확인,신용회복 청년 신청 확인,credit,,신청자격,신청 가능 여부,0,,50
신용회복-청년-신청-상담,신용회복 청년 신청 상담,credit,,신청자격,상담·서비스 탐색,0,,51
신용회복-청년-신청-사례,신용회복 청년 신청 사례,credit,,신청자격,사례·경험 탐색,0,,52
신용회복-외국인-신청,신용회복 외국인 신청,credit,,신청자격,신청 가능 여부,0,,53
신용회복-외국인-신청-확인,신용회복 외국인 신청 확인,credit,,신청자격,신청 가능 여부,0,,54
신용회복-외국인-신청-상담,신용회복 외국인 신청 상담,credit,,신청자격,상담·서비스 탐색,0,,55
신용회복-외국인-신청-사례,신용회복 외국인 신청 사례,credit,,신청자격,사례·경험 탐색,0,,56
신용회복-해외-거주자-신청,신용회복 해외 거주자 신청,credit,,신청자격,신청 가능 여부,0,,57
신용회복-해외-거주자-신청-확인,신용회복 해외 거주자 신청 확인,credit,,신청자격,신청 가능 여부,0,,58
신용회복-해외-거주자-신청-상담,신용회복 해외 거주자 신청 상담,credit,,신청자격,상담·서비스 탐색,0,,59
신용회복-해외-거주자-신청-사례,신용회복 해외 거주자 신청 사례,credit,,신청자격,사례·경험 탐색,0,,60
신용회복-미성년자-신청,신용회복 미성년자 신청,credit,,신청자격,신청 가능 여부,0,,61
신용회복-미성년자-신청-확인,신용회복 미성년자 신청 확인,credit,,신청자격,신청 가능 여부,0,,62
신용회복-미성년자-신청-상담,신용회복 미성년자 신청 상담,credit,,신청자격,상담·서비스 탐색,0,,63
신용회복-미성년자-신청-사례,신용회복 미성년자 신청 사례,credit,,신청자격,사례·경험 탐색,0,,64
신용회복-기초생활수급자-신청,신용회복 기초생활수급자 신청,credit,,신청자격,신청 가능 여부,0,,65
신용회복-기초생활수급자-신청-확인,신용회복 기초생활수급자 신청 확인,credit,,신청자격,신청 가능 여부,0,,66
신용회복-기초생활수급자-신청-상담,신용회복 기초생활수급자 신청 상담,credit,,신청자격,상담·서비스 탐색,0,,67
신용회복-기초생활수급자-신청-사례,신용회복 기초생활수급자 신청 사례,credit,,신청자격,사례·경험 탐색,0,,68
신용회복-차상위계층-신청,신용회복 차상위계층 신청,credit,,신청자격,신청 가능 여부,0,,69
신용회복-차상위계층-신청-확인,신용회복 차상위계층 신청 확인,credit,,신청자격,신청 가능 여부,0,,70
신용회복-차상위계층-신청-상담,신용회복 차상위계층 신청 상담,credit,,신청자격,상담·서비스 탐색,0,,71
신용회복-차상위계층-신청-사례,신용회복 차상위계층 신청 사례,credit,,신청자격,사례·경험 탐색,0,,72
신용회복-과거-면책-이력,신용회복 과거 면책 이력,credit,,신청자격,신청 가능 여부,0,,73
신용회복-과거-면책-이력-확인,신용회복 과거 면책 이력 확인,credit,,신청자격,신청 가능 여부,0,,74
신용회복-과거-면책-이력-상담,신용회복 과거 면책 이력 상담,credit,,신청자격,상담·서비스 탐색,0,,75
신용회복-과거-면책-이력-사례,신용회복 과거 면책 이력 사례,credit,,신청자격,사례·경험 탐색,0,,76
신용회복-지급불능-상태,신용회복 지급불능 상태,credit,,신청자격,신청 가능 여부,0,,77
신용회복-지급불능-상태-확인,신용회복 지급불능 상태 확인,credit,,신청자격,신청 가능 여부,0,,78
신용회복-지급불능-상태-상담,신용회복 지급불능 상태 상담,credit,,신청자격,상담·서비스 탐색,0,,79
신용회복-지급불능-상태-사례,신용회복 지급불능 상태 사례,credit,,신청자격,사례·경험 탐색,0,,80
신용회복-월급,신용회복 월급,credit,,소득,소득 반영 방식 확인,0,,81
신용회복-월급-산정-기준,신용회복 월급 산정 기준,credit,,소득,소득 반영 방식 확인,0,,82
신용회복-월급-증빙-방법,신용회복 월급 증빙 방법,credit,,소득,서류·증빙 준비,0,,83
신용회복-월급-변제금-영향,신용회복 월급 변제금 영향,credit,,소득,소득 반영 방식 확인,0,,84
신용회복-상여금,신용회복 상여금,credit,,소득,소득 반영 방식 확인,0,,85
신용회복-상여금-산정-기준,신용회복 상여금 산정 기준,credit,,소득,소득 반영 방식 확인,0,,86
신용회복-상여금-증빙-방법,신용회복 상여금 증빙 방법,credit,,소득,서류·증빙 준비,0,,87
신용회복-상여금-변제금-영향,신용회복 상여금 변제금 영향,credit,,소득,소득 반영 방식 확인,0,,88
신용회복-성과급,신용회복 성과급,credit,,소득,소득 반영 방식 확인,0,,89
신용회복-성과급-산정-기준,신용회복 성과급 산정 기준,credit,,소득,소득 반영 방식 확인,0,,90
신용회복-성과급-증빙-방법,신용회복 성과급 증빙 방법,credit,,소득,서류·증빙 준비,0,,91
신용회복-성과급-변제금-영향,신용회복 성과급 변제금 영향,credit,,소득,소득 반영 방식 확인,0,,92
신용회복-퇴직금,신용회복 퇴직금,credit,,소득,소득 반영 방식 확인,0,,93
신용회복-퇴직금-산정-기준,신용회복 퇴직금 산정 기준,credit,,소득,소득 반영 방식 확인,0,,94
신용회복-퇴직금-증빙-방법,신용회복 퇴직금 증빙 방법,credit,,소득,서류·증빙 준비,0,,95
신용회복-퇴직금-변제금-영향,신용회복 퇴직금 변제금 영향,credit,,소득,소득 반영 방식 확인,0,,96
신용회복-퇴직연금,신용회복 퇴직연금,credit,,소득,소득 반영 방식 확인,0,,97
신용회복-퇴직연금-산정-기준,신용회복 퇴직연금 산정 기준,credit,,소득,소득 반영 방식 확인,0,,98
신용회복-퇴직연금-증빙-방법,신용회복 퇴직연금 증빙 방법,credit,,소득,서류·증빙 준비,0,,99
신용회복-퇴직연금-변제금-영향,신용회복 퇴직연금 변제금 영향,credit,,소득,소득 반영 방식 확인,0,,100
신용회복-국민연금,신용회복 국민연금,credit,,소득,소득 반영 방식 확인,0,,101
신용회복-국민연금-산정-기준,신용회복 국민연금 산정 기준,credit,,소득,소득 반영 방식 확인,0,,102
신용회복-국민연금-증빙-방법,신용회복 국민연금 증빙 방법,credit,,소득,서류·증빙 준비,0,,103
신용회복-국민연금-변제금-영향,신용회복 국민연금 변제금 영향,credit,,소득,소득 반영 방식 확인,0,,104
신용회복-일용근로소득,신용회복 일용근로소득,credit,,소득,소득 반영 방식 확인,0,,105
신용회복-일용근로소득-산정-기준,신용회복 일용근로소득 산정 기준,credit,,소득,소득 반영 방식 확인,0,,106
신용회복-일용근로소득-증빙-방법,신용회복 일용근로소득 증빙 방법,credit,,소득,서류·증빙 준비,0,,107
신용회복-일용근로소득-변제금-영향,신용회복 일용근로소득 변제금 영향,credit,,소득,소득 반영 방식 확인,0,,108
신용회복-사업소득,신용회복 사업소득,credit,,소득,소득 반영 방식 확인,0,,109
신용회복-사업소득-산정-기준,신용회복 사업소득 산정 기준,credit,,소득,소득 반영 방식 확인,0,,110
신용회복-사업소득-증빙-방법,신용회복 사업소득 증빙 방법,credit,,소득,서류·증빙 준비,0,,111
신용회복-사업소득-변제금-영향,신용회복 사업소득 변제금 영향,credit,,소득,소득 반영 방식 확인,0,,112
신용회복-프리랜서-소득,신용회복 프리랜서 소득,credit,,소득,소득 반영 방식 확인,0,,113
신용회복-프리랜서-소득-산정-기준,신용회복 프리랜서 소득 산정 기준,credit,,소득,소득 반영 방식 확인,0,,114
신용회복-프리랜서-소득-증빙-방법,신용회복 프리랜서 소득 증빙 방법,credit,,소득,서류·증빙 준비,0,,115
신용회복-프리랜서-소득-변제금-영향,신용회복 프리랜서 소득 변제금 영향,credit,,소득,소득 반영 방식 확인,0,,116
신용회복-부업소득,신용회복 부업소득,credit,,소득,소득 반영 방식 확인,0,,117
신용회복-부업소득-산정-기준,신용회복 부업소득 산정 기준,credit,,소득,소득 반영 방식 확인,0,,118
신용회복-부업소득-증빙-방법,신용회복 부업소득 증빙 방법,credit,,소득,서류·증빙 준비,0,,119
신용회복-부업소득-변제금-영향,신용회복 부업소득 변제금 영향,credit,,소득,소득 반영 방식 확인,0,,120
신용회복-임대소득,신용회복 임대소득,credit,,소득,소득 반영 방식 확인,0,,121
신용회복-임대소득-산정-기준,신용회복 임대소득 산정 기준,credit,,소득,소득 반영 방식 확인,0,,122
신용회복-임대소득-증빙-방법,신용회복 임대소득 증빙 방법,credit,,소득,서류·증빙 준비,0,,123
신용회복-임대소득-변제금-영향,신용회복 임대소득 변제금 영향,credit,,소득,소득 반영 방식 확인,0,,124
신용회복-현금-급여,신용회복 현금 급여,credit,,소득,소득 반영 방식 확인,0,,125
신용회복-현금-급여-산정-기준,신용회복 현금 급여 산정 기준,credit,,소득,소득 반영 방식 확인,0,,126
신용회복-현금-급여-증빙-방법,신용회복 현금 급여 증빙 방법,credit,,소득,서류·증빙 준비,0,,127
신용회복-현금-급여-변제금-영향,신용회복 현금 급여 변제금 영향,credit,,소득,소득 반영 방식 확인,0,,128
신용회복-급여-실수령액,신용회복 급여 실수령액,credit,,소득,소득 반영 방식 확인,0,,129
신용회복-급여-실수령액-산정-기준,신용회복 급여 실수령액 산정 기준,credit,,소득,소득 반영 방식 확인,0,,130
신용회복-급여-실수령액-증빙-방법,신용회복 급여 실수령액 증빙 방법,credit,,소득,서류·증빙 준비,0,,131
신용회복-급여-실수령액-변제금-영향,신용회복 급여 실수령액 변제금 영향,credit,,소득,소득 반영 방식 확인,0,,132
신용회복-세전-급여,신용회복 세전 급여,credit,,소득,소득 반영 방식 확인,0,,133
신용회복-세전-급여-산정-기준,신용회복 세전 급여 산정 기준,credit,,소득,소득 반영 방식 확인,0,,134
신용회복-세전-급여-증빙-방법,신용회복 세전 급여 증빙 방법,credit,,소득,서류·증빙 준비,0,,135
신용회복-세전-급여-변제금-영향,신용회복 세전 급여 변제금 영향,credit,,소득,소득 반영 방식 확인,0,,136
신용회복-비정기-소득,신용회복 비정기 소득,credit,,소득,소득 반영 방식 확인,0,,137
신용회복-비정기-소득-산정-기준,신용회복 비정기 소득 산정 기준,credit,,소득,소득 반영 방식 확인,0,,138
신용회복-비정기-소득-증빙-방법,신용회복 비정기 소득 증빙 방법,credit,,소득,서류·증빙 준비,0,,139
신용회복-비정기-소득-변제금-영향,신용회복 비정기 소득 변제금 영향,credit,,소득,소득 반영 방식 확인,0,,140
신용회복-수습기간-급여,신용회복 수습기간 급여,credit,,소득,소득 반영 방식 확인,0,,141
신용회복-수습기간-급여-산정-기준,신용회복 수습기간 급여 산정 기준,credit,,소득,소득 반영 방식 확인,0,,142
신용회복-수습기간-급여-증빙-방법,신용회복 수습기간 급여 증빙 방법,credit,,소득,서류·증빙 준비,0,,143
신용회복-수습기간-급여-변제금-영향,신용회복 수습기간 급여 변제금 영향,credit,,소득,소득 반영 방식 확인,0,,144
신용회복-육아휴직-급여,신용회복 육아휴직 급여,credit,,소득,소득 반영 방식 확인,0,,145
신용회복-육아휴직-급여-산정-기준,신용회복 육아휴직 급여 산정 기준,credit,,소득,소득 반영 방식 확인,0,,146
신용회복-육아휴직-급여-증빙-방법,신용회복 육아휴직 급여 증빙 방법,credit,,소득,서류·증빙 준비,0,,147
신용회복-육아휴직-급여-변제금-영향,신용회복 육아휴직 급여 변제금 영향,credit,,소득,소득 반영 방식 확인,0,,148
신용회복-실업급여,신용회복 실업급여,credit,,소득,소득 반영 방식 확인,0,,149
신용회복-실업급여-산정-기준,신용회복 실업급여 산정 기준,credit,,소득,소득 반영 방식 확인,0,,150
신용회복-실업급여-증빙-방법,신용회복 실업급여 증빙 방법,credit,,소득,서류·증빙 준비,0,,151
신용회복-실업급여-변제금-영향,신용회복 실업급여 변제금 영향,credit,,소득,소득 반영 방식 확인,0,,152
신용회복-소득-감소,신용회복 소득 감소,credit,,소득,소득 반영 방식 확인,0,,153
신용회복-소득-감소-산정-기준,신용회복 소득 감소 산정 기준,credit,,소득,소득 반영 방식 확인,0,,154
신용회복-소득-감소-증빙-방법,신용회복 소득 감소 증빙 방법,credit,,소득,서류·증빙 준비,0,,155
신용회복-소득-감소-변제금-영향,신용회복 소득 감소 변제금 영향,credit,,소득,소득 반영 방식 확인,0,,156
신용회복-소득-증가,신용회복 소득 증가,credit,,소득,소득 반영 방식 확인,0,,157
신용회복-소득-증가-산정-기준,신용회복 소득 증가 산정 기준,credit,,소득,소득 반영 방식 확인,0,,158
신용회복-소득-증가-증빙-방법,신용회복 소득 증가 증빙 방법,credit,,소득,서류·증빙 준비,0,,159
신용회복-소득-증가-변제금-영향,신용회복 소득 증가 변제금 영향,credit,,소득,소득 반영 방식 확인,0,,160
신용회복-신용대출,신용회복 신용대출,credit,,채무,채무 포함 여부 확인,0,,161
신용회복-신용대출-포함-여부,신용회복 신용대출 포함 여부,credit,,채무,채무 포함 여부 확인,0,,162
신용회복-신용대출-처리-방법,신용회복 신용대출 처리 방법,credit,,채무,방법·절차 확인,0,,163
신용회복-신용대출-상담,신용회복 신용대출 상담,credit,,채무,상담·서비스 탐색,0,,164
신용회복-카드론,신용회복 카드론,credit,,채무,채무 포함 여부 확인,0,,165
신용회복-카드론-포함-여부,신용회복 카드론 포함 여부,credit,,채무,채무 포함 여부 확인,0,,166
신용회복-카드론-처리-방법,신용회복 카드론 처리 방법,credit,,채무,방법·절차 확인,0,,167
신용회복-카드론-상담,신용회복 카드론 상담,credit,,채무,상담·서비스 탐색,0,,168
신용회복-현금서비스,신용회복 현금서비스,credit,,채무,채무 포함 여부 확인,0,,169
신용회복-현금서비스-포함-여부,신용회복 현금서비스 포함 여부,credit,,채무,채무 포함 여부 확인,0,,170
신용회복-현금서비스-처리-방법,신용회복 현금서비스 처리 방법,credit,,채무,방법·절차 확인,0,,171
신용회복-현금서비스-상담,신용회복 현금서비스 상담,credit,,채무,상담·서비스 탐색,0,,172
신용회복-카드대금,신용회복 카드대금,credit,,채무,채무 포함 여부 확인,0,,173
신용회복-카드대금-포함-여부,신용회복 카드대금 포함 여부,credit,,채무,채무 포함 여부 확인,0,,174
신용회복-카드대금-처리-방법,신용회복 카드대금 처리 방법,credit,,채무,방법·절차 확인,0,,175
신용회복-카드대금-상담,신용회복 카드대금 상담,credit,,채무,상담·서비스 탐색,0,,176
신용회복-리볼빙,신용회복 리볼빙,credit,,채무,채무 포함 여부 확인,0,,177
신용회복-리볼빙-포함-여부,신용회복 리볼빙 포함 여부,credit,,채무,채무 포함 여부 확인,0,,178
신용회복-리볼빙-처리-방법,신용회복 리볼빙 처리 방법,credit,,채무,방법·절차 확인,0,,179
신용회복-리볼빙-상담,신용회복 리볼빙 상담,credit,,채무,상담·서비스 탐색,0,,180
신용회복-대부업-대출,신용회복 대부업 대출,credit,,채무,채무 포함 여부 확인,0,,181
신용회복-대부업-대출-포함-여부,신용회복 대부업 대출 포함 여부,credit,,채무,채무 포함 여부 확인,0,,182
신용회복-대부업-대출-처리-방법,신용회복 대부업 대출 처리 방법,credit,,채무,방법·절차 확인,0,,183
신용회복-대부업-대출-상담,신용회복 대부업 대출 상담,credit,,채무,상담·서비스 탐색,0,,184
신용회복-저축은행-대출,신용회복 저축은행 대출,credit,,채무,채무 포함 여부 확인,0,,185
신용회복-저축은행-대출-포함-여부,신용회복 저축은행 대출 포함 여부,credit,,채무,채무 포함 여부 확인,0,,186
신용회복-저축은행-대출-처리-방법,신용회복 저축은행 대출 처리 방법,credit,,채무,방법·절차 확인,0,,187
신용회복-저축은행-대출-상담,신용회복 저축은행 대출 상담,credit,,채무,상담·서비스 탐색,0,,188
신용회복-인터넷은행-대출,신용회복 인터넷은행 대출,credit,,채무,채무 포함 여부 확인,0,,189
신용회복-인터넷은행-대출-포함-여부,신용회복 인터넷은행 대출 포함 여부,credit,,채무,채무 포함 여부 확인,0,,190
신용회복-인터넷은행-대출-처리-방법,신용회복 인터넷은행 대출 처리 방법,credit,,채무,방법·절차 확인,0,,191
신용회복-인터넷은행-대출-상담,신용회복 인터넷은행 대출 상담,credit,,채무,상담·서비스 탐색,0,,192
신용회복-학자금대출,신용회복 학자금대출,credit,,채무,채무 포함 여부 확인,0,,193
신용회복-학자금대출-포함-여부,신용회복 학자금대출 포함 여부,credit,,채무,채무 포함 여부 확인,0,,194
신용회복-학자금대출-처리-방법,신용회복 학자금대출 처리 방법,credit,,채무,방법·절차 확인,0,,195
신용회복-학자금대출-상담,신용회복 학자금대출 상담,credit,,채무,상담·서비스 탐색,0,,196
신용회복-보증채무,신용회복 보증채무,credit,,채무,채무 포함 여부 확인,0,,197
신용회복-보증채무-포함-여부,신용회복 보증채무 포함 여부,credit,,채무,채무 포함 여부 확인,0,,198
신용회복-보증채무-처리-방법,신용회복 보증채무 처리 방법,credit,,채무,방법·절차 확인,0,,199
신용회복-보증채무-상담,신용회복 보증채무 상담,credit,,채무,상담·서비스 탐색,0,,200
신용회복-연대보증,신용회복 연대보증,credit,,채무,채무 포함 여부 확인,0,,201
신용회복-연대보증-포함-여부,신용회복 연대보증 포함 여부,credit,,채무,채무 포함 여부 확인,0,,202
신용회복-연대보증-처리-방법,신용회복 연대보증 처리 방법,credit,,채무,방법·절차 확인,0,,203
신용회복-연대보증-상담,신용회복 연대보증 상담,credit,,채무,상담·서비스 탐색,0,,204
신용회복-개인-간-차용금,신용회복 개인 간 차용금,credit,,채무,채무 포함 여부 확인,0,,205
신용회복-개인-간-차용금-포함-여부,신용회복 개인 간 차용금 포함 여부,credit,,채무,채무 포함 여부 확인,0,,206
신용회복-개인-간-차용금-처리-방법,신용회복 개인 간 차용금 처리 방법,credit,,채무,방법·절차 확인,0,,207
신용회복-개인-간-차용금-상담,신용회복 개인 간 차용금 상담,credit,,채무,상담·서비스 탐색,0,,208
신용회복-가족에게-빌린-돈,신용회복 가족에게 빌린 돈,credit,,채무,채무 포함 여부 확인,0,,209
신용회복-가족에게-빌린-돈-포함-여부,신용회복 가족에게 빌린 돈 포함 여부,credit,,채무,채무 포함 여부 확인,0,,210
신용회복-가족에게-빌린-돈-처리-방법,신용회복 가족에게 빌린 돈 처리 방법,credit,,채무,방법·절차 확인,0,,211
신용회복-가족에게-빌린-돈-상담,신용회복 가족에게 빌린 돈 상담,credit,,채무,상담·서비스 탐색,0,,212
신용회복-사업자대출,신용회복 사업자대출,credit,,채무,채무 포함 여부 확인,0,,213
신용회복-사업자대출-포함-여부,신용회복 사업자대출 포함 여부,credit,,채무,채무 포함 여부 확인,0,,214
신용회복-사업자대출-처리-방법,신용회복 사업자대출 처리 방법,credit,,채무,방법·절차 확인,0,,215
신용회복-사업자대출-상담,신용회복 사업자대출 상담,credit,,채무,상담·서비스 탐색,0,,216
신용회복-통신요금-미납,신용회복 통신요금 미납,credit,,채무,채무 포함 여부 확인,0,,217
신용회복-통신요금-미납-포함-여부,신용회복 통신요금 미납 포함 여부,credit,,채무,채무 포함 여부 확인,0,,218
신용회복-통신요금-미납-처리-방법,신용회복 통신요금 미납 처리 방법,credit,,채무,방법·절차 확인,0,,219
신용회복-통신요금-미납-상담,신용회복 통신요금 미납 상담,credit,,채무,상담·서비스 탐색,0,,220
신용회복-렌탈료-미납,신용회복 렌탈료 미납,credit,,채무,채무 포함 여부 확인,0,,221
신용회복-렌탈료-미납-포함-여부,신용회복 렌탈료 미납 포함 여부,credit,,채무,채무 포함 여부 확인,0,,222
신용회복-렌탈료-미납-처리-방법,신용회복 렌탈료 미납 처리 방법,credit,,채무,방법·절차 확인,0,,223
신용회복-렌탈료-미납-상담,신용회복 렌탈료 미납 상담,credit,,채무,상담·서비스 탐색,0,,224
신용회복-세금-체납,신용회복 세금 체납,credit,,채무,채무 포함 여부 확인,0,,225
신용회복-세금-체납-포함-여부,신용회복 세금 체납 포함 여부,credit,,채무,채무 포함 여부 확인,0,,226
신용회복-세금-체납-처리-방법,신용회복 세금 체납 처리 방법,credit,,채무,방법·절차 확인,0,,227
신용회복-세금-체납-상담,신용회복 세금 체납 상담,credit,,채무,상담·서비스 탐색,0,,228
신용회복-건강보험료-체납,신용회복 건강보험료 체납,credit,,채무,채무 포함 여부 확인,0,,229
신용회복-건강보험료-체납-포함-여부,신용회복 건강보험료 체납 포함 여부,credit,,채무,채무 포함 여부 확인,0,,230
신용회복-건강보험료-체납-처리-방법,신용회복 건강보험료 체납 처리 방법,credit,,채무,방법·절차 확인,0,,231
신용회복-건강보험료-체납-상담,신용회복 건강보험료 체납 상담,credit,,채무,상담·서비스 탐색,0,,232
신용회복-손해배상채무,신용회복 손해배상채무,credit,,채무,채무 포함 여부 확인,0,,233
신용회복-손해배상채무-포함-여부,신용회복 손해배상채무 포함 여부,credit,,채무,채무 포함 여부 확인,0,,234
신용회복-손해배상채무-처리-방법,신용회복 손해배상채무 처리 방법,credit,,채무,방법·절차 확인,0,,235
신용회복-손해배상채무-상담,신용회복 손해배상채무 상담,credit,,채무,상담·서비스 탐색,0,,236
신용회복-양육비-채무,신용회복 양육비 채무,credit,,채무,채무 포함 여부 확인,0,,237
신용회복-양육비-채무-포함-여부,신용회복 양육비 채무 포함 여부,credit,,채무,채무 포함 여부 확인,0,,238
신용회복-양육비-채무-처리-방법,신용회복 양육비 채무 처리 방법,credit,,채무,방법·절차 확인,0,,239
신용회복-양육비-채무-상담,신용회복 양육비 채무 상담,credit,,채무,상담·서비스 탐색,0,,240
신용회복-자가주택,신용회복 자가주택,credit,,재산,재산 평가 및 유지 확인,0,,241
신용회복-자가주택-평가-기준,신용회복 자가주택 평가 기준,credit,,재산,재산 평가 및 유지 확인,0,,242
신용회복-자가주택-신고-방법,신용회복 자가주택 신고 방법,credit,,재산,방법·절차 확인,0,,243
신용회복-자가주택-청산가치-반영,신용회복 자가주택 청산가치 반영,credit,,재산,재산 평가 및 유지 확인,1,청산가치,244
신용회복-전세보증금,신용회복 전세보증금,credit,,재산,재산 평가 및 유지 확인,0,,245
신용회복-전세보증금-평가-기준,신용회복 전세보증금 평가 기준,credit,,재산,재산 평가 및 유지 확인,0,,246
신용회복-전세보증금-신고-방법,신용회복 전세보증금 신고 방법,credit,,재산,방법·절차 확인,0,,247
신용회복-전세보증금-청산가치-반영,신용회복 전세보증금 청산가치 반영,credit,,재산,재산 평가 및 유지 확인,1,청산가치,248
신용회복-월세보증금,신용회복 월세보증금,credit,,재산,재산 평가 및 유지 확인,0,,249
신용회복-월세보증금-평가-기준,신용회복 월세보증금 평가 기준,credit,,재산,재산 평가 및 유지 확인,0,,250
신용회복-월세보증금-신고-방법,신용회복 월세보증금 신고 방법,credit,,재산,방법·절차 확인,0,,251
신용회복-월세보증금-청산가치-반영,신용회복 월세보증금 청산가치 반영,credit,,재산,재산 평가 및 유지 확인,1,청산가치,252
신용회복-자동차,신용회복 자동차,credit,,재산,재산 평가 및 유지 확인,0,,253
신용회복-자동차-평가-기준,신용회복 자동차 평가 기준,credit,,재산,재산 평가 및 유지 확인,0,,254
신용회복-자동차-신고-방법,신용회복 자동차 신고 방법,credit,,재산,방법·절차 확인,0,,255
신용회복-자동차-청산가치-반영,신용회복 자동차 청산가치 반영,credit,,재산,재산 평가 및 유지 확인,1,청산가치,256
신용회복-배우자-재산,신용회복 배우자 재산,credit,,재산,재산 평가 및 유지 확인,0,,257
신용회복-배우자-재산-평가-기준,신용회복 배우자 재산 평가 기준,credit,,재산,재산 평가 및 유지 확인,0,,258
신용회복-배우자-재산-신고-방법,신용회복 배우자 재산 신고 방법,credit,,재산,방법·절차 확인,0,,259
신용회복-배우자-재산-청산가치-반영,신용회복 배우자 재산 청산가치 반영,credit,,재산,재산 평가 및 유지 확인,1,청산가치,260
신용회복-공동명의-부동산,신용회복 공동명의 부동산,credit,,재산,재산 평가 및 유지 확인,0,,261
신용회복-공동명의-부동산-평가-기준,신용회복 공동명의 부동산 평가 기준,credit,,재산,재산 평가 및 유지 확인,0,,262
신용회복-공동명의-부동산-신고-방법,신용회복 공동명의 부동산 신고 방법,credit,,재산,방법·절차 확인,0,,263
신용회복-공동명의-부동산-청산가치-반영,신용회복 공동명의 부동산 청산가치 반영,credit,,재산,재산 평가 및 유지 확인,1,청산가치,264
신용회복-상속재산,신용회복 상속재산,credit,,재산,재산 평가 및 유지 확인,0,,265
신용회복-상속재산-평가-기준,신용회복 상속재산 평가 기준,credit,,재산,재산 평가 및 유지 확인,0,,266
신용회복-상속재산-신고-방법,신용회복 상속재산 신고 방법,credit,,재산,방법·절차 확인,0,,267
신용회복-상속재산-청산가치-반영,신용회복 상속재산 청산가치 반영,credit,,재산,재산 평가 및 유지 확인,1,청산가치,268
신용회복-증여재산,신용회복 증여재산,credit,,재산,재산 평가 및 유지 확인,0,,269
신용회복-증여재산-평가-기준,신용회복 증여재산 평가 기준,credit,,재산,재산 평가 및 유지 확인,0,,270
신용회복-증여재산-신고-방법,신용회복 증여재산 신고 방법,credit,,재산,방법·절차 확인,0,,271
신용회복-증여재산-청산가치-반영,신용회복 증여재산 청산가치 반영,credit,,재산,재산 평가 및 유지 확인,1,청산가치,272
신용회복-보험-해약환급금,신용회복 보험 해약환급금,credit,,재산,재산 평가 및 유지 확인,0,,273
신용회복-보험-해약환급금-평가-기준,신용회복 보험 해약환급금 평가 기준,credit,,재산,재산 평가 및 유지 확인,0,,274
신용회복-보험-해약환급금-신고-방법,신용회복 보험 해약환급금 신고 방법,credit,,재산,방법·절차 확인,0,,275
신용회복-보험-해약환급금-청산가치-반영,신용회복 보험 해약환급금 청산가치 반영,credit,,재산,재산 평가 및 유지 확인,1,청산가치,276
신용회복-예금-잔액,신용회복 예금 잔액,credit,,재산,재산 평가 및 유지 확인,0,,277
신용회복-예금-잔액-평가-기준,신용회복 예금 잔액 평가 기준,credit,,재산,재산 평가 및 유지 확인,0,,278
신용회복-예금-잔액-신고-방법,신용회복 예금 잔액 신고 방법,credit,,재산,방법·절차 확인,0,,279
신용회복-예금-잔액-청산가치-반영,신용회복 예금 잔액 청산가치 반영,credit,,재산,재산 평가 및 유지 확인,1,청산가치,280
신용회복-적금,신용회복 적금,credit,,재산,재산 평가 및 유지 확인,0,,281
신용회복-적금-평가-기준,신용회복 적금 평가 기준,credit,,재산,재산 평가 및 유지 확인,0,,282
신용회복-적금-신고-방법,신용회복 적금 신고 방법,credit,,재산,방법·절차 확인,0,,283
신용회복-적금-청산가치-반영,신용회복 적금 청산가치 반영,credit,,재산,재산 평가 및 유지 확인,1,청산가치,284
신용회복-주식-보유액,신용회복 주식 보유액,credit,,재산,재산 평가 및 유지 확인,0,,285
신용회복-주식-보유액-평가-기준,신용회복 주식 보유액 평가 기준,credit,,재산,재산 평가 및 유지 확인,0,,286
신용회복-주식-보유액-신고-방법,신용회복 주식 보유액 신고 방법,credit,,재산,방법·절차 확인,0,,287
신용회복-주식-보유액-청산가치-반영,신용회복 주식 보유액 청산가치 반영,credit,,재산,재산 평가 및 유지 확인,1,청산가치,288
신용회복-가상자산-보유액,신용회복 가상자산 보유액,credit,,재산,재산 평가 및 유지 확인,0,,289
신용회복-가상자산-보유액-평가-기준,신용회복 가상자산 보유액 평가 기준,credit,,재산,재산 평가 및 유지 확인,0,,290
신용회복-가상자산-보유액-신고-방법,신용회복 가상자산 보유액 신고 방법,credit,,재산,방법·절차 확인,0,,291
신용회복-가상자산-보유액-청산가치-반영,신용회복 가상자산 보유액 청산가치 반영,credit,,재산,재산 평가 및 유지 확인,1,청산가치,292
신용회복-퇴직금-예상액,신용회복 퇴직금 예상액,credit,,재산,재산 평가 및 유지 확인,0,,293
신용회복-퇴직금-예상액-평가-기준,신용회복 퇴직금 예상액 평가 기준,credit,,재산,재산 평가 및 유지 확인,0,,294
신용회복-퇴직금-예상액-신고-방법,신용회복 퇴직금 예상액 신고 방법,credit,,재산,방법·절차 확인,0,,295
신용회복-퇴직금-예상액-청산가치-반영,신용회복 퇴직금 예상액 청산가치 반영,credit,,재산,재산 평가 및 유지 확인,1,청산가치,296
신용회복-사업장-보증금,신용회복 사업장 보증금,credit,,재산,재산 평가 및 유지 확인,0,,297
신용회복-사업장-보증금-평가-기준,신용회복 사업장 보증금 평가 기준,credit,,재산,재산 평가 및 유지 확인,0,,298
신용회복-사업장-보증금-신고-방법,신용회복 사업장 보증금 신고 방법,credit,,재산,방법·절차 확인,0,,299
신용회복-사업장-보증금-청산가치-반영,신용회복 사업장 보증금 청산가치 반영,credit,,재산,재산 평가 및 유지 확인,1,청산가치,300
신용회복-임대차보증금-반환채권,신용회복 임대차보증금 반환채권,credit,,재산,재산 평가 및 유지 확인,0,,301
신용회복-임대차보증금-반환채권-평가-기준,신용회복 임대차보증금 반환채권 평가 기준,credit,,재산,재산 평가 및 유지 확인,0,,302
신용회복-임대차보증금-반환채권-신고-방법,신용회복 임대차보증금 반환채권 신고 방법,credit,,재산,방법·절차 확인,0,,303
신용회복-임대차보증금-반환채권-청산가치-반영,신용회복 임대차보증금 반환채권 청산가치 반영,credit,,재산,재산 평가 및 유지 확인,1,청산가치,304
신용회복-부동산-지분,신용회복 부동산 지분,credit,,재산,재산 평가 및 유지 확인,0,,305
신용회복-부동산-지분-평가-기준,신용회복 부동산 지분 평가 기준,credit,,재산,재산 평가 및 유지 확인,0,,306
신용회복-부동산-지분-신고-방법,신용회복 부동산 지분 신고 방법,credit,,재산,방법·절차 확인,0,,307
신용회복-부동산-지분-청산가치-반영,신용회복 부동산 지분 청산가치 반영,credit,,재산,재산 평가 및 유지 확인,1,청산가치,308
신용회복-토지,신용회복 토지,credit,,재산,재산 평가 및 유지 확인,0,,309
신용회복-토지-평가-기준,신용회복 토지 평가 기준,credit,,재산,재산 평가 및 유지 확인,0,,310
신용회복-토지-신고-방법,신용회복 토지 신고 방법,credit,,재산,방법·절차 확인,0,,311
신용회복-토지-청산가치-반영,신용회복 토지 청산가치 반영,credit,,재산,재산 평가 및 유지 확인,1,청산가치,312
신용회복-경매-진행-부동산,신용회복 경매 진행 부동산,credit,,재산,재산 평가 및 유지 확인,0,,313
신용회복-경매-진행-부동산-평가-기준,신용회복 경매 진행 부동산 평가 기준,credit,,재산,재산 평가 및 유지 확인,0,,314
신용회복-경매-진행-부동산-신고-방법,신용회복 경매 진행 부동산 신고 방법,credit,,재산,방법·절차 확인,0,,315
신용회복-경매-진행-부동산-청산가치-반영,신용회복 경매 진행 부동산 청산가치 반영,credit,,재산,재산 평가 및 유지 확인,1,청산가치,316
신용회복-압류된-재산,신용회복 압류된 재산,credit,,재산,재산 평가 및 유지 확인,0,,317
신용회복-압류된-재산-평가-기준,신용회복 압류된 재산 평가 기준,credit,,재산,재산 평가 및 유지 확인,0,,318
신용회복-압류된-재산-신고-방법,신용회복 압류된 재산 신고 방법,credit,,재산,방법·절차 확인,0,,319
신용회복-압류된-재산-청산가치-반영,신용회복 압류된 재산 청산가치 반영,credit,,재산,재산 평가 및 유지 확인,1,청산가치,320
신용회복-월변제금-계산,신용회복 월변제금 계산,credit,,변제금,변제금 산정 및 납부 확인,0,,321
신용회복-월변제금-계산-방법,신용회복 월변제금 계산 방법,credit,,변제금,방법·절차 확인,0,,322
신용회복-월변제금-계산-상담,신용회복 월변제금 계산 상담,credit,,변제금,상담·서비스 탐색,0,,323
신용회복-월변제금-계산-사례,신용회복 월변제금 계산 사례,credit,,변제금,사례·경험 탐색,0,,324
신용회복-예상변제금-산정,신용회복 예상변제금 산정,credit,,변제금,변제금 산정 및 납부 확인,0,,325
신용회복-예상변제금-산정-방법,신용회복 예상변제금 산정 방법,credit,,변제금,방법·절차 확인,0,,326
신용회복-예상변제금-산정-상담,신용회복 예상변제금 산정 상담,credit,,변제금,상담·서비스 탐색,0,,327
신용회복-예상변제금-산정-사례,신용회복 예상변제금 산정 사례,credit,,변제금,사례·경험 탐색,0,,328
신용회복-변제율-계산,신용회복 변제율 계산,credit,,변제금,변제금 산정 및 납부 확인,0,,329
신용회복-변제율-계산-방법,신용회복 변제율 계산 방법,credit,,변제금,방법·절차 확인,0,,330
신용회복-변제율-계산-상담,신용회복 변제율 계산 상담,credit,,변제금,상담·서비스 탐색,0,,331
신용회복-변제율-계산-사례,신용회복 변제율 계산 사례,credit,,변제금,사례·경험 탐색,0,,332
신용회복-가용소득-산정,신용회복 가용소득 산정,credit,,변제금,변제금 산정 및 납부 확인,1,가용소득,333
신용회복-가용소득-산정-방법,신용회복 가용소득 산정 방법,credit,,변제금,방법·절차 확인,1,가용소득,334
신용회복-가용소득-산정-상담,신용회복 가용소득 산정 상담,credit,,변제금,상담·서비스 탐색,1,가용소득,335
신용회복-가용소득-산정-사례,신용회복 가용소득 산정 사례,credit,,변제금,사례·경험 탐색,1,가용소득,336
신용회복-청산가치-보장,신용회복 청산가치 보장,credit,,변제금,변제금 산정 및 납부 확인,1,청산가치,337
신용회복-청산가치-보장-방법,신용회복 청산가치 보장 방법,credit,,변제금,방법·절차 확인,1,청산가치,338
신용회복-청산가치-보장-상담,신용회복 청산가치 보장 상담,credit,,변제금,상담·서비스 탐색,1,청산가치,339
신용회복-청산가치-보장-사례,신용회복 청산가치 보장 사례,credit,,변제금,사례·경험 탐색,1,청산가치,340
신용회복-변제금-감액,신용회복 변제금 감액,credit,,변제금,변제금 산정 및 납부 확인,0,,341
신용회복-변제금-감액-방법,신용회복 변제금 감액 방법,credit,,변제금,방법·절차 확인,0,,342
신용회복-변제금-감액-상담,신용회복 변제금 감액 상담,credit,,변제금,상담·서비스 탐색,0,,343
신용회복-변제금-감액-사례,신용회복 변제금 감액 사례,credit,,변제금,사례·경험 탐색,0,,344
신용회복-변제금-증액,신용회복 변제금 증액,credit,,변제금,변제금 산정 및 납부 확인,0,,345
신용회복-변제금-증액-방법,신용회복 변제금 증액 방법,credit,,변제금,방법·절차 확인,0,,346
신용회복-변제금-증액-상담,신용회복 변제금 증액 상담,credit,,변제금,상담·서비스 탐색,0,,347
신용회복-변제금-증액-사례,신용회복 변제금 증액 사례,credit,,변제금,사례·경험 탐색,0,,348
신용회복-변제금-미납,신용회복 변제금 미납,credit,,변제금,변제금 산정 및 납부 확인,0,,349
신용회복-변제금-미납-방법,신용회복 변제금 미납 방법,credit,,변제금,방법·절차 확인,0,,350
신용회복-변제금-미납-상담,신용회복 변제금 미납 상담,credit,,변제금,상담·서비스 탐색,0,,351
신용회복-변제금-미납-사례,신용회복 변제금 미납 사례,credit,,변제금,사례·경험 탐색,0,,352
신용회복-변제금-연체,신용회복 변제금 연체,credit,,변제금,변제금 산정 및 납부 확인,0,,353
신용회복-변제금-연체-방법,신용회복 변제금 연체 방법,credit,,변제금,방법·절차 확인,0,,354
신용회복-변제금-연체-상담,신용회복 변제금 연체 상담,credit,,변제금,상담·서비스 탐색,0,,355
신용회복-변제금-연체-사례,신용회복 변제금 연체 사례,credit,,변제금,사례·경험 탐색,0,,356
신용회복-변제금-납부,신용회복 변제금 납부,credit,,변제금,변제금 산정 및 납부 확인,0,,357
신용회복-변제금-납부-방법,신용회복 변제금 납부 방법,credit,,변제금,방법·절차 확인,0,,358
신용회복-변제금-납부-상담,신용회복 변제금 납부 상담,credit,,변제금,상담·서비스 탐색,0,,359
신용회복-변제금-납부-사례,신용회복 변제금 납부 사례,credit,,변제금,사례·경험 탐색,0,,360
신용회복-변제금-선납,신용회복 변제금 선납,credit,,변제금,변제금 산정 및 납부 확인,0,,361
신용회복-변제금-선납-방법,신용회복 변제금 선납 방법,credit,,변제금,방법·절차 확인,0,,362
신용회복-변제금-선납-상담,신용회복 변제금 선납 상담,credit,,변제금,상담·서비스 탐색,0,,363
신용회복-변제금-선납-사례,신용회복 변제금 선납 사례,credit,,변제금,사례·경험 탐색,0,,364
신용회복-변제금-일시납,신용회복 변제금 일시납,credit,,변제금,변제금 산정 및 납부 확인,0,,365
신용회복-변제금-일시납-방법,신용회복 변제금 일시납 방법,credit,,변제금,방법·절차 확인,0,,366
신용회복-변제금-일시납-상담,신용회복 변제금 일시납 상담,credit,,변제금,상담·서비스 탐색,0,,367
신용회복-변제금-일시납-사례,신용회복 변제금 일시납 사례,credit,,변제금,사례·경험 탐색,0,,368
신용회복-변제계획-변경,신용회복 변제계획 변경,credit,,변제금,변제금 산정 및 납부 확인,1,변제계획,369
신용회복-변제계획-변경-방법,신용회복 변제계획 변경 방법,credit,,변제금,방법·절차 확인,1,변제계획,370
신용회복-변제계획-변경-상담,신용회복 변제계획 변경 상담,credit,,변제금,상담·서비스 탐색,1,변제계획,371
신용회복-변제계획-변경-사례,신용회복 변제계획 변경 사례,credit,,변제금,사례·경험 탐색,1,변제계획,372
신용회복-변제기간-단축,신용회복 변제기간 단축,credit,,변제금,변제금 산정 및 납부 확인,0,,373
신용회복-변제기간-단축-방법,신용회복 변제기간 단축 방법,credit,,변제금,방법·절차 확인,0,,374
신용회복-변제기간-단축-상담,신용회복 변제기간 단축 상담,credit,,변제금,상담·서비스 탐색,0,,375
신용회복-변제기간-단축-사례,신용회복 변제기간 단축 사례,credit,,변제금,사례·경험 탐색,0,,376
신용회복-변제기간-연장,신용회복 변제기간 연장,credit,,변제금,변제금 산정 및 납부 확인,0,,377
신용회복-변제기간-연장-방법,신용회복 변제기간 연장 방법,credit,,변제금,방법·절차 확인,0,,378
신용회복-변제기간-연장-상담,신용회복 변제기간 연장 상담,credit,,변제금,상담·서비스 탐색,0,,379
신용회복-변제기간-연장-사례,신용회복 변제기간 연장 사례,credit,,변제금,사례·경험 탐색,0,,380
신용회복-첫-변제금-납부,신용회복 첫 변제금 납부,credit,,변제금,변제금 산정 및 납부 확인,0,,381
신용회복-첫-변제금-납부-방법,신용회복 첫 변제금 납부 방법,credit,,변제금,방법·절차 확인,0,,382
신용회복-첫-변제금-납부-상담,신용회복 첫 변제금 납부 상담,credit,,변제금,상담·서비스 탐색,0,,383
신용회복-첫-변제금-납부-사례,신용회복 첫 변제금 납부 사례,credit,,변제금,사례·경험 탐색,0,,384
신용회복-인가-전-변제금-적립,신용회복 인가 전 변제금 적립,credit,,변제금,변제금 산정 및 납부 확인,1,인가,385
신용회복-인가-전-변제금-적립-방법,신용회복 인가 전 변제금 적립 방법,credit,,변제금,방법·절차 확인,1,인가,386
신용회복-인가-전-변제금-적립-상담,신용회복 인가 전 변제금 적립 상담,credit,,변제금,상담·서비스 탐색,1,인가,387
신용회복-인가-전-변제금-적립-사례,신용회복 인가 전 변제금 적립 사례,credit,,변제금,사례·경험 탐색,1,인가,388
신용회복-미납금-분할납부,신용회복 미납금 분할납부,credit,,변제금,변제금 산정 및 납부 확인,0,,389
신용회복-미납금-분할납부-방법,신용회복 미납금 분할납부 방법,credit,,변제금,방법·절차 확인,0,,390
신용회복-미납금-분할납부-상담,신용회복 미납금 분할납부 상담,credit,,변제금,상담·서비스 탐색,0,,391
신용회복-미납금-분할납부-사례,신용회복 미납금 분할납부 사례,credit,,변제금,사례·경험 탐색,0,,392
신용회복-변제금-납부계좌-변경,신용회복 변제금 납부계좌 변경,credit,,변제금,변제금 산정 및 납부 확인,0,,393
신용회복-변제금-납부계좌-변경-방법,신용회복 변제금 납부계좌 변경 방법,credit,,변제금,방법·절차 확인,0,,394
신용회복-변제금-납부계좌-변경-상담,신용회복 변제금 납부계좌 변경 상담,credit,,변제금,상담·서비스 탐색,0,,395
신용회복-변제금-납부계좌-변경-사례,신용회복 변제금 납부계좌 변경 사례,credit,,변제금,사례·경험 탐색,0,,396
신용회복-변제금-초과납부,신용회복 변제금 초과납부,credit,,변제금,변제금 산정 및 납부 확인,0,,397
신용회복-변제금-초과납부-방법,신용회복 변제금 초과납부 방법,credit,,변제금,방법·절차 확인,0,,398
신용회복-변제금-초과납부-상담,신용회복 변제금 초과납부 상담,credit,,변제금,상담·서비스 탐색,0,,399
신용회복-변제금-초과납부-사례,신용회복 변제금 초과납부 사례,credit,,변제금,사례·경험 탐색,0,,400
신용회복-최저생계비,신용회복 최저생계비,credit,,생계비,생계비 인정 범위 확인,0,,401
신용회복-최저생계비-인정-기준,신용회복 최저생계비 인정 기준,credit,,생계비,생계비 인정 범위 확인,0,,402
신용회복-최저생계비-증빙서류,신용회복 최저생계비 증빙서류,credit,,생계비,서류·증빙 준비,0,,403
신용회복-최저생계비-변제금-반영,신용회복 최저생계비 변제금 반영,credit,,생계비,생계비 인정 범위 확인,0,,404
신용회복-추가생계비,신용회복 추가생계비,credit,,생계비,생계비 인정 범위 확인,0,,405
신용회복-추가생계비-인정-기준,신용회복 추가생계비 인정 기준,credit,,생계비,생계비 인정 범위 확인,0,,406
신용회복-추가생계비-증빙서류,신용회복 추가생계비 증빙서류,credit,,생계비,서류·증빙 준비,0,,407
신용회복-추가생계비-변제금-반영,신용회복 추가생계비 변제금 반영,credit,,생계비,생계비 인정 범위 확인,0,,408
신용회복-주거비,신용회복 주거비,credit,,생계비,생계비 인정 범위 확인,0,,409
신용회복-주거비-인정-기준,신용회복 주거비 인정 기준,credit,,생계비,생계비 인정 범위 확인,0,,410
신용회복-주거비-증빙서류,신용회복 주거비 증빙서류,credit,,생계비,서류·증빙 준비,0,,411
신용회복-주거비-변제금-반영,신용회복 주거비 변제금 반영,credit,,생계비,생계비 인정 범위 확인,0,,412
신용회복-월세,신용회복 월세,credit,,생계비,생계비 인정 범위 확인,0,,413
신용회복-월세-인정-기준,신용회복 월세 인정 기준,credit,,생계비,생계비 인정 범위 확인,0,,414
신용회복-월세-증빙서류,신용회복 월세 증빙서류,credit,,생계비,서류·증빙 준비,0,,415
신용회복-월세-변제금-반영,신용회복 월세 변제금 반영,credit,,생계비,생계비 인정 범위 확인,0,,416
신용회복-의료비,신용회복 의료비,credit,,생계비,생계비 인정 범위 확인,0,,417
신용회복-의료비-인정-기준,신용회복 의료비 인정 기준,credit,,생계비,생계비 인정 범위 확인,0,,418
신용회복-의료비-증빙서류,신용회복 의료비 증빙서류,credit,,생계비,서류·증빙 준비,0,,419
신용회복-의료비-변제금-반영,신용회복 의료비 변제금 반영,credit,,생계비,생계비 인정 범위 확인,0,,420
신용회복-교육비,신용회복 교육비,credit,,생계비,생계비 인정 범위 확인,0,,421
신용회복-교육비-인정-기준,신용회복 교육비 인정 기준,credit,,생계비,생계비 인정 범위 확인,0,,422
신용회복-교육비-증빙서류,신용회복 교육비 증빙서류,credit,,생계비,서류·증빙 준비,0,,423
신용회복-교육비-변제금-반영,신용회복 교육비 변제금 반영,credit,,생계비,생계비 인정 범위 확인,0,,424
신용회복-교통비,신용회복 교통비,credit,,생계비,생계비 인정 범위 확인,0,,425
신용회복-교통비-인정-기준,신용회복 교통비 인정 기준,credit,,생계비,생계비 인정 범위 확인,0,,426
신용회복-교통비-증빙서류,신용회복 교통비 증빙서류,credit,,생계비,서류·증빙 준비,0,,427
신용회복-교통비-변제금-반영,신용회복 교통비 변제금 반영,credit,,생계비,생계비 인정 범위 확인,0,,428
신용회복-식비,신용회복 식비,credit,,생계비,생계비 인정 범위 확인,0,,429
신용회복-식비-인정-기준,신용회복 식비 인정 기준,credit,,생계비,생계비 인정 범위 확인,0,,430
신용회복-식비-증빙서류,신용회복 식비 증빙서류,credit,,생계비,서류·증빙 준비,0,,431
신용회복-식비-변제금-반영,신용회복 식비 변제금 반영,credit,,생계비,생계비 인정 범위 확인,0,,432
신용회복-통신비,신용회복 통신비,credit,,생계비,생계비 인정 범위 확인,0,,433
신용회복-통신비-인정-기준,신용회복 통신비 인정 기준,credit,,생계비,생계비 인정 범위 확인,0,,434
신용회복-통신비-증빙서류,신용회복 통신비 증빙서류,credit,,생계비,서류·증빙 준비,0,,435
신용회복-통신비-변제금-반영,신용회복 통신비 변제금 반영,credit,,생계비,생계비 인정 범위 확인,0,,436
신용회복-보험료,신용회복 보험료,credit,,생계비,생계비 인정 범위 확인,0,,437
신용회복-보험료-인정-기준,신용회복 보험료 인정 기준,credit,,생계비,생계비 인정 범위 확인,0,,438
신용회복-보험료-증빙서류,신용회복 보험료 증빙서류,credit,,생계비,서류·증빙 준비,0,,439
신용회복-보험료-변제금-반영,신용회복 보험료 변제금 반영,credit,,생계비,생계비 인정 범위 확인,0,,440
신용회복-자녀-양육비,신용회복 자녀 양육비,credit,,생계비,생계비 인정 범위 확인,0,,441
신용회복-자녀-양육비-인정-기준,신용회복 자녀 양육비 인정 기준,credit,,생계비,생계비 인정 범위 확인,0,,442
신용회복-자녀-양육비-증빙서류,신용회복 자녀 양육비 증빙서류,credit,,생계비,서류·증빙 준비,0,,443
신용회복-자녀-양육비-변제금-반영,신용회복 자녀 양육비 변제금 반영,credit,,생계비,생계비 인정 범위 확인,0,,444
신용회복-부모님-생활비,신용회복 부모님 생활비,credit,,생계비,생계비 인정 범위 확인,0,,445
신용회복-부모님-생활비-인정-기준,신용회복 부모님 생활비 인정 기준,credit,,생계비,생계비 인정 범위 확인,0,,446
신용회복-부모님-생활비-증빙서류,신용회복 부모님 생활비 증빙서류,credit,,생계비,서류·증빙 준비,0,,447
신용회복-부모님-생활비-변제금-반영,신용회복 부모님 생활비 변제금 반영,credit,,생계비,생계비 인정 범위 확인,0,,448
신용회복-간병비,신용회복 간병비,credit,,생계비,생계비 인정 범위 확인,0,,449
신용회복-간병비-인정-기준,신용회복 간병비 인정 기준,credit,,생계비,생계비 인정 범위 확인,0,,450
신용회복-간병비-증빙서류,신용회복 간병비 증빙서류,credit,,생계비,서류·증빙 준비,0,,451
신용회복-간병비-변제금-반영,신용회복 간병비 변제금 반영,credit,,생계비,생계비 인정 범위 확인,0,,452
신용회복-장애-관련-지출,신용회복 장애 관련 지출,credit,,생계비,생계비 인정 범위 확인,0,,453
신용회복-장애-관련-지출-인정-기준,신용회복 장애 관련 지출 인정 기준,credit,,생계비,생계비 인정 범위 확인,0,,454
신용회복-장애-관련-지출-증빙서류,신용회복 장애 관련 지출 증빙서류,credit,,생계비,서류·증빙 준비,0,,455
신용회복-장애-관련-지출-변제금-반영,신용회복 장애 관련 지출 변제금 반영,credit,,생계비,생계비 인정 범위 확인,0,,456
신용회복-만성질환-치료비,신용회복 만성질환 치료비,credit,,생계비,생계비 인정 범위 확인,0,,457
신용회복-만성질환-치료비-인정-기준,신용회복 만성질환 치료비 인정 기준,credit,,생계비,생계비 인정 범위 확인,0,,458
신용회복-만성질환-치료비-증빙서류,신용회복 만성질환 치료비 증빙서류,credit,,생계비,서류·증빙 준비,0,,459
신용회복-만성질환-치료비-변제금-반영,신용회복 만성질환 치료비 변제금 반영,credit,,생계비,생계비 인정 범위 확인,0,,460
신용회복-치과-치료비,신용회복 치과 치료비,credit,,생계비,생계비 인정 범위 확인,0,,461
신용회복-치과-치료비-인정-기준,신용회복 치과 치료비 인정 기준,credit,,생계비,생계비 인정 범위 확인,0,,462
신용회복-치과-치료비-증빙서류,신용회복 치과 치료비 증빙서류,credit,,생계비,서류·증빙 준비,0,,463
신용회복-치과-치료비-변제금-반영,신용회복 치과 치료비 변제금 반영,credit,,생계비,생계비 인정 범위 확인,0,,464
신용회복-난방비,신용회복 난방비,credit,,생계비,생계비 인정 범위 확인,0,,465
신용회복-난방비-인정-기준,신용회복 난방비 인정 기준,credit,,생계비,생계비 인정 범위 확인,0,,466
신용회복-난방비-증빙서류,신용회복 난방비 증빙서류,credit,,생계비,서류·증빙 준비,0,,467
신용회복-난방비-변제금-반영,신용회복 난방비 변제금 반영,credit,,생계비,생계비 인정 범위 확인,0,,468
신용회복-사업상-필수경비,신용회복 사업상 필수경비,credit,,생계비,생계비 인정 범위 확인,0,,469
신용회복-사업상-필수경비-인정-기준,신용회복 사업상 필수경비 인정 기준,credit,,생계비,생계비 인정 범위 확인,0,,470
신용회복-사업상-필수경비-증빙서류,신용회복 사업상 필수경비 증빙서류,credit,,생계비,서류·증빙 준비,0,,471
신용회복-사업상-필수경비-변제금-반영,신용회복 사업상 필수경비 변제금 반영,credit,,생계비,생계비 인정 범위 확인,0,,472
신용회복-1인-가구-생계비,신용회복 1인 가구 생계비,credit,,생계비,생계비 인정 범위 확인,0,,473
신용회복-1인-가구-생계비-인정-기준,신용회복 1인 가구 생계비 인정 기준,credit,,생계비,생계비 인정 범위 확인,0,,474
신용회복-1인-가구-생계비-증빙서류,신용회복 1인 가구 생계비 증빙서류,credit,,생계비,서류·증빙 준비,0,,475
신용회복-1인-가구-생계비-변제금-반영,신용회복 1인 가구 생계비 변제금 반영,credit,,생계비,생계비 인정 범위 확인,0,,476
신용회복-다인-가구-생계비,신용회복 다인 가구 생계비,credit,,생계비,생계비 인정 범위 확인,0,,477
신용회복-다인-가구-생계비-인정-기준,신용회복 다인 가구 생계비 인정 기준,credit,,생계비,생계비 인정 범위 확인,0,,478
신용회복-다인-가구-생계비-증빙서류,신용회복 다인 가구 생계비 증빙서류,credit,,생계비,서류·증빙 준비,0,,479
신용회복-다인-가구-생계비-변제금-반영,신용회복 다인 가구 생계비 변제금 반영,credit,,생계비,생계비 인정 범위 확인,0,,480
신용회복-미성년-자녀,신용회복 미성년 자녀,credit,,부양가족,부양가족 인정 여부 확인,0,,481
신용회복-미성년-자녀-부양가족-인정,신용회복 미성년 자녀 부양가족 인정,credit,,부양가족,부양가족 인정 여부 확인,0,,482
신용회복-미성년-자녀-부양-증빙서류,신용회복 미성년 자녀 부양 증빙서류,credit,,부양가족,서류·증빙 준비,0,,483
신용회복-미성년-자녀-생계비-계산,신용회복 미성년 자녀 생계비 계산,credit,,부양가족,부양가족 인정 여부 확인,0,,484
신용회복-성년-자녀,신용회복 성년 자녀,credit,,부양가족,부양가족 인정 여부 확인,0,,485
신용회복-성년-자녀-부양가족-인정,신용회복 성년 자녀 부양가족 인정,credit,,부양가족,부양가족 인정 여부 확인,0,,486
신용회복-성년-자녀-부양-증빙서류,신용회복 성년 자녀 부양 증빙서류,credit,,부양가족,서류·증빙 준비,0,,487
신용회복-성년-자녀-생계비-계산,신용회복 성년 자녀 생계비 계산,credit,,부양가족,부양가족 인정 여부 확인,0,,488
신용회복-대학생-자녀,신용회복 대학생 자녀,credit,,부양가족,부양가족 인정 여부 확인,0,,489
신용회복-대학생-자녀-부양가족-인정,신용회복 대학생 자녀 부양가족 인정,credit,,부양가족,부양가족 인정 여부 확인,0,,490
신용회복-대학생-자녀-부양-증빙서류,신용회복 대학생 자녀 부양 증빙서류,credit,,부양가족,서류·증빙 준비,0,,491
신용회복-대학생-자녀-생계비-계산,신용회복 대학생 자녀 생계비 계산,credit,,부양가족,부양가족 인정 여부 확인,0,,492
신용회복-고령-부모,신용회복 고령 부모,credit,,부양가족,부양가족 인정 여부 확인,0,,493
신용회복-고령-부모-부양가족-인정,신용회복 고령 부모 부양가족 인정,credit,,부양가족,부양가족 인정 여부 확인,0,,494
신용회복-고령-부모-부양-증빙서류,신용회복 고령 부모 부양 증빙서류,credit,,부양가족,서류·증빙 준비,0,,495
신용회복-고령-부모-생계비-계산,신용회복 고령 부모 생계비 계산,credit,,부양가족,부양가족 인정 여부 확인,0,,496
신용회복-장애인-부모,신용회복 장애인 부모,credit,,부양가족,부양가족 인정 여부 확인,0,,497
신용회복-장애인-부모-부양가족-인정,신용회복 장애인 부모 부양가족 인정,credit,,부양가족,부양가족 인정 여부 확인,0,,498
신용회복-장애인-부모-부양-증빙서류,신용회복 장애인 부모 부양 증빙서류,credit,,부양가족,서류·증빙 준비,0,,499
신용회복-장애인-부모-생계비-계산,신용회복 장애인 부모 생계비 계산,credit,,부양가족,부양가족 인정 여부 확인,0,,500
신용회복-배우자-부양,신용회복 배우자 부양,credit,,부양가족,부양가족 인정 여부 확인,0,,501
신용회복-배우자-부양-부양가족-인정,신용회복 배우자 부양 부양가족 인정,credit,,부양가족,부양가족 인정 여부 확인,0,,502
신용회복-배우자-부양-부양-증빙서류,신용회복 배우자 부양 부양 증빙서류,credit,,부양가족,서류·증빙 준비,0,,503
신용회복-배우자-부양-생계비-계산,신용회복 배우자 부양 생계비 계산,credit,,부양가족,부양가족 인정 여부 확인,0,,504
신용회복-무직-배우자,신용회복 무직 배우자,credit,,부양가족,부양가족 인정 여부 확인,0,,505
신용회복-무직-배우자-부양가족-인정,신용회복 무직 배우자 부양가족 인정,credit,,부양가족,부양가족 인정 여부 확인,0,,506
신용회복-무직-배우자-부양-증빙서류,신용회복 무직 배우자 부양 증빙서류,credit,,부양가족,서류·증빙 준비,0,,507
신용회복-무직-배우자-생계비-계산,신용회복 무직 배우자 생계비 계산,credit,,부양가족,부양가족 인정 여부 확인,0,,508
신용회복-맞벌이-배우자,신용회복 맞벌이 배우자,credit,,부양가족,부양가족 인정 여부 확인,0,,509
신용회복-맞벌이-배우자-부양가족-인정,신용회복 맞벌이 배우자 부양가족 인정,credit,,부양가족,부양가족 인정 여부 확인,0,,510
신용회복-맞벌이-배우자-부양-증빙서류,신용회복 맞벌이 배우자 부양 증빙서류,credit,,부양가족,서류·증빙 준비,0,,511
신용회복-맞벌이-배우자-생계비-계산,신용회복 맞벌이 배우자 생계비 계산,credit,,부양가족,부양가족 인정 여부 확인,0,,512
신용회복-임신-중-배우자,신용회복 임신 중 배우자,credit,,부양가족,부양가족 인정 여부 확인,0,,513
신용회복-임신-중-배우자-부양가족-인정,신용회복 임신 중 배우자 부양가족 인정,credit,,부양가족,부양가족 인정 여부 확인,0,,514
신용회복-임신-중-배우자-부양-증빙서류,신용회복 임신 중 배우자 부양 증빙서류,credit,,부양가족,서류·증빙 준비,0,,515
신용회복-임신-중-배우자-생계비-계산,신용회복 임신 중 배우자 생계비 계산,credit,,부양가족,부양가족 인정 여부 확인,0,,516
신용회복-태아,신용회복 태아,credit,,부양가족,부양가족 인정 여부 확인,0,,517
신용회복-태아-부양가족-인정,신용회복 태아 부양가족 인정,credit,,부양가족,부양가족 인정 여부 확인,0,,518
신용회복-태아-부양-증빙서류,신용회복 태아 부양 증빙서류,credit,,부양가족,서류·증빙 준비,0,,519
신용회복-태아-생계비-계산,신용회복 태아 생계비 계산,credit,,부양가족,부양가족 인정 여부 확인,0,,520
신용회복-신생아,신용회복 신생아,credit,,부양가족,부양가족 인정 여부 확인,0,,521
신용회복-신생아-부양가족-인정,신용회복 신생아 부양가족 인정,credit,,부양가족,부양가족 인정 여부 확인,0,,522
신용회복-신생아-부양-증빙서류,신용회복 신생아 부양 증빙서류,credit,,부양가족,서류·증빙 준비,0,,523
신용회복-신생아-생계비-계산,신용회복 신생아 생계비 계산,credit,,부양가족,부양가족 인정 여부 확인,0,,524
신용회복-손자녀,신용회복 손자녀,credit,,부양가족,부양가족 인정 여부 확인,0,,525
신용회복-손자녀-부양가족-인정,신용회복 손자녀 부양가족 인정,credit,,부양가족,부양가족 인정 여부 확인,0,,526
신용회복-손자녀-부양-증빙서류,신용회복 손자녀 부양 증빙서류,credit,,부양가족,서류·증빙 준비,0,,527
신용회복-손자녀-생계비-계산,신용회복 손자녀 생계비 계산,credit,,부양가족,부양가족 인정 여부 확인,0,,528
신용회복-형제자매,신용회복 형제자매,credit,,부양가족,부양가족 인정 여부 확인,0,,529
신용회복-형제자매-부양가족-인정,신용회복 형제자매 부양가족 인정,credit,,부양가족,부양가족 인정 여부 확인,0,,530
신용회복-형제자매-부양-증빙서류,신용회복 형제자매 부양 증빙서류,credit,,부양가족,서류·증빙 준비,0,,531
신용회복-형제자매-생계비-계산,신용회복 형제자매 생계비 계산,credit,,부양가족,부양가족 인정 여부 확인,0,,532
신용회복-별거-중-가족,신용회복 별거 중 가족,credit,,부양가족,부양가족 인정 여부 확인,0,,533
신용회복-별거-중-가족-부양가족-인정,신용회복 별거 중 가족 부양가족 인정,credit,,부양가족,부양가족 인정 여부 확인,0,,534
신용회복-별거-중-가족-부양-증빙서류,신용회복 별거 중 가족 부양 증빙서류,credit,,부양가족,서류·증빙 준비,0,,535
신용회복-별거-중-가족-생계비-계산,신용회복 별거 중 가족 생계비 계산,credit,,부양가족,부양가족 인정 여부 확인,0,,536
신용회복-동거-부모,신용회복 동거 부모,credit,,부양가족,부양가족 인정 여부 확인,0,,537
신용회복-동거-부모-부양가족-인정,신용회복 동거 부모 부양가족 인정,credit,,부양가족,부양가족 인정 여부 확인,0,,538
신용회복-동거-부모-부양-증빙서류,신용회복 동거 부모 부양 증빙서류,credit,,부양가족,서류·증빙 준비,0,,539
신용회복-동거-부모-생계비-계산,신용회복 동거 부모 생계비 계산,credit,,부양가족,부양가족 인정 여부 확인,0,,540
신용회복-비동거-부모,신용회복 비동거 부모,credit,,부양가족,부양가족 인정 여부 확인,0,,541
신용회복-비동거-부모-부양가족-인정,신용회복 비동거 부모 부양가족 인정,credit,,부양가족,부양가족 인정 여부 확인,0,,542
신용회복-비동거-부모-부양-증빙서류,신용회복 비동거 부모 부양 증빙서류,credit,,부양가족,서류·증빙 준비,0,,543
신용회복-비동거-부모-생계비-계산,신용회복 비동거 부모 생계비 계산,credit,,부양가족,부양가족 인정 여부 확인,0,,544
신용회복-이혼-후-자녀,신용회복 이혼 후 자녀,credit,,부양가족,부양가족 인정 여부 확인,0,,545
신용회복-이혼-후-자녀-부양가족-인정,신용회복 이혼 후 자녀 부양가족 인정,credit,,부양가족,부양가족 인정 여부 확인,0,,546
신용회복-이혼-후-자녀-부양-증빙서류,신용회복 이혼 후 자녀 부양 증빙서류,credit,,부양가족,서류·증빙 준비,0,,547
신용회복-이혼-후-자녀-생계비-계산,신용회복 이혼 후 자녀 생계비 계산,credit,,부양가족,부양가족 인정 여부 확인,0,,548
신용회복-공동양육-자녀,신용회복 공동양육 자녀,credit,,부양가족,부양가족 인정 여부 확인,0,,549
신용회복-공동양육-자녀-부양가족-인정,신용회복 공동양육 자녀 부양가족 인정,credit,,부양가족,부양가족 인정 여부 확인,0,,550
신용회복-공동양육-자녀-부양-증빙서류,신용회복 공동양육 자녀 부양 증빙서류,credit,,부양가족,서류·증빙 준비,0,,551
신용회복-공동양육-자녀-생계비-계산,신용회복 공동양육 자녀 생계비 계산,credit,,부양가족,부양가족 인정 여부 확인,0,,552
신용회복-재혼가정-자녀,신용회복 재혼가정 자녀,credit,,부양가족,부양가족 인정 여부 확인,0,,553
신용회복-재혼가정-자녀-부양가족-인정,신용회복 재혼가정 자녀 부양가족 인정,credit,,부양가족,부양가족 인정 여부 확인,0,,554
신용회복-재혼가정-자녀-부양-증빙서류,신용회복 재혼가정 자녀 부양 증빙서류,credit,,부양가족,서류·증빙 준비,0,,555
신용회복-재혼가정-자녀-생계비-계산,신용회복 재혼가정 자녀 생계비 계산,credit,,부양가족,부양가족 인정 여부 확인,0,,556
신용회복-소득-있는-부모,신용회복 소득 있는 부모,credit,,부양가족,부양가족 인정 여부 확인,0,,557
신용회복-소득-있는-부모-부양가족-인정,신용회복 소득 있는 부모 부양가족 인정,credit,,부양가족,부양가족 인정 여부 확인,0,,558
신용회복-소득-있는-부모-부양-증빙서류,신용회복 소득 있는 부모 부양 증빙서류,credit,,부양가족,서류·증빙 준비,0,,559
신용회복-소득-있는-부모-생계비-계산,신용회복 소득 있는 부모 생계비 계산,credit,,부양가족,부양가족 인정 여부 확인,0,,560
신용회복-신청-준비,신용회복 신청 준비,credit,,절차,진행 순서와 기간 확인,0,,561
신용회복-신청-준비-절차,신용회복 신청 준비 절차,credit,,절차,방법·절차 확인,0,,562
신용회복-신청-준비-소요기간,신용회복 신청 준비 소요기간,credit,,절차,진행 순서와 기간 확인,0,,563
신용회복-신청-준비-준비사항,신용회복 신청 준비 준비사항,credit,,절차,진행 순서와 기간 확인,0,,564
신용회복-신청서-접수,신용회복 신청서 접수,credit,,절차,진행 순서와 기간 확인,0,,565
신용회복-신청서-접수-절차,신용회복 신청서 접수 절차,credit,,절차,방법·절차 확인,0,,566
신용회복-신청서-접수-소요기간,신용회복 신청서 접수 소요기간,credit,,절차,진행 순서와 기간 확인,0,,567
신용회복-신청서-접수-준비사항,신용회복 신청서 접수 준비사항,credit,,절차,진행 순서와 기간 확인,0,,568
신용회복-사건번호-발급,신용회복 사건번호 발급,credit,,절차,진행 순서와 기간 확인,0,,569
신용회복-사건번호-발급-절차,신용회복 사건번호 발급 절차,credit,,절차,방법·절차 확인,0,,570
신용회복-사건번호-발급-소요기간,신용회복 사건번호 발급 소요기간,credit,,절차,진행 순서와 기간 확인,0,,571
신용회복-사건번호-발급-준비사항,신용회복 사건번호 발급 준비사항,credit,,절차,진행 순서와 기간 확인,0,,572
신용회복-서류-심사,신용회복 서류 심사,credit,,절차,진행 순서와 기간 확인,0,,573
신용회복-서류-심사-절차,신용회복 서류 심사 절차,credit,,절차,방법·절차 확인,0,,574
신용회복-서류-심사-소요기간,신용회복 서류 심사 소요기간,credit,,절차,진행 순서와 기간 확인,0,,575
신용회복-서류-심사-준비사항,신용회복 서류 심사 준비사항,credit,,절차,진행 순서와 기간 확인,0,,576
신용회복-회생위원-면담,신용회복 회생위원 면담,credit,,절차,진행 순서와 기간 확인,1,회생위원,577
신용회복-회생위원-면담-절차,신용회복 회생위원 면담 절차,credit,,절차,방법·절차 확인,1,회생위원,578
신용회복-회생위원-면담-소요기간,신용회복 회생위원 면담 소요기간,credit,,절차,진행 순서와 기간 확인,1,회생위원,579
신용회복-회생위원-면담-준비사항,신용회복 회생위원 면담 준비사항,credit,,절차,진행 순서와 기간 확인,1,회생위원,580
신용회복-채권자목록-제출,신용회복 채권자목록 제출,credit,,절차,진행 순서와 기간 확인,0,,581
신용회복-채권자목록-제출-절차,신용회복 채권자목록 제출 절차,credit,,절차,방법·절차 확인,0,,582
신용회복-채권자목록-제출-소요기간,신용회복 채권자목록 제출 소요기간,credit,,절차,진행 순서와 기간 확인,0,,583
신용회복-채권자목록-제출-준비사항,신용회복 채권자목록 제출 준비사항,credit,,절차,진행 순서와 기간 확인,0,,584
신용회복-변제계획안-제출,신용회복 변제계획안 제출,credit,,절차,진행 순서와 기간 확인,1,변제계획,585
신용회복-변제계획안-제출-절차,신용회복 변제계획안 제출 절차,credit,,절차,방법·절차 확인,1,변제계획,586
신용회복-변제계획안-제출-소요기간,신용회복 변제계획안 제출 소요기간,credit,,절차,진행 순서와 기간 확인,1,변제계획,587
신용회복-변제계획안-제출-준비사항,신용회복 변제계획안 제출 준비사항,credit,,절차,진행 순서와 기간 확인,1,변제계획,588
신용회복-개시결정,신용회복 개시결정,credit,,절차,진행 순서와 기간 확인,1,개시결정,589
신용회복-개시결정-절차,신용회복 개시결정 절차,credit,,절차,방법·절차 확인,1,개시결정,590
신용회복-개시결정-소요기간,신용회복 개시결정 소요기간,credit,,절차,진행 순서와 기간 확인,1,개시결정,591
신용회복-개시결정-준비사항,신용회복 개시결정 준비사항,credit,,절차,진행 순서와 기간 확인,1,개시결정,592
신용회복-채권자-이의신청,신용회복 채권자 이의신청,credit,,절차,진행 순서와 기간 확인,0,,593
신용회복-채권자-이의신청-절차,신용회복 채권자 이의신청 절차,credit,,절차,방법·절차 확인,0,,594
신용회복-채권자-이의신청-소요기간,신용회복 채권자 이의신청 소요기간,credit,,절차,진행 순서와 기간 확인,0,,595
신용회복-채권자-이의신청-준비사항,신용회복 채권자 이의신청 준비사항,credit,,절차,진행 순서와 기간 확인,0,,596
신용회복-채권조사확정재판,신용회복 채권조사확정재판,credit,,절차,진행 순서와 기간 확인,0,,597
신용회복-채권조사확정재판-절차,신용회복 채권조사확정재판 절차,credit,,절차,방법·절차 확인,0,,598
신용회복-채권조사확정재판-소요기간,신용회복 채권조사확정재판 소요기간,credit,,절차,진행 순서와 기간 확인,0,,599
신용회복-채권조사확정재판-준비사항,신용회복 채권조사확정재판 준비사항,credit,,절차,진행 순서와 기간 확인,0,,600
신용회복-채권자집회,신용회복 채권자집회,credit,,절차,진행 순서와 기간 확인,1,채권자집회,601
신용회복-채권자집회-절차,신용회복 채권자집회 절차,credit,,절차,방법·절차 확인,1,채권자집회,602
신용회복-채권자집회-소요기간,신용회복 채권자집회 소요기간,credit,,절차,진행 순서와 기간 확인,1,채권자집회,603
신용회복-채권자집회-준비사항,신용회복 채권자집회 준비사항,credit,,절차,진행 순서와 기간 확인,1,채권자집회,604
신용회복-인가결정,신용회복 인가결정,credit,,절차,진행 순서와 기간 확인,1,인가,605
신용회복-인가결정-절차,신용회복 인가결정 절차,credit,,절차,방법·절차 확인,1,인가,606
신용회복-인가결정-소요기간,신용회복 인가결정 소요기간,credit,,절차,진행 순서와 기간 확인,1,인가,607
신용회복-인가결정-준비사항,신용회복 인가결정 준비사항,credit,,절차,진행 순서와 기간 확인,1,인가,608
신용회복-변제-수행,신용회복 변제 수행,credit,,절차,진행 순서와 기간 확인,0,,609
신용회복-변제-수행-절차,신용회복 변제 수행 절차,credit,,절차,방법·절차 확인,0,,610
신용회복-변제-수행-소요기간,신용회복 변제 수행 소요기간,credit,,절차,진행 순서와 기간 확인,0,,611
신용회복-변제-수행-준비사항,신용회복 변제 수행 준비사항,credit,,절차,진행 순서와 기간 확인,0,,612
신용회복-면책신청,신용회복 면책신청,credit,,절차,진행 순서와 기간 확인,0,,613
신용회복-면책신청-절차,신용회복 면책신청 절차,credit,,절차,방법·절차 확인,0,,614
신용회복-면책신청-소요기간,신용회복 면책신청 소요기간,credit,,절차,진행 순서와 기간 확인,0,,615
신용회복-면책신청-준비사항,신용회복 면책신청 준비사항,credit,,절차,진행 순서와 기간 확인,0,,616
신용회복-신청-취하,신용회복 신청 취하,credit,,절차,진행 순서와 기간 확인,0,,617
신용회복-신청-취하-절차,신용회복 신청 취하 절차,credit,,절차,방법·절차 확인,0,,618
신용회복-신청-취하-소요기간,신용회복 신청 취하 소요기간,credit,,절차,진행 순서와 기간 확인,0,,619
신용회복-신청-취하-준비사항,신용회복 신청 취하 준비사항,credit,,절차,진행 순서와 기간 확인,0,,620
신용회복-사건-이송,신용회복 사건 이송,credit,,절차,진행 순서와 기간 확인,0,,621
신용회복-사건-이송-절차,신용회복 사건 이송 절차,credit,,절차,방법·절차 확인,0,,622
신용회복-사건-이송-소요기간,신용회복 사건 이송 소요기간,credit,,절차,진행 순서와 기간 확인,0,,623
신용회복-사건-이송-준비사항,신용회복 사건 이송 준비사항,credit,,절차,진행 순서와 기간 확인,0,,624
신용회복-채권자-추가,신용회복 채권자 추가,credit,,절차,진행 순서와 기간 확인,0,,625
신용회복-채권자-추가-절차,신용회복 채권자 추가 절차,credit,,절차,방법·절차 확인,0,,626
신용회복-채권자-추가-소요기간,신용회복 채권자 추가 소요기간,credit,,절차,진행 순서와 기간 확인,0,,627
신용회복-채권자-추가-준비사항,신용회복 채권자 추가 준비사항,credit,,절차,진행 순서와 기간 확인,0,,628
신용회복-채무-누락-정정,신용회복 채무 누락 정정,credit,,절차,진행 순서와 기간 확인,0,,629
신용회복-채무-누락-정정-절차,신용회복 채무 누락 정정 절차,credit,,절차,방법·절차 확인,0,,630
신용회복-채무-누락-정정-소요기간,신용회복 채무 누락 정정 소요기간,credit,,절차,진행 순서와 기간 확인,0,,631
신용회복-채무-누락-정정-준비사항,신용회복 채무 누락 정정 준비사항,credit,,절차,진행 순서와 기간 확인,0,,632
신용회복-주소-변경-신고,신용회복 주소 변경 신고,credit,,절차,진행 순서와 기간 확인,0,,633
신용회복-주소-변경-신고-절차,신용회복 주소 변경 신고 절차,credit,,절차,방법·절차 확인,0,,634
신용회복-주소-변경-신고-소요기간,신용회복 주소 변경 신고 소요기간,credit,,절차,진행 순서와 기간 확인,0,,635
신용회복-주소-변경-신고-준비사항,신용회복 주소 변경 신고 준비사항,credit,,절차,진행 순서와 기간 확인,0,,636
신용회복-송달장소-변경,신용회복 송달장소 변경,credit,,절차,진행 순서와 기간 확인,0,,637
신용회복-송달장소-변경-절차,신용회복 송달장소 변경 절차,credit,,절차,방법·절차 확인,0,,638
신용회복-송달장소-변경-소요기간,신용회복 송달장소 변경 소요기간,credit,,절차,진행 순서와 기간 확인,0,,639
신용회복-송달장소-변경-준비사항,신용회복 송달장소 변경 준비사항,credit,,절차,진행 순서와 기간 확인,0,,640
신용회복-관할법원,신용회복 관할법원,credit,,법원,관할 및 법원 이용 안내,1,법원;관할,641
신용회복-관할법원-접수-안내,신용회복 관할법원 접수 안내,credit,,법원,관할 및 법원 이용 안내,1,법원;관할,642
신용회복-관할법원-이용-방법,신용회복 관할법원 이용 방법,credit,,법원,방법·절차 확인,1,법원;관할,643
신용회복-관할법원-문의-방법,신용회복 관할법원 문의 방법,credit,,법원,방법·절차 확인,1,법원;관할,644
신용회복-주소지-관할,신용회복 주소지 관할,credit,,법원,관할 및 법원 이용 안내,1,관할,645
신용회복-주소지-관할-접수-안내,신용회복 주소지 관할 접수 안내,credit,,법원,관할 및 법원 이용 안내,1,관할,646
신용회복-주소지-관할-이용-방법,신용회복 주소지 관할 이용 방법,credit,,법원,방법·절차 확인,1,관할,647
신용회복-주소지-관할-문의-방법,신용회복 주소지 관할 문의 방법,credit,,법원,방법·절차 확인,1,관할,648
신용회복-직장-소재지-관할,신용회복 직장 소재지 관할,credit,,법원,관할 및 법원 이용 안내,1,관할,649
신용회복-직장-소재지-관할-접수-안내,신용회복 직장 소재지 관할 접수 안내,credit,,법원,관할 및 법원 이용 안내,1,관할,650
신용회복-직장-소재지-관할-이용-방법,신용회복 직장 소재지 관할 이용 방법,credit,,법원,방법·절차 확인,1,관할,651
신용회복-직장-소재지-관할-문의-방법,신용회복 직장 소재지 관할 문의 방법,credit,,법원,방법·절차 확인,1,관할,652
신용회복-사업장-소재지-관할,신용회복 사업장 소재지 관할,credit,,법원,관할 및 법원 이용 안내,1,관할,653
신용회복-사업장-소재지-관할-접수-안내,신용회복 사업장 소재지 관할 접수 안내,credit,,법원,관할 및 법원 이용 안내,1,관할,654
신용회복-사업장-소재지-관할-이용-방법,신용회복 사업장 소재지 관할 이용 방법,credit,,법원,방법·절차 확인,1,관할,655
신용회복-사업장-소재지-관할-문의-방법,신용회복 사업장 소재지 관할 문의 방법,credit,,법원,방법·절차 확인,1,관할,656
신용회복-서울회생법원,신용회복 서울회생법원,credit,,법원,관할 및 법원 이용 안내,1,법원,657
신용회복-서울회생법원-접수-안내,신용회복 서울회생법원 접수 안내,credit,,법원,관할 및 법원 이용 안내,1,법원,658
신용회복-서울회생법원-이용-방법,신용회복 서울회생법원 이용 방법,credit,,법원,방법·절차 확인,1,법원,659
신용회복-서울회생법원-문의-방법,신용회복 서울회생법원 문의 방법,credit,,법원,방법·절차 확인,1,법원,660
신용회복-수원회생법원,신용회복 수원회생법원,credit,,법원,관할 및 법원 이용 안내,1,법원,661
신용회복-수원회생법원-접수-안내,신용회복 수원회생법원 접수 안내,credit,,법원,관할 및 법원 이용 안내,1,법원,662
신용회복-수원회생법원-이용-방법,신용회복 수원회생법원 이용 방법,credit,,법원,방법·절차 확인,1,법원,663
신용회복-수원회생법원-문의-방법,신용회복 수원회생법원 문의 방법,credit,,법원,방법·절차 확인,1,법원,664
신용회복-부산회생법원,신용회복 부산회생법원,credit,,법원,관할 및 법원 이용 안내,1,법원,665
신용회복-부산회생법원-접수-안내,신용회복 부산회생법원 접수 안내,credit,,법원,관할 및 법원 이용 안내,1,법원,666
신용회복-부산회생법원-이용-방법,신용회복 부산회생법원 이용 방법,credit,,법원,방법·절차 확인,1,법원,667
신용회복-부산회생법원-문의-방법,신용회복 부산회생법원 문의 방법,credit,,법원,방법·절차 확인,1,법원,668
신용회복-대전-지역-법원,신용회복 대전 지역 법원,credit,,법원,관할 및 법원 이용 안내,1,법원,669
신용회복-대전-지역-법원-접수-안내,신용회복 대전 지역 법원 접수 안내,credit,,법원,관할 및 법원 이용 안내,1,법원,670
신용회복-대전-지역-법원-이용-방법,신용회복 대전 지역 법원 이용 방법,credit,,법원,방법·절차 확인,1,법원,671
신용회복-대전-지역-법원-문의-방법,신용회복 대전 지역 법원 문의 방법,credit,,법원,방법·절차 확인,1,법원,672
신용회복-대구-지역-법원,신용회복 대구 지역 법원,credit,,법원,관할 및 법원 이용 안내,1,법원,673
신용회복-대구-지역-법원-접수-안내,신용회복 대구 지역 법원 접수 안내,credit,,법원,관할 및 법원 이용 안내,1,법원,674
신용회복-대구-지역-법원-이용-방법,신용회복 대구 지역 법원 이용 방법,credit,,법원,방법·절차 확인,1,법원,675
신용회복-대구-지역-법원-문의-방법,신용회복 대구 지역 법원 문의 방법,credit,,법원,방법·절차 확인,1,법원,676
신용회복-광주-지역-법원,신용회복 광주 지역 법원,credit,,법원,관할 및 법원 이용 안내,1,법원,677
신용회복-광주-지역-법원-접수-안내,신용회복 광주 지역 법원 접수 안내,credit,,법원,관할 및 법원 이용 안내,1,법원,678
신용회복-광주-지역-법원-이용-방법,신용회복 광주 지역 법원 이용 방법,credit,,법원,방법·절차 확인,1,법원,679
신용회복-광주-지역-법원-문의-방법,신용회복 광주 지역 법원 문의 방법,credit,,법원,방법·절차 확인,1,법원,680
신용회복-인천-지역-법원,신용회복 인천 지역 법원,credit,,법원,관할 및 법원 이용 안내,1,법원,681
신용회복-인천-지역-법원-접수-안내,신용회복 인천 지역 법원 접수 안내,credit,,법원,관할 및 법원 이용 안내,1,법원,682
신용회복-인천-지역-법원-이용-방법,신용회복 인천 지역 법원 이용 방법,credit,,법원,방법·절차 확인,1,법원,683
신용회복-인천-지역-법원-문의-방법,신용회복 인천 지역 법원 문의 방법,credit,,법원,방법·절차 확인,1,법원,684
신용회복-울산-지역-법원,신용회복 울산 지역 법원,credit,,법원,관할 및 법원 이용 안내,1,법원,685
신용회복-울산-지역-법원-접수-안내,신용회복 울산 지역 법원 접수 안내,credit,,법원,관할 및 법원 이용 안내,1,법원,686
신용회복-울산-지역-법원-이용-방법,신용회복 울산 지역 법원 이용 방법,credit,,법원,방법·절차 확인,1,법원,687
신용회복-울산-지역-법원-문의-방법,신용회복 울산 지역 법원 문의 방법,credit,,법원,방법·절차 확인,1,법원,688
신용회복-창원-지역-법원,신용회복 창원 지역 법원,credit,,법원,관할 및 법원 이용 안내,1,법원,689
신용회복-창원-지역-법원-접수-안내,신용회복 창원 지역 법원 접수 안내,credit,,법원,관할 및 법원 이용 안내,1,법원,690
신용회복-창원-지역-법원-이용-방법,신용회복 창원 지역 법원 이용 방법,credit,,법원,방법·절차 확인,1,법원,691
신용회복-창원-지역-법원-문의-방법,신용회복 창원 지역 법원 문의 방법,credit,,법원,방법·절차 확인,1,법원,692
신용회복-전주-지역-법원,신용회복 전주 지역 법원,credit,,법원,관할 및 법원 이용 안내,1,법원,693
신용회복-전주-지역-법원-접수-안내,신용회복 전주 지역 법원 접수 안내,credit,,법원,관할 및 법원 이용 안내,1,법원,694
신용회복-전주-지역-법원-이용-방법,신용회복 전주 지역 법원 이용 방법,credit,,법원,방법·절차 확인,1,법원,695
신용회복-전주-지역-법원-문의-방법,신용회복 전주 지역 법원 문의 방법,credit,,법원,방법·절차 확인,1,법원,696
신용회복-청주-지역-법원,신용회복 청주 지역 법원,credit,,법원,관할 및 법원 이용 안내,1,법원,697
신용회복-청주-지역-법원-접수-안내,신용회복 청주 지역 법원 접수 안내,credit,,법원,관할 및 법원 이용 안내,1,법원,698
신용회복-청주-지역-법원-이용-방법,신용회복 청주 지역 법원 이용 방법,credit,,법원,방법·절차 확인,1,법원,699
신용회복-청주-지역-법원-문의-방법,신용회복 청주 지역 법원 문의 방법,credit,,법원,방법·절차 확인,1,법원,700
신용회복-춘천-지역-법원,신용회복 춘천 지역 법원,credit,,법원,관할 및 법원 이용 안내,1,법원,701
신용회복-춘천-지역-법원-접수-안내,신용회복 춘천 지역 법원 접수 안내,credit,,법원,관할 및 법원 이용 안내,1,법원,702
신용회복-춘천-지역-법원-이용-방법,신용회복 춘천 지역 법원 이용 방법,credit,,법원,방법·절차 확인,1,법원,703
신용회복-춘천-지역-법원-문의-방법,신용회복 춘천 지역 법원 문의 방법,credit,,법원,방법·절차 확인,1,법원,704
신용회복-제주-지역-법원,신용회복 제주 지역 법원,credit,,법원,관할 및 법원 이용 안내,1,법원,705
신용회복-제주-지역-법원-접수-안내,신용회복 제주 지역 법원 접수 안내,credit,,법원,관할 및 법원 이용 안내,1,법원,706
신용회복-제주-지역-법원-이용-방법,신용회복 제주 지역 법원 이용 방법,credit,,법원,방법·절차 확인,1,법원,707
신용회복-제주-지역-법원-문의-방법,신용회복 제주 지역 법원 문의 방법,credit,,법원,방법·절차 확인,1,법원,708
신용회복-의정부-지역-법원,신용회복 의정부 지역 법원,credit,,법원,관할 및 법원 이용 안내,1,법원,709
신용회복-의정부-지역-법원-접수-안내,신용회복 의정부 지역 법원 접수 안내,credit,,법원,관할 및 법원 이용 안내,1,법원,710
신용회복-의정부-지역-법원-이용-방법,신용회복 의정부 지역 법원 이용 방법,credit,,법원,방법·절차 확인,1,법원,711
신용회복-의정부-지역-법원-문의-방법,신용회복 의정부 지역 법원 문의 방법,credit,,법원,방법·절차 확인,1,법원,712
신용회복-법원-민원실,신용회복 법원 민원실,credit,,법원,관할 및 법원 이용 안내,1,법원,713
신용회복-법원-민원실-접수-안내,신용회복 법원 민원실 접수 안내,credit,,법원,관할 및 법원 이용 안내,1,법원,714
신용회복-법원-민원실-이용-방법,신용회복 법원 민원실 이용 방법,credit,,법원,방법·절차 확인,1,법원,715
신용회복-법원-민원실-문의-방법,신용회복 법원 민원실 문의 방법,credit,,법원,방법·절차 확인,1,법원,716
신용회복-법원-전자소송,신용회복 법원 전자소송,credit,,법원,관할 및 법원 이용 안내,1,법원,717
신용회복-법원-전자소송-접수-안내,신용회복 법원 전자소송 접수 안내,credit,,법원,관할 및 법원 이용 안내,1,법원,718
신용회복-법원-전자소송-이용-방법,신용회복 법원 전자소송 이용 방법,credit,,법원,방법·절차 확인,1,법원,719
신용회복-법원-전자소송-문의-방법,신용회복 법원 전자소송 문의 방법,credit,,법원,방법·절차 확인,1,법원,720
신용회복-주민등록등본,신용회복 주민등록등본,credit,,서류,필요서류 준비 및 작성,0,,721
신용회복-주민등록등본-준비-방법,신용회복 주민등록등본 준비 방법,credit,,서류,방법·절차 확인,0,,722
신용회복-주민등록등본-제출-방법,신용회복 주민등록등본 제출 방법,credit,,서류,방법·절차 확인,0,,723
신용회복-주민등록등본-누락-시-대응,신용회복 주민등록등본 누락 시 대응,credit,,서류,필요서류 준비 및 작성,0,,724
신용회복-주민등록초본,신용회복 주민등록초본,credit,,서류,필요서류 준비 및 작성,0,,725
신용회복-주민등록초본-준비-방법,신용회복 주민등록초본 준비 방법,credit,,서류,방법·절차 확인,0,,726
신용회복-주민등록초본-제출-방법,신용회복 주민등록초본 제출 방법,credit,,서류,방법·절차 확인,0,,727
신용회복-주민등록초본-누락-시-대응,신용회복 주민등록초본 누락 시 대응,credit,,서류,필요서류 준비 및 작성,0,,728
신용회복-가족관계증명서,신용회복 가족관계증명서,credit,,서류,필요서류 준비 및 작성,0,,729
신용회복-가족관계증명서-준비-방법,신용회복 가족관계증명서 준비 방법,credit,,서류,방법·절차 확인,0,,730
신용회복-가족관계증명서-제출-방법,신용회복 가족관계증명서 제출 방법,credit,,서류,방법·절차 확인,0,,731
신용회복-가족관계증명서-누락-시-대응,신용회복 가족관계증명서 누락 시 대응,credit,,서류,필요서류 준비 및 작성,0,,732
신용회복-혼인관계증명서,신용회복 혼인관계증명서,credit,,서류,필요서류 준비 및 작성,0,,733
신용회복-혼인관계증명서-준비-방법,신용회복 혼인관계증명서 준비 방법,credit,,서류,방법·절차 확인,0,,734
신용회복-혼인관계증명서-제출-방법,신용회복 혼인관계증명서 제출 방법,credit,,서류,방법·절차 확인,0,,735
신용회복-혼인관계증명서-누락-시-대응,신용회복 혼인관계증명서 누락 시 대응,credit,,서류,필요서류 준비 및 작성,0,,736
신용회복-급여명세서,신용회복 급여명세서,credit,,서류,필요서류 준비 및 작성,0,,737
신용회복-급여명세서-준비-방법,신용회복 급여명세서 준비 방법,credit,,서류,방법·절차 확인,0,,738
신용회복-급여명세서-제출-방법,신용회복 급여명세서 제출 방법,credit,,서류,방법·절차 확인,0,,739
신용회복-급여명세서-누락-시-대응,신용회복 급여명세서 누락 시 대응,credit,,서류,필요서류 준비 및 작성,0,,740
신용회복-재직증명서,신용회복 재직증명서,credit,,서류,필요서류 준비 및 작성,0,,741
신용회복-재직증명서-준비-방법,신용회복 재직증명서 준비 방법,credit,,서류,방법·절차 확인,0,,742
신용회복-재직증명서-제출-방법,신용회복 재직증명서 제출 방법,credit,,서류,방법·절차 확인,0,,743
신용회복-재직증명서-누락-시-대응,신용회복 재직증명서 누락 시 대응,credit,,서류,필요서류 준비 및 작성,0,,744
신용회복-원천징수영수증,신용회복 원천징수영수증,credit,,서류,필요서류 준비 및 작성,0,,745
신용회복-원천징수영수증-준비-방법,신용회복 원천징수영수증 준비 방법,credit,,서류,방법·절차 확인,0,,746
신용회복-원천징수영수증-제출-방법,신용회복 원천징수영수증 제출 방법,credit,,서류,방법·절차 확인,0,,747
신용회복-원천징수영수증-누락-시-대응,신용회복 원천징수영수증 누락 시 대응,credit,,서류,필요서류 준비 및 작성,0,,748
신용회복-소득금액증명,신용회복 소득금액증명,credit,,서류,필요서류 준비 및 작성,0,,749
신용회복-소득금액증명-준비-방법,신용회복 소득금액증명 준비 방법,credit,,서류,방법·절차 확인,0,,750
신용회복-소득금액증명-제출-방법,신용회복 소득금액증명 제출 방법,credit,,서류,방법·절차 확인,0,,751
신용회복-소득금액증명-누락-시-대응,신용회복 소득금액증명 누락 시 대응,credit,,서류,필요서류 준비 및 작성,0,,752
신용회복-사업자등록증,신용회복 사업자등록증,credit,,서류,필요서류 준비 및 작성,0,,753
신용회복-사업자등록증-준비-방법,신용회복 사업자등록증 준비 방법,credit,,서류,방법·절차 확인,0,,754
신용회복-사업자등록증-제출-방법,신용회복 사업자등록증 제출 방법,credit,,서류,방법·절차 확인,0,,755
신용회복-사업자등록증-누락-시-대응,신용회복 사업자등록증 누락 시 대응,credit,,서류,필요서류 준비 및 작성,0,,756
신용회복-부가가치세-신고자료,신용회복 부가가치세 신고자료,credit,,서류,필요서류 준비 및 작성,0,,757
신용회복-부가가치세-신고자료-준비-방법,신용회복 부가가치세 신고자료 준비 방법,credit,,서류,방법·절차 확인,0,,758
신용회복-부가가치세-신고자료-제출-방법,신용회복 부가가치세 신고자료 제출 방법,credit,,서류,방법·절차 확인,0,,759
신용회복-부가가치세-신고자료-누락-시-대응,신용회복 부가가치세 신고자료 누락 시 대응,credit,,서류,필요서류 준비 및 작성,0,,760
신용회복-통장거래내역,신용회복 통장거래내역,credit,,서류,필요서류 준비 및 작성,0,,761
신용회복-통장거래내역-준비-방법,신용회복 통장거래내역 준비 방법,credit,,서류,방법·절차 확인,0,,762
신용회복-통장거래내역-제출-방법,신용회복 통장거래내역 제출 방법,credit,,서류,방법·절차 확인,0,,763
신용회복-통장거래내역-누락-시-대응,신용회복 통장거래내역 누락 시 대응,credit,,서류,필요서류 준비 및 작성,0,,764
신용회복-부채증명서,신용회복 부채증명서,credit,,서류,필요서류 준비 및 작성,0,,765
신용회복-부채증명서-준비-방법,신용회복 부채증명서 준비 방법,credit,,서류,방법·절차 확인,0,,766
신용회복-부채증명서-제출-방법,신용회복 부채증명서 제출 방법,credit,,서류,방법·절차 확인,0,,767
신용회복-부채증명서-누락-시-대응,신용회복 부채증명서 누락 시 대응,credit,,서류,필요서류 준비 및 작성,0,,768
신용회복-신용정보조회서,신용회복 신용정보조회서,credit,,서류,필요서류 준비 및 작성,0,,769
신용회복-신용정보조회서-준비-방법,신용회복 신용정보조회서 준비 방법,credit,,서류,방법·절차 확인,0,,770
신용회복-신용정보조회서-제출-방법,신용회복 신용정보조회서 제출 방법,credit,,서류,방법·절차 확인,0,,771
신용회복-신용정보조회서-누락-시-대응,신용회복 신용정보조회서 누락 시 대응,credit,,서류,필요서류 준비 및 작성,0,,772
신용회복-임대차계약서,신용회복 임대차계약서,credit,,서류,필요서류 준비 및 작성,0,,773
신용회복-임대차계약서-준비-방법,신용회복 임대차계약서 준비 방법,credit,,서류,방법·절차 확인,0,,774
신용회복-임대차계약서-제출-방법,신용회복 임대차계약서 제출 방법,credit,,서류,방법·절차 확인,0,,775
신용회복-임대차계약서-누락-시-대응,신용회복 임대차계약서 누락 시 대응,credit,,서류,필요서류 준비 및 작성,0,,776
신용회복-부동산-등기사항증명서,신용회복 부동산 등기사항증명서,credit,,서류,필요서류 준비 및 작성,0,,777
신용회복-부동산-등기사항증명서-준비-방법,신용회복 부동산 등기사항증명서 준비 방법,credit,,서류,방법·절차 확인,0,,778
신용회복-부동산-등기사항증명서-제출-방법,신용회복 부동산 등기사항증명서 제출 방법,credit,,서류,방법·절차 확인,0,,779
신용회복-부동산-등기사항증명서-누락-시-대응,신용회복 부동산 등기사항증명서 누락 시 대응,credit,,서류,필요서류 준비 및 작성,0,,780
신용회복-자동차등록원부,신용회복 자동차등록원부,credit,,서류,필요서류 준비 및 작성,0,,781
신용회복-자동차등록원부-준비-방법,신용회복 자동차등록원부 준비 방법,credit,,서류,방법·절차 확인,0,,782
신용회복-자동차등록원부-제출-방법,신용회복 자동차등록원부 제출 방법,credit,,서류,방법·절차 확인,0,,783
신용회복-자동차등록원부-누락-시-대응,신용회복 자동차등록원부 누락 시 대응,credit,,서류,필요서류 준비 및 작성,0,,784
신용회복-보험가입내역,신용회복 보험가입내역,credit,,서류,필요서류 준비 및 작성,0,,785
신용회복-보험가입내역-준비-방법,신용회복 보험가입내역 준비 방법,credit,,서류,방법·절차 확인,0,,786
신용회복-보험가입내역-제출-방법,신용회복 보험가입내역 제출 방법,credit,,서류,방법·절차 확인,0,,787
신용회복-보험가입내역-누락-시-대응,신용회복 보험가입내역 누락 시 대응,credit,,서류,필요서류 준비 및 작성,0,,788
신용회복-보험-해약환급금-증명서,신용회복 보험 해약환급금 증명서,credit,,서류,필요서류 준비 및 작성,0,,789
신용회복-보험-해약환급금-증명서-준비-방법,신용회복 보험 해약환급금 증명서 준비 방법,credit,,서류,방법·절차 확인,0,,790
신용회복-보험-해약환급금-증명서-제출-방법,신용회복 보험 해약환급금 증명서 제출 방법,credit,,서류,방법·절차 확인,0,,791
신용회복-보험-해약환급금-증명서-누락-시-대응,신용회복 보험 해약환급금 증명서 누락 시 대응,credit,,서류,필요서류 준비 및 작성,0,,792
신용회복-진술서,신용회복 진술서,credit,,서류,필요서류 준비 및 작성,0,,793
신용회복-진술서-준비-방법,신용회복 진술서 준비 방법,credit,,서류,방법·절차 확인,0,,794
신용회복-진술서-제출-방법,신용회복 진술서 제출 방법,credit,,서류,방법·절차 확인,0,,795
신용회복-진술서-누락-시-대응,신용회복 진술서 누락 시 대응,credit,,서류,필요서류 준비 및 작성,0,,796
신용회복-재산목록,신용회복 재산목록,credit,,서류,필요서류 준비 및 작성,0,,797
신용회복-재산목록-준비-방법,신용회복 재산목록 준비 방법,credit,,서류,방법·절차 확인,0,,798
신용회복-재산목록-제출-방법,신용회복 재산목록 제출 방법,credit,,서류,방법·절차 확인,0,,799
신용회복-재산목록-누락-시-대응,신용회복 재산목록 누락 시 대응,credit,,서류,필요서류 준비 및 작성,0,,800
신용회복-보정권고,신용회복 보정권고,credit,,보정,보정 요구 대응,1,보정,801
신용회복-보정권고-대응-방법,신용회복 보정권고 대응 방법,credit,,보정,방법·절차 확인,1,보정,802
신용회복-보정권고-제출서류,신용회복 보정권고 제출서류,credit,,보정,서류·증빙 준비,1,보정,803
신용회복-보정권고-사례,신용회복 보정권고 사례,credit,,보정,사례·경험 탐색,1,보정,804
신용회복-보정명령,신용회복 보정명령,credit,,보정,보정 요구 대응,1,보정,805
신용회복-보정명령-대응-방법,신용회복 보정명령 대응 방법,credit,,보정,방법·절차 확인,1,보정,806
신용회복-보정명령-제출서류,신용회복 보정명령 제출서류,credit,,보정,서류·증빙 준비,1,보정,807
신용회복-보정명령-사례,신용회복 보정명령 사례,credit,,보정,사례·경험 탐색,1,보정,808
신용회복-보정서-작성,신용회복 보정서 작성,credit,,보정,보정 요구 대응,1,보정,809
신용회복-보정서-작성-대응-방법,신용회복 보정서 작성 대응 방법,credit,,보정,방법·절차 확인,1,보정,810
신용회복-보정서-작성-제출서류,신용회복 보정서 작성 제출서류,credit,,보정,서류·증빙 준비,1,보정,811
신용회복-보정서-작성-사례,신용회복 보정서 작성 사례,credit,,보정,사례·경험 탐색,1,보정,812
신용회복-보정기한-연장,신용회복 보정기한 연장,credit,,보정,보정 요구 대응,1,보정,813
신용회복-보정기한-연장-대응-방법,신용회복 보정기한 연장 대응 방법,credit,,보정,방법·절차 확인,1,보정,814
신용회복-보정기한-연장-제출서류,신용회복 보정기한 연장 제출서류,credit,,보정,서류·증빙 준비,1,보정,815
신용회복-보정기한-연장-사례,신용회복 보정기한 연장 사례,credit,,보정,사례·경험 탐색,1,보정,816
신용회복-소득자료-보정,신용회복 소득자료 보정,credit,,보정,보정 요구 대응,1,보정,817
신용회복-소득자료-보정-대응-방법,신용회복 소득자료 보정 대응 방법,credit,,보정,방법·절차 확인,1,보정,818
신용회복-소득자료-보정-제출서류,신용회복 소득자료 보정 제출서류,credit,,보정,서류·증빙 준비,1,보정,819
신용회복-소득자료-보정-사례,신용회복 소득자료 보정 사례,credit,,보정,사례·경험 탐색,1,보정,820
신용회복-재산자료-보정,신용회복 재산자료 보정,credit,,보정,보정 요구 대응,1,보정,821
신용회복-재산자료-보정-대응-방법,신용회복 재산자료 보정 대응 방법,credit,,보정,방법·절차 확인,1,보정,822
신용회복-재산자료-보정-제출서류,신용회복 재산자료 보정 제출서류,credit,,보정,서류·증빙 준비,1,보정,823
신용회복-재산자료-보정-사례,신용회복 재산자료 보정 사례,credit,,보정,사례·경험 탐색,1,보정,824
신용회복-채무증대-경위-보정,신용회복 채무증대 경위 보정,credit,,보정,보정 요구 대응,1,보정,825
신용회복-채무증대-경위-보정-대응-방법,신용회복 채무증대 경위 보정 대응 방법,credit,,보정,방법·절차 확인,1,보정,826
신용회복-채무증대-경위-보정-제출서류,신용회복 채무증대 경위 보정 제출서류,credit,,보정,서류·증빙 준비,1,보정,827
신용회복-채무증대-경위-보정-사례,신용회복 채무증대 경위 보정 사례,credit,,보정,사례·경험 탐색,1,보정,828
신용회복-최근대출-사용처-보정,신용회복 최근대출 사용처 보정,credit,,보정,보정 요구 대응,1,보정,829
신용회복-최근대출-사용처-보정-대응-방법,신용회복 최근대출 사용처 보정 대응 방법,credit,,보정,방법·절차 확인,1,보정,830
신용회복-최근대출-사용처-보정-제출서류,신용회복 최근대출 사용처 보정 제출서류,credit,,보정,서류·증빙 준비,1,보정,831
신용회복-최근대출-사용처-보정-사례,신용회복 최근대출 사용처 보정 사례,credit,,보정,사례·경험 탐색,1,보정,832
신용회복-현금인출-내역-보정,신용회복 현금인출 내역 보정,credit,,보정,보정 요구 대응,1,보정,833
신용회복-현금인출-내역-보정-대응-방법,신용회복 현금인출 내역 보정 대응 방법,credit,,보정,방법·절차 확인,1,보정,834
신용회복-현금인출-내역-보정-제출서류,신용회복 현금인출 내역 보정 제출서류,credit,,보정,서류·증빙 준비,1,보정,835
신용회복-현금인출-내역-보정-사례,신용회복 현금인출 내역 보정 사례,credit,,보정,사례·경험 탐색,1,보정,836
신용회복-가족-간-거래-보정,신용회복 가족 간 거래 보정,credit,,보정,보정 요구 대응,1,보정,837
신용회복-가족-간-거래-보정-대응-방법,신용회복 가족 간 거래 보정 대응 방법,credit,,보정,방법·절차 확인,1,보정,838
신용회복-가족-간-거래-보정-제출서류,신용회복 가족 간 거래 보정 제출서류,credit,,보정,서류·증빙 준비,1,보정,839
신용회복-가족-간-거래-보정-사례,신용회복 가족 간 거래 보정 사례,credit,,보정,사례·경험 탐색,1,보정,840
신용회복-배우자-재산-보정,신용회복 배우자 재산 보정,credit,,보정,보정 요구 대응,1,보정,841
신용회복-배우자-재산-보정-대응-방법,신용회복 배우자 재산 보정 대응 방법,credit,,보정,방법·절차 확인,1,보정,842
신용회복-배우자-재산-보정-제출서류,신용회복 배우자 재산 보정 제출서류,credit,,보정,서류·증빙 준비,1,보정,843
신용회복-배우자-재산-보정-사례,신용회복 배우자 재산 보정 사례,credit,,보정,사례·경험 탐색,1,보정,844
신용회복-보험자료-보정,신용회복 보험자료 보정,credit,,보정,보정 요구 대응,1,보정,845
신용회복-보험자료-보정-대응-방법,신용회복 보험자료 보정 대응 방법,credit,,보정,방법·절차 확인,1,보정,846
신용회복-보험자료-보정-제출서류,신용회복 보험자료 보정 제출서류,credit,,보정,서류·증빙 준비,1,보정,847
신용회복-보험자료-보정-사례,신용회복 보험자료 보정 사례,credit,,보정,사례·경험 탐색,1,보정,848
신용회복-가상자산-거래-보정,신용회복 가상자산 거래 보정,credit,,보정,보정 요구 대응,1,보정,849
신용회복-가상자산-거래-보정-대응-방법,신용회복 가상자산 거래 보정 대응 방법,credit,,보정,방법·절차 확인,1,보정,850
신용회복-가상자산-거래-보정-제출서류,신용회복 가상자산 거래 보정 제출서류,credit,,보정,서류·증빙 준비,1,보정,851
신용회복-가상자산-거래-보정-사례,신용회복 가상자산 거래 보정 사례,credit,,보정,사례·경험 탐색,1,보정,852
신용회복-주식-거래-보정,신용회복 주식 거래 보정,credit,,보정,보정 요구 대응,1,보정,853
신용회복-주식-거래-보정-대응-방법,신용회복 주식 거래 보정 대응 방법,credit,,보정,방법·절차 확인,1,보정,854
신용회복-주식-거래-보정-제출서류,신용회복 주식 거래 보정 제출서류,credit,,보정,서류·증빙 준비,1,보정,855
신용회복-주식-거래-보정-사례,신용회복 주식 거래 보정 사례,credit,,보정,사례·경험 탐색,1,보정,856
신용회복-사업경비-보정,신용회복 사업경비 보정,credit,,보정,보정 요구 대응,1,보정,857
신용회복-사업경비-보정-대응-방법,신용회복 사업경비 보정 대응 방법,credit,,보정,방법·절차 확인,1,보정,858
신용회복-사업경비-보정-제출서류,신용회복 사업경비 보정 제출서류,credit,,보정,서류·증빙 준비,1,보정,859
신용회복-사업경비-보정-사례,신용회복 사업경비 보정 사례,credit,,보정,사례·경험 탐색,1,보정,860
신용회복-부양가족-보정,신용회복 부양가족 보정,credit,,보정,보정 요구 대응,1,보정,861
신용회복-부양가족-보정-대응-방법,신용회복 부양가족 보정 대응 방법,credit,,보정,방법·절차 확인,1,보정,862
신용회복-부양가족-보정-제출서류,신용회복 부양가족 보정 제출서류,credit,,보정,서류·증빙 준비,1,보정,863
신용회복-부양가족-보정-사례,신용회복 부양가족 보정 사례,credit,,보정,사례·경험 탐색,1,보정,864
신용회복-주거비-보정,신용회복 주거비 보정,credit,,보정,보정 요구 대응,1,보정,865
신용회복-주거비-보정-대응-방법,신용회복 주거비 보정 대응 방법,credit,,보정,방법·절차 확인,1,보정,866
신용회복-주거비-보정-제출서류,신용회복 주거비 보정 제출서류,credit,,보정,서류·증빙 준비,1,보정,867
신용회복-주거비-보정-사례,신용회복 주거비 보정 사례,credit,,보정,사례·경험 탐색,1,보정,868
신용회복-채권자목록-보정,신용회복 채권자목록 보정,credit,,보정,보정 요구 대응,1,보정,869
신용회복-채권자목록-보정-대응-방법,신용회복 채권자목록 보정 대응 방법,credit,,보정,방법·절차 확인,1,보정,870
신용회복-채권자목록-보정-제출서류,신용회복 채권자목록 보정 제출서류,credit,,보정,서류·증빙 준비,1,보정,871
신용회복-채권자목록-보정-사례,신용회복 채권자목록 보정 사례,credit,,보정,사례·경험 탐색,1,보정,872
신용회복-변제계획안-보정,신용회복 변제계획안 보정,credit,,보정,보정 요구 대응,1,변제계획;보정,873
신용회복-변제계획안-보정-대응-방법,신용회복 변제계획안 보정 대응 방법,credit,,보정,방법·절차 확인,1,변제계획;보정,874
신용회복-변제계획안-보정-제출서류,신용회복 변제계획안 보정 제출서류,credit,,보정,서류·증빙 준비,1,변제계획;보정,875
신용회복-변제계획안-보정-사례,신용회복 변제계획안 보정 사례,credit,,보정,사례·경험 탐색,1,변제계획;보정,876
신용회복-추가-보정,신용회복 추가 보정,credit,,보정,보정 요구 대응,1,보정,877
신용회복-추가-보정-대응-방법,신용회복 추가 보정 대응 방법,credit,,보정,방법·절차 확인,1,보정,878
신용회복-추가-보정-제출서류,신용회복 추가 보정 제출서류,credit,,보정,서류·증빙 준비,1,보정,879
신용회복-추가-보정-사례,신용회복 추가 보정 사례,credit,,보정,사례·경험 탐색,1,보정,880
신용회복-금지명령-신청,신용회복 금지명령 신청,credit,,금지명령,명령 신청 및 효력 확인,1,금지명령,881
신용회복-금지명령-신청-확인사항,신용회복 금지명령 신청 확인사항,credit,,금지명령,명령 신청 및 효력 확인,1,금지명령,882
신용회복-금지명령-신청-대응-상담,신용회복 금지명령 신청 대응 상담,credit,,금지명령,상담·서비스 탐색,1,금지명령,883
신용회복-금지명령-신청-사례,신용회복 금지명령 신청 사례,credit,,금지명령,사례·경험 탐색,1,금지명령,884
신용회복-중지명령-신청,신용회복 중지명령 신청,credit,,금지명령,명령 신청 및 효력 확인,1,중지명령,885
신용회복-중지명령-신청-확인사항,신용회복 중지명령 신청 확인사항,credit,,금지명령,명령 신청 및 효력 확인,1,중지명령,886
신용회복-중지명령-신청-대응-상담,신용회복 중지명령 신청 대응 상담,credit,,금지명령,상담·서비스 탐색,1,중지명령,887
신용회복-중지명령-신청-사례,신용회복 중지명령 신청 사례,credit,,금지명령,사례·경험 탐색,1,중지명령,888
신용회복-금지명령-기각,신용회복 금지명령 기각,credit,,금지명령,명령 신청 및 효력 확인,1,금지명령;기각,889
신용회복-금지명령-기각-확인사항,신용회복 금지명령 기각 확인사항,credit,,금지명령,명령 신청 및 효력 확인,1,금지명령;기각,890
신용회복-금지명령-기각-대응-상담,신용회복 금지명령 기각 대응 상담,credit,,금지명령,상담·서비스 탐색,1,금지명령;기각,891
신용회복-금지명령-기각-사례,신용회복 금지명령 기각 사례,credit,,금지명령,사례·경험 탐색,1,금지명령;기각,892
신용회복-금지명령-지연,신용회복 금지명령 지연,credit,,금지명령,명령 신청 및 효력 확인,1,금지명령,893
신용회복-금지명령-지연-확인사항,신용회복 금지명령 지연 확인사항,credit,,금지명령,명령 신청 및 효력 확인,1,금지명령,894
신용회복-금지명령-지연-대응-상담,신용회복 금지명령 지연 대응 상담,credit,,금지명령,상담·서비스 탐색,1,금지명령,895
신용회복-금지명령-지연-사례,신용회복 금지명령 지연 사례,credit,,금지명령,사례·경험 탐색,1,금지명령,896
신용회복-금지명령-송달,신용회복 금지명령 송달,credit,,금지명령,명령 신청 및 효력 확인,1,금지명령,897
신용회복-금지명령-송달-확인사항,신용회복 금지명령 송달 확인사항,credit,,금지명령,명령 신청 및 효력 확인,1,금지명령,898
신용회복-금지명령-송달-대응-상담,신용회복 금지명령 송달 대응 상담,credit,,금지명령,상담·서비스 탐색,1,금지명령,899
신용회복-금지명령-송달-사례,신용회복 금지명령 송달 사례,credit,,금지명령,사례·경험 탐색,1,금지명령,900
신용회복-금지명령-재신청,신용회복 금지명령 재신청,credit,,금지명령,명령 신청 및 효력 확인,1,금지명령;재신청,901
신용회복-금지명령-재신청-확인사항,신용회복 금지명령 재신청 확인사항,credit,,금지명령,명령 신청 및 효력 확인,1,금지명령;재신청,902
신용회복-금지명령-재신청-대응-상담,신용회복 금지명령 재신청 대응 상담,credit,,금지명령,상담·서비스 탐색,1,금지명령;재신청,903
신용회복-금지명령-재신청-사례,신용회복 금지명령 재신청 사례,credit,,금지명령,사례·경험 탐색,1,금지명령;재신청,904
신용회복-금지명령-효력,신용회복 금지명령 효력,credit,,금지명령,명령 신청 및 효력 확인,1,금지명령,905
신용회복-금지명령-효력-확인사항,신용회복 금지명령 효력 확인사항,credit,,금지명령,명령 신청 및 효력 확인,1,금지명령,906
신용회복-금지명령-효력-대응-상담,신용회복 금지명령 효력 대응 상담,credit,,금지명령,상담·서비스 탐색,1,금지명령,907
신용회복-금지명령-효력-사례,신용회복 금지명령 효력 사례,credit,,금지명령,사례·경험 탐색,1,금지명령,908
신용회복-중지명령-효력,신용회복 중지명령 효력,credit,,금지명령,명령 신청 및 효력 확인,1,중지명령,909
신용회복-중지명령-효력-확인사항,신용회복 중지명령 효력 확인사항,credit,,금지명령,명령 신청 및 효력 확인,1,중지명령,910
신용회복-중지명령-효력-대응-상담,신용회복 중지명령 효력 대응 상담,credit,,금지명령,상담·서비스 탐색,1,중지명령,911
신용회복-중지명령-효력-사례,신용회복 중지명령 효력 사례,credit,,금지명령,사례·경험 탐색,1,중지명령,912
신용회복-금지명령-후-독촉,신용회복 금지명령 후 독촉,credit,,금지명령,명령 신청 및 효력 확인,1,금지명령,913
신용회복-금지명령-후-독촉-확인사항,신용회복 금지명령 후 독촉 확인사항,credit,,금지명령,명령 신청 및 효력 확인,1,금지명령,914
신용회복-금지명령-후-독촉-대응-상담,신용회복 금지명령 후 독촉 대응 상담,credit,,금지명령,상담·서비스 탐색,1,금지명령,915
신용회복-금지명령-후-독촉-사례,신용회복 금지명령 후 독촉 사례,credit,,금지명령,사례·경험 탐색,1,금지명령,916
신용회복-금지명령-후-압류,신용회복 금지명령 후 압류,credit,,금지명령,명령 신청 및 효력 확인,1,금지명령,917
신용회복-금지명령-후-압류-확인사항,신용회복 금지명령 후 압류 확인사항,credit,,금지명령,명령 신청 및 효력 확인,1,금지명령,918
신용회복-금지명령-후-압류-대응-상담,신용회복 금지명령 후 압류 대응 상담,credit,,금지명령,상담·서비스 탐색,1,금지명령,919
신용회복-금지명령-후-압류-사례,신용회복 금지명령 후 압류 사례,credit,,금지명령,사례·경험 탐색,1,금지명령,920
신용회복-금지명령-전-추심,신용회복 금지명령 전 추심,credit,,금지명령,명령 신청 및 효력 확인,1,금지명령,921
신용회복-금지명령-전-추심-확인사항,신용회복 금지명령 전 추심 확인사항,credit,,금지명령,명령 신청 및 효력 확인,1,금지명령,922
신용회복-금지명령-전-추심-대응-상담,신용회복 금지명령 전 추심 대응 상담,credit,,금지명령,상담·서비스 탐색,1,금지명령,923
신용회복-금지명령-전-추심-사례,신용회복 금지명령 전 추심 사례,credit,,금지명령,사례·경험 탐색,1,금지명령,924
신용회복-금지명령-누락-채권,신용회복 금지명령 누락 채권,credit,,금지명령,명령 신청 및 효력 확인,1,금지명령,925
신용회복-금지명령-누락-채권-확인사항,신용회복 금지명령 누락 채권 확인사항,credit,,금지명령,명령 신청 및 효력 확인,1,금지명령,926
신용회복-금지명령-누락-채권-대응-상담,신용회복 금지명령 누락 채권 대응 상담,credit,,금지명령,상담·서비스 탐색,1,금지명령,927
신용회복-금지명령-누락-채권-사례,신용회복 금지명령 누락 채권 사례,credit,,금지명령,사례·경험 탐색,1,금지명령,928
신용회복-금지명령-채권자-추가,신용회복 금지명령 채권자 추가,credit,,금지명령,명령 신청 및 효력 확인,1,금지명령,929
신용회복-금지명령-채권자-추가-확인사항,신용회복 금지명령 채권자 추가 확인사항,credit,,금지명령,명령 신청 및 효력 확인,1,금지명령,930
신용회복-금지명령-채권자-추가-대응-상담,신용회복 금지명령 채권자 추가 대응 상담,credit,,금지명령,상담·서비스 탐색,1,금지명령,931
신용회복-금지명령-채권자-추가-사례,신용회복 금지명령 채권자 추가 사례,credit,,금지명령,사례·경험 탐색,1,금지명령,932
신용회복-금지명령-금융회사-통지,신용회복 금지명령 금융회사 통지,credit,,금지명령,명령 신청 및 효력 확인,1,금지명령,933
신용회복-금지명령-금융회사-통지-확인사항,신용회복 금지명령 금융회사 통지 확인사항,credit,,금지명령,명령 신청 및 효력 확인,1,금지명령,934
신용회복-금지명령-금융회사-통지-대응-상담,신용회복 금지명령 금융회사 통지 대응 상담,credit,,금지명령,상담·서비스 탐색,1,금지명령,935
신용회복-금지명령-금융회사-통지-사례,신용회복 금지명령 금융회사 통지 사례,credit,,금지명령,사례·경험 탐색,1,금지명령,936
신용회복-중지명령-급여압류,신용회복 중지명령 급여압류,credit,,금지명령,명령 신청 및 효력 확인,1,중지명령,937
신용회복-중지명령-급여압류-확인사항,신용회복 중지명령 급여압류 확인사항,credit,,금지명령,명령 신청 및 효력 확인,1,중지명령,938
신용회복-중지명령-급여압류-대응-상담,신용회복 중지명령 급여압류 대응 상담,credit,,금지명령,상담·서비스 탐색,1,중지명령,939
신용회복-중지명령-급여압류-사례,신용회복 중지명령 급여압류 사례,credit,,금지명령,사례·경험 탐색,1,중지명령,940
신용회복-중지명령-통장압류,신용회복 중지명령 통장압류,credit,,금지명령,명령 신청 및 효력 확인,1,중지명령,941
신용회복-중지명령-통장압류-확인사항,신용회복 중지명령 통장압류 확인사항,credit,,금지명령,명령 신청 및 효력 확인,1,중지명령,942
신용회복-중지명령-통장압류-대응-상담,신용회복 중지명령 통장압류 대응 상담,credit,,금지명령,상담·서비스 탐색,1,중지명령,943
신용회복-중지명령-통장압류-사례,신용회복 중지명령 통장압류 사례,credit,,금지명령,사례·경험 탐색,1,중지명령,944
신용회복-중지명령-경매,신용회복 중지명령 경매,credit,,금지명령,명령 신청 및 효력 확인,1,중지명령,945
신용회복-중지명령-경매-확인사항,신용회복 중지명령 경매 확인사항,credit,,금지명령,명령 신청 및 효력 확인,1,중지명령,946
신용회복-중지명령-경매-대응-상담,신용회복 중지명령 경매 대응 상담,credit,,금지명령,상담·서비스 탐색,1,중지명령,947
신용회복-중지명령-경매-사례,신용회복 중지명령 경매 사례,credit,,금지명령,사례·경험 탐색,1,중지명령,948
신용회복-중지명령-집행사건,신용회복 중지명령 집행사건,credit,,금지명령,명령 신청 및 효력 확인,1,중지명령,949
신용회복-중지명령-집행사건-확인사항,신용회복 중지명령 집행사건 확인사항,credit,,금지명령,명령 신청 및 효력 확인,1,중지명령,950
신용회복-중지명령-집행사건-대응-상담,신용회복 중지명령 집행사건 대응 상담,credit,,금지명령,상담·서비스 탐색,1,중지명령,951
신용회복-중지명령-집행사건-사례,신용회복 중지명령 집행사건 사례,credit,,금지명령,사례·경험 탐색,1,중지명령,952
신용회복-재신청-금지명령,신용회복 재신청 금지명령,credit,,금지명령,명령 신청 및 효력 확인,1,금지명령;재신청,953
신용회복-재신청-금지명령-확인사항,신용회복 재신청 금지명령 확인사항,credit,,금지명령,명령 신청 및 효력 확인,1,금지명령;재신청,954
신용회복-재신청-금지명령-대응-상담,신용회복 재신청 금지명령 대응 상담,credit,,금지명령,상담·서비스 탐색,1,금지명령;재신청,955
신용회복-재신청-금지명령-사례,신용회복 재신청 금지명령 사례,credit,,금지명령,사례·경험 탐색,1,금지명령;재신청,956
신용회복-금지명령-위반,신용회복 금지명령 위반,credit,,금지명령,명령 신청 및 효력 확인,1,금지명령,957
신용회복-금지명령-위반-확인사항,신용회복 금지명령 위반 확인사항,credit,,금지명령,명령 신청 및 효력 확인,1,금지명령,958
신용회복-금지명령-위반-대응-상담,신용회복 금지명령 위반 대응 상담,credit,,금지명령,상담·서비스 탐색,1,금지명령,959
신용회복-금지명령-위반-사례,신용회복 금지명령 위반 사례,credit,,금지명령,사례·경험 탐색,1,금지명령,960
신용회복-통장압류,신용회복 통장압류,credit,,압류,압류 대응 및 해제,0,,961
신용회복-통장압류-대응-방법,신용회복 통장압류 대응 방법,credit,,압류,방법·절차 확인,0,,962
신용회복-통장압류-필요서류,신용회복 통장압류 필요서류,credit,,압류,서류·증빙 준비,0,,963
신용회복-통장압류-상담,신용회복 통장압류 상담,credit,,압류,상담·서비스 탐색,0,,964
신용회복-급여압류,신용회복 급여압류,credit,,압류,압류 대응 및 해제,0,,965
신용회복-급여압류-대응-방법,신용회복 급여압류 대응 방법,credit,,압류,방법·절차 확인,0,,966
신용회복-급여압류-필요서류,신용회복 급여압류 필요서류,credit,,압류,서류·증빙 준비,0,,967
신용회복-급여압류-상담,신용회복 급여압류 상담,credit,,압류,상담·서비스 탐색,0,,968
신용회복-퇴직금-압류,신용회복 퇴직금 압류,credit,,압류,압류 대응 및 해제,0,,969
신용회복-퇴직금-압류-대응-방법,신용회복 퇴직금 압류 대응 방법,credit,,압류,방법·절차 확인,0,,970
신용회복-퇴직금-압류-필요서류,신용회복 퇴직금 압류 필요서류,credit,,압류,서류·증빙 준비,0,,971
신용회복-퇴직금-압류-상담,신용회복 퇴직금 압류 상담,credit,,압류,상담·서비스 탐색,0,,972
신용회복-보증금-압류,신용회복 보증금 압류,credit,,압류,압류 대응 및 해제,0,,973
신용회복-보증금-압류-대응-방법,신용회복 보증금 압류 대응 방법,credit,,압류,방법·절차 확인,0,,974
신용회복-보증금-압류-필요서류,신용회복 보증금 압류 필요서류,credit,,압류,서류·증빙 준비,0,,975
신용회복-보증금-압류-상담,신용회복 보증금 압류 상담,credit,,압류,상담·서비스 탐색,0,,976
신용회복-자동차-압류,신용회복 자동차 압류,credit,,압류,압류 대응 및 해제,0,,977
신용회복-자동차-압류-대응-방법,신용회복 자동차 압류 대응 방법,credit,,압류,방법·절차 확인,0,,978
신용회복-자동차-압류-필요서류,신용회복 자동차 압류 필요서류,credit,,압류,서류·증빙 준비,0,,979
신용회복-자동차-압류-상담,신용회복 자동차 압류 상담,credit,,압류,상담·서비스 탐색,0,,980
신용회복-부동산-압류,신용회복 부동산 압류,credit,,압류,압류 대응 및 해제,0,,981
신용회복-부동산-압류-대응-방법,신용회복 부동산 압류 대응 방법,credit,,압류,방법·절차 확인,0,,982
신용회복-부동산-압류-필요서류,신용회복 부동산 압류 필요서류,credit,,압류,서류·증빙 준비,0,,983
신용회복-부동산-압류-상담,신용회복 부동산 압류 상담,credit,,압류,상담·서비스 탐색,0,,984
신용회복-유체동산-압류,신용회복 유체동산 압류,credit,,압류,압류 대응 및 해제,0,,985
신용회복-유체동산-압류-대응-방법,신용회복 유체동산 압류 대응 방법,credit,,압류,방법·절차 확인,0,,986
신용회복-유체동산-압류-필요서류,신용회복 유체동산 압류 필요서류,credit,,압류,서류·증빙 준비,0,,987
신용회복-유체동산-압류-상담,신용회복 유체동산 압류 상담,credit,,압류,상담·서비스 탐색,0,,988
신용회복-매출채권-압류,신용회복 매출채권 압류,credit,,압류,압류 대응 및 해제,0,,989
신용회복-매출채권-압류-대응-방법,신용회복 매출채권 압류 대응 방법,credit,,압류,방법·절차 확인,0,,990
신용회복-매출채권-압류-필요서류,신용회복 매출채권 압류 필요서류,credit,,압류,서류·증빙 준비,0,,991
신용회복-매출채권-압류-상담,신용회복 매출채권 압류 상담,credit,,압류,상담·서비스 탐색,0,,992
신용회복-카드매출-압류,신용회복 카드매출 압류,credit,,압류,압류 대응 및 해제,0,,993
신용회복-카드매출-압류-대응-방법,신용회복 카드매출 압류 대응 방법,credit,,압류,방법·절차 확인,0,,994
신용회복-카드매출-압류-필요서류,신용회복 카드매출 압류 필요서류,credit,,압류,서류·증빙 준비,0,,995
신용회복-카드매출-압류-상담,신용회복 카드매출 압류 상담,credit,,압류,상담·서비스 탐색,0,,996
신용회복-예금-가압류,신용회복 예금 가압류,credit,,압류,압류 대응 및 해제,0,,997
신용회복-예금-가압류-대응-방법,신용회복 예금 가압류 대응 방법,credit,,압류,방법·절차 확인,0,,998
신용회복-예금-가압류-필요서류,신용회복 예금 가압류 필요서류,credit,,압류,서류·증빙 준비,0,,999
신용회복-예금-가압류-상담,신용회복 예금 가압류 상담,credit,,압류,상담·서비스 탐색,0,,1000
신용회복-급여-가압류,신용회복 급여 가압류,credit,,압류,압류 대응 및 해제,0,,1001
신용회복-급여-가압류-대응-방법,신용회복 급여 가압류 대응 방법,credit,,압류,방법·절차 확인,0,,1002
신용회복-급여-가압류-필요서류,신용회복 급여 가압류 필요서류,credit,,압류,서류·증빙 준비,0,,1003
신용회복-급여-가압류-상담,신용회복 급여 가압류 상담,credit,,압류,상담·서비스 탐색,0,,1004
신용회복-압류금지채권,신용회복 압류금지채권,credit,,압류,압류 대응 및 해제,0,,1005
신용회복-압류금지채권-대응-방법,신용회복 압류금지채권 대응 방법,credit,,압류,방법·절차 확인,0,,1006
신용회복-압류금지채권-필요서류,신용회복 압류금지채권 필요서류,credit,,압류,서류·증빙 준비,0,,1007
신용회복-압류금지채권-상담,신용회복 압류금지채권 상담,credit,,압류,상담·서비스 탐색,0,,1008
신용회복-생계비-계좌-압류,신용회복 생계비 계좌 압류,credit,,압류,압류 대응 및 해제,0,,1009
신용회복-생계비-계좌-압류-대응-방법,신용회복 생계비 계좌 압류 대응 방법,credit,,압류,방법·절차 확인,0,,1010
신용회복-생계비-계좌-압류-필요서류,신용회복 생계비 계좌 압류 필요서류,credit,,압류,서류·증빙 준비,0,,1011
신용회복-생계비-계좌-압류-상담,신용회복 생계비 계좌 압류 상담,credit,,압류,상담·서비스 탐색,0,,1012
신용회복-공동명의-재산-압류,신용회복 공동명의 재산 압류,credit,,압류,압류 대응 및 해제,0,,1013
신용회복-공동명의-재산-압류-대응-방법,신용회복 공동명의 재산 압류 대응 방법,credit,,압류,방법·절차 확인,0,,1014
신용회복-공동명의-재산-압류-필요서류,신용회복 공동명의 재산 압류 필요서류,credit,,압류,서류·증빙 준비,0,,1015
신용회복-공동명의-재산-압류-상담,신용회복 공동명의 재산 압류 상담,credit,,압류,상담·서비스 탐색,0,,1016
신용회복-압류계좌-잔액,신용회복 압류계좌 잔액,credit,,압류,압류 대응 및 해제,0,,1017
신용회복-압류계좌-잔액-대응-방법,신용회복 압류계좌 잔액 대응 방법,credit,,압류,방법·절차 확인,0,,1018
신용회복-압류계좌-잔액-필요서류,신용회복 압류계좌 잔액 필요서류,credit,,압류,서류·증빙 준비,0,,1019
신용회복-압류계좌-잔액-상담,신용회복 압류계좌 잔액 상담,credit,,압류,상담·서비스 탐색,0,,1020
신용회복-추심명령,신용회복 추심명령,credit,,압류,압류 대응 및 해제,0,,1021
신용회복-추심명령-대응-방법,신용회복 추심명령 대응 방법,credit,,압류,방법·절차 확인,0,,1022
신용회복-추심명령-필요서류,신용회복 추심명령 필요서류,credit,,압류,서류·증빙 준비,0,,1023
신용회복-추심명령-상담,신용회복 추심명령 상담,credit,,압류,상담·서비스 탐색,0,,1024
신용회복-전부명령,신용회복 전부명령,credit,,압류,압류 대응 및 해제,0,,1025
신용회복-전부명령-대응-방법,신용회복 전부명령 대응 방법,credit,,압류,방법·절차 확인,0,,1026
신용회복-전부명령-필요서류,신용회복 전부명령 필요서류,credit,,압류,서류·증빙 준비,0,,1027
신용회복-전부명령-상담,신용회복 전부명령 상담,credit,,압류,상담·서비스 탐색,0,,1028
신용회복-강제경매,신용회복 강제경매,credit,,압류,압류 대응 및 해제,0,,1029
신용회복-강제경매-대응-방법,신용회복 강제경매 대응 방법,credit,,압류,방법·절차 확인,0,,1030
신용회복-강제경매-필요서류,신용회복 강제경매 필요서류,credit,,압류,서류·증빙 준비,0,,1031
신용회복-강제경매-상담,신용회복 강제경매 상담,credit,,압류,상담·서비스 탐색,0,,1032
신용회복-압류해제-신청,신용회복 압류해제 신청,credit,,압류,압류 대응 및 해제,0,,1033
신용회복-압류해제-신청-대응-방법,신용회복 압류해제 신청 대응 방법,credit,,압류,방법·절차 확인,0,,1034
신용회복-압류해제-신청-필요서류,신용회복 압류해제 신청 필요서류,credit,,압류,서류·증빙 준비,0,,1035
신용회복-압류해제-신청-상담,신용회복 압류해제 신청 상담,credit,,압류,상담·서비스 탐색,0,,1036
신용회복-압류금지채권-범위변경,신용회복 압류금지채권 범위변경,credit,,압류,압류 대응 및 해제,0,,1037
신용회복-압류금지채권-범위변경-대응-방법,신용회복 압류금지채권 범위변경 대응 방법,credit,,압류,방법·절차 확인,0,,1038
신용회복-압류금지채권-범위변경-필요서류,신용회복 압류금지채권 범위변경 필요서류,credit,,압류,서류·증빙 준비,0,,1039
신용회복-압류금지채권-범위변경-상담,신용회복 압류금지채권 범위변경 상담,credit,,압류,상담·서비스 탐색,0,,1040
신용회복-전화-독촉,신용회복 전화 독촉,credit,,추심,독촉 및 추심 대응,0,,1041
신용회복-전화-독촉-대응-방법,신용회복 전화 독촉 대응 방법,credit,,추심,방법·절차 확인,0,,1042
신용회복-전화-독촉-증거-확보,신용회복 전화 독촉 증거 확보,credit,,추심,독촉 및 추심 대응,0,,1043
신용회복-전화-독촉-상담,신용회복 전화 독촉 상담,credit,,추심,상담·서비스 탐색,0,,1044
신용회복-문자-독촉,신용회복 문자 독촉,credit,,추심,독촉 및 추심 대응,0,,1045
신용회복-문자-독촉-대응-방법,신용회복 문자 독촉 대응 방법,credit,,추심,방법·절차 확인,0,,1046
신용회복-문자-독촉-증거-확보,신용회복 문자 독촉 증거 확보,credit,,추심,독촉 및 추심 대응,0,,1047
신용회복-문자-독촉-상담,신용회복 문자 독촉 상담,credit,,추심,상담·서비스 탐색,0,,1048
신용회복-방문-추심,신용회복 방문 추심,credit,,추심,독촉 및 추심 대응,0,,1049
신용회복-방문-추심-대응-방법,신용회복 방문 추심 대응 방법,credit,,추심,방법·절차 확인,0,,1050
신용회복-방문-추심-증거-확보,신용회복 방문 추심 증거 확보,credit,,추심,독촉 및 추심 대응,0,,1051
신용회복-방문-추심-상담,신용회복 방문 추심 상담,credit,,추심,상담·서비스 탐색,0,,1052
신용회복-직장-방문-추심,신용회복 직장 방문 추심,credit,,추심,독촉 및 추심 대응,0,,1053
신용회복-직장-방문-추심-대응-방법,신용회복 직장 방문 추심 대응 방법,credit,,추심,방법·절차 확인,0,,1054
신용회복-직장-방문-추심-증거-확보,신용회복 직장 방문 추심 증거 확보,credit,,추심,독촉 및 추심 대응,0,,1055
신용회복-직장-방문-추심-상담,신용회복 직장 방문 추심 상담,credit,,추심,상담·서비스 탐색,0,,1056
신용회복-가족-연락-추심,신용회복 가족 연락 추심,credit,,추심,독촉 및 추심 대응,0,,1057
신용회복-가족-연락-추심-대응-방법,신용회복 가족 연락 추심 대응 방법,credit,,추심,방법·절차 확인,0,,1058
신용회복-가족-연락-추심-증거-확보,신용회복 가족 연락 추심 증거 확보,credit,,추심,독촉 및 추심 대응,0,,1059
신용회복-가족-연락-추심-상담,신용회복 가족 연락 추심 상담,credit,,추심,상담·서비스 탐색,0,,1060
신용회복-야간-추심,신용회복 야간 추심,credit,,추심,독촉 및 추심 대응,0,,1061
신용회복-야간-추심-대응-방법,신용회복 야간 추심 대응 방법,credit,,추심,방법·절차 확인,0,,1062
신용회복-야간-추심-증거-확보,신용회복 야간 추심 증거 확보,credit,,추심,독촉 및 추심 대응,0,,1063
신용회복-야간-추심-상담,신용회복 야간 추심 상담,credit,,추심,상담·서비스 탐색,0,,1064
신용회복-반복-추심,신용회복 반복 추심,credit,,추심,독촉 및 추심 대응,0,,1065
신용회복-반복-추심-대응-방법,신용회복 반복 추심 대응 방법,credit,,추심,방법·절차 확인,0,,1066
신용회복-반복-추심-증거-확보,신용회복 반복 추심 증거 확보,credit,,추심,독촉 및 추심 대응,0,,1067
신용회복-반복-추심-상담,신용회복 반복 추심 상담,credit,,추심,상담·서비스 탐색,0,,1068
신용회복-불법추심,신용회복 불법추심,credit,,추심,독촉 및 추심 대응,0,,1069
신용회복-불법추심-대응-방법,신용회복 불법추심 대응 방법,credit,,추심,방법·절차 확인,0,,1070
신용회복-불법추심-증거-확보,신용회복 불법추심 증거 확보,credit,,추심,독촉 및 추심 대응,0,,1071
신용회복-불법추심-상담,신용회복 불법추심 상담,credit,,추심,상담·서비스 탐색,0,,1072
신용회복-채권추심-우편,신용회복 채권추심 우편,credit,,추심,독촉 및 추심 대응,0,,1073
신용회복-채권추심-우편-대응-방법,신용회복 채권추심 우편 대응 방법,credit,,추심,방법·절차 확인,0,,1074
신용회복-채권추심-우편-증거-확보,신용회복 채권추심 우편 증거 확보,credit,,추심,독촉 및 추심 대응,0,,1075
신용회복-채권추심-우편-상담,신용회복 채권추심 우편 상담,credit,,추심,상담·서비스 탐색,0,,1076
신용회복-내용증명,신용회복 내용증명,credit,,추심,독촉 및 추심 대응,0,,1077
신용회복-내용증명-대응-방법,신용회복 내용증명 대응 방법,credit,,추심,방법·절차 확인,0,,1078
신용회복-내용증명-증거-확보,신용회복 내용증명 증거 확보,credit,,추심,독촉 및 추심 대응,0,,1079
신용회복-내용증명-상담,신용회복 내용증명 상담,credit,,추심,상담·서비스 탐색,0,,1080
신용회복-지급명령,신용회복 지급명령,credit,,추심,독촉 및 추심 대응,0,,1081
신용회복-지급명령-대응-방법,신용회복 지급명령 대응 방법,credit,,추심,방법·절차 확인,0,,1082
신용회복-지급명령-증거-확보,신용회복 지급명령 증거 확보,credit,,추심,독촉 및 추심 대응,0,,1083
신용회복-지급명령-상담,신용회복 지급명령 상담,credit,,추심,상담·서비스 탐색,0,,1084
신용회복-대여금-소송,신용회복 대여금 소송,credit,,추심,독촉 및 추심 대응,0,,1085
신용회복-대여금-소송-대응-방법,신용회복 대여금 소송 대응 방법,credit,,추심,방법·절차 확인,0,,1086
신용회복-대여금-소송-증거-확보,신용회복 대여금 소송 증거 확보,credit,,추심,독촉 및 추심 대응,0,,1087
신용회복-대여금-소송-상담,신용회복 대여금 소송 상담,credit,,추심,상담·서비스 탐색,0,,1088
신용회복-카드대금-소송,신용회복 카드대금 소송,credit,,추심,독촉 및 추심 대응,0,,1089
신용회복-카드대금-소송-대응-방법,신용회복 카드대금 소송 대응 방법,credit,,추심,방법·절차 확인,0,,1090
신용회복-카드대금-소송-증거-확보,신용회복 카드대금 소송 증거 확보,credit,,추심,독촉 및 추심 대응,0,,1091
신용회복-카드대금-소송-상담,신용회복 카드대금 소송 상담,credit,,추심,상담·서비스 탐색,0,,1092
신용회복-대부업체-추심,신용회복 대부업체 추심,credit,,추심,독촉 및 추심 대응,0,,1093
신용회복-대부업체-추심-대응-방법,신용회복 대부업체 추심 대응 방법,credit,,추심,방법·절차 확인,0,,1094
신용회복-대부업체-추심-증거-확보,신용회복 대부업체 추심 증거 확보,credit,,추심,독촉 및 추심 대응,0,,1095
신용회복-대부업체-추심-상담,신용회복 대부업체 추심 상담,credit,,추심,상담·서비스 탐색,0,,1096
신용회복-추심업체-연락,신용회복 추심업체 연락,credit,,추심,독촉 및 추심 대응,0,,1097
신용회복-추심업체-연락-대응-방법,신용회복 추심업체 연락 대응 방법,credit,,추심,방법·절차 확인,0,,1098
신용회복-추심업체-연락-증거-확보,신용회복 추심업체 연락 증거 확보,credit,,추심,독촉 및 추심 대응,0,,1099
신용회복-추심업체-연락-상담,신용회복 추심업체 연락 상담,credit,,추심,상담·서비스 탐색,0,,1100
신용회복-채권양도-통지,신용회복 채권양도 통지,credit,,추심,독촉 및 추심 대응,0,,1101
신용회복-채권양도-통지-대응-방법,신용회복 채권양도 통지 대응 방법,credit,,추심,방법·절차 확인,0,,1102
신용회복-채권양도-통지-증거-확보,신용회복 채권양도 통지 증거 확보,credit,,추심,독촉 및 추심 대응,0,,1103
신용회복-채권양도-통지-상담,신용회복 채권양도 통지 상담,credit,,추심,상담·서비스 탐색,0,,1104
신용회복-보증인-추심,신용회복 보증인 추심,credit,,추심,독촉 및 추심 대응,0,,1105
신용회복-보증인-추심-대응-방법,신용회복 보증인 추심 대응 방법,credit,,추심,방법·절차 확인,0,,1106
신용회복-보증인-추심-증거-확보,신용회복 보증인 추심 증거 확보,credit,,추심,독촉 및 추심 대응,0,,1107
신용회복-보증인-추심-상담,신용회복 보증인 추심 상담,credit,,추심,상담·서비스 탐색,0,,1108
신용회복-인가-후-추심,신용회복 인가 후 추심,credit,,추심,독촉 및 추심 대응,1,인가,1109
신용회복-인가-후-추심-대응-방법,신용회복 인가 후 추심 대응 방법,credit,,추심,방법·절차 확인,1,인가,1110
신용회복-인가-후-추심-증거-확보,신용회복 인가 후 추심 증거 확보,credit,,추심,독촉 및 추심 대응,1,인가,1111
신용회복-인가-후-추심-상담,신용회복 인가 후 추심 상담,credit,,추심,상담·서비스 탐색,1,인가,1112
신용회복-접수-후-독촉,신용회복 접수 후 독촉,credit,,추심,독촉 및 추심 대응,0,,1113
신용회복-접수-후-독촉-대응-방법,신용회복 접수 후 독촉 대응 방법,credit,,추심,방법·절차 확인,0,,1114
신용회복-접수-후-독촉-증거-확보,신용회복 접수 후 독촉 증거 확보,credit,,추심,독촉 및 추심 대응,0,,1115
신용회복-접수-후-독촉-상담,신용회복 접수 후 독촉 상담,credit,,추심,상담·서비스 탐색,0,,1116
신용회복-면책-후-독촉,신용회복 면책 후 독촉,credit,,추심,독촉 및 추심 대응,0,,1117
신용회복-면책-후-독촉-대응-방법,신용회복 면책 후 독촉 대응 방법,credit,,추심,방법·절차 확인,0,,1118
신용회복-면책-후-독촉-증거-확보,신용회복 면책 후 독촉 증거 확보,credit,,추심,독촉 및 추심 대응,0,,1119
신용회복-면책-후-독촉-상담,신용회복 면책 후 독촉 상담,credit,,추심,상담·서비스 탐색,0,,1120
신용회복-신청-직전-대출,신용회복 신청 직전 대출,credit,,최근대출,최근 차입 심사 쟁점 확인,0,,1121
신용회복-신청-직전-대출-심사-쟁점,신용회복 신청 직전 대출 심사 쟁점,credit,,최근대출,최근 차입 심사 쟁점 확인,0,,1122
신용회복-신청-직전-대출-소명자료,신용회복 신청 직전 대출 소명자료,credit,,최근대출,서류·증빙 준비,0,,1123
신용회복-신청-직전-대출-상담,신용회복 신청 직전 대출 상담,credit,,최근대출,상담·서비스 탐색,0,,1124
신용회복-1개월-이내-대출,신용회복 1개월 이내 대출,credit,,최근대출,최근 차입 심사 쟁점 확인,0,,1125
신용회복-1개월-이내-대출-심사-쟁점,신용회복 1개월 이내 대출 심사 쟁점,credit,,최근대출,최근 차입 심사 쟁점 확인,0,,1126
신용회복-1개월-이내-대출-소명자료,신용회복 1개월 이내 대출 소명자료,credit,,최근대출,서류·증빙 준비,0,,1127
신용회복-1개월-이내-대출-상담,신용회복 1개월 이내 대출 상담,credit,,최근대출,상담·서비스 탐색,0,,1128
신용회복-3개월-이내-대출,신용회복 3개월 이내 대출,credit,,최근대출,최근 차입 심사 쟁점 확인,0,,1129
신용회복-3개월-이내-대출-심사-쟁점,신용회복 3개월 이내 대출 심사 쟁점,credit,,최근대출,최근 차입 심사 쟁점 확인,0,,1130
신용회복-3개월-이내-대출-소명자료,신용회복 3개월 이내 대출 소명자료,credit,,최근대출,서류·증빙 준비,0,,1131
신용회복-3개월-이내-대출-상담,신용회복 3개월 이내 대출 상담,credit,,최근대출,상담·서비스 탐색,0,,1132
신용회복-6개월-이내-대출,신용회복 6개월 이내 대출,credit,,최근대출,최근 차입 심사 쟁점 확인,0,,1133
신용회복-6개월-이내-대출-심사-쟁점,신용회복 6개월 이내 대출 심사 쟁점,credit,,최근대출,최근 차입 심사 쟁점 확인,0,,1134
신용회복-6개월-이내-대출-소명자료,신용회복 6개월 이내 대출 소명자료,credit,,최근대출,서류·증빙 준비,0,,1135
신용회복-6개월-이내-대출-상담,신용회복 6개월 이내 대출 상담,credit,,최근대출,상담·서비스 탐색,0,,1136
신용회복-1년-이내-대출,신용회복 1년 이내 대출,credit,,최근대출,최근 차입 심사 쟁점 확인,0,,1137
신용회복-1년-이내-대출-심사-쟁점,신용회복 1년 이내 대출 심사 쟁점,credit,,최근대출,최근 차입 심사 쟁점 확인,0,,1138
신용회복-1년-이내-대출-소명자료,신용회복 1년 이내 대출 소명자료,credit,,최근대출,서류·증빙 준비,0,,1139
신용회복-1년-이내-대출-상담,신용회복 1년 이내 대출 상담,credit,,최근대출,상담·서비스 탐색,0,,1140
신용회복-최근-카드론,신용회복 최근 카드론,credit,,최근대출,최근 차입 심사 쟁점 확인,0,,1141
신용회복-최근-카드론-심사-쟁점,신용회복 최근 카드론 심사 쟁점,credit,,최근대출,최근 차입 심사 쟁점 확인,0,,1142
신용회복-최근-카드론-소명자료,신용회복 최근 카드론 소명자료,credit,,최근대출,서류·증빙 준비,0,,1143
신용회복-최근-카드론-상담,신용회복 최근 카드론 상담,credit,,최근대출,상담·서비스 탐색,0,,1144
신용회복-최근-현금서비스,신용회복 최근 현금서비스,credit,,최근대출,최근 차입 심사 쟁점 확인,0,,1145
신용회복-최근-현금서비스-심사-쟁점,신용회복 최근 현금서비스 심사 쟁점,credit,,최근대출,최근 차입 심사 쟁점 확인,0,,1146
신용회복-최근-현금서비스-소명자료,신용회복 최근 현금서비스 소명자료,credit,,최근대출,서류·증빙 준비,0,,1147
신용회복-최근-현금서비스-상담,신용회복 최근 현금서비스 상담,credit,,최근대출,상담·서비스 탐색,0,,1148
신용회복-최근-대부업-대출,신용회복 최근 대부업 대출,credit,,최근대출,최근 차입 심사 쟁점 확인,0,,1149
신용회복-최근-대부업-대출-심사-쟁점,신용회복 최근 대부업 대출 심사 쟁점,credit,,최근대출,최근 차입 심사 쟁점 확인,0,,1150
신용회복-최근-대부업-대출-소명자료,신용회복 최근 대부업 대출 소명자료,credit,,최근대출,서류·증빙 준비,0,,1151
신용회복-최근-대부업-대출-상담,신용회복 최근 대부업 대출 상담,credit,,최근대출,상담·서비스 탐색,0,,1152
신용회복-최근-생활비-대출,신용회복 최근 생활비 대출,credit,,최근대출,최근 차입 심사 쟁점 확인,0,,1153
신용회복-최근-생활비-대출-심사-쟁점,신용회복 최근 생활비 대출 심사 쟁점,credit,,최근대출,최근 차입 심사 쟁점 확인,0,,1154
신용회복-최근-생활비-대출-소명자료,신용회복 최근 생활비 대출 소명자료,credit,,최근대출,서류·증빙 준비,0,,1155
신용회복-최근-생활비-대출-상담,신용회복 최근 생활비 대출 상담,credit,,최근대출,상담·서비스 탐색,0,,1156
신용회복-최근-사업자금-대출,신용회복 최근 사업자금 대출,credit,,최근대출,최근 차입 심사 쟁점 확인,0,,1157
신용회복-최근-사업자금-대출-심사-쟁점,신용회복 최근 사업자금 대출 심사 쟁점,credit,,최근대출,최근 차입 심사 쟁점 확인,0,,1158
신용회복-최근-사업자금-대출-소명자료,신용회복 최근 사업자금 대출 소명자료,credit,,최근대출,서류·증빙 준비,0,,1159
신용회복-최근-사업자금-대출-상담,신용회복 최근 사업자금 대출 상담,credit,,최근대출,상담·서비스 탐색,0,,1160
신용회복-최근-돌려막기,신용회복 최근 돌려막기,credit,,최근대출,최근 차입 심사 쟁점 확인,0,,1161
신용회복-최근-돌려막기-심사-쟁점,신용회복 최근 돌려막기 심사 쟁점,credit,,최근대출,최근 차입 심사 쟁점 확인,0,,1162
신용회복-최근-돌려막기-소명자료,신용회복 최근 돌려막기 소명자료,credit,,최근대출,서류·증빙 준비,0,,1163
신용회복-최근-돌려막기-상담,신용회복 최근 돌려막기 상담,credit,,최근대출,상담·서비스 탐색,0,,1164
신용회복-최근-대환대출,신용회복 최근 대환대출,credit,,최근대출,최근 차입 심사 쟁점 확인,0,,1165
신용회복-최근-대환대출-심사-쟁점,신용회복 최근 대환대출 심사 쟁점,credit,,최근대출,최근 차입 심사 쟁점 확인,0,,1166
신용회복-최근-대환대출-소명자료,신용회복 최근 대환대출 소명자료,credit,,최근대출,서류·증빙 준비,0,,1167
신용회복-최근-대환대출-상담,신용회복 최근 대환대출 상담,credit,,최근대출,상담·서비스 탐색,0,,1168
신용회복-최근-가족-송금,신용회복 최근 가족 송금,credit,,최근대출,최근 차입 심사 쟁점 확인,0,,1169
신용회복-최근-가족-송금-심사-쟁점,신용회복 최근 가족 송금 심사 쟁점,credit,,최근대출,최근 차입 심사 쟁점 확인,0,,1170
신용회복-최근-가족-송금-소명자료,신용회복 최근 가족 송금 소명자료,credit,,최근대출,서류·증빙 준비,0,,1171
신용회복-최근-가족-송금-상담,신용회복 최근 가족 송금 상담,credit,,최근대출,상담·서비스 탐색,0,,1172
신용회복-최근-고액-인출,신용회복 최근 고액 인출,credit,,최근대출,최근 차입 심사 쟁점 확인,0,,1173
신용회복-최근-고액-인출-심사-쟁점,신용회복 최근 고액 인출 심사 쟁점,credit,,최근대출,최근 차입 심사 쟁점 확인,0,,1174
신용회복-최근-고액-인출-소명자료,신용회복 최근 고액 인출 소명자료,credit,,최근대출,서류·증빙 준비,0,,1175
신용회복-최근-고액-인출-상담,신용회복 최근 고액 인출 상담,credit,,최근대출,상담·서비스 탐색,0,,1176
신용회복-최근-카드-사용,신용회복 최근 카드 사용,credit,,최근대출,최근 차입 심사 쟁점 확인,0,,1177
신용회복-최근-카드-사용-심사-쟁점,신용회복 최근 카드 사용 심사 쟁점,credit,,최근대출,최근 차입 심사 쟁점 확인,0,,1178
신용회복-최근-카드-사용-소명자료,신용회복 최근 카드 사용 소명자료,credit,,최근대출,서류·증빙 준비,0,,1179
신용회복-최근-카드-사용-상담,신용회복 최근 카드 사용 상담,credit,,최근대출,상담·서비스 탐색,0,,1180
신용회복-최근-할부-구매,신용회복 최근 할부 구매,credit,,최근대출,최근 차입 심사 쟁점 확인,0,,1181
신용회복-최근-할부-구매-심사-쟁점,신용회복 최근 할부 구매 심사 쟁점,credit,,최근대출,최근 차입 심사 쟁점 확인,0,,1182
신용회복-최근-할부-구매-소명자료,신용회복 최근 할부 구매 소명자료,credit,,최근대출,서류·증빙 준비,0,,1183
신용회복-최근-할부-구매-상담,신용회복 최근 할부 구매 상담,credit,,최근대출,상담·서비스 탐색,0,,1184
신용회복-최근-차량-구입-대출,신용회복 최근 차량 구입 대출,credit,,최근대출,최근 차입 심사 쟁점 확인,0,,1185
신용회복-최근-차량-구입-대출-심사-쟁점,신용회복 최근 차량 구입 대출 심사 쟁점,credit,,최근대출,최근 차입 심사 쟁점 확인,0,,1186
신용회복-최근-차량-구입-대출-소명자료,신용회복 최근 차량 구입 대출 소명자료,credit,,최근대출,서류·증빙 준비,0,,1187
신용회복-최근-차량-구입-대출-상담,신용회복 최근 차량 구입 대출 상담,credit,,최근대출,상담·서비스 탐색,0,,1188
신용회복-최근-보증금-대출,신용회복 최근 보증금 대출,credit,,최근대출,최근 차입 심사 쟁점 확인,0,,1189
신용회복-최근-보증금-대출-심사-쟁점,신용회복 최근 보증금 대출 심사 쟁점,credit,,최근대출,최근 차입 심사 쟁점 확인,0,,1190
신용회복-최근-보증금-대출-소명자료,신용회복 최근 보증금 대출 소명자료,credit,,최근대출,서류·증빙 준비,0,,1191
신용회복-최근-보증금-대출-상담,신용회복 최근 보증금 대출 상담,credit,,최근대출,상담·서비스 탐색,0,,1192
신용회복-최근-투자금-대출,신용회복 최근 투자금 대출,credit,,최근대출,최근 차입 심사 쟁점 확인,0,,1193
신용회복-최근-투자금-대출-심사-쟁점,신용회복 최근 투자금 대출 심사 쟁점,credit,,최근대출,최근 차입 심사 쟁점 확인,0,,1194
신용회복-최근-투자금-대출-소명자료,신용회복 최근 투자금 대출 소명자료,credit,,최근대출,서류·증빙 준비,0,,1195
신용회복-최근-투자금-대출-상담,신용회복 최근 투자금 대출 상담,credit,,최근대출,상담·서비스 탐색,0,,1196
신용회복-최근-병원비-대출,신용회복 최근 병원비 대출,credit,,최근대출,최근 차입 심사 쟁점 확인,0,,1197
신용회복-최근-병원비-대출-심사-쟁점,신용회복 최근 병원비 대출 심사 쟁점,credit,,최근대출,최근 차입 심사 쟁점 확인,0,,1198
신용회복-최근-병원비-대출-소명자료,신용회복 최근 병원비 대출 소명자료,credit,,최근대출,서류·증빙 준비,0,,1199
신용회복-최근-병원비-대출-상담,신용회복 최근 병원비 대출 상담,credit,,최근대출,상담·서비스 탐색,0,,1200
신용회복-주식빚,신용회복 주식빚,credit,,주식·코인,투자 손실 채무 검토,0,,1201
신용회복-주식빚-심사-쟁점,신용회복 주식빚 심사 쟁점,credit,,주식·코인,투자 손실 채무 검토,0,,1202
신용회복-주식빚-소명-방법,신용회복 주식빚 소명 방법,credit,,주식·코인,서류·증빙 준비,0,,1203
신용회복-주식빚-상담,신용회복 주식빚 상담,credit,,주식·코인,상담·서비스 탐색,0,,1204
신용회복-코인빚,신용회복 코인빚,credit,,주식·코인,투자 손실 채무 검토,0,,1205
신용회복-코인빚-심사-쟁점,신용회복 코인빚 심사 쟁점,credit,,주식·코인,투자 손실 채무 검토,0,,1206
신용회복-코인빚-소명-방법,신용회복 코인빚 소명 방법,credit,,주식·코인,서류·증빙 준비,0,,1207
신용회복-코인빚-상담,신용회복 코인빚 상담,credit,,주식·코인,상담·서비스 탐색,0,,1208
신용회복-해외주식-손실,신용회복 해외주식 손실,credit,,주식·코인,투자 손실 채무 검토,0,,1209
신용회복-해외주식-손실-심사-쟁점,신용회복 해외주식 손실 심사 쟁점,credit,,주식·코인,투자 손실 채무 검토,0,,1210
신용회복-해외주식-손실-소명-방법,신용회복 해외주식 손실 소명 방법,credit,,주식·코인,서류·증빙 준비,0,,1211
신용회복-해외주식-손실-상담,신용회복 해외주식 손실 상담,credit,,주식·코인,상담·서비스 탐색,0,,1212
신용회복-국내주식-손실,신용회복 국내주식 손실,credit,,주식·코인,투자 손실 채무 검토,0,,1213
신용회복-국내주식-손실-심사-쟁점,신용회복 국내주식 손실 심사 쟁점,credit,,주식·코인,투자 손실 채무 검토,0,,1214
신용회복-국내주식-손실-소명-방법,신용회복 국내주식 손실 소명 방법,credit,,주식·코인,서류·증빙 준비,0,,1215
신용회복-국내주식-손실-상담,신용회복 국내주식 손실 상담,credit,,주식·코인,상담·서비스 탐색,0,,1216
신용회복-주식-미수거래,신용회복 주식 미수거래,credit,,주식·코인,투자 손실 채무 검토,0,,1217
신용회복-주식-미수거래-심사-쟁점,신용회복 주식 미수거래 심사 쟁점,credit,,주식·코인,투자 손실 채무 검토,0,,1218
신용회복-주식-미수거래-소명-방법,신용회복 주식 미수거래 소명 방법,credit,,주식·코인,서류·증빙 준비,0,,1219
신용회복-주식-미수거래-상담,신용회복 주식 미수거래 상담,credit,,주식·코인,상담·서비스 탐색,0,,1220
신용회복-주식-신용거래,신용회복 주식 신용거래,credit,,주식·코인,투자 손실 채무 검토,0,,1221
신용회복-주식-신용거래-심사-쟁점,신용회복 주식 신용거래 심사 쟁점,credit,,주식·코인,투자 손실 채무 검토,0,,1222
신용회복-주식-신용거래-소명-방법,신용회복 주식 신용거래 소명 방법,credit,,주식·코인,서류·증빙 준비,0,,1223
신용회복-주식-신용거래-상담,신용회복 주식 신용거래 상담,credit,,주식·코인,상담·서비스 탐색,0,,1224
신용회복-선물거래-손실,신용회복 선물거래 손실,credit,,주식·코인,투자 손실 채무 검토,0,,1225
신용회복-선물거래-손실-심사-쟁점,신용회복 선물거래 손실 심사 쟁점,credit,,주식·코인,투자 손실 채무 검토,0,,1226
신용회복-선물거래-손실-소명-방법,신용회복 선물거래 손실 소명 방법,credit,,주식·코인,서류·증빙 준비,0,,1227
신용회복-선물거래-손실-상담,신용회복 선물거래 손실 상담,credit,,주식·코인,상담·서비스 탐색,0,,1228
신용회복-옵션거래-손실,신용회복 옵션거래 손실,credit,,주식·코인,투자 손실 채무 검토,0,,1229
신용회복-옵션거래-손실-심사-쟁점,신용회복 옵션거래 손실 심사 쟁점,credit,,주식·코인,투자 손실 채무 검토,0,,1230
신용회복-옵션거래-손실-소명-방법,신용회복 옵션거래 손실 소명 방법,credit,,주식·코인,서류·증빙 준비,0,,1231
신용회복-옵션거래-손실-상담,신용회복 옵션거래 손실 상담,credit,,주식·코인,상담·서비스 탐색,0,,1232
신용회복-가상자산-선물-손실,신용회복 가상자산 선물 손실,credit,,주식·코인,투자 손실 채무 검토,0,,1233
신용회복-가상자산-선물-손실-심사-쟁점,신용회복 가상자산 선물 손실 심사 쟁점,credit,,주식·코인,투자 손실 채무 검토,0,,1234
신용회복-가상자산-선물-손실-소명-방법,신용회복 가상자산 선물 손실 소명 방법,credit,,주식·코인,서류·증빙 준비,0,,1235
신용회복-가상자산-선물-손실-상담,신용회복 가상자산 선물 손실 상담,credit,,주식·코인,상담·서비스 탐색,0,,1236
신용회복-레버리지-투자-손실,신용회복 레버리지 투자 손실,credit,,주식·코인,투자 손실 채무 검토,0,,1237
신용회복-레버리지-투자-손실-심사-쟁점,신용회복 레버리지 투자 손실 심사 쟁점,credit,,주식·코인,투자 손실 채무 검토,0,,1238
신용회복-레버리지-투자-손실-소명-방법,신용회복 레버리지 투자 손실 소명 방법,credit,,주식·코인,서류·증빙 준비,0,,1239
신용회복-레버리지-투자-손실-상담,신용회복 레버리지 투자 손실 상담,credit,,주식·코인,상담·서비스 탐색,0,,1240
신용회복-투자대출,신용회복 투자대출,credit,,주식·코인,투자 손실 채무 검토,0,,1241
신용회복-투자대출-심사-쟁점,신용회복 투자대출 심사 쟁점,credit,,주식·코인,투자 손실 채무 검토,0,,1242
신용회복-투자대출-소명-방법,신용회복 투자대출 소명 방법,credit,,주식·코인,서류·증빙 준비,0,,1243
신용회복-투자대출-상담,신용회복 투자대출 상담,credit,,주식·코인,상담·서비스 탐색,0,,1244
신용회복-투자사기-피해-채무,신용회복 투자사기 피해 채무,credit,,주식·코인,투자 손실 채무 검토,0,,1245
신용회복-투자사기-피해-채무-심사-쟁점,신용회복 투자사기 피해 채무 심사 쟁점,credit,,주식·코인,투자 손실 채무 검토,0,,1246
신용회복-투자사기-피해-채무-소명-방법,신용회복 투자사기 피해 채무 소명 방법,credit,,주식·코인,서류·증빙 준비,0,,1247
신용회복-투자사기-피해-채무-상담,신용회복 투자사기 피해 채무 상담,credit,,주식·코인,상담·서비스 탐색,0,,1248
신용회복-비상장주식-손실,신용회복 비상장주식 손실,credit,,주식·코인,투자 손실 채무 검토,0,,1249
신용회복-비상장주식-손실-심사-쟁점,신용회복 비상장주식 손실 심사 쟁점,credit,,주식·코인,투자 손실 채무 검토,0,,1250
신용회복-비상장주식-손실-소명-방법,신용회복 비상장주식 손실 소명 방법,credit,,주식·코인,서류·증빙 준비,0,,1251
신용회복-비상장주식-손실-상담,신용회복 비상장주식 손실 상담,credit,,주식·코인,상담·서비스 탐색,0,,1252
신용회복-상장폐지-종목-손실,신용회복 상장폐지 종목 손실,credit,,주식·코인,투자 손실 채무 검토,1,폐지,1253
신용회복-상장폐지-종목-손실-심사-쟁점,신용회복 상장폐지 종목 손실 심사 쟁점,credit,,주식·코인,투자 손실 채무 검토,1,폐지,1254
신용회복-상장폐지-종목-손실-소명-방법,신용회복 상장폐지 종목 손실 소명 방법,credit,,주식·코인,서류·증빙 준비,1,폐지,1255
신용회복-상장폐지-종목-손실-상담,신용회복 상장폐지 종목 손실 상담,credit,,주식·코인,상담·서비스 탐색,1,폐지,1256
신용회복-가상자산-상장폐지-손실,신용회복 가상자산 상장폐지 손실,credit,,주식·코인,투자 손실 채무 검토,1,폐지,1257
신용회복-가상자산-상장폐지-손실-심사-쟁점,신용회복 가상자산 상장폐지 손실 심사 쟁점,credit,,주식·코인,투자 손실 채무 검토,1,폐지,1258
신용회복-가상자산-상장폐지-손실-소명-방법,신용회복 가상자산 상장폐지 손실 소명 방법,credit,,주식·코인,서류·증빙 준비,1,폐지,1259
신용회복-가상자산-상장폐지-손실-상담,신용회복 가상자산 상장폐지 손실 상담,credit,,주식·코인,상담·서비스 탐색,1,폐지,1260
신용회복-거래소-출금내역,신용회복 거래소 출금내역,credit,,주식·코인,투자 손실 채무 검토,0,,1261
신용회복-거래소-출금내역-심사-쟁점,신용회복 거래소 출금내역 심사 쟁점,credit,,주식·코인,투자 손실 채무 검토,0,,1262
신용회복-거래소-출금내역-소명-방법,신용회복 거래소 출금내역 소명 방법,credit,,주식·코인,서류·증빙 준비,0,,1263
신용회복-거래소-출금내역-상담,신용회복 거래소 출금내역 상담,credit,,주식·코인,상담·서비스 탐색,0,,1264
신용회복-증권계좌-거래내역,신용회복 증권계좌 거래내역,credit,,주식·코인,투자 손실 채무 검토,0,,1265
신용회복-증권계좌-거래내역-심사-쟁점,신용회복 증권계좌 거래내역 심사 쟁점,credit,,주식·코인,투자 손실 채무 검토,0,,1266
신용회복-증권계좌-거래내역-소명-방법,신용회복 증권계좌 거래내역 소명 방법,credit,,주식·코인,서류·증빙 준비,0,,1267
신용회복-증권계좌-거래내역-상담,신용회복 증권계좌 거래내역 상담,credit,,주식·코인,상담·서비스 탐색,0,,1268
신용회복-가상자산-거래내역,신용회복 가상자산 거래내역,credit,,주식·코인,투자 손실 채무 검토,0,,1269
신용회복-가상자산-거래내역-심사-쟁점,신용회복 가상자산 거래내역 심사 쟁점,credit,,주식·코인,투자 손실 채무 검토,0,,1270
신용회복-가상자산-거래내역-소명-방법,신용회복 가상자산 거래내역 소명 방법,credit,,주식·코인,서류·증빙 준비,0,,1271
신용회복-가상자산-거래내역-상담,신용회복 가상자산 거래내역 상담,credit,,주식·코인,상담·서비스 탐색,0,,1272
신용회복-투자금-사용처,신용회복 투자금 사용처,credit,,주식·코인,투자 손실 채무 검토,0,,1273
신용회복-투자금-사용처-심사-쟁점,신용회복 투자금 사용처 심사 쟁점,credit,,주식·코인,투자 손실 채무 검토,0,,1274
신용회복-투자금-사용처-소명-방법,신용회복 투자금 사용처 소명 방법,credit,,주식·코인,서류·증빙 준비,0,,1275
신용회복-투자금-사용처-상담,신용회복 투자금 사용처 상담,credit,,주식·코인,상담·서비스 탐색,0,,1276
신용회복-투자-손실-진술서,신용회복 투자 손실 진술서,credit,,주식·코인,투자 손실 채무 검토,0,,1277
신용회복-투자-손실-진술서-심사-쟁점,신용회복 투자 손실 진술서 심사 쟁점,credit,,주식·코인,투자 손실 채무 검토,0,,1278
신용회복-투자-손실-진술서-소명-방법,신용회복 투자 손실 진술서 소명 방법,credit,,주식·코인,서류·증빙 준비,0,,1279
신용회복-투자-손실-진술서-상담,신용회복 투자 손실 진술서 상담,credit,,주식·코인,상담·서비스 탐색,0,,1280
신용회복-직장인,신용회복 직장인,credit,,직업별,직업별 신청 준비,0,,1281
신용회복-직장인-신청조건,신용회복 직장인 신청조건,credit,,직업별,직업별 신청 준비,0,,1282
신용회복-직장인-소득증빙,신용회복 직장인 소득증빙,credit,,직업별,서류·증빙 준비,0,,1283
신용회복-직장인-준비서류,신용회복 직장인 준비서류,credit,,직업별,서류·증빙 준비,0,,1284
신용회복-자영업자,신용회복 자영업자,credit,,직업별,직업별 신청 준비,0,,1285
신용회복-자영업자-신청조건,신용회복 자영업자 신청조건,credit,,직업별,직업별 신청 준비,0,,1286
신용회복-자영업자-소득증빙,신용회복 자영업자 소득증빙,credit,,직업별,서류·증빙 준비,0,,1287
신용회복-자영업자-준비서류,신용회복 자영업자 준비서류,credit,,직업별,서류·증빙 준비,0,,1288
신용회복-개인사업자,신용회복 개인사업자,credit,,직업별,직업별 신청 준비,0,,1289
신용회복-개인사업자-신청조건,신용회복 개인사업자 신청조건,credit,,직업별,직업별 신청 준비,0,,1290
신용회복-개인사업자-소득증빙,신용회복 개인사업자 소득증빙,credit,,직업별,서류·증빙 준비,0,,1291
신용회복-개인사업자-준비서류,신용회복 개인사업자 준비서류,credit,,직업별,서류·증빙 준비,0,,1292
신용회복-프리랜서,신용회복 프리랜서,credit,,직업별,직업별 신청 준비,0,,1293
신용회복-프리랜서-신청조건,신용회복 프리랜서 신청조건,credit,,직업별,직업별 신청 준비,0,,1294
신용회복-프리랜서-소득증빙,신용회복 프리랜서 소득증빙,credit,,직업별,서류·증빙 준비,0,,1295
신용회복-프리랜서-준비서류,신용회복 프리랜서 준비서류,credit,,직업별,서류·증빙 준비,0,,1296
신용회복-일용직,신용회복 일용직,credit,,직업별,직업별 신청 준비,0,,1297
신용회복-일용직-신청조건,신용회복 일용직 신청조건,credit,,직업별,직업별 신청 준비,0,,1298
신용회복-일용직-소득증빙,신용회복 일용직 소득증빙,credit,,직업별,서류·증빙 준비,0,,1299
신용회복-일용직-준비서류,신용회복 일용직 준비서류,credit,,직업별,서류·증빙 준비,0,,1300
신용회복-아르바이트생,신용회복 아르바이트생,credit,,직업별,직업별 신청 준비,0,,1301
신용회복-아르바이트생-신청조건,신용회복 아르바이트생 신청조건,credit,,직업별,직업별 신청 준비,0,,1302
신용회복-아르바이트생-소득증빙,신용회복 아르바이트생 소득증빙,credit,,직업별,서류·증빙 준비,0,,1303
신용회복-아르바이트생-준비서류,신용회복 아르바이트생 준비서류,credit,,직업별,서류·증빙 준비,0,,1304
신용회복-계약직,신용회복 계약직,credit,,직업별,직업별 신청 준비,0,,1305
신용회복-계약직-신청조건,신용회복 계약직 신청조건,credit,,직업별,직업별 신청 준비,0,,1306
신용회복-계약직-소득증빙,신용회복 계약직 소득증빙,credit,,직업별,서류·증빙 준비,0,,1307
신용회복-계약직-준비서류,신용회복 계약직 준비서류,credit,,직업별,서류·증빙 준비,0,,1308
신용회복-공무원,신용회복 공무원,credit,,직업별,직업별 신청 준비,0,,1309
신용회복-공무원-신청조건,신용회복 공무원 신청조건,credit,,직업별,직업별 신청 준비,0,,1310
신용회복-공무원-소득증빙,신용회복 공무원 소득증빙,credit,,직업별,서류·증빙 준비,0,,1311
신용회복-공무원-준비서류,신용회복 공무원 준비서류,credit,,직업별,서류·증빙 준비,0,,1312
신용회복-군인,신용회복 군인,credit,,직업별,직업별 신청 준비,0,,1313
신용회복-군인-신청조건,신용회복 군인 신청조건,credit,,직업별,직업별 신청 준비,0,,1314
신용회복-군인-소득증빙,신용회복 군인 소득증빙,credit,,직업별,서류·증빙 준비,0,,1315
신용회복-군인-준비서류,신용회복 군인 준비서류,credit,,직업별,서류·증빙 준비,0,,1316
신용회복-교사,신용회복 교사,credit,,직업별,직업별 신청 준비,0,,1317
신용회복-교사-신청조건,신용회복 교사 신청조건,credit,,직업별,직업별 신청 준비,0,,1318
신용회복-교사-소득증빙,신용회복 교사 소득증빙,credit,,직업별,서류·증빙 준비,0,,1319
신용회복-교사-준비서류,신용회복 교사 준비서류,credit,,직업별,서류·증빙 준비,0,,1320
신용회복-간호사,신용회복 간호사,credit,,직업별,직업별 신청 준비,0,,1321
신용회복-간호사-신청조건,신용회복 간호사 신청조건,credit,,직업별,직업별 신청 준비,0,,1322
신용회복-간호사-소득증빙,신용회복 간호사 소득증빙,credit,,직업별,서류·증빙 준비,0,,1323
신용회복-간호사-준비서류,신용회복 간호사 준비서류,credit,,직업별,서류·증빙 준비,0,,1324
신용회복-택시기사,신용회복 택시기사,credit,,직업별,직업별 신청 준비,0,,1325
신용회복-택시기사-신청조건,신용회복 택시기사 신청조건,credit,,직업별,직업별 신청 준비,0,,1326
신용회복-택시기사-소득증빙,신용회복 택시기사 소득증빙,credit,,직업별,서류·증빙 준비,0,,1327
신용회복-택시기사-준비서류,신용회복 택시기사 준비서류,credit,,직업별,서류·증빙 준비,0,,1328
신용회복-화물차기사,신용회복 화물차기사,credit,,직업별,직업별 신청 준비,0,,1329
신용회복-화물차기사-신청조건,신용회복 화물차기사 신청조건,credit,,직업별,직업별 신청 준비,0,,1330
신용회복-화물차기사-소득증빙,신용회복 화물차기사 소득증빙,credit,,직업별,서류·증빙 준비,0,,1331
신용회복-화물차기사-준비서류,신용회복 화물차기사 준비서류,credit,,직업별,서류·증빙 준비,0,,1332
신용회복-배달기사,신용회복 배달기사,credit,,직업별,직업별 신청 준비,0,,1333
신용회복-배달기사-신청조건,신용회복 배달기사 신청조건,credit,,직업별,직업별 신청 준비,0,,1334
신용회복-배달기사-소득증빙,신용회복 배달기사 소득증빙,credit,,직업별,서류·증빙 준비,0,,1335
신용회복-배달기사-준비서류,신용회복 배달기사 준비서류,credit,,직업별,서류·증빙 준비,0,,1336
신용회복-보험설계사,신용회복 보험설계사,credit,,직업별,직업별 신청 준비,0,,1337
신용회복-보험설계사-신청조건,신용회복 보험설계사 신청조건,credit,,직업별,직업별 신청 준비,0,,1338
신용회복-보험설계사-소득증빙,신용회복 보험설계사 소득증빙,credit,,직업별,서류·증빙 준비,0,,1339
신용회복-보험설계사-준비서류,신용회복 보험설계사 준비서류,credit,,직업별,서류·증빙 준비,0,,1340
신용회복-학원강사,신용회복 학원강사,credit,,직업별,직업별 신청 준비,0,,1341
신용회복-학원강사-신청조건,신용회복 학원강사 신청조건,credit,,직업별,직업별 신청 준비,0,,1342
신용회복-학원강사-소득증빙,신용회복 학원강사 소득증빙,credit,,직업별,서류·증빙 준비,0,,1343
신용회복-학원강사-준비서류,신용회복 학원강사 준비서류,credit,,직업별,서류·증빙 준비,0,,1344
신용회복-플랫폼-노동자,신용회복 플랫폼 노동자,credit,,직업별,직업별 신청 준비,0,,1345
신용회복-플랫폼-노동자-신청조건,신용회복 플랫폼 노동자 신청조건,credit,,직업별,직업별 신청 준비,0,,1346
신용회복-플랫폼-노동자-소득증빙,신용회복 플랫폼 노동자 소득증빙,credit,,직업별,서류·증빙 준비,0,,1347
신용회복-플랫폼-노동자-준비서류,신용회복 플랫폼 노동자 준비서류,credit,,직업별,서류·증빙 준비,0,,1348
신용회복-농업인,신용회복 농업인,credit,,직업별,직업별 신청 준비,0,,1349
신용회복-농업인-신청조건,신용회복 농업인 신청조건,credit,,직업별,직업별 신청 준비,0,,1350
신용회복-농업인-소득증빙,신용회복 농업인 소득증빙,credit,,직업별,서류·증빙 준비,0,,1351
신용회복-농업인-준비서류,신용회복 농업인 준비서류,credit,,직업별,서류·증빙 준비,0,,1352
신용회복-법인대표,신용회복 법인대표,credit,,직업별,직업별 신청 준비,0,,1353
신용회복-법인대표-신청조건,신용회복 법인대표 신청조건,credit,,직업별,직업별 신청 준비,0,,1354
신용회복-법인대표-소득증빙,신용회복 법인대표 소득증빙,credit,,직업별,서류·증빙 준비,0,,1355
신용회복-법인대표-준비서류,신용회복 법인대표 준비서류,credit,,직업별,서류·증빙 준비,0,,1356
신용회복-연금생활자,신용회복 연금생활자,credit,,직업별,직업별 신청 준비,0,,1357
신용회복-연금생활자-신청조건,신용회복 연금생활자 신청조건,credit,,직업별,직업별 신청 준비,0,,1358
신용회복-연금생활자-소득증빙,신용회복 연금생활자 소득증빙,credit,,직업별,서류·증빙 준비,0,,1359
신용회복-연금생활자-준비서류,신용회복 연금생활자 준비서류,credit,,직업별,서류·증빙 준비,0,,1360
신용회복-신청-기각,신용회복 신청 기각,credit,,기각,기각 원인 및 대응,1,기각,1361
신용회복-신청-기각-확인사항,신용회복 신청 기각 확인사항,credit,,기각,기각 원인 및 대응,1,기각,1362
신용회복-신청-기각-대응-방법,신용회복 신청 기각 대응 방법,credit,,기각,방법·절차 확인,1,기각,1363
신용회복-신청-기각-상담,신용회복 신청 기각 상담,credit,,기각,상담·서비스 탐색,1,기각,1364
신용회복-서류-미제출-기각,신용회복 서류 미제출 기각,credit,,기각,기각 원인 및 대응,1,기각,1365
신용회복-서류-미제출-기각-확인사항,신용회복 서류 미제출 기각 확인사항,credit,,기각,기각 원인 및 대응,1,기각,1366
신용회복-서류-미제출-기각-대응-방법,신용회복 서류 미제출 기각 대응 방법,credit,,기각,방법·절차 확인,1,기각,1367
신용회복-서류-미제출-기각-상담,신용회복 서류 미제출 기각 상담,credit,,기각,상담·서비스 탐색,1,기각,1368
신용회복-보정-불이행-기각,신용회복 보정 불이행 기각,credit,,기각,기각 원인 및 대응,1,보정;기각,1369
신용회복-보정-불이행-기각-확인사항,신용회복 보정 불이행 기각 확인사항,credit,,기각,기각 원인 및 대응,1,보정;기각,1370
신용회복-보정-불이행-기각-대응-방법,신용회복 보정 불이행 기각 대응 방법,credit,,기각,방법·절차 확인,1,보정;기각,1371
신용회복-보정-불이행-기각-상담,신용회복 보정 불이행 기각 상담,credit,,기각,상담·서비스 탐색,1,보정;기각,1372
신용회복-소득-부족-기각,신용회복 소득 부족 기각,credit,,기각,기각 원인 및 대응,1,기각,1373
신용회복-소득-부족-기각-확인사항,신용회복 소득 부족 기각 확인사항,credit,,기각,기각 원인 및 대응,1,기각,1374
신용회복-소득-부족-기각-대응-방법,신용회복 소득 부족 기각 대응 방법,credit,,기각,방법·절차 확인,1,기각,1375
신용회복-소득-부족-기각-상담,신용회복 소득 부족 기각 상담,credit,,기각,상담·서비스 탐색,1,기각,1376
신용회복-재산-누락-기각,신용회복 재산 누락 기각,credit,,기각,기각 원인 및 대응,1,기각,1377
신용회복-재산-누락-기각-확인사항,신용회복 재산 누락 기각 확인사항,credit,,기각,기각 원인 및 대응,1,기각,1378
신용회복-재산-누락-기각-대응-방법,신용회복 재산 누락 기각 대응 방법,credit,,기각,방법·절차 확인,1,기각,1379
신용회복-재산-누락-기각-상담,신용회복 재산 누락 기각 상담,credit,,기각,상담·서비스 탐색,1,기각,1380
신용회복-채권-누락-기각,신용회복 채권 누락 기각,credit,,기각,기각 원인 및 대응,1,기각,1381
신용회복-채권-누락-기각-확인사항,신용회복 채권 누락 기각 확인사항,credit,,기각,기각 원인 및 대응,1,기각,1382
신용회복-채권-누락-기각-대응-방법,신용회복 채권 누락 기각 대응 방법,credit,,기각,방법·절차 확인,1,기각,1383
신용회복-채권-누락-기각-상담,신용회복 채권 누락 기각 상담,credit,,기각,상담·서비스 탐색,1,기각,1384
신용회복-허위서류-기각,신용회복 허위서류 기각,credit,,기각,기각 원인 및 대응,1,기각,1385
신용회복-허위서류-기각-확인사항,신용회복 허위서류 기각 확인사항,credit,,기각,기각 원인 및 대응,1,기각,1386
신용회복-허위서류-기각-대응-방법,신용회복 허위서류 기각 대응 방법,credit,,기각,방법·절차 확인,1,기각,1387
신용회복-허위서류-기각-상담,신용회복 허위서류 기각 상담,credit,,기각,상담·서비스 탐색,1,기각,1388
신용회복-최근대출-관련-기각,신용회복 최근대출 관련 기각,credit,,기각,기각 원인 및 대응,1,기각,1389
신용회복-최근대출-관련-기각-확인사항,신용회복 최근대출 관련 기각 확인사항,credit,,기각,기각 원인 및 대응,1,기각,1390
신용회복-최근대출-관련-기각-대응-방법,신용회복 최근대출 관련 기각 대응 방법,credit,,기각,방법·절차 확인,1,기각,1391
신용회복-최근대출-관련-기각-상담,신용회복 최근대출 관련 기각 상담,credit,,기각,상담·서비스 탐색,1,기각,1392
신용회복-불성실-신청-기각,신용회복 불성실 신청 기각,credit,,기각,기각 원인 및 대응,1,기각,1393
신용회복-불성실-신청-기각-확인사항,신용회복 불성실 신청 기각 확인사항,credit,,기각,기각 원인 및 대응,1,기각,1394
신용회복-불성실-신청-기각-대응-방법,신용회복 불성실 신청 기각 대응 방법,credit,,기각,방법·절차 확인,1,기각,1395
신용회복-불성실-신청-기각-상담,신용회복 불성실 신청 기각 상담,credit,,기각,상담·서비스 탐색,1,기각,1396
신용회복-비용-미납-기각,신용회복 비용 미납 기각,credit,,기각,기각 원인 및 대응,1,기각,1397
신용회복-비용-미납-기각-확인사항,신용회복 비용 미납 기각 확인사항,credit,,기각,기각 원인 및 대응,1,기각,1398
신용회복-비용-미납-기각-대응-방법,신용회복 비용 미납 기각 대응 방법,credit,,기각,방법·절차 확인,1,기각,1399
신용회복-비용-미납-기각-상담,신용회복 비용 미납 기각 상담,credit,,기각,상담·서비스 탐색,1,기각,1400
신용회복-변제계획-관련-기각,신용회복 변제계획 관련 기각,credit,,기각,기각 원인 및 대응,1,변제계획;기각,1401
신용회복-변제계획-관련-기각-확인사항,신용회복 변제계획 관련 기각 확인사항,credit,,기각,기각 원인 및 대응,1,변제계획;기각,1402
신용회복-변제계획-관련-기각-대응-방법,신용회복 변제계획 관련 기각 대응 방법,credit,,기각,방법·절차 확인,1,변제계획;기각,1403
신용회복-변제계획-관련-기각-상담,신용회복 변제계획 관련 기각 상담,credit,,기각,상담·서비스 탐색,1,변제계획;기각,1404
신용회복-변제수행-가능성-심사,신용회복 변제수행 가능성 심사,credit,,기각,기각 원인 및 대응,0,,1405
신용회복-변제수행-가능성-심사-확인사항,신용회복 변제수행 가능성 심사 확인사항,credit,,기각,기각 원인 및 대응,0,,1406
신용회복-변제수행-가능성-심사-대응-방법,신용회복 변제수행 가능성 심사 대응 방법,credit,,기각,방법·절차 확인,0,,1407
신용회복-변제수행-가능성-심사-상담,신용회복 변제수행 가능성 심사 상담,credit,,기각,상담·서비스 탐색,0,,1408
신용회복-기각결정문,신용회복 기각결정문,credit,,기각,기각 원인 및 대응,1,기각,1409
신용회복-기각결정문-확인사항,신용회복 기각결정문 확인사항,credit,,기각,기각 원인 및 대응,1,기각,1410
신용회복-기각결정문-대응-방법,신용회복 기각결정문 대응 방법,credit,,기각,방법·절차 확인,1,기각,1411
신용회복-기각결정문-상담,신용회복 기각결정문 상담,credit,,기각,상담·서비스 탐색,1,기각,1412
신용회복-기각-후-즉시항고,신용회복 기각 후 즉시항고,credit,,기각,기각 원인 및 대응,1,기각,1413
신용회복-기각-후-즉시항고-확인사항,신용회복 기각 후 즉시항고 확인사항,credit,,기각,기각 원인 및 대응,1,기각,1414
신용회복-기각-후-즉시항고-대응-방법,신용회복 기각 후 즉시항고 대응 방법,credit,,기각,방법·절차 확인,1,기각,1415
신용회복-기각-후-즉시항고-상담,신용회복 기각 후 즉시항고 상담,credit,,기각,상담·서비스 탐색,1,기각,1416
신용회복-기각-후-재접수,신용회복 기각 후 재접수,credit,,기각,기각 원인 및 대응,1,기각,1417
신용회복-기각-후-재접수-확인사항,신용회복 기각 후 재접수 확인사항,credit,,기각,기각 원인 및 대응,1,기각,1418
신용회복-기각-후-재접수-대응-방법,신용회복 기각 후 재접수 대응 방법,credit,,기각,방법·절차 확인,1,기각,1419
신용회복-기각-후-재접수-상담,신용회복 기각 후 재접수 상담,credit,,기각,상담·서비스 탐색,1,기각,1420
신용회복-기각-후-추심,신용회복 기각 후 추심,credit,,기각,기각 원인 및 대응,1,기각,1421
신용회복-기각-후-추심-확인사항,신용회복 기각 후 추심 확인사항,credit,,기각,기각 원인 및 대응,1,기각,1422
신용회복-기각-후-추심-대응-방법,신용회복 기각 후 추심 대응 방법,credit,,기각,방법·절차 확인,1,기각,1423
신용회복-기각-후-추심-상담,신용회복 기각 후 추심 상담,credit,,기각,상담·서비스 탐색,1,기각,1424
신용회복-기각-후-압류,신용회복 기각 후 압류,credit,,기각,기각 원인 및 대응,1,기각,1425
신용회복-기각-후-압류-확인사항,신용회복 기각 후 압류 확인사항,credit,,기각,기각 원인 및 대응,1,기각,1426
신용회복-기각-후-압류-대응-방법,신용회복 기각 후 압류 대응 방법,credit,,기각,방법·절차 확인,1,기각,1427
신용회복-기각-후-압류-상담,신용회복 기각 후 압류 상담,credit,,기각,상담·서비스 탐색,1,기각,1428
신용회복-기각-후-납부금,신용회복 기각 후 납부금,credit,,기각,기각 원인 및 대응,1,기각,1429
신용회복-기각-후-납부금-확인사항,신용회복 기각 후 납부금 확인사항,credit,,기각,기각 원인 및 대응,1,기각,1430
신용회복-기각-후-납부금-대응-방법,신용회복 기각 후 납부금 대응 방법,credit,,기각,방법·절차 확인,1,기각,1431
신용회복-기각-후-납부금-상담,신용회복 기각 후 납부금 상담,credit,,기각,상담·서비스 탐색,1,기각,1432
신용회복-기각-후-대리인-변경,신용회복 기각 후 대리인 변경,credit,,기각,기각 원인 및 대응,1,기각,1433
신용회복-기각-후-대리인-변경-확인사항,신용회복 기각 후 대리인 변경 확인사항,credit,,기각,기각 원인 및 대응,1,기각,1434
신용회복-기각-후-대리인-변경-대응-방법,신용회복 기각 후 대리인 변경 대응 방법,credit,,기각,방법·절차 확인,1,기각,1435
신용회복-기각-후-대리인-변경-상담,신용회복 기각 후 대리인 변경 상담,credit,,기각,상담·서비스 탐색,1,기각,1436
신용회복-기각-이력,신용회복 기각 이력,credit,,기각,기각 원인 및 대응,1,기각,1437
신용회복-기각-이력-확인사항,신용회복 기각 이력 확인사항,credit,,기각,기각 원인 및 대응,1,기각,1438
신용회복-기각-이력-대응-방법,신용회복 기각 이력 대응 방법,credit,,기각,방법·절차 확인,1,기각,1439
신용회복-기각-이력-상담,신용회복 기각 이력 상담,credit,,기각,상담·서비스 탐색,1,기각,1440
신용회복-변제금-미납-폐지,신용회복 변제금 미납 폐지,credit,,폐지,폐지 예방 및 대응,1,폐지,1441
신용회복-변제금-미납-폐지-확인사항,신용회복 변제금 미납 폐지 확인사항,credit,,폐지,폐지 예방 및 대응,1,폐지,1442
신용회복-변제금-미납-폐지-대응-방법,신용회복 변제금 미납 폐지 대응 방법,credit,,폐지,방법·절차 확인,1,폐지,1443
신용회복-변제금-미납-폐지-상담,신용회복 변제금 미납 폐지 상담,credit,,폐지,상담·서비스 탐색,1,폐지,1444
신용회복-인가-전-폐지,신용회복 인가 전 폐지,credit,,폐지,폐지 예방 및 대응,1,인가;폐지,1445
신용회복-인가-전-폐지-확인사항,신용회복 인가 전 폐지 확인사항,credit,,폐지,폐지 예방 및 대응,1,인가;폐지,1446
신용회복-인가-전-폐지-대응-방법,신용회복 인가 전 폐지 대응 방법,credit,,폐지,방법·절차 확인,1,인가;폐지,1447
신용회복-인가-전-폐지-상담,신용회복 인가 전 폐지 상담,credit,,폐지,상담·서비스 탐색,1,인가;폐지,1448
신용회복-인가-후-폐지,신용회복 인가 후 폐지,credit,,폐지,폐지 예방 및 대응,1,인가;폐지,1449
신용회복-인가-후-폐지-확인사항,신용회복 인가 후 폐지 확인사항,credit,,폐지,폐지 예방 및 대응,1,인가;폐지,1450
신용회복-인가-후-폐지-대응-방법,신용회복 인가 후 폐지 대응 방법,credit,,폐지,방법·절차 확인,1,인가;폐지,1451
신용회복-인가-후-폐지-상담,신용회복 인가 후 폐지 상담,credit,,폐지,상담·서비스 탐색,1,인가;폐지,1452
신용회복-채권자집회-불참-폐지,신용회복 채권자집회 불참 폐지,credit,,폐지,폐지 예방 및 대응,1,채권자집회;폐지,1453
신용회복-채권자집회-불참-폐지-확인사항,신용회복 채권자집회 불참 폐지 확인사항,credit,,폐지,폐지 예방 및 대응,1,채권자집회;폐지,1454
신용회복-채권자집회-불참-폐지-대응-방법,신용회복 채권자집회 불참 폐지 대응 방법,credit,,폐지,방법·절차 확인,1,채권자집회;폐지,1455
신용회복-채권자집회-불참-폐지-상담,신용회복 채권자집회 불참 폐지 상담,credit,,폐지,상담·서비스 탐색,1,채권자집회;폐지,1456
신용회복-폐지예정-통지,신용회복 폐지예정 통지,credit,,폐지,폐지 예방 및 대응,1,폐지,1457
신용회복-폐지예정-통지-확인사항,신용회복 폐지예정 통지 확인사항,credit,,폐지,폐지 예방 및 대응,1,폐지,1458
신용회복-폐지예정-통지-대응-방법,신용회복 폐지예정 통지 대응 방법,credit,,폐지,방법·절차 확인,1,폐지,1459
신용회복-폐지예정-통지-상담,신용회복 폐지예정 통지 상담,credit,,폐지,상담·서비스 탐색,1,폐지,1460
신용회복-폐지결정,신용회복 폐지결정,credit,,폐지,폐지 예방 및 대응,1,폐지,1461
신용회복-폐지결정-확인사항,신용회복 폐지결정 확인사항,credit,,폐지,폐지 예방 및 대응,1,폐지,1462
신용회복-폐지결정-대응-방법,신용회복 폐지결정 대응 방법,credit,,폐지,방법·절차 확인,1,폐지,1463
신용회복-폐지결정-상담,신용회복 폐지결정 상담,credit,,폐지,상담·서비스 탐색,1,폐지,1464
신용회복-폐지결정-송달,신용회복 폐지결정 송달,credit,,폐지,폐지 예방 및 대응,1,폐지,1465
신용회복-폐지결정-송달-확인사항,신용회복 폐지결정 송달 확인사항,credit,,폐지,폐지 예방 및 대응,1,폐지,1466
신용회복-폐지결정-송달-대응-방법,신용회복 폐지결정 송달 대응 방법,credit,,폐지,방법·절차 확인,1,폐지,1467
신용회복-폐지결정-송달-상담,신용회복 폐지결정 송달 상담,credit,,폐지,상담·서비스 탐색,1,폐지,1468
신용회복-폐지-후-즉시항고,신용회복 폐지 후 즉시항고,credit,,폐지,폐지 예방 및 대응,1,폐지,1469
신용회복-폐지-후-즉시항고-확인사항,신용회복 폐지 후 즉시항고 확인사항,credit,,폐지,폐지 예방 및 대응,1,폐지,1470
신용회복-폐지-후-즉시항고-대응-방법,신용회복 폐지 후 즉시항고 대응 방법,credit,,폐지,방법·절차 확인,1,폐지,1471
신용회복-폐지-후-즉시항고-상담,신용회복 폐지 후 즉시항고 상담,credit,,폐지,상담·서비스 탐색,1,폐지,1472
신용회복-폐지-후-미납금-납부,신용회복 폐지 후 미납금 납부,credit,,폐지,폐지 예방 및 대응,1,폐지,1473
신용회복-폐지-후-미납금-납부-확인사항,신용회복 폐지 후 미납금 납부 확인사항,credit,,폐지,폐지 예방 및 대응,1,폐지,1474
신용회복-폐지-후-미납금-납부-대응-방법,신용회복 폐지 후 미납금 납부 대응 방법,credit,,폐지,방법·절차 확인,1,폐지,1475
신용회복-폐지-후-미납금-납부-상담,신용회복 폐지 후 미납금 납부 상담,credit,,폐지,상담·서비스 탐색,1,폐지,1476
신용회복-폐지-후-채권추심,신용회복 폐지 후 채권추심,credit,,폐지,폐지 예방 및 대응,1,폐지,1477
신용회복-폐지-후-채권추심-확인사항,신용회복 폐지 후 채권추심 확인사항,credit,,폐지,폐지 예방 및 대응,1,폐지,1478
신용회복-폐지-후-채권추심-대응-방법,신용회복 폐지 후 채권추심 대응 방법,credit,,폐지,방법·절차 확인,1,폐지,1479
신용회복-폐지-후-채권추심-상담,신용회복 폐지 후 채권추심 상담,credit,,폐지,상담·서비스 탐색,1,폐지,1480
신용회복-폐지-후-통장압류,신용회복 폐지 후 통장압류,credit,,폐지,폐지 예방 및 대응,1,폐지,1481
신용회복-폐지-후-통장압류-확인사항,신용회복 폐지 후 통장압류 확인사항,credit,,폐지,폐지 예방 및 대응,1,폐지,1482
신용회복-폐지-후-통장압류-대응-방법,신용회복 폐지 후 통장압류 대응 방법,credit,,폐지,방법·절차 확인,1,폐지,1483
신용회복-폐지-후-통장압류-상담,신용회복 폐지 후 통장압류 상담,credit,,폐지,상담·서비스 탐색,1,폐지,1484
신용회복-폐지-후-급여압류,신용회복 폐지 후 급여압류,credit,,폐지,폐지 예방 및 대응,1,폐지,1485
신용회복-폐지-후-급여압류-확인사항,신용회복 폐지 후 급여압류 확인사항,credit,,폐지,폐지 예방 및 대응,1,폐지,1486
신용회복-폐지-후-급여압류-대응-방법,신용회복 폐지 후 급여압류 대응 방법,credit,,폐지,방법·절차 확인,1,폐지,1487
신용회복-폐지-후-급여압류-상담,신용회복 폐지 후 급여압류 상담,credit,,폐지,상담·서비스 탐색,1,폐지,1488
신용회복-폐지-후-이자,신용회복 폐지 후 이자,credit,,폐지,폐지 예방 및 대응,1,폐지,1489
신용회복-폐지-후-이자-확인사항,신용회복 폐지 후 이자 확인사항,credit,,폐지,폐지 예방 및 대응,1,폐지,1490
신용회복-폐지-후-이자-대응-방법,신용회복 폐지 후 이자 대응 방법,credit,,폐지,방법·절차 확인,1,폐지,1491
신용회복-폐지-후-이자-상담,신용회복 폐지 후 이자 상담,credit,,폐지,상담·서비스 탐색,1,폐지,1492
신용회복-폐지-후-잔여채무,신용회복 폐지 후 잔여채무,credit,,폐지,폐지 예방 및 대응,1,폐지,1493
신용회복-폐지-후-잔여채무-확인사항,신용회복 폐지 후 잔여채무 확인사항,credit,,폐지,폐지 예방 및 대응,1,폐지,1494
신용회복-폐지-후-잔여채무-대응-방법,신용회복 폐지 후 잔여채무 대응 방법,credit,,폐지,방법·절차 확인,1,폐지,1495
신용회복-폐지-후-잔여채무-상담,신용회복 폐지 후 잔여채무 상담,credit,,폐지,상담·서비스 탐색,1,폐지,1496
신용회복-폐지-후-변제금-환급,신용회복 폐지 후 변제금 환급,credit,,폐지,폐지 예방 및 대응,1,폐지,1497
신용회복-폐지-후-변제금-환급-확인사항,신용회복 폐지 후 변제금 환급 확인사항,credit,,폐지,폐지 예방 및 대응,1,폐지,1498
신용회복-폐지-후-변제금-환급-대응-방법,신용회복 폐지 후 변제금 환급 대응 방법,credit,,폐지,방법·절차 확인,1,폐지,1499
신용회복-폐지-후-변제금-환급-상담,신용회복 폐지 후 변제금 환급 상담,credit,,폐지,상담·서비스 탐색,1,폐지,1500
신용회복-폐지-후-신용정보,신용회복 폐지 후 신용정보,credit,,폐지,폐지 예방 및 대응,1,폐지,1501
신용회복-폐지-후-신용정보-확인사항,신용회복 폐지 후 신용정보 확인사항,credit,,폐지,폐지 예방 및 대응,1,폐지,1502
신용회복-폐지-후-신용정보-대응-방법,신용회복 폐지 후 신용정보 대응 방법,credit,,폐지,방법·절차 확인,1,폐지,1503
신용회복-폐지-후-신용정보-상담,신용회복 폐지 후 신용정보 상담,credit,,폐지,상담·서비스 탐색,1,폐지,1504
신용회복-폐지-후-재접수,신용회복 폐지 후 재접수,credit,,폐지,폐지 예방 및 대응,1,폐지,1505
신용회복-폐지-후-재접수-확인사항,신용회복 폐지 후 재접수 확인사항,credit,,폐지,폐지 예방 및 대응,1,폐지,1506
신용회복-폐지-후-재접수-대응-방법,신용회복 폐지 후 재접수 대응 방법,credit,,폐지,방법·절차 확인,1,폐지,1507
신용회복-폐지-후-재접수-상담,신용회복 폐지 후 재접수 상담,credit,,폐지,상담·서비스 탐색,1,폐지,1508
신용회복-폐지-후-채무조정,신용회복 폐지 후 채무조정,credit,,폐지,폐지 예방 및 대응,1,폐지,1509
신용회복-폐지-후-채무조정-확인사항,신용회복 폐지 후 채무조정 확인사항,credit,,폐지,폐지 예방 및 대응,1,폐지,1510
신용회복-폐지-후-채무조정-대응-방법,신용회복 폐지 후 채무조정 대응 방법,credit,,폐지,방법·절차 확인,1,폐지,1511
신용회복-폐지-후-채무조정-상담,신용회복 폐지 후 채무조정 상담,credit,,폐지,상담·서비스 탐색,1,폐지,1512
신용회복-실직에-따른-폐지-위험,신용회복 실직에 따른 폐지 위험,credit,,폐지,폐지 예방 및 대응,1,폐지,1513
신용회복-실직에-따른-폐지-위험-확인사항,신용회복 실직에 따른 폐지 위험 확인사항,credit,,폐지,폐지 예방 및 대응,1,폐지,1514
신용회복-실직에-따른-폐지-위험-대응-방법,신용회복 실직에 따른 폐지 위험 대응 방법,credit,,폐지,방법·절차 확인,1,폐지,1515
신용회복-실직에-따른-폐지-위험-상담,신용회복 실직에 따른 폐지 위험 상담,credit,,폐지,상담·서비스 탐색,1,폐지,1516
신용회복-폐업에-따른-폐지-위험,신용회복 폐업에 따른 폐지 위험,credit,,폐지,폐지 예방 및 대응,1,폐지,1517
신용회복-폐업에-따른-폐지-위험-확인사항,신용회복 폐업에 따른 폐지 위험 확인사항,credit,,폐지,폐지 예방 및 대응,1,폐지,1518
신용회복-폐업에-따른-폐지-위험-대응-방법,신용회복 폐업에 따른 폐지 위험 대응 방법,credit,,폐지,방법·절차 확인,1,폐지,1519
신용회복-폐업에-따른-폐지-위험-상담,신용회복 폐업에 따른 폐지 위험 상담,credit,,폐지,상담·서비스 탐색,1,폐지,1520
신용회복-두-번째-신청,신용회복 두 번째 신청,credit,,재신청,재신청 가능성과 준비,0,,1521
신용회복-두-번째-신청-가능-여부,신용회복 두 번째 신청 가능 여부,credit,,재신청,재신청 가능성과 준비,0,,1522
신용회복-두-번째-신청-준비서류,신용회복 두 번째 신청 준비서류,credit,,재신청,서류·증빙 준비,0,,1523
신용회복-두-번째-신청-상담,신용회복 두 번째 신청 상담,credit,,재신청,상담·서비스 탐색,0,,1524
신용회복-세-번째-신청,신용회복 세 번째 신청,credit,,재신청,재신청 가능성과 준비,0,,1525
신용회복-세-번째-신청-가능-여부,신용회복 세 번째 신청 가능 여부,credit,,재신청,재신청 가능성과 준비,0,,1526
신용회복-세-번째-신청-준비서류,신용회복 세 번째 신청 준비서류,credit,,재신청,서류·증빙 준비,0,,1527
신용회복-세-번째-신청-상담,신용회복 세 번째 신청 상담,credit,,재신청,상담·서비스 탐색,0,,1528
신용회복-면책-후-재신청,신용회복 면책 후 재신청,credit,,재신청,재신청 가능성과 준비,1,재신청,1529
신용회복-면책-후-재신청-가능-여부,신용회복 면책 후 재신청 가능 여부,credit,,재신청,재신청 가능성과 준비,1,재신청,1530
신용회복-면책-후-재신청-준비서류,신용회복 면책 후 재신청 준비서류,credit,,재신청,서류·증빙 준비,1,재신청,1531
신용회복-면책-후-재신청-상담,신용회복 면책 후 재신청 상담,credit,,재신청,상담·서비스 탐색,1,재신청,1532
신용회복-기각-후-재신청,신용회복 기각 후 재신청,credit,,재신청,재신청 가능성과 준비,1,재신청;기각,1533
신용회복-기각-후-재신청-가능-여부,신용회복 기각 후 재신청 가능 여부,credit,,재신청,재신청 가능성과 준비,1,재신청;기각,1534
신용회복-기각-후-재신청-준비서류,신용회복 기각 후 재신청 준비서류,credit,,재신청,서류·증빙 준비,1,재신청;기각,1535
신용회복-기각-후-재신청-상담,신용회복 기각 후 재신청 상담,credit,,재신청,상담·서비스 탐색,1,재신청;기각,1536
신용회복-폐지-후-재신청,신용회복 폐지 후 재신청,credit,,재신청,재신청 가능성과 준비,1,폐지;재신청,1537
신용회복-폐지-후-재신청-가능-여부,신용회복 폐지 후 재신청 가능 여부,credit,,재신청,재신청 가능성과 준비,1,폐지;재신청,1538
신용회복-폐지-후-재신청-준비서류,신용회복 폐지 후 재신청 준비서류,credit,,재신청,서류·증빙 준비,1,폐지;재신청,1539
신용회복-폐지-후-재신청-상담,신용회복 폐지 후 재신청 상담,credit,,재신청,상담·서비스 탐색,1,폐지;재신청,1540
신용회복-취하-후-재신청,신용회복 취하 후 재신청,credit,,재신청,재신청 가능성과 준비,1,재신청,1541
신용회복-취하-후-재신청-가능-여부,신용회복 취하 후 재신청 가능 여부,credit,,재신청,재신청 가능성과 준비,1,재신청,1542
신용회복-취하-후-재신청-준비서류,신용회복 취하 후 재신청 준비서류,credit,,재신청,서류·증빙 준비,1,재신청,1543
신용회복-취하-후-재신청-상담,신용회복 취하 후 재신청 상담,credit,,재신청,상담·서비스 탐색,1,재신청,1544
신용회복-미납-후-재신청,신용회복 미납 후 재신청,credit,,재신청,재신청 가능성과 준비,1,재신청,1545
신용회복-미납-후-재신청-가능-여부,신용회복 미납 후 재신청 가능 여부,credit,,재신청,재신청 가능성과 준비,1,재신청,1546
신용회복-미납-후-재신청-준비서류,신용회복 미납 후 재신청 준비서류,credit,,재신청,서류·증빙 준비,1,재신청,1547
신용회복-미납-후-재신청-상담,신용회복 미납 후 재신청 상담,credit,,재신청,상담·서비스 탐색,1,재신청,1548
신용회복-실직-후-재신청,신용회복 실직 후 재신청,credit,,재신청,재신청 가능성과 준비,1,재신청,1549
신용회복-실직-후-재신청-가능-여부,신용회복 실직 후 재신청 가능 여부,credit,,재신청,재신청 가능성과 준비,1,재신청,1550
신용회복-실직-후-재신청-준비서류,신용회복 실직 후 재신청 준비서류,credit,,재신청,서류·증빙 준비,1,재신청,1551
신용회복-실직-후-재신청-상담,신용회복 실직 후 재신청 상담,credit,,재신청,상담·서비스 탐색,1,재신청,1552
신용회복-재취업-후-재신청,신용회복 재취업 후 재신청,credit,,재신청,재신청 가능성과 준비,1,재신청,1553
신용회복-재취업-후-재신청-가능-여부,신용회복 재취업 후 재신청 가능 여부,credit,,재신청,재신청 가능성과 준비,1,재신청,1554
신용회복-재취업-후-재신청-준비서류,신용회복 재취업 후 재신청 준비서류,credit,,재신청,서류·증빙 준비,1,재신청,1555
신용회복-재취업-후-재신청-상담,신용회복 재취업 후 재신청 상담,credit,,재신청,상담·서비스 탐색,1,재신청,1556
신용회복-폐업-후-재신청,신용회복 폐업 후 재신청,credit,,재신청,재신청 가능성과 준비,1,재신청,1557
신용회복-폐업-후-재신청-가능-여부,신용회복 폐업 후 재신청 가능 여부,credit,,재신청,재신청 가능성과 준비,1,재신청,1558
신용회복-폐업-후-재신청-준비서류,신용회복 폐업 후 재신청 준비서류,credit,,재신청,서류·증빙 준비,1,재신청,1559
신용회복-폐업-후-재신청-상담,신용회복 폐업 후 재신청 상담,credit,,재신청,상담·서비스 탐색,1,재신청,1560
신용회복-채무-증가-후-재신청,신용회복 채무 증가 후 재신청,credit,,재신청,재신청 가능성과 준비,1,재신청,1561
신용회복-채무-증가-후-재신청-가능-여부,신용회복 채무 증가 후 재신청 가능 여부,credit,,재신청,재신청 가능성과 준비,1,재신청,1562
신용회복-채무-증가-후-재신청-준비서류,신용회복 채무 증가 후 재신청 준비서류,credit,,재신청,서류·증빙 준비,1,재신청,1563
신용회복-채무-증가-후-재신청-상담,신용회복 채무 증가 후 재신청 상담,credit,,재신청,상담·서비스 탐색,1,재신청,1564
신용회복-소득-감소-후-재신청,신용회복 소득 감소 후 재신청,credit,,재신청,재신청 가능성과 준비,1,재신청,1565
신용회복-소득-감소-후-재신청-가능-여부,신용회복 소득 감소 후 재신청 가능 여부,credit,,재신청,재신청 가능성과 준비,1,재신청,1566
신용회복-소득-감소-후-재신청-준비서류,신용회복 소득 감소 후 재신청 준비서류,credit,,재신청,서류·증빙 준비,1,재신청,1567
신용회복-소득-감소-후-재신청-상담,신용회복 소득 감소 후 재신청 상담,credit,,재신청,상담·서비스 탐색,1,재신청,1568
신용회복-부양가족-증가-후-재신청,신용회복 부양가족 증가 후 재신청,credit,,재신청,재신청 가능성과 준비,1,재신청,1569
신용회복-부양가족-증가-후-재신청-가능-여부,신용회복 부양가족 증가 후 재신청 가능 여부,credit,,재신청,재신청 가능성과 준비,1,재신청,1570
신용회복-부양가족-증가-후-재신청-준비서류,신용회복 부양가족 증가 후 재신청 준비서류,credit,,재신청,서류·증빙 준비,1,재신청,1571
신용회복-부양가족-증가-후-재신청-상담,신용회복 부양가족 증가 후 재신청 상담,credit,,재신청,상담·서비스 탐색,1,재신청,1572
신용회복-이혼-후-재신청,신용회복 이혼 후 재신청,credit,,재신청,재신청 가능성과 준비,1,재신청,1573
신용회복-이혼-후-재신청-가능-여부,신용회복 이혼 후 재신청 가능 여부,credit,,재신청,재신청 가능성과 준비,1,재신청,1574
신용회복-이혼-후-재신청-준비서류,신용회복 이혼 후 재신청 준비서류,credit,,재신청,서류·증빙 준비,1,재신청,1575
신용회복-이혼-후-재신청-상담,신용회복 이혼 후 재신청 상담,credit,,재신청,상담·서비스 탐색,1,재신청,1576
신용회복-질병-발생-후-재신청,신용회복 질병 발생 후 재신청,credit,,재신청,재신청 가능성과 준비,1,재신청,1577
신용회복-질병-발생-후-재신청-가능-여부,신용회복 질병 발생 후 재신청 가능 여부,credit,,재신청,재신청 가능성과 준비,1,재신청,1578
신용회복-질병-발생-후-재신청-준비서류,신용회복 질병 발생 후 재신청 준비서류,credit,,재신청,서류·증빙 준비,1,재신청,1579
신용회복-질병-발생-후-재신청-상담,신용회복 질병 발생 후 재신청 상담,credit,,재신청,상담·서비스 탐색,1,재신청,1580
신용회복-투자-실패-후-재신청,신용회복 투자 실패 후 재신청,credit,,재신청,재신청 가능성과 준비,1,재신청,1581
신용회복-투자-실패-후-재신청-가능-여부,신용회복 투자 실패 후 재신청 가능 여부,credit,,재신청,재신청 가능성과 준비,1,재신청,1582
신용회복-투자-실패-후-재신청-준비서류,신용회복 투자 실패 후 재신청 준비서류,credit,,재신청,서류·증빙 준비,1,재신청,1583
신용회복-투자-실패-후-재신청-상담,신용회복 투자 실패 후 재신청 상담,credit,,재신청,상담·서비스 탐색,1,재신청,1584
신용회복-사업-재개-후-재신청,신용회복 사업 재개 후 재신청,credit,,재신청,재신청 가능성과 준비,1,재신청,1585
신용회복-사업-재개-후-재신청-가능-여부,신용회복 사업 재개 후 재신청 가능 여부,credit,,재신청,재신청 가능성과 준비,1,재신청,1586
신용회복-사업-재개-후-재신청-준비서류,신용회복 사업 재개 후 재신청 준비서류,credit,,재신청,서류·증빙 준비,1,재신청,1587
신용회복-사업-재개-후-재신청-상담,신용회복 사업 재개 후 재신청 상담,credit,,재신청,상담·서비스 탐색,1,재신청,1588
신용회복-대리인-변경-후-재신청,신용회복 대리인 변경 후 재신청,credit,,재신청,재신청 가능성과 준비,1,재신청,1589
신용회복-대리인-변경-후-재신청-가능-여부,신용회복 대리인 변경 후 재신청 가능 여부,credit,,재신청,재신청 가능성과 준비,1,재신청,1590
신용회복-대리인-변경-후-재신청-준비서류,신용회복 대리인 변경 후 재신청 준비서류,credit,,재신청,서류·증빙 준비,1,재신청,1591
신용회복-대리인-변경-후-재신청-상담,신용회복 대리인 변경 후 재신청 상담,credit,,재신청,상담·서비스 탐색,1,재신청,1592
신용회복-관할-변경-후-재신청,신용회복 관할 변경 후 재신청,credit,,재신청,재신청 가능성과 준비,1,재신청;관할,1593
신용회복-관할-변경-후-재신청-가능-여부,신용회복 관할 변경 후 재신청 가능 여부,credit,,재신청,재신청 가능성과 준비,1,재신청;관할,1594
신용회복-관할-변경-후-재신청-준비서류,신용회복 관할 변경 후 재신청 준비서류,credit,,재신청,서류·증빙 준비,1,재신청;관할,1595
신용회복-관할-변경-후-재신청-상담,신용회복 관할 변경 후 재신청 상담,credit,,재신청,상담·서비스 탐색,1,재신청;관할,1596
신용회복-누락채권-포함-재신청,신용회복 누락채권 포함 재신청,credit,,재신청,재신청 가능성과 준비,1,재신청,1597
신용회복-누락채권-포함-재신청-가능-여부,신용회복 누락채권 포함 재신청 가능 여부,credit,,재신청,재신청 가능성과 준비,1,재신청,1598
신용회복-누락채권-포함-재신청-준비서류,신용회복 누락채권 포함 재신청 준비서류,credit,,재신청,서류·증빙 준비,1,재신청,1599
신용회복-누락채권-포함-재신청-상담,신용회복 누락채권 포함 재신청 상담,credit,,재신청,상담·서비스 탐색,1,재신청,1600
신용회복-면책결정,신용회복 면책결정,credit,,면책,면책 신청과 후속 처리,0,,1601
신용회복-면책결정-확인-방법,신용회복 면책결정 확인 방법,credit,,면책,방법·절차 확인,0,,1602
신용회복-면책결정-처리-절차,신용회복 면책결정 처리 절차,credit,,면책,방법·절차 확인,0,,1603
신용회복-면책결정-상담,신용회복 면책결정 상담,credit,,면책,상담·서비스 탐색,0,,1604
신용회복-면책신청서,신용회복 면책신청서,credit,,면책,면책 신청과 후속 처리,0,,1605
신용회복-면책신청서-확인-방법,신용회복 면책신청서 확인 방법,credit,,면책,방법·절차 확인,0,,1606
신용회복-면책신청서-처리-절차,신용회복 면책신청서 처리 절차,credit,,면책,방법·절차 확인,0,,1607
신용회복-면책신청서-상담,신용회복 면책신청서 상담,credit,,면책,상담·서비스 탐색,0,,1608
신용회복-면책신청-시기,신용회복 면책신청 시기,credit,,면책,면책 신청과 후속 처리,0,,1609
신용회복-면책신청-시기-확인-방법,신용회복 면책신청 시기 확인 방법,credit,,면책,방법·절차 확인,0,,1610
신용회복-면책신청-시기-처리-절차,신용회복 면책신청 시기 처리 절차,credit,,면책,방법·절차 확인,0,,1611
신용회복-면책신청-시기-상담,신용회복 면책신청 시기 상담,credit,,면책,상담·서비스 탐색,0,,1612
신용회복-변제완료-확인,신용회복 변제완료 확인,credit,,면책,면책 신청과 후속 처리,0,,1613
신용회복-변제완료-확인-확인-방법,신용회복 변제완료 확인 확인 방법,credit,,면책,방법·절차 확인,0,,1614
신용회복-변제완료-확인-처리-절차,신용회복 변제완료 확인 처리 절차,credit,,면책,방법·절차 확인,0,,1615
신용회복-변제완료-확인-상담,신용회복 변제완료 확인 상담,credit,,면책,상담·서비스 탐색,0,,1616
신용회복-최종-변제금,신용회복 최종 변제금,credit,,면책,면책 신청과 후속 처리,0,,1617
신용회복-최종-변제금-확인-방법,신용회복 최종 변제금 확인 방법,credit,,면책,방법·절차 확인,0,,1618
신용회복-최종-변제금-처리-절차,신용회복 최종 변제금 처리 절차,credit,,면책,방법·절차 확인,0,,1619
신용회복-최종-변제금-상담,신용회복 최종 변제금 상담,credit,,면책,상담·서비스 탐색,0,,1620
신용회복-미납금-정산,신용회복 미납금 정산,credit,,면책,면책 신청과 후속 처리,0,,1621
신용회복-미납금-정산-확인-방법,신용회복 미납금 정산 확인 방법,credit,,면책,방법·절차 확인,0,,1622
신용회복-미납금-정산-처리-절차,신용회복 미납금 정산 처리 절차,credit,,면책,방법·절차 확인,0,,1623
신용회복-미납금-정산-상담,신용회복 미납금 정산 상담,credit,,면책,상담·서비스 탐색,0,,1624
신용회복-특별면책,신용회복 특별면책,credit,,면책,면책 신청과 후속 처리,0,,1625
신용회복-특별면책-확인-방법,신용회복 특별면책 확인 방법,credit,,면책,방법·절차 확인,0,,1626
신용회복-특별면책-처리-절차,신용회복 특별면책 처리 절차,credit,,면책,방법·절차 확인,0,,1627
신용회복-특별면책-상담,신용회복 특별면책 상담,credit,,면책,상담·서비스 탐색,0,,1628
신용회복-면책불허가,신용회복 면책불허가,credit,,면책,면책 신청과 후속 처리,0,,1629
신용회복-면책불허가-확인-방법,신용회복 면책불허가 확인 방법,credit,,면책,방법·절차 확인,0,,1630
신용회복-면책불허가-처리-절차,신용회복 면책불허가 처리 절차,credit,,면책,방법·절차 확인,0,,1631
신용회복-면책불허가-상담,신용회복 면책불허가 상담,credit,,면책,상담·서비스 탐색,0,,1632
신용회복-면책결정-확정,신용회복 면책결정 확정,credit,,면책,면책 신청과 후속 처리,0,,1633
신용회복-면책결정-확정-확인-방법,신용회복 면책결정 확정 확인 방법,credit,,면책,방법·절차 확인,0,,1634
신용회복-면책결정-확정-처리-절차,신용회복 면책결정 확정 처리 절차,credit,,면책,방법·절차 확인,0,,1635
신용회복-면책결정-확정-상담,신용회복 면책결정 확정 상담,credit,,면책,상담·서비스 탐색,0,,1636
신용회복-면책결정문-발급,신용회복 면책결정문 발급,credit,,면책,면책 신청과 후속 처리,0,,1637
신용회복-면책결정문-발급-확인-방법,신용회복 면책결정문 발급 확인 방법,credit,,면책,방법·절차 확인,0,,1638
신용회복-면책결정문-발급-처리-절차,신용회복 면책결정문 발급 처리 절차,credit,,면책,방법·절차 확인,0,,1639
신용회복-면책결정문-발급-상담,신용회복 면책결정문 발급 상담,credit,,면책,상담·서비스 탐색,0,,1640
신용회복-확정증명원-발급,신용회복 확정증명원 발급,credit,,면책,면책 신청과 후속 처리,0,,1641
신용회복-확정증명원-발급-확인-방법,신용회복 확정증명원 발급 확인 방법,credit,,면책,방법·절차 확인,0,,1642
신용회복-확정증명원-발급-처리-절차,신용회복 확정증명원 발급 처리 절차,credit,,면책,방법·절차 확인,0,,1643
신용회복-확정증명원-발급-상담,신용회복 확정증명원 발급 상담,credit,,면책,상담·서비스 탐색,0,,1644
신용회복-면책-후-누락채권,신용회복 면책 후 누락채권,credit,,면책,면책 신청과 후속 처리,0,,1645
신용회복-면책-후-누락채권-확인-방법,신용회복 면책 후 누락채권 확인 방법,credit,,면책,방법·절차 확인,0,,1646
신용회복-면책-후-누락채권-처리-절차,신용회복 면책 후 누락채권 처리 절차,credit,,면책,방법·절차 확인,0,,1647
신용회복-면책-후-누락채권-상담,신용회복 면책 후 누락채권 상담,credit,,면책,상담·서비스 탐색,0,,1648
신용회복-면책-후-보증채무,신용회복 면책 후 보증채무,credit,,면책,면책 신청과 후속 처리,0,,1649
신용회복-면책-후-보증채무-확인-방법,신용회복 면책 후 보증채무 확인 방법,credit,,면책,방법·절차 확인,0,,1650
신용회복-면책-후-보증채무-처리-절차,신용회복 면책 후 보증채무 처리 절차,credit,,면책,방법·절차 확인,0,,1651
신용회복-면책-후-보증채무-상담,신용회복 면책 후 보증채무 상담,credit,,면책,상담·서비스 탐색,0,,1652
신용회복-면책-후-세금,신용회복 면책 후 세금,credit,,면책,면책 신청과 후속 처리,0,,1653
신용회복-면책-후-세금-확인-방법,신용회복 면책 후 세금 확인 방법,credit,,면책,방법·절차 확인,0,,1654
신용회복-면책-후-세금-처리-절차,신용회복 면책 후 세금 처리 절차,credit,,면책,방법·절차 확인,0,,1655
신용회복-면책-후-세금-상담,신용회복 면책 후 세금 상담,credit,,면책,상담·서비스 탐색,0,,1656
신용회복-면책-후-손해배상채무,신용회복 면책 후 손해배상채무,credit,,면책,면책 신청과 후속 처리,0,,1657
신용회복-면책-후-손해배상채무-확인-방법,신용회복 면책 후 손해배상채무 확인 방법,credit,,면책,방법·절차 확인,0,,1658
신용회복-면책-후-손해배상채무-처리-절차,신용회복 면책 후 손해배상채무 처리 절차,credit,,면책,방법·절차 확인,0,,1659
신용회복-면책-후-손해배상채무-상담,신용회복 면책 후 손해배상채무 상담,credit,,면책,상담·서비스 탐색,0,,1660
신용회복-면책-후-양육비,신용회복 면책 후 양육비,credit,,면책,면책 신청과 후속 처리,0,,1661
신용회복-면책-후-양육비-확인-방법,신용회복 면책 후 양육비 확인 방법,credit,,면책,방법·절차 확인,0,,1662
신용회복-면책-후-양육비-처리-절차,신용회복 면책 후 양육비 처리 절차,credit,,면책,방법·절차 확인,0,,1663
신용회복-면책-후-양육비-상담,신용회복 면책 후 양육비 상담,credit,,면책,상담·서비스 탐색,0,,1664
신용회복-면책-후-담보채무,신용회복 면책 후 담보채무,credit,,면책,면책 신청과 후속 처리,0,,1665
신용회복-면책-후-담보채무-확인-방법,신용회복 면책 후 담보채무 확인 방법,credit,,면책,방법·절차 확인,0,,1666
신용회복-면책-후-담보채무-처리-절차,신용회복 면책 후 담보채무 처리 절차,credit,,면책,방법·절차 확인,0,,1667
신용회복-면책-후-담보채무-상담,신용회복 면책 후 담보채무 상담,credit,,면책,상담·서비스 탐색,0,,1668
신용회복-면책-후-독촉장,신용회복 면책 후 독촉장,credit,,면책,면책 신청과 후속 처리,0,,1669
신용회복-면책-후-독촉장-확인-방법,신용회복 면책 후 독촉장 확인 방법,credit,,면책,방법·절차 확인,0,,1670
신용회복-면책-후-독촉장-처리-절차,신용회복 면책 후 독촉장 처리 절차,credit,,면책,방법·절차 확인,0,,1671
신용회복-면책-후-독촉장-상담,신용회복 면책 후 독촉장 상담,credit,,면책,상담·서비스 탐색,0,,1672
신용회복-면책-후-압류해제,신용회복 면책 후 압류해제,credit,,면책,면책 신청과 후속 처리,0,,1673
신용회복-면책-후-압류해제-확인-방법,신용회복 면책 후 압류해제 확인 방법,credit,,면책,방법·절차 확인,0,,1674
신용회복-면책-후-압류해제-처리-절차,신용회복 면책 후 압류해제 처리 절차,credit,,면책,방법·절차 확인,0,,1675
신용회복-면책-후-압류해제-상담,신용회복 면책 후 압류해제 상담,credit,,면책,상담·서비스 탐색,0,,1676
신용회복-면책-후-기록-정리,신용회복 면책 후 기록 정리,credit,,면책,면책 신청과 후속 처리,0,,1677
신용회복-면책-후-기록-정리-확인-방법,신용회복 면책 후 기록 정리 확인 방법,credit,,면책,방법·절차 확인,0,,1678
신용회복-면책-후-기록-정리-처리-절차,신용회복 면책 후 기록 정리 처리 절차,credit,,면책,방법·절차 확인,0,,1679
신용회복-면책-후-기록-정리-상담,신용회복 면책 후 기록 정리 상담,credit,,면책,상담·서비스 탐색,0,,1680
신용회복-신용점수,신용회복 신용점수,credit,,신용회복,면책 후 금융생활 확인,0,,1681
신용회복-신용점수-면책-후-확인,신용회복 신용점수 면책 후 확인,credit,,신용회복,면책 후 금융생활 확인,0,,1682
신용회복-신용점수-제한-여부,신용회복 신용점수 제한 여부,credit,,신용회복,면책 후 금융생활 확인,0,,1683
신용회복-신용점수-상담,신용회복 신용점수 상담,credit,,신용회복,상담·서비스 탐색,0,,1684
신용회복-신용등급,신용회복 신용등급,credit,,신용회복,면책 후 금융생활 확인,0,,1685
신용회복-신용등급-면책-후-확인,신용회복 신용등급 면책 후 확인,credit,,신용회복,면책 후 금융생활 확인,0,,1686
신용회복-신용등급-제한-여부,신용회복 신용등급 제한 여부,credit,,신용회복,면책 후 금융생활 확인,0,,1687
신용회복-신용등급-상담,신용회복 신용등급 상담,credit,,신용회복,상담·서비스 탐색,0,,1688
신용회복-공공정보-삭제,신용회복 공공정보 삭제,credit,,신용회복,면책 후 금융생활 확인,0,,1689
신용회복-공공정보-삭제-면책-후-확인,신용회복 공공정보 삭제 면책 후 확인,credit,,신용회복,면책 후 금융생활 확인,0,,1690
신용회복-공공정보-삭제-제한-여부,신용회복 공공정보 삭제 제한 여부,credit,,신용회복,면책 후 금융생활 확인,0,,1691
신용회복-공공정보-삭제-상담,신용회복 공공정보 삭제 상담,credit,,신용회복,상담·서비스 탐색,0,,1692
신용회복-연체정보-해제,신용회복 연체정보 해제,credit,,신용회복,면책 후 금융생활 확인,0,,1693
신용회복-연체정보-해제-면책-후-확인,신용회복 연체정보 해제 면책 후 확인,credit,,신용회복,면책 후 금융생활 확인,0,,1694
신용회복-연체정보-해제-제한-여부,신용회복 연체정보 해제 제한 여부,credit,,신용회복,면책 후 금융생활 확인,0,,1695
신용회복-연체정보-해제-상담,신용회복 연체정보 해제 상담,credit,,신용회복,상담·서비스 탐색,0,,1696
신용회복-신용정보-정정,신용회복 신용정보 정정,credit,,신용회복,면책 후 금융생활 확인,0,,1697
신용회복-신용정보-정정-면책-후-확인,신용회복 신용정보 정정 면책 후 확인,credit,,신용회복,면책 후 금융생활 확인,0,,1698
신용회복-신용정보-정정-제한-여부,신용회복 신용정보 정정 제한 여부,credit,,신용회복,면책 후 금융생활 확인,0,,1699
신용회복-신용정보-정정-상담,신용회복 신용정보 정정 상담,credit,,신용회복,상담·서비스 탐색,0,,1700
신용회복-금융거래-재개,신용회복 금융거래 재개,credit,,신용회복,면책 후 금융생활 확인,0,,1701
신용회복-금융거래-재개-면책-후-확인,신용회복 금융거래 재개 면책 후 확인,credit,,신용회복,면책 후 금융생활 확인,0,,1702
신용회복-금융거래-재개-제한-여부,신용회복 금융거래 재개 제한 여부,credit,,신용회복,면책 후 금융생활 확인,0,,1703
신용회복-금융거래-재개-상담,신용회복 금융거래 재개 상담,credit,,신용회복,상담·서비스 탐색,0,,1704
신용회복-체크카드-발급,신용회복 체크카드 발급,credit,,신용회복,면책 후 금융생활 확인,0,,1705
신용회복-체크카드-발급-면책-후-확인,신용회복 체크카드 발급 면책 후 확인,credit,,신용회복,면책 후 금융생활 확인,0,,1706
신용회복-체크카드-발급-제한-여부,신용회복 체크카드 발급 제한 여부,credit,,신용회복,면책 후 금융생활 확인,0,,1707
신용회복-체크카드-발급-상담,신용회복 체크카드 발급 상담,credit,,신용회복,상담·서비스 탐색,0,,1708
신용회복-신용카드-발급,신용회복 신용카드 발급,credit,,신용회복,면책 후 금융생활 확인,0,,1709
신용회복-신용카드-발급-면책-후-확인,신용회복 신용카드 발급 면책 후 확인,credit,,신용회복,면책 후 금융생활 확인,0,,1710
신용회복-신용카드-발급-제한-여부,신용회복 신용카드 발급 제한 여부,credit,,신용회복,면책 후 금융생활 확인,0,,1711
신용회복-신용카드-발급-상담,신용회복 신용카드 발급 상담,credit,,신용회복,상담·서비스 탐색,0,,1712
신용회복-통장-신규-개설,신용회복 통장 신규 개설,credit,,신용회복,면책 후 금융생활 확인,0,,1713
신용회복-통장-신규-개설-면책-후-확인,신용회복 통장 신규 개설 면책 후 확인,credit,,신용회복,면책 후 금융생활 확인,0,,1714
신용회복-통장-신규-개설-제한-여부,신용회복 통장 신규 개설 제한 여부,credit,,신용회복,면책 후 금융생활 확인,0,,1715
신용회복-통장-신규-개설-상담,신용회복 통장 신규 개설 상담,credit,,신용회복,상담·서비스 탐색,0,,1716
신용회복-급여계좌-변경,신용회복 급여계좌 변경,credit,,신용회복,면책 후 금융생활 확인,0,,1717
신용회복-급여계좌-변경-면책-후-확인,신용회복 급여계좌 변경 면책 후 확인,credit,,신용회복,면책 후 금융생활 확인,0,,1718
신용회복-급여계좌-변경-제한-여부,신용회복 급여계좌 변경 제한 여부,credit,,신용회복,면책 후 금융생활 확인,0,,1719
신용회복-급여계좌-변경-상담,신용회복 급여계좌 변경 상담,credit,,신용회복,상담·서비스 탐색,0,,1720
신용회복-휴대폰-개통,신용회복 휴대폰 개통,credit,,신용회복,면책 후 금융생활 확인,0,,1721
신용회복-휴대폰-개통-면책-후-확인,신용회복 휴대폰 개통 면책 후 확인,credit,,신용회복,면책 후 금융생활 확인,0,,1722
신용회복-휴대폰-개통-제한-여부,신용회복 휴대폰 개통 제한 여부,credit,,신용회복,면책 후 금융생활 확인,0,,1723
신용회복-휴대폰-개통-상담,신용회복 휴대폰 개통 상담,credit,,신용회복,상담·서비스 탐색,0,,1724
신용회복-통신요금-자동이체,신용회복 통신요금 자동이체,credit,,신용회복,면책 후 금융생활 확인,0,,1725
신용회복-통신요금-자동이체-면책-후-확인,신용회복 통신요금 자동이체 면책 후 확인,credit,,신용회복,면책 후 금융생활 확인,0,,1726
신용회복-통신요금-자동이체-제한-여부,신용회복 통신요금 자동이체 제한 여부,credit,,신용회복,면책 후 금융생활 확인,0,,1727
신용회복-통신요금-자동이체-상담,신용회복 통신요금 자동이체 상담,credit,,신용회복,상담·서비스 탐색,0,,1728
신용회복-보증보험-가입,신용회복 보증보험 가입,credit,,신용회복,면책 후 금융생활 확인,0,,1729
신용회복-보증보험-가입-면책-후-확인,신용회복 보증보험 가입 면책 후 확인,credit,,신용회복,면책 후 금융생활 확인,0,,1730
신용회복-보증보험-가입-제한-여부,신용회복 보증보험 가입 제한 여부,credit,,신용회복,면책 후 금융생활 확인,0,,1731
신용회복-보증보험-가입-상담,신용회복 보증보험 가입 상담,credit,,신용회복,상담·서비스 탐색,0,,1732
신용회복-전세대출-심사,신용회복 전세대출 심사,credit,,신용회복,면책 후 금융생활 확인,0,,1733
신용회복-전세대출-심사-면책-후-확인,신용회복 전세대출 심사 면책 후 확인,credit,,신용회복,면책 후 금융생활 확인,0,,1734
신용회복-전세대출-심사-제한-여부,신용회복 전세대출 심사 제한 여부,credit,,신용회복,면책 후 금융생활 확인,0,,1735
신용회복-전세대출-심사-상담,신용회복 전세대출 심사 상담,credit,,신용회복,상담·서비스 탐색,0,,1736
신용회복-주택담보대출-심사,신용회복 주택담보대출 심사,credit,,신용회복,면책 후 금융생활 확인,0,,1737
신용회복-주택담보대출-심사-면책-후-확인,신용회복 주택담보대출 심사 면책 후 확인,credit,,신용회복,면책 후 금융생활 확인,0,,1738
신용회복-주택담보대출-심사-제한-여부,신용회복 주택담보대출 심사 제한 여부,credit,,신용회복,면책 후 금융생활 확인,0,,1739
신용회복-주택담보대출-심사-상담,신용회복 주택담보대출 심사 상담,credit,,신용회복,상담·서비스 탐색,0,,1740
신용회복-자동차-할부-심사,신용회복 자동차 할부 심사,credit,,신용회복,면책 후 금융생활 확인,0,,1741
신용회복-자동차-할부-심사-면책-후-확인,신용회복 자동차 할부 심사 면책 후 확인,credit,,신용회복,면책 후 금융생활 확인,0,,1742
신용회복-자동차-할부-심사-제한-여부,신용회복 자동차 할부 심사 제한 여부,credit,,신용회복,면책 후 금융생활 확인,0,,1743
신용회복-자동차-할부-심사-상담,신용회복 자동차 할부 심사 상담,credit,,신용회복,상담·서비스 탐색,0,,1744
신용회복-소액-신용거래,신용회복 소액 신용거래,credit,,신용회복,면책 후 금융생활 확인,0,,1745
신용회복-소액-신용거래-면책-후-확인,신용회복 소액 신용거래 면책 후 확인,credit,,신용회복,면책 후 금융생활 확인,0,,1746
신용회복-소액-신용거래-제한-여부,신용회복 소액 신용거래 제한 여부,credit,,신용회복,면책 후 금융생활 확인,0,,1747
신용회복-소액-신용거래-상담,신용회복 소액 신용거래 상담,credit,,신용회복,상담·서비스 탐색,0,,1748
신용회복-은행-거래실적,신용회복 은행 거래실적,credit,,신용회복,면책 후 금융생활 확인,0,,1749
신용회복-은행-거래실적-면책-후-확인,신용회복 은행 거래실적 면책 후 확인,credit,,신용회복,면책 후 금융생활 확인,0,,1750
신용회복-은행-거래실적-제한-여부,신용회복 은행 거래실적 제한 여부,credit,,신용회복,면책 후 금융생활 확인,0,,1751
신용회복-은행-거래실적-상담,신용회복 은행 거래실적 상담,credit,,신용회복,상담·서비스 탐색,0,,1752
신용회복-신용정보조회,신용회복 신용정보조회,credit,,신용회복,면책 후 금융생활 확인,0,,1753
신용회복-신용정보조회-면책-후-확인,신용회복 신용정보조회 면책 후 확인,credit,,신용회복,면책 후 금융생활 확인,0,,1754
신용회복-신용정보조회-제한-여부,신용회복 신용정보조회 제한 여부,credit,,신용회복,면책 후 금융생활 확인,0,,1755
신용회복-신용정보조회-상담,신용회복 신용정보조회 상담,credit,,신용회복,상담·서비스 탐색,0,,1756
신용회복-채무완제-확인,신용회복 채무완제 확인,credit,,신용회복,면책 후 금융생활 확인,0,,1757
신용회복-채무완제-확인-면책-후-확인,신용회복 채무완제 확인 면책 후 확인,credit,,신용회복,면책 후 금융생활 확인,0,,1758
신용회복-채무완제-확인-제한-여부,신용회복 채무완제 확인 제한 여부,credit,,신용회복,면책 후 금융생활 확인,0,,1759
신용회복-채무완제-확인-상담,신용회복 채무완제 확인 상담,credit,,신용회복,상담·서비스 탐색,0,,1760
신용회복-실직-상태,신용회복 실직 상태,credit,,상황형,개인 상황에 따른 신청 검토,0,,1761
신용회복-실직-상태-신청-가능-여부,신용회복 실직 상태 신청 가능 여부,credit,,상황형,개인 상황에 따른 신청 검토,0,,1762
신용회복-실직-상태-준비사항,신용회복 실직 상태 준비사항,credit,,상황형,개인 상황에 따른 신청 검토,0,,1763
신용회복-실직-상태-상담,신용회복 실직 상태 상담,credit,,상황형,상담·서비스 탐색,0,,1764
신용회복-취업-직후,신용회복 취업 직후,credit,,상황형,개인 상황에 따른 신청 검토,0,,1765
신용회복-취업-직후-신청-가능-여부,신용회복 취업 직후 신청 가능 여부,credit,,상황형,개인 상황에 따른 신청 검토,0,,1766
신용회복-취업-직후-준비사항,신용회복 취업 직후 준비사항,credit,,상황형,개인 상황에 따른 신청 검토,0,,1767
신용회복-취업-직후-상담,신용회복 취업 직후 상담,credit,,상황형,상담·서비스 탐색,0,,1768
신용회복-이직-준비-중,신용회복 이직 준비 중,credit,,상황형,개인 상황에 따른 신청 검토,0,,1769
신용회복-이직-준비-중-신청-가능-여부,신용회복 이직 준비 중 신청 가능 여부,credit,,상황형,개인 상황에 따른 신청 검토,0,,1770
신용회복-이직-준비-중-준비사항,신용회복 이직 준비 중 준비사항,credit,,상황형,개인 상황에 따른 신청 검토,0,,1771
신용회복-이직-준비-중-상담,신용회복 이직 준비 중 상담,credit,,상황형,상담·서비스 탐색,0,,1772
신용회복-휴직-중,신용회복 휴직 중,credit,,상황형,개인 상황에 따른 신청 검토,0,,1773
신용회복-휴직-중-신청-가능-여부,신용회복 휴직 중 신청 가능 여부,credit,,상황형,개인 상황에 따른 신청 검토,0,,1774
신용회복-휴직-중-준비사항,신용회복 휴직 중 준비사항,credit,,상황형,개인 상황에 따른 신청 검토,0,,1775
신용회복-휴직-중-상담,신용회복 휴직 중 상담,credit,,상황형,상담·서비스 탐색,0,,1776
신용회복-육아휴직-중,신용회복 육아휴직 중,credit,,상황형,개인 상황에 따른 신청 검토,0,,1777
신용회복-육아휴직-중-신청-가능-여부,신용회복 육아휴직 중 신청 가능 여부,credit,,상황형,개인 상황에 따른 신청 검토,0,,1778
신용회복-육아휴직-중-준비사항,신용회복 육아휴직 중 준비사항,credit,,상황형,개인 상황에 따른 신청 검토,0,,1779
신용회복-육아휴직-중-상담,신용회복 육아휴직 중 상담,credit,,상황형,상담·서비스 탐색,0,,1780
신용회복-출산-예정,신용회복 출산 예정,credit,,상황형,개인 상황에 따른 신청 검토,0,,1781
신용회복-출산-예정-신청-가능-여부,신용회복 출산 예정 신청 가능 여부,credit,,상황형,개인 상황에 따른 신청 검토,0,,1782
신용회복-출산-예정-준비사항,신용회복 출산 예정 준비사항,credit,,상황형,개인 상황에 따른 신청 검토,0,,1783
신용회복-출산-예정-상담,신용회복 출산 예정 상담,credit,,상황형,상담·서비스 탐색,0,,1784
신용회복-이혼-소송-중,신용회복 이혼 소송 중,credit,,상황형,개인 상황에 따른 신청 검토,0,,1785
신용회복-이혼-소송-중-신청-가능-여부,신용회복 이혼 소송 중 신청 가능 여부,credit,,상황형,개인 상황에 따른 신청 검토,0,,1786
신용회복-이혼-소송-중-준비사항,신용회복 이혼 소송 중 준비사항,credit,,상황형,개인 상황에 따른 신청 검토,0,,1787
신용회복-이혼-소송-중-상담,신용회복 이혼 소송 중 상담,credit,,상황형,상담·서비스 탐색,0,,1788
신용회복-별거-중,신용회복 별거 중,credit,,상황형,개인 상황에 따른 신청 검토,0,,1789
신용회복-별거-중-신청-가능-여부,신용회복 별거 중 신청 가능 여부,credit,,상황형,개인 상황에 따른 신청 검토,0,,1790
신용회복-별거-중-준비사항,신용회복 별거 중 준비사항,credit,,상황형,개인 상황에 따른 신청 검토,0,,1791
신용회복-별거-중-상담,신용회복 별거 중 상담,credit,,상황형,상담·서비스 탐색,0,,1792
신용회복-재혼-예정,신용회복 재혼 예정,credit,,상황형,개인 상황에 따른 신청 검토,0,,1793
신용회복-재혼-예정-신청-가능-여부,신용회복 재혼 예정 신청 가능 여부,credit,,상황형,개인 상황에 따른 신청 검토,0,,1794
신용회복-재혼-예정-준비사항,신용회복 재혼 예정 준비사항,credit,,상황형,개인 상황에 따른 신청 검토,0,,1795
신용회복-재혼-예정-상담,신용회복 재혼 예정 상담,credit,,상황형,상담·서비스 탐색,0,,1796
신용회복-가족-몰래-신청,신용회복 가족 몰래 신청,credit,,상황형,개인 상황에 따른 신청 검토,0,,1797
신용회복-가족-몰래-신청-신청-가능-여부,신용회복 가족 몰래 신청 신청 가능 여부,credit,,상황형,개인 상황에 따른 신청 검토,0,,1798
신용회복-가족-몰래-신청-준비사항,신용회복 가족 몰래 신청 준비사항,credit,,상황형,개인 상황에 따른 신청 검토,0,,1799
신용회복-가족-몰래-신청-상담,신용회복 가족 몰래 신청 상담,credit,,상황형,상담·서비스 탐색,0,,1800
신용회복-회사-몰래-신청,신용회복 회사 몰래 신청,credit,,상황형,개인 상황에 따른 신청 검토,0,,1801
신용회복-회사-몰래-신청-신청-가능-여부,신용회복 회사 몰래 신청 신청 가능 여부,credit,,상황형,개인 상황에 따른 신청 검토,0,,1802
신용회복-회사-몰래-신청-준비사항,신용회복 회사 몰래 신청 준비사항,credit,,상황형,개인 상황에 따른 신청 검토,0,,1803
신용회복-회사-몰래-신청-상담,신용회복 회사 몰래 신청 상담,credit,,상황형,상담·서비스 탐색,0,,1804
신용회복-사업-폐업-예정,신용회복 사업 폐업 예정,credit,,상황형,개인 상황에 따른 신청 검토,0,,1805
신용회복-사업-폐업-예정-신청-가능-여부,신용회복 사업 폐업 예정 신청 가능 여부,credit,,상황형,개인 상황에 따른 신청 검토,0,,1806
신용회복-사업-폐업-예정-준비사항,신용회복 사업 폐업 예정 준비사항,credit,,상황형,개인 상황에 따른 신청 검토,0,,1807
신용회복-사업-폐업-예정-상담,신용회복 사업 폐업 예정 상담,credit,,상황형,상담·서비스 탐색,0,,1808
신용회복-사업-계속-운영,신용회복 사업 계속 운영,credit,,상황형,개인 상황에 따른 신청 검토,0,,1809
신용회복-사업-계속-운영-신청-가능-여부,신용회복 사업 계속 운영 신청 가능 여부,credit,,상황형,개인 상황에 따른 신청 검토,0,,1810
신용회복-사업-계속-운영-준비사항,신용회복 사업 계속 운영 준비사항,credit,,상황형,개인 상황에 따른 신청 검토,0,,1811
신용회복-사업-계속-운영-상담,신용회복 사업 계속 운영 상담,credit,,상황형,상담·서비스 탐색,0,,1812
신용회복-전세-계약-만료,신용회복 전세 계약 만료,credit,,상황형,개인 상황에 따른 신청 검토,0,,1813
신용회복-전세-계약-만료-신청-가능-여부,신용회복 전세 계약 만료 신청 가능 여부,credit,,상황형,개인 상황에 따른 신청 검토,0,,1814
신용회복-전세-계약-만료-준비사항,신용회복 전세 계약 만료 준비사항,credit,,상황형,개인 상황에 따른 신청 검토,0,,1815
신용회복-전세-계약-만료-상담,신용회복 전세 계약 만료 상담,credit,,상황형,상담·서비스 탐색,0,,1816
신용회복-이사-예정,신용회복 이사 예정,credit,,상황형,개인 상황에 따른 신청 검토,0,,1817
신용회복-이사-예정-신청-가능-여부,신용회복 이사 예정 신청 가능 여부,credit,,상황형,개인 상황에 따른 신청 검토,0,,1818
신용회복-이사-예정-준비사항,신용회복 이사 예정 준비사항,credit,,상황형,개인 상황에 따른 신청 검토,0,,1819
신용회복-이사-예정-상담,신용회복 이사 예정 상담,credit,,상황형,상담·서비스 탐색,0,,1820
신용회복-해외-출국-예정,신용회복 해외 출국 예정,credit,,상황형,개인 상황에 따른 신청 검토,0,,1821
신용회복-해외-출국-예정-신청-가능-여부,신용회복 해외 출국 예정 신청 가능 여부,credit,,상황형,개인 상황에 따른 신청 검토,0,,1822
신용회복-해외-출국-예정-준비사항,신용회복 해외 출국 예정 준비사항,credit,,상황형,개인 상황에 따른 신청 검토,0,,1823
신용회복-해외-출국-예정-상담,신용회복 해외 출국 예정 상담,credit,,상황형,상담·서비스 탐색,0,,1824
신용회복-수술-예정,신용회복 수술 예정,credit,,상황형,개인 상황에 따른 신청 검토,0,,1825
신용회복-수술-예정-신청-가능-여부,신용회복 수술 예정 신청 가능 여부,credit,,상황형,개인 상황에 따른 신청 검토,0,,1826
신용회복-수술-예정-준비사항,신용회복 수술 예정 준비사항,credit,,상황형,개인 상황에 따른 신청 검토,0,,1827
신용회복-수술-예정-상담,신용회복 수술 예정 상담,credit,,상황형,상담·서비스 탐색,0,,1828
신용회복-장기-입원-중,신용회복 장기 입원 중,credit,,상황형,개인 상황에 따른 신청 검토,0,,1829
신용회복-장기-입원-중-신청-가능-여부,신용회복 장기 입원 중 신청 가능 여부,credit,,상황형,개인 상황에 따른 신청 검토,0,,1830
신용회복-장기-입원-중-준비사항,신용회복 장기 입원 중 준비사항,credit,,상황형,개인 상황에 따른 신청 검토,0,,1831
신용회복-장기-입원-중-상담,신용회복 장기 입원 중 상담,credit,,상황형,상담·서비스 탐색,0,,1832
신용회복-사기-피해-발생,신용회복 사기 피해 발생,credit,,상황형,개인 상황에 따른 신청 검토,0,,1833
신용회복-사기-피해-발생-신청-가능-여부,신용회복 사기 피해 발생 신청 가능 여부,credit,,상황형,개인 상황에 따른 신청 검토,0,,1834
신용회복-사기-피해-발생-준비사항,신용회복 사기 피해 발생 준비사항,credit,,상황형,개인 상황에 따른 신청 검토,0,,1835
신용회복-사기-피해-발생-상담,신용회복 사기 피해 발생 상담,credit,,상황형,상담·서비스 탐색,0,,1836
신용회복-보이스피싱-피해,신용회복 보이스피싱 피해,credit,,상황형,개인 상황에 따른 신청 검토,0,,1837
신용회복-보이스피싱-피해-신청-가능-여부,신용회복 보이스피싱 피해 신청 가능 여부,credit,,상황형,개인 상황에 따른 신청 검토,0,,1838
신용회복-보이스피싱-피해-준비사항,신용회복 보이스피싱 피해 준비사항,credit,,상황형,개인 상황에 따른 신청 검토,0,,1839
신용회복-보이스피싱-피해-상담,신용회복 보이스피싱 피해 상담,credit,,상황형,상담·서비스 탐색,0,,1840
신용회복-신청비용,신용회복 신청비용,credit,,비용·상담,비용 및 대리인 선택,0,,1841
신용회복-신청비용-안내,신용회복 신청비용 안내,credit,,비용·상담,비용 및 대리인 선택,0,,1842
신용회복-신청비용-확인사항,신용회복 신청비용 확인사항,credit,,비용·상담,비용 및 대리인 선택,0,,1843
신용회복-신청비용-비교,신용회복 신청비용 비교,credit,,비용·상담,비교·선택 검토,0,,1844
신용회복-법원-인지대,신용회복 법원 인지대,credit,,비용·상담,비용 및 대리인 선택,1,법원,1845
신용회복-법원-인지대-안내,신용회복 법원 인지대 안내,credit,,비용·상담,비용 및 대리인 선택,1,법원,1846
신용회복-법원-인지대-확인사항,신용회복 법원 인지대 확인사항,credit,,비용·상담,비용 및 대리인 선택,1,법원,1847
신용회복-법원-인지대-비교,신용회복 법원 인지대 비교,credit,,비용·상담,비교·선택 검토,1,법원,1848
신용회복-송달료,신용회복 송달료,credit,,비용·상담,비용 및 대리인 선택,0,,1849
신용회복-송달료-안내,신용회복 송달료 안내,credit,,비용·상담,비용 및 대리인 선택,0,,1850
신용회복-송달료-확인사항,신용회복 송달료 확인사항,credit,,비용·상담,비용 및 대리인 선택,0,,1851
신용회복-송달료-비교,신용회복 송달료 비교,credit,,비용·상담,비교·선택 검토,0,,1852
신용회복-회생위원-보수,신용회복 회생위원 보수,credit,,비용·상담,비용 및 대리인 선택,1,회생위원,1853
신용회복-회생위원-보수-안내,신용회복 회생위원 보수 안내,credit,,비용·상담,비용 및 대리인 선택,1,회생위원,1854
신용회복-회생위원-보수-확인사항,신용회복 회생위원 보수 확인사항,credit,,비용·상담,비용 및 대리인 선택,1,회생위원,1855
신용회복-회생위원-보수-비교,신용회복 회생위원 보수 비교,credit,,비용·상담,비교·선택 검토,1,회생위원,1856
신용회복-변호사-수임료,신용회복 변호사 수임료,credit,,비용·상담,비용 및 대리인 선택,0,,1857
신용회복-변호사-수임료-안내,신용회복 변호사 수임료 안내,credit,,비용·상담,비용 및 대리인 선택,0,,1858
신용회복-변호사-수임료-확인사항,신용회복 변호사 수임료 확인사항,credit,,비용·상담,비용 및 대리인 선택,0,,1859
신용회복-변호사-수임료-비교,신용회복 변호사 수임료 비교,credit,,비용·상담,비교·선택 검토,0,,1860
신용회복-법무사-보수,신용회복 법무사 보수,credit,,비용·상담,비용 및 대리인 선택,0,,1861
신용회복-법무사-보수-안내,신용회복 법무사 보수 안내,credit,,비용·상담,비용 및 대리인 선택,0,,1862
신용회복-법무사-보수-확인사항,신용회복 법무사 보수 확인사항,credit,,비용·상담,비용 및 대리인 선택,0,,1863
신용회복-법무사-보수-비교,신용회복 법무사 보수 비교,credit,,비용·상담,비교·선택 검토,0,,1864
신용회복-부채증명서-발급비,신용회복 부채증명서 발급비,credit,,비용·상담,비용 및 대리인 선택,0,,1865
신용회복-부채증명서-발급비-안내,신용회복 부채증명서 발급비 안내,credit,,비용·상담,비용 및 대리인 선택,0,,1866
신용회복-부채증명서-발급비-확인사항,신용회복 부채증명서 발급비 확인사항,credit,,비용·상담,비용 및 대리인 선택,0,,1867
신용회복-부채증명서-발급비-비교,신용회복 부채증명서 발급비 비교,credit,,비용·상담,비교·선택 검토,0,,1868
신용회복-추가-보정-비용,신용회복 추가 보정 비용,credit,,비용·상담,비용 및 대리인 선택,1,보정,1869
신용회복-추가-보정-비용-안내,신용회복 추가 보정 비용 안내,credit,,비용·상담,비용 및 대리인 선택,1,보정,1870
신용회복-추가-보정-비용-확인사항,신용회복 추가 보정 비용 확인사항,credit,,비용·상담,비용 및 대리인 선택,1,보정,1871
신용회복-추가-보정-비용-비교,신용회복 추가 보정 비용 비교,credit,,비용·상담,비교·선택 검토,1,보정,1872
신용회복-재신청-비용,신용회복 재신청 비용,credit,,비용·상담,비용 및 대리인 선택,1,재신청,1873
신용회복-재신청-비용-안내,신용회복 재신청 비용 안내,credit,,비용·상담,비용 및 대리인 선택,1,재신청,1874
신용회복-재신청-비용-확인사항,신용회복 재신청 비용 확인사항,credit,,비용·상담,비용 및 대리인 선택,1,재신청,1875
신용회복-재신청-비용-비교,신용회복 재신청 비용 비교,credit,,비용·상담,비교·선택 검토,1,재신청,1876
신용회복-항고-비용,신용회복 항고 비용,credit,,비용·상담,비용 및 대리인 선택,0,,1877
신용회복-항고-비용-안내,신용회복 항고 비용 안내,credit,,비용·상담,비용 및 대리인 선택,0,,1878
신용회복-항고-비용-확인사항,신용회복 항고 비용 확인사항,credit,,비용·상담,비용 및 대리인 선택,0,,1879
신용회복-항고-비용-비교,신용회복 항고 비용 비교,credit,,비용·상담,비교·선택 검토,0,,1880
신용회복-수임료-분납,신용회복 수임료 분납,credit,,비용·상담,비용 및 대리인 선택,0,,1881
신용회복-수임료-분납-안내,신용회복 수임료 분납 안내,credit,,비용·상담,비용 및 대리인 선택,0,,1882
신용회복-수임료-분납-확인사항,신용회복 수임료 분납 확인사항,credit,,비용·상담,비용 및 대리인 선택,0,,1883
신용회복-수임료-분납-비교,신용회복 수임료 분납 비교,credit,,비용·상담,비교·선택 검토,0,,1884
신용회복-수임료-환불,신용회복 수임료 환불,credit,,비용·상담,비용 및 대리인 선택,0,,1885
신용회복-수임료-환불-안내,신용회복 수임료 환불 안내,credit,,비용·상담,비용 및 대리인 선택,0,,1886
신용회복-수임료-환불-확인사항,신용회복 수임료 환불 확인사항,credit,,비용·상담,비용 및 대리인 선택,0,,1887
신용회복-수임료-환불-비교,신용회복 수임료 환불 비교,credit,,비용·상담,비교·선택 검토,0,,1888
신용회복-무료상담,신용회복 무료상담,credit,,비용·상담,비용 및 대리인 선택,0,,1889
신용회복-무료상담-안내,신용회복 무료상담 안내,credit,,비용·상담,비용 및 대리인 선택,0,,1890
신용회복-무료상담-확인사항,신용회복 무료상담 확인사항,credit,,비용·상담,비용 및 대리인 선택,0,,1891
신용회복-무료상담-비교,신용회복 무료상담 비교,credit,,비용·상담,비교·선택 검토,0,,1892
신용회복-방문상담,신용회복 방문상담,credit,,비용·상담,비용 및 대리인 선택,0,,1893
신용회복-방문상담-안내,신용회복 방문상담 안내,credit,,비용·상담,비용 및 대리인 선택,0,,1894
신용회복-방문상담-확인사항,신용회복 방문상담 확인사항,credit,,비용·상담,비용 및 대리인 선택,0,,1895
신용회복-방문상담-비교,신용회복 방문상담 비교,credit,,비용·상담,비교·선택 검토,0,,1896
신용회복-전화상담,신용회복 전화상담,credit,,비용·상담,비용 및 대리인 선택,0,,1897
신용회복-전화상담-안내,신용회복 전화상담 안내,credit,,비용·상담,비용 및 대리인 선택,0,,1898
신용회복-전화상담-확인사항,신용회복 전화상담 확인사항,credit,,비용·상담,비용 및 대리인 선택,0,,1899
신용회복-전화상담-비교,신용회복 전화상담 비교,credit,,비용·상담,비교·선택 검토,0,,1900
신용회복-온라인상담,신용회복 온라인상담,credit,,비용·상담,비용 및 대리인 선택,0,,1901
신용회복-온라인상담-안내,신용회복 온라인상담 안내,credit,,비용·상담,비용 및 대리인 선택,0,,1902
신용회복-온라인상담-확인사항,신용회복 온라인상담 확인사항,credit,,비용·상담,비용 및 대리인 선택,0,,1903
신용회복-온라인상담-비교,신용회복 온라인상담 비교,credit,,비용·상담,비교·선택 검토,0,,1904
신용회복-법률구조-지원,신용회복 법률구조 지원,credit,,비용·상담,비용 및 대리인 선택,0,,1905
신용회복-법률구조-지원-안내,신용회복 법률구조 지원 안내,credit,,비용·상담,비용 및 대리인 선택,0,,1906
신용회복-법률구조-지원-확인사항,신용회복 법률구조 지원 확인사항,credit,,비용·상담,비용 및 대리인 선택,0,,1907
신용회복-법률구조-지원-비교,신용회복 법률구조 지원 비교,credit,,비용·상담,비교·선택 검토,0,,1908
신용회복-변호사-선임,신용회복 변호사 선임,credit,,비용·상담,비용 및 대리인 선택,0,,1909
신용회복-변호사-선임-안내,신용회복 변호사 선임 안내,credit,,비용·상담,비용 및 대리인 선택,0,,1910
신용회복-변호사-선임-확인사항,신용회복 변호사 선임 확인사항,credit,,비용·상담,비용 및 대리인 선택,0,,1911
신용회복-변호사-선임-비교,신용회복 변호사 선임 비교,credit,,비용·상담,비교·선택 검토,0,,1912
신용회복-법무사-선임,신용회복 법무사 선임,credit,,비용·상담,비용 및 대리인 선택,0,,1913
신용회복-법무사-선임-안내,신용회복 법무사 선임 안내,credit,,비용·상담,비용 및 대리인 선택,0,,1914
신용회복-법무사-선임-확인사항,신용회복 법무사 선임 확인사항,credit,,비용·상담,비용 및 대리인 선택,0,,1915
신용회복-법무사-선임-비교,신용회복 법무사 선임 비교,credit,,비용·상담,비교·선택 검토,0,,1916
신용회복-대리인-변경,신용회복 대리인 변경,credit,,비용·상담,비용 및 대리인 선택,0,,1917
신용회복-대리인-변경-안내,신용회복 대리인 변경 안내,credit,,비용·상담,비용 및 대리인 선택,0,,1918
신용회복-대리인-변경-확인사항,신용회복 대리인 변경 확인사항,credit,,비용·상담,비용 및 대리인 선택,0,,1919
신용회복-대리인-변경-비교,신용회복 대리인 변경 비교,credit,,비용·상담,비교·선택 검토,0,,1920
신용회복-개인파산-차이,신용회복 개인파산 차이,credit,,제도비교,채무조정 제도 및 대안 비교,0,,1921
신용회복-개인파산-차이-선택-기준,신용회복 개인파산 차이 선택 기준,credit,,제도비교,비교·선택 검토,0,,1922
신용회복-개인파산-차이-장단점,신용회복 개인파산 차이 장단점,credit,,제도비교,비교·선택 검토,0,,1923
신용회복-개인파산-차이-상담,신용회복 개인파산 차이 상담,credit,,제도비교,상담·서비스 탐색,0,,1924
신용회복-워크아웃-차이,신용회복 워크아웃 차이,credit,,제도비교,채무조정 제도 및 대안 비교,0,,1925
신용회복-워크아웃-차이-선택-기준,신용회복 워크아웃 차이 선택 기준,credit,,제도비교,비교·선택 검토,0,,1926
신용회복-워크아웃-차이-장단점,신용회복 워크아웃 차이 장단점,credit,,제도비교,비교·선택 검토,0,,1927
신용회복-워크아웃-차이-상담,신용회복 워크아웃 차이 상담,credit,,제도비교,상담·서비스 탐색,0,,1928
신용회복-프리워크아웃-차이,신용회복 프리워크아웃 차이,credit,,제도비교,채무조정 제도 및 대안 비교,0,,1929
신용회복-프리워크아웃-차이-선택-기준,신용회복 프리워크아웃 차이 선택 기준,credit,,제도비교,비교·선택 검토,0,,1930
신용회복-프리워크아웃-차이-장단점,신용회복 프리워크아웃 차이 장단점,credit,,제도비교,비교·선택 검토,0,,1931
신용회복-프리워크아웃-차이-상담,신용회복 프리워크아웃 차이 상담,credit,,제도비교,상담·서비스 탐색,0,,1932
신용회복-신속채무조정-차이,신용회복 신속채무조정 차이,credit,,제도비교,채무조정 제도 및 대안 비교,0,,1933
신용회복-신속채무조정-차이-선택-기준,신용회복 신속채무조정 차이 선택 기준,credit,,제도비교,비교·선택 검토,0,,1934
신용회복-신속채무조정-차이-장단점,신용회복 신속채무조정 차이 장단점,credit,,제도비교,비교·선택 검토,0,,1935
신용회복-신속채무조정-차이-상담,신용회복 신속채무조정 차이 상담,credit,,제도비교,상담·서비스 탐색,0,,1936
신용회복-파산면책-비교,신용회복 파산면책 비교,credit,,제도비교,채무조정 제도 및 대안 비교,0,,1941
신용회복-파산면책-비교-선택-기준,신용회복 파산면책 비교 선택 기준,credit,,제도비교,비교·선택 검토,0,,1942
신용회복-파산면책-비교-장단점,신용회복 파산면책 비교 장단점,credit,,제도비교,비교·선택 검토,0,,1943
신용회복-파산면책-비교-상담,신용회복 파산면책 비교 상담,credit,,제도비교,상담·서비스 탐색,0,,1944
신용회복-법인회생-차이,신용회복 법인회생 차이,credit,,제도비교,채무조정 제도 및 대안 비교,0,,1945
신용회복-법인회생-차이-선택-기준,신용회복 법인회생 차이 선택 기준,credit,,제도비교,비교·선택 검토,0,,1946
신용회복-법인회생-차이-장단점,신용회복 법인회생 차이 장단점,credit,,제도비교,비교·선택 검토,0,,1947
신용회복-법인회생-차이-상담,신용회복 법인회생 차이 상담,credit,,제도비교,상담·서비스 탐색,0,,1948
신용회복-일반회생-차이,신용회복 일반회생 차이,credit,,제도비교,채무조정 제도 및 대안 비교,0,,1949
신용회복-일반회생-차이-선택-기준,신용회복 일반회생 차이 선택 기준,credit,,제도비교,비교·선택 검토,0,,1950
신용회복-일반회생-차이-장단점,신용회복 일반회생 차이 장단점,credit,,제도비교,비교·선택 검토,0,,1951
신용회복-일반회생-차이-상담,신용회복 일반회생 차이 상담,credit,,제도비교,상담·서비스 탐색,0,,1952
신용회복-채무통합대출-비교,신용회복 채무통합대출 비교,credit,,제도비교,채무조정 제도 및 대안 비교,0,,1953
신용회복-채무통합대출-비교-선택-기준,신용회복 채무통합대출 비교 선택 기준,credit,,제도비교,비교·선택 검토,0,,1954
신용회복-채무통합대출-비교-장단점,신용회복 채무통합대출 비교 장단점,credit,,제도비교,비교·선택 검토,0,,1955
신용회복-채무통합대출-비교-상담,신용회복 채무통합대출 비교 상담,credit,,제도비교,상담·서비스 탐색,0,,1956
신용회복-대환대출-비교,신용회복 대환대출 비교,credit,,제도비교,채무조정 제도 및 대안 비교,0,,1957
신용회복-대환대출-비교-선택-기준,신용회복 대환대출 비교 선택 기준,credit,,제도비교,비교·선택 검토,0,,1958
신용회복-대환대출-비교-장단점,신용회복 대환대출 비교 장단점,credit,,제도비교,비교·선택 검토,0,,1959
신용회복-대환대출-비교-상담,신용회복 대환대출 비교 상담,credit,,제도비교,상담·서비스 탐색,0,,1960
신용회복-새출발기금-비교,신용회복 새출발기금 비교,credit,,제도비교,채무조정 제도 및 대안 비교,0,,1961
신용회복-새출발기금-비교-선택-기준,신용회복 새출발기금 비교 선택 기준,credit,,제도비교,비교·선택 검토,0,,1962
신용회복-새출발기금-비교-장단점,신용회복 새출발기금 비교 장단점,credit,,제도비교,비교·선택 검토,0,,1963
신용회복-새출발기금-비교-상담,신용회복 새출발기금 비교 상담,credit,,제도비교,상담·서비스 탐색,0,,1964
신용회복-사적-채무조정-비교,신용회복 사적 채무조정 비교,credit,,제도비교,채무조정 제도 및 대안 비교,0,,1965
신용회복-사적-채무조정-비교-선택-기준,신용회복 사적 채무조정 비교 선택 기준,credit,,제도비교,비교·선택 검토,0,,1966
신용회복-사적-채무조정-비교-장단점,신용회복 사적 채무조정 비교 장단점,credit,,제도비교,비교·선택 검토,0,,1967
신용회복-사적-채무조정-비교-상담,신용회복 사적 채무조정 비교 상담,credit,,제도비교,상담·서비스 탐색,0,,1968
신용회복-배드뱅크-채무조정-비교,신용회복 배드뱅크 채무조정 비교,credit,,제도비교,채무조정 제도 및 대안 비교,0,,1969
신용회복-배드뱅크-채무조정-비교-선택-기준,신용회복 배드뱅크 채무조정 비교 선택 기준,credit,,제도비교,비교·선택 검토,0,,1970
신용회복-배드뱅크-채무조정-비교-장단점,신용회복 배드뱅크 채무조정 비교 장단점,credit,,제도비교,비교·선택 검토,0,,1971
신용회복-배드뱅크-채무조정-비교-상담,신용회복 배드뱅크 채무조정 비교 상담,credit,,제도비교,상담·서비스 탐색,0,,1972
신용회복-장기연체-채무조정-비교,신용회복 장기연체 채무조정 비교,credit,,제도비교,채무조정 제도 및 대안 비교,0,,1973
신용회복-장기연체-채무조정-비교-선택-기준,신용회복 장기연체 채무조정 비교 선택 기준,credit,,제도비교,비교·선택 검토,0,,1974
신용회복-장기연체-채무조정-비교-장단점,신용회복 장기연체 채무조정 비교 장단점,credit,,제도비교,비교·선택 검토,0,,1975
신용회복-장기연체-채무조정-비교-상담,신용회복 장기연체 채무조정 비교 상담,credit,,제도비교,상담·서비스 탐색,0,,1976
신용회복-담보대출-채무조정-비교,신용회복 담보대출 채무조정 비교,credit,,제도비교,채무조정 제도 및 대안 비교,0,,1977
신용회복-담보대출-채무조정-비교-선택-기준,신용회복 담보대출 채무조정 비교 선택 기준,credit,,제도비교,비교·선택 검토,0,,1978
신용회복-담보대출-채무조정-비교-장단점,신용회복 담보대출 채무조정 비교 장단점,credit,,제도비교,비교·선택 검토,0,,1979
신용회복-담보대출-채무조정-비교-상담,신용회복 담보대출 채무조정 비교 상담,credit,,제도비교,상담·서비스 탐색,0,,1980
신용회복-은행-자체-채무조정-비교,신용회복 은행 자체 채무조정 비교,credit,,제도비교,채무조정 제도 및 대안 비교,0,,1981
신용회복-은행-자체-채무조정-비교-선택-기준,신용회복 은행 자체 채무조정 비교 선택 기준,credit,,제도비교,비교·선택 검토,0,,1982
신용회복-은행-자체-채무조정-비교-장단점,신용회복 은행 자체 채무조정 비교 장단점,credit,,제도비교,비교·선택 검토,0,,1983
신용회복-은행-자체-채무조정-비교-상담,신용회복 은행 자체 채무조정 비교 상담,credit,,제도비교,상담·서비스 탐색,0,,1984
신용회복-분할상환-협의-비교,신용회복 분할상환 협의 비교,credit,,제도비교,채무조정 제도 및 대안 비교,0,,1985
신용회복-분할상환-협의-비교-선택-기준,신용회복 분할상환 협의 비교 선택 기준,credit,,제도비교,비교·선택 검토,0,,1986
신용회복-분할상환-협의-비교-장단점,신용회복 분할상환 협의 비교 장단점,credit,,제도비교,비교·선택 검토,0,,1987
신용회복-분할상환-협의-비교-상담,신용회복 분할상환 협의 비교 상담,credit,,제도비교,상담·서비스 탐색,0,,1988
신용회복-이자-감면-협의-비교,신용회복 이자 감면 협의 비교,credit,,제도비교,채무조정 제도 및 대안 비교,0,,1989
신용회복-이자-감면-협의-비교-선택-기준,신용회복 이자 감면 협의 비교 선택 기준,credit,,제도비교,비교·선택 검토,0,,1990
신용회복-이자-감면-협의-비교-장단점,신용회복 이자 감면 협의 비교 장단점,credit,,제도비교,비교·선택 검토,0,,1991
신용회복-이자-감면-협의-비교-상담,신용회복 이자 감면 협의 비교 상담,credit,,제도비교,상담·서비스 탐색,0,,1992
신용회복-원금-감면-협의-비교,신용회복 원금 감면 협의 비교,credit,,제도비교,채무조정 제도 및 대안 비교,0,,1993
신용회복-원금-감면-협의-비교-선택-기준,신용회복 원금 감면 협의 비교 선택 기준,credit,,제도비교,비교·선택 검토,0,,1994
신용회복-원금-감면-협의-비교-장단점,신용회복 원금 감면 협의 비교 장단점,credit,,제도비교,비교·선택 검토,0,,1995
신용회복-원금-감면-협의-비교-상담,신용회복 원금 감면 협의 비교 상담,credit,,제도비교,상담·서비스 탐색,0,,1996
신용회복-채무조정-전환,신용회복 채무조정 전환,credit,,제도비교,채무조정 제도 및 대안 비교,0,,1997
신용회복-채무조정-전환-선택-기준,신용회복 채무조정 전환 선택 기준,credit,,제도비교,비교·선택 검토,0,,1998
신용회복-채무조정-전환-장단점,신용회복 채무조정 전환 장단점,credit,,제도비교,비교·선택 검토,0,,1999
신용회복-채무조정-전환-상담,신용회복 채무조정 전환 상담,credit,,제도비교,상담·서비스 탐색,0,,2000
워크아웃-신청자격,워크아웃 신청자격,workout,,신청자격,신청 가능 여부,0,,1
워크아웃-신청자격-확인,워크아웃 신청자격 확인,workout,,신청자격,신청 가능 여부,0,,2
워크아웃-신청자격-상담,워크아웃 신청자격 상담,workout,,신청자격,상담·서비스 탐색,0,,3
워크아웃-신청자격-사례,워크아웃 신청자격 사례,workout,,신청자격,사례·경험 탐색,0,,4
워크아웃-자격조건,워크아웃 자격조건,workout,,신청자격,신청 가능 여부,0,,5
워크아웃-자격조건-확인,워크아웃 자격조건 확인,workout,,신청자격,신청 가능 여부,0,,6
워크아웃-자격조건-상담,워크아웃 자격조건 상담,workout,,신청자격,상담·서비스 탐색,0,,7
워크아웃-자격조건-사례,워크아웃 자격조건 사례,workout,,신청자격,사례·경험 탐색,0,,8
워크아웃-신청대상,워크아웃 신청대상,workout,,신청자격,신청 가능 여부,0,,9
워크아웃-신청대상-확인,워크아웃 신청대상 확인,workout,,신청자격,신청 가능 여부,0,,10
워크아웃-신청대상-상담,워크아웃 신청대상 상담,workout,,신청자격,상담·서비스 탐색,0,,11
워크아웃-신청대상-사례,워크아웃 신청대상 사례,workout,,신청자격,사례·경험 탐색,0,,12
워크아웃-소득-요건,워크아웃 소득 요건,workout,,신청자격,신청 가능 여부,0,,13
워크아웃-소득-요건-확인,워크아웃 소득 요건 확인,workout,,신청자격,신청 가능 여부,0,,14
워크아웃-소득-요건-상담,워크아웃 소득 요건 상담,workout,,신청자격,상담·서비스 탐색,0,,15
워크아웃-소득-요건-사례,워크아웃 소득 요건 사례,workout,,신청자격,사례·경험 탐색,0,,16
워크아웃-채무-한도,워크아웃 채무 한도,workout,,신청자격,신청 가능 여부,0,,17
워크아웃-채무-한도-확인,워크아웃 채무 한도 확인,workout,,신청자격,신청 가능 여부,0,,18
워크아웃-채무-한도-상담,워크아웃 채무 한도 상담,workout,,신청자격,상담·서비스 탐색,0,,19
워크아웃-채무-한도-사례,워크아웃 채무 한도 사례,workout,,신청자격,사례·경험 탐색,0,,20
워크아웃-재산-요건,워크아웃 재산 요건,workout,,신청자격,신청 가능 여부,0,,21
워크아웃-재산-요건-확인,워크아웃 재산 요건 확인,workout,,신청자격,신청 가능 여부,0,,22
워크아웃-재산-요건-상담,워크아웃 재산 요건 상담,workout,,신청자격,상담·서비스 탐색,0,,23
워크아웃-재산-요건-사례,워크아웃 재산 요건 사례,workout,,신청자격,사례·경험 탐색,0,,24
워크아웃-연체-전-신청,워크아웃 연체 전 신청,workout,,신청자격,신청 가능 여부,0,,25
워크아웃-연체-전-신청-확인,워크아웃 연체 전 신청 확인,workout,,신청자격,신청 가능 여부,0,,26
워크아웃-연체-전-신청-상담,워크아웃 연체 전 신청 상담,workout,,신청자격,상담·서비스 탐색,0,,27
워크아웃-연체-전-신청-사례,워크아웃 연체 전 신청 사례,workout,,신청자격,사례·경험 탐색,0,,28
워크아웃-연체-후-신청,워크아웃 연체 후 신청,workout,,신청자격,신청 가능 여부,0,,29
워크아웃-연체-후-신청-확인,워크아웃 연체 후 신청 확인,workout,,신청자격,신청 가능 여부,0,,30
워크아웃-연체-후-신청-상담,워크아웃 연체 후 신청 상담,workout,,신청자격,상담·서비스 탐색,0,,31
워크아웃-연체-후-신청-사례,워크아웃 연체 후 신청 사례,workout,,신청자격,사례·경험 탐색,0,,32
워크아웃-신용불량-상태-신청,워크아웃 신용불량 상태 신청,workout,,신청자격,신청 가능 여부,0,,33
워크아웃-신용불량-상태-신청-확인,워크아웃 신용불량 상태 신청 확인,workout,,신청자격,신청 가능 여부,0,,34
워크아웃-신용불량-상태-신청-상담,워크아웃 신용불량 상태 신청 상담,workout,,신청자격,상담·서비스 탐색,0,,35
워크아웃-신용불량-상태-신청-사례,워크아웃 신용불량 상태 신청 사례,workout,,신청자격,사례·경험 탐색,0,,36
워크아웃-신규-취업자-신청,워크아웃 신규 취업자 신청,workout,,신청자격,신청 가능 여부,0,,37
워크아웃-신규-취업자-신청-확인,워크아웃 신규 취업자 신청 확인,workout,,신청자격,신청 가능 여부,0,,38
워크아웃-신규-취업자-신청-상담,워크아웃 신규 취업자 신청 상담,workout,,신청자격,상담·서비스 탐색,0,,39
워크아웃-신규-취업자-신청-사례,워크아웃 신규 취업자 신청 사례,workout,,신청자격,사례·경험 탐색,0,,40
워크아웃-단기-근무자-신청,워크아웃 단기 근무자 신청,workout,,신청자격,신청 가능 여부,0,,41
워크아웃-단기-근무자-신청-확인,워크아웃 단기 근무자 신청 확인,workout,,신청자격,신청 가능 여부,0,,42
워크아웃-단기-근무자-신청-상담,워크아웃 단기 근무자 신청 상담,workout,,신청자격,상담·서비스 탐색,0,,43
워크아웃-단기-근무자-신청-사례,워크아웃 단기 근무자 신청 사례,workout,,신청자격,사례·경험 탐색,0,,44
워크아웃-고령자-신청,워크아웃 고령자 신청,workout,,신청자격,신청 가능 여부,0,,45
워크아웃-고령자-신청-확인,워크아웃 고령자 신청 확인,workout,,신청자격,신청 가능 여부,0,,46
워크아웃-고령자-신청-상담,워크아웃 고령자 신청 상담,workout,,신청자격,상담·서비스 탐색,0,,47
워크아웃-고령자-신청-사례,워크아웃 고령자 신청 사례,workout,,신청자격,사례·경험 탐색,0,,48
워크아웃-청년-신청,워크아웃 청년 신청,workout,,신청자격,신청 가능 여부,0,,49
워크아웃-청년-신청-확인,워크아웃 청년 신청 확인,workout,,신청자격,신청 가능 여부,0,,50
워크아웃-청년-신청-상담,워크아웃 청년 신청 상담,workout,,신청자격,상담·서비스 탐색,0,,51
워크아웃-청년-신청-사례,워크아웃 청년 신청 사례,workout,,신청자격,사례·경험 탐색,0,,52
워크아웃-외국인-신청,워크아웃 외국인 신청,workout,,신청자격,신청 가능 여부,0,,53
워크아웃-외국인-신청-확인,워크아웃 외국인 신청 확인,workout,,신청자격,신청 가능 여부,0,,54
워크아웃-외국인-신청-상담,워크아웃 외국인 신청 상담,workout,,신청자격,상담·서비스 탐색,0,,55
워크아웃-외국인-신청-사례,워크아웃 외국인 신청 사례,workout,,신청자격,사례·경험 탐색,0,,56
워크아웃-해외-거주자-신청,워크아웃 해외 거주자 신청,workout,,신청자격,신청 가능 여부,0,,57
워크아웃-해외-거주자-신청-확인,워크아웃 해외 거주자 신청 확인,workout,,신청자격,신청 가능 여부,0,,58
워크아웃-해외-거주자-신청-상담,워크아웃 해외 거주자 신청 상담,workout,,신청자격,상담·서비스 탐색,0,,59
워크아웃-해외-거주자-신청-사례,워크아웃 해외 거주자 신청 사례,workout,,신청자격,사례·경험 탐색,0,,60
워크아웃-미성년자-신청,워크아웃 미성년자 신청,workout,,신청자격,신청 가능 여부,0,,61
워크아웃-미성년자-신청-확인,워크아웃 미성년자 신청 확인,workout,,신청자격,신청 가능 여부,0,,62
워크아웃-미성년자-신청-상담,워크아웃 미성년자 신청 상담,workout,,신청자격,상담·서비스 탐색,0,,63
워크아웃-미성년자-신청-사례,워크아웃 미성년자 신청 사례,workout,,신청자격,사례·경험 탐색,0,,64
워크아웃-기초생활수급자-신청,워크아웃 기초생활수급자 신청,workout,,신청자격,신청 가능 여부,0,,65
워크아웃-기초생활수급자-신청-확인,워크아웃 기초생활수급자 신청 확인,workout,,신청자격,신청 가능 여부,0,,66
워크아웃-기초생활수급자-신청-상담,워크아웃 기초생활수급자 신청 상담,workout,,신청자격,상담·서비스 탐색,0,,67
워크아웃-기초생활수급자-신청-사례,워크아웃 기초생활수급자 신청 사례,workout,,신청자격,사례·경험 탐색,0,,68
워크아웃-차상위계층-신청,워크아웃 차상위계층 신청,workout,,신청자격,신청 가능 여부,0,,69
워크아웃-차상위계층-신청-확인,워크아웃 차상위계층 신청 확인,workout,,신청자격,신청 가능 여부,0,,70
워크아웃-차상위계층-신청-상담,워크아웃 차상위계층 신청 상담,workout,,신청자격,상담·서비스 탐색,0,,71
워크아웃-차상위계층-신청-사례,워크아웃 차상위계층 신청 사례,workout,,신청자격,사례·경험 탐색,0,,72
워크아웃-과거-면책-이력,워크아웃 과거 면책 이력,workout,,신청자격,신청 가능 여부,0,,73
워크아웃-과거-면책-이력-확인,워크아웃 과거 면책 이력 확인,workout,,신청자격,신청 가능 여부,0,,74
워크아웃-과거-면책-이력-상담,워크아웃 과거 면책 이력 상담,workout,,신청자격,상담·서비스 탐색,0,,75
워크아웃-과거-면책-이력-사례,워크아웃 과거 면책 이력 사례,workout,,신청자격,사례·경험 탐색,0,,76
워크아웃-지급불능-상태,워크아웃 지급불능 상태,workout,,신청자격,신청 가능 여부,0,,77
워크아웃-지급불능-상태-확인,워크아웃 지급불능 상태 확인,workout,,신청자격,신청 가능 여부,0,,78
워크아웃-지급불능-상태-상담,워크아웃 지급불능 상태 상담,workout,,신청자격,상담·서비스 탐색,0,,79
워크아웃-지급불능-상태-사례,워크아웃 지급불능 상태 사례,workout,,신청자격,사례·경험 탐색,0,,80
워크아웃-월급,워크아웃 월급,workout,,소득,소득 반영 방식 확인,0,,81
워크아웃-월급-산정-기준,워크아웃 월급 산정 기준,workout,,소득,소득 반영 방식 확인,0,,82
워크아웃-월급-증빙-방법,워크아웃 월급 증빙 방법,workout,,소득,서류·증빙 준비,0,,83
워크아웃-월급-변제금-영향,워크아웃 월급 변제금 영향,workout,,소득,소득 반영 방식 확인,0,,84
워크아웃-상여금,워크아웃 상여금,workout,,소득,소득 반영 방식 확인,0,,85
워크아웃-상여금-산정-기준,워크아웃 상여금 산정 기준,workout,,소득,소득 반영 방식 확인,0,,86
워크아웃-상여금-증빙-방법,워크아웃 상여금 증빙 방법,workout,,소득,서류·증빙 준비,0,,87
워크아웃-상여금-변제금-영향,워크아웃 상여금 변제금 영향,workout,,소득,소득 반영 방식 확인,0,,88
워크아웃-성과급,워크아웃 성과급,workout,,소득,소득 반영 방식 확인,0,,89
워크아웃-성과급-산정-기준,워크아웃 성과급 산정 기준,workout,,소득,소득 반영 방식 확인,0,,90
워크아웃-성과급-증빙-방법,워크아웃 성과급 증빙 방법,workout,,소득,서류·증빙 준비,0,,91
워크아웃-성과급-변제금-영향,워크아웃 성과급 변제금 영향,workout,,소득,소득 반영 방식 확인,0,,92
워크아웃-퇴직금,워크아웃 퇴직금,workout,,소득,소득 반영 방식 확인,0,,93
워크아웃-퇴직금-산정-기준,워크아웃 퇴직금 산정 기준,workout,,소득,소득 반영 방식 확인,0,,94
워크아웃-퇴직금-증빙-방법,워크아웃 퇴직금 증빙 방법,workout,,소득,서류·증빙 준비,0,,95
워크아웃-퇴직금-변제금-영향,워크아웃 퇴직금 변제금 영향,workout,,소득,소득 반영 방식 확인,0,,96
워크아웃-퇴직연금,워크아웃 퇴직연금,workout,,소득,소득 반영 방식 확인,0,,97
워크아웃-퇴직연금-산정-기준,워크아웃 퇴직연금 산정 기준,workout,,소득,소득 반영 방식 확인,0,,98
워크아웃-퇴직연금-증빙-방법,워크아웃 퇴직연금 증빙 방법,workout,,소득,서류·증빙 준비,0,,99
워크아웃-퇴직연금-변제금-영향,워크아웃 퇴직연금 변제금 영향,workout,,소득,소득 반영 방식 확인,0,,100
워크아웃-국민연금,워크아웃 국민연금,workout,,소득,소득 반영 방식 확인,0,,101
워크아웃-국민연금-산정-기준,워크아웃 국민연금 산정 기준,workout,,소득,소득 반영 방식 확인,0,,102
워크아웃-국민연금-증빙-방법,워크아웃 국민연금 증빙 방법,workout,,소득,서류·증빙 준비,0,,103
워크아웃-국민연금-변제금-영향,워크아웃 국민연금 변제금 영향,workout,,소득,소득 반영 방식 확인,0,,104
워크아웃-일용근로소득,워크아웃 일용근로소득,workout,,소득,소득 반영 방식 확인,0,,105
워크아웃-일용근로소득-산정-기준,워크아웃 일용근로소득 산정 기준,workout,,소득,소득 반영 방식 확인,0,,106
워크아웃-일용근로소득-증빙-방법,워크아웃 일용근로소득 증빙 방법,workout,,소득,서류·증빙 준비,0,,107
워크아웃-일용근로소득-변제금-영향,워크아웃 일용근로소득 변제금 영향,workout,,소득,소득 반영 방식 확인,0,,108
워크아웃-사업소득,워크아웃 사업소득,workout,,소득,소득 반영 방식 확인,0,,109
워크아웃-사업소득-산정-기준,워크아웃 사업소득 산정 기준,workout,,소득,소득 반영 방식 확인,0,,110
워크아웃-사업소득-증빙-방법,워크아웃 사업소득 증빙 방법,workout,,소득,서류·증빙 준비,0,,111
워크아웃-사업소득-변제금-영향,워크아웃 사업소득 변제금 영향,workout,,소득,소득 반영 방식 확인,0,,112
워크아웃-프리랜서-소득,워크아웃 프리랜서 소득,workout,,소득,소득 반영 방식 확인,0,,113
워크아웃-프리랜서-소득-산정-기준,워크아웃 프리랜서 소득 산정 기준,workout,,소득,소득 반영 방식 확인,0,,114
워크아웃-프리랜서-소득-증빙-방법,워크아웃 프리랜서 소득 증빙 방법,workout,,소득,서류·증빙 준비,0,,115
워크아웃-프리랜서-소득-변제금-영향,워크아웃 프리랜서 소득 변제금 영향,workout,,소득,소득 반영 방식 확인,0,,116
워크아웃-부업소득,워크아웃 부업소득,workout,,소득,소득 반영 방식 확인,0,,117
워크아웃-부업소득-산정-기준,워크아웃 부업소득 산정 기준,workout,,소득,소득 반영 방식 확인,0,,118
워크아웃-부업소득-증빙-방법,워크아웃 부업소득 증빙 방법,workout,,소득,서류·증빙 준비,0,,119
워크아웃-부업소득-변제금-영향,워크아웃 부업소득 변제금 영향,workout,,소득,소득 반영 방식 확인,0,,120
워크아웃-임대소득,워크아웃 임대소득,workout,,소득,소득 반영 방식 확인,0,,121
워크아웃-임대소득-산정-기준,워크아웃 임대소득 산정 기준,workout,,소득,소득 반영 방식 확인,0,,122
워크아웃-임대소득-증빙-방법,워크아웃 임대소득 증빙 방법,workout,,소득,서류·증빙 준비,0,,123
워크아웃-임대소득-변제금-영향,워크아웃 임대소득 변제금 영향,workout,,소득,소득 반영 방식 확인,0,,124
워크아웃-현금-급여,워크아웃 현금 급여,workout,,소득,소득 반영 방식 확인,0,,125
워크아웃-현금-급여-산정-기준,워크아웃 현금 급여 산정 기준,workout,,소득,소득 반영 방식 확인,0,,126
워크아웃-현금-급여-증빙-방법,워크아웃 현금 급여 증빙 방법,workout,,소득,서류·증빙 준비,0,,127
워크아웃-현금-급여-변제금-영향,워크아웃 현금 급여 변제금 영향,workout,,소득,소득 반영 방식 확인,0,,128
워크아웃-급여-실수령액,워크아웃 급여 실수령액,workout,,소득,소득 반영 방식 확인,0,,129
워크아웃-급여-실수령액-산정-기준,워크아웃 급여 실수령액 산정 기준,workout,,소득,소득 반영 방식 확인,0,,130
워크아웃-급여-실수령액-증빙-방법,워크아웃 급여 실수령액 증빙 방법,workout,,소득,서류·증빙 준비,0,,131
워크아웃-급여-실수령액-변제금-영향,워크아웃 급여 실수령액 변제금 영향,workout,,소득,소득 반영 방식 확인,0,,132
워크아웃-세전-급여,워크아웃 세전 급여,workout,,소득,소득 반영 방식 확인,0,,133
워크아웃-세전-급여-산정-기준,워크아웃 세전 급여 산정 기준,workout,,소득,소득 반영 방식 확인,0,,134
워크아웃-세전-급여-증빙-방법,워크아웃 세전 급여 증빙 방법,workout,,소득,서류·증빙 준비,0,,135
워크아웃-세전-급여-변제금-영향,워크아웃 세전 급여 변제금 영향,workout,,소득,소득 반영 방식 확인,0,,136
워크아웃-비정기-소득,워크아웃 비정기 소득,workout,,소득,소득 반영 방식 확인,0,,137
워크아웃-비정기-소득-산정-기준,워크아웃 비정기 소득 산정 기준,workout,,소득,소득 반영 방식 확인,0,,138
워크아웃-비정기-소득-증빙-방법,워크아웃 비정기 소득 증빙 방법,workout,,소득,서류·증빙 준비,0,,139
워크아웃-비정기-소득-변제금-영향,워크아웃 비정기 소득 변제금 영향,workout,,소득,소득 반영 방식 확인,0,,140
워크아웃-수습기간-급여,워크아웃 수습기간 급여,workout,,소득,소득 반영 방식 확인,0,,141
워크아웃-수습기간-급여-산정-기준,워크아웃 수습기간 급여 산정 기준,workout,,소득,소득 반영 방식 확인,0,,142
워크아웃-수습기간-급여-증빙-방법,워크아웃 수습기간 급여 증빙 방법,workout,,소득,서류·증빙 준비,0,,143
워크아웃-수습기간-급여-변제금-영향,워크아웃 수습기간 급여 변제금 영향,workout,,소득,소득 반영 방식 확인,0,,144
워크아웃-육아휴직-급여,워크아웃 육아휴직 급여,workout,,소득,소득 반영 방식 확인,0,,145
워크아웃-육아휴직-급여-산정-기준,워크아웃 육아휴직 급여 산정 기준,workout,,소득,소득 반영 방식 확인,0,,146
워크아웃-육아휴직-급여-증빙-방법,워크아웃 육아휴직 급여 증빙 방법,workout,,소득,서류·증빙 준비,0,,147
워크아웃-육아휴직-급여-변제금-영향,워크아웃 육아휴직 급여 변제금 영향,workout,,소득,소득 반영 방식 확인,0,,148
워크아웃-실업급여,워크아웃 실업급여,workout,,소득,소득 반영 방식 확인,0,,149
워크아웃-실업급여-산정-기준,워크아웃 실업급여 산정 기준,workout,,소득,소득 반영 방식 확인,0,,150
워크아웃-실업급여-증빙-방법,워크아웃 실업급여 증빙 방법,workout,,소득,서류·증빙 준비,0,,151
워크아웃-실업급여-변제금-영향,워크아웃 실업급여 변제금 영향,workout,,소득,소득 반영 방식 확인,0,,152
워크아웃-소득-감소,워크아웃 소득 감소,workout,,소득,소득 반영 방식 확인,0,,153
워크아웃-소득-감소-산정-기준,워크아웃 소득 감소 산정 기준,workout,,소득,소득 반영 방식 확인,0,,154
워크아웃-소득-감소-증빙-방법,워크아웃 소득 감소 증빙 방법,workout,,소득,서류·증빙 준비,0,,155
워크아웃-소득-감소-변제금-영향,워크아웃 소득 감소 변제금 영향,workout,,소득,소득 반영 방식 확인,0,,156
워크아웃-소득-증가,워크아웃 소득 증가,workout,,소득,소득 반영 방식 확인,0,,157
워크아웃-소득-증가-산정-기준,워크아웃 소득 증가 산정 기준,workout,,소득,소득 반영 방식 확인,0,,158
워크아웃-소득-증가-증빙-방법,워크아웃 소득 증가 증빙 방법,workout,,소득,서류·증빙 준비,0,,159
워크아웃-소득-증가-변제금-영향,워크아웃 소득 증가 변제금 영향,workout,,소득,소득 반영 방식 확인,0,,160
워크아웃-신용대출,워크아웃 신용대출,workout,,채무,채무 포함 여부 확인,0,,161
워크아웃-신용대출-포함-여부,워크아웃 신용대출 포함 여부,workout,,채무,채무 포함 여부 확인,0,,162
워크아웃-신용대출-처리-방법,워크아웃 신용대출 처리 방법,workout,,채무,방법·절차 확인,0,,163
워크아웃-신용대출-상담,워크아웃 신용대출 상담,workout,,채무,상담·서비스 탐색,0,,164
워크아웃-카드론,워크아웃 카드론,workout,,채무,채무 포함 여부 확인,0,,165
워크아웃-카드론-포함-여부,워크아웃 카드론 포함 여부,workout,,채무,채무 포함 여부 확인,0,,166
워크아웃-카드론-처리-방법,워크아웃 카드론 처리 방법,workout,,채무,방법·절차 확인,0,,167
워크아웃-카드론-상담,워크아웃 카드론 상담,workout,,채무,상담·서비스 탐색,0,,168
워크아웃-현금서비스,워크아웃 현금서비스,workout,,채무,채무 포함 여부 확인,0,,169
워크아웃-현금서비스-포함-여부,워크아웃 현금서비스 포함 여부,workout,,채무,채무 포함 여부 확인,0,,170
워크아웃-현금서비스-처리-방법,워크아웃 현금서비스 처리 방법,workout,,채무,방법·절차 확인,0,,171
워크아웃-현금서비스-상담,워크아웃 현금서비스 상담,workout,,채무,상담·서비스 탐색,0,,172
워크아웃-카드대금,워크아웃 카드대금,workout,,채무,채무 포함 여부 확인,0,,173
워크아웃-카드대금-포함-여부,워크아웃 카드대금 포함 여부,workout,,채무,채무 포함 여부 확인,0,,174
워크아웃-카드대금-처리-방법,워크아웃 카드대금 처리 방법,workout,,채무,방법·절차 확인,0,,175
워크아웃-카드대금-상담,워크아웃 카드대금 상담,workout,,채무,상담·서비스 탐색,0,,176
워크아웃-리볼빙,워크아웃 리볼빙,workout,,채무,채무 포함 여부 확인,0,,177
워크아웃-리볼빙-포함-여부,워크아웃 리볼빙 포함 여부,workout,,채무,채무 포함 여부 확인,0,,178
워크아웃-리볼빙-처리-방법,워크아웃 리볼빙 처리 방법,workout,,채무,방법·절차 확인,0,,179
워크아웃-리볼빙-상담,워크아웃 리볼빙 상담,workout,,채무,상담·서비스 탐색,0,,180
워크아웃-대부업-대출,워크아웃 대부업 대출,workout,,채무,채무 포함 여부 확인,0,,181
워크아웃-대부업-대출-포함-여부,워크아웃 대부업 대출 포함 여부,workout,,채무,채무 포함 여부 확인,0,,182
워크아웃-대부업-대출-처리-방법,워크아웃 대부업 대출 처리 방법,workout,,채무,방법·절차 확인,0,,183
워크아웃-대부업-대출-상담,워크아웃 대부업 대출 상담,workout,,채무,상담·서비스 탐색,0,,184
워크아웃-저축은행-대출,워크아웃 저축은행 대출,workout,,채무,채무 포함 여부 확인,0,,185
워크아웃-저축은행-대출-포함-여부,워크아웃 저축은행 대출 포함 여부,workout,,채무,채무 포함 여부 확인,0,,186
워크아웃-저축은행-대출-처리-방법,워크아웃 저축은행 대출 처리 방법,workout,,채무,방법·절차 확인,0,,187
워크아웃-저축은행-대출-상담,워크아웃 저축은행 대출 상담,workout,,채무,상담·서비스 탐색,0,,188
워크아웃-인터넷은행-대출,워크아웃 인터넷은행 대출,workout,,채무,채무 포함 여부 확인,0,,189
워크아웃-인터넷은행-대출-포함-여부,워크아웃 인터넷은행 대출 포함 여부,workout,,채무,채무 포함 여부 확인,0,,190
워크아웃-인터넷은행-대출-처리-방법,워크아웃 인터넷은행 대출 처리 방법,workout,,채무,방법·절차 확인,0,,191
워크아웃-인터넷은행-대출-상담,워크아웃 인터넷은행 대출 상담,workout,,채무,상담·서비스 탐색,0,,192
워크아웃-학자금대출,워크아웃 학자금대출,workout,,채무,채무 포함 여부 확인,0,,193
워크아웃-학자금대출-포함-여부,워크아웃 학자금대출 포함 여부,workout,,채무,채무 포함 여부 확인,0,,194
워크아웃-학자금대출-처리-방법,워크아웃 학자금대출 처리 방법,workout,,채무,방법·절차 확인,0,,195
워크아웃-학자금대출-상담,워크아웃 학자금대출 상담,workout,,채무,상담·서비스 탐색,0,,196
워크아웃-보증채무,워크아웃 보증채무,workout,,채무,채무 포함 여부 확인,0,,197
워크아웃-보증채무-포함-여부,워크아웃 보증채무 포함 여부,workout,,채무,채무 포함 여부 확인,0,,198
워크아웃-보증채무-처리-방법,워크아웃 보증채무 처리 방법,workout,,채무,방법·절차 확인,0,,199
워크아웃-보증채무-상담,워크아웃 보증채무 상담,workout,,채무,상담·서비스 탐색,0,,200
워크아웃-연대보증,워크아웃 연대보증,workout,,채무,채무 포함 여부 확인,0,,201
워크아웃-연대보증-포함-여부,워크아웃 연대보증 포함 여부,workout,,채무,채무 포함 여부 확인,0,,202
워크아웃-연대보증-처리-방법,워크아웃 연대보증 처리 방법,workout,,채무,방법·절차 확인,0,,203
워크아웃-연대보증-상담,워크아웃 연대보증 상담,workout,,채무,상담·서비스 탐색,0,,204
워크아웃-개인-간-차용금,워크아웃 개인 간 차용금,workout,,채무,채무 포함 여부 확인,0,,205
워크아웃-개인-간-차용금-포함-여부,워크아웃 개인 간 차용금 포함 여부,workout,,채무,채무 포함 여부 확인,0,,206
워크아웃-개인-간-차용금-처리-방법,워크아웃 개인 간 차용금 처리 방법,workout,,채무,방법·절차 확인,0,,207
워크아웃-개인-간-차용금-상담,워크아웃 개인 간 차용금 상담,workout,,채무,상담·서비스 탐색,0,,208
워크아웃-가족에게-빌린-돈,워크아웃 가족에게 빌린 돈,workout,,채무,채무 포함 여부 확인,0,,209
워크아웃-가족에게-빌린-돈-포함-여부,워크아웃 가족에게 빌린 돈 포함 여부,workout,,채무,채무 포함 여부 확인,0,,210
워크아웃-가족에게-빌린-돈-처리-방법,워크아웃 가족에게 빌린 돈 처리 방법,workout,,채무,방법·절차 확인,0,,211
워크아웃-가족에게-빌린-돈-상담,워크아웃 가족에게 빌린 돈 상담,workout,,채무,상담·서비스 탐색,0,,212
워크아웃-사업자대출,워크아웃 사업자대출,workout,,채무,채무 포함 여부 확인,0,,213
워크아웃-사업자대출-포함-여부,워크아웃 사업자대출 포함 여부,workout,,채무,채무 포함 여부 확인,0,,214
워크아웃-사업자대출-처리-방법,워크아웃 사업자대출 처리 방법,workout,,채무,방법·절차 확인,0,,215
워크아웃-사업자대출-상담,워크아웃 사업자대출 상담,workout,,채무,상담·서비스 탐색,0,,216
워크아웃-통신요금-미납,워크아웃 통신요금 미납,workout,,채무,채무 포함 여부 확인,0,,217
워크아웃-통신요금-미납-포함-여부,워크아웃 통신요금 미납 포함 여부,workout,,채무,채무 포함 여부 확인,0,,218
워크아웃-통신요금-미납-처리-방법,워크아웃 통신요금 미납 처리 방법,workout,,채무,방법·절차 확인,0,,219
워크아웃-통신요금-미납-상담,워크아웃 통신요금 미납 상담,workout,,채무,상담·서비스 탐색,0,,220
워크아웃-렌탈료-미납,워크아웃 렌탈료 미납,workout,,채무,채무 포함 여부 확인,0,,221
워크아웃-렌탈료-미납-포함-여부,워크아웃 렌탈료 미납 포함 여부,workout,,채무,채무 포함 여부 확인,0,,222
워크아웃-렌탈료-미납-처리-방법,워크아웃 렌탈료 미납 처리 방법,workout,,채무,방법·절차 확인,0,,223
워크아웃-렌탈료-미납-상담,워크아웃 렌탈료 미납 상담,workout,,채무,상담·서비스 탐색,0,,224
워크아웃-세금-체납,워크아웃 세금 체납,workout,,채무,채무 포함 여부 확인,0,,225
워크아웃-세금-체납-포함-여부,워크아웃 세금 체납 포함 여부,workout,,채무,채무 포함 여부 확인,0,,226
워크아웃-세금-체납-처리-방법,워크아웃 세금 체납 처리 방법,workout,,채무,방법·절차 확인,0,,227
워크아웃-세금-체납-상담,워크아웃 세금 체납 상담,workout,,채무,상담·서비스 탐색,0,,228
워크아웃-건강보험료-체납,워크아웃 건강보험료 체납,workout,,채무,채무 포함 여부 확인,0,,229
워크아웃-건강보험료-체납-포함-여부,워크아웃 건강보험료 체납 포함 여부,workout,,채무,채무 포함 여부 확인,0,,230
워크아웃-건강보험료-체납-처리-방법,워크아웃 건강보험료 체납 처리 방법,workout,,채무,방법·절차 확인,0,,231
워크아웃-건강보험료-체납-상담,워크아웃 건강보험료 체납 상담,workout,,채무,상담·서비스 탐색,0,,232
워크아웃-손해배상채무,워크아웃 손해배상채무,workout,,채무,채무 포함 여부 확인,0,,233
워크아웃-손해배상채무-포함-여부,워크아웃 손해배상채무 포함 여부,workout,,채무,채무 포함 여부 확인,0,,234
워크아웃-손해배상채무-처리-방법,워크아웃 손해배상채무 처리 방법,workout,,채무,방법·절차 확인,0,,235
워크아웃-손해배상채무-상담,워크아웃 손해배상채무 상담,workout,,채무,상담·서비스 탐색,0,,236
워크아웃-양육비-채무,워크아웃 양육비 채무,workout,,채무,채무 포함 여부 확인,0,,237
워크아웃-양육비-채무-포함-여부,워크아웃 양육비 채무 포함 여부,workout,,채무,채무 포함 여부 확인,0,,238
워크아웃-양육비-채무-처리-방법,워크아웃 양육비 채무 처리 방법,workout,,채무,방법·절차 확인,0,,239
워크아웃-양육비-채무-상담,워크아웃 양육비 채무 상담,workout,,채무,상담·서비스 탐색,0,,240
워크아웃-자가주택,워크아웃 자가주택,workout,,재산,재산 평가 및 유지 확인,0,,241
워크아웃-자가주택-평가-기준,워크아웃 자가주택 평가 기준,workout,,재산,재산 평가 및 유지 확인,0,,242
워크아웃-자가주택-신고-방법,워크아웃 자가주택 신고 방법,workout,,재산,방법·절차 확인,0,,243
워크아웃-자가주택-청산가치-반영,워크아웃 자가주택 청산가치 반영,workout,,재산,재산 평가 및 유지 확인,1,청산가치,244
워크아웃-전세보증금,워크아웃 전세보증금,workout,,재산,재산 평가 및 유지 확인,0,,245
워크아웃-전세보증금-평가-기준,워크아웃 전세보증금 평가 기준,workout,,재산,재산 평가 및 유지 확인,0,,246
워크아웃-전세보증금-신고-방법,워크아웃 전세보증금 신고 방법,workout,,재산,방법·절차 확인,0,,247
워크아웃-전세보증금-청산가치-반영,워크아웃 전세보증금 청산가치 반영,workout,,재산,재산 평가 및 유지 확인,1,청산가치,248
워크아웃-월세보증금,워크아웃 월세보증금,workout,,재산,재산 평가 및 유지 확인,0,,249
워크아웃-월세보증금-평가-기준,워크아웃 월세보증금 평가 기준,workout,,재산,재산 평가 및 유지 확인,0,,250
워크아웃-월세보증금-신고-방법,워크아웃 월세보증금 신고 방법,workout,,재산,방법·절차 확인,0,,251
워크아웃-월세보증금-청산가치-반영,워크아웃 월세보증금 청산가치 반영,workout,,재산,재산 평가 및 유지 확인,1,청산가치,252
워크아웃-자동차,워크아웃 자동차,workout,,재산,재산 평가 및 유지 확인,0,,253
워크아웃-자동차-평가-기준,워크아웃 자동차 평가 기준,workout,,재산,재산 평가 및 유지 확인,0,,254
워크아웃-자동차-신고-방법,워크아웃 자동차 신고 방법,workout,,재산,방법·절차 확인,0,,255
워크아웃-자동차-청산가치-반영,워크아웃 자동차 청산가치 반영,workout,,재산,재산 평가 및 유지 확인,1,청산가치,256
워크아웃-배우자-재산,워크아웃 배우자 재산,workout,,재산,재산 평가 및 유지 확인,0,,257
워크아웃-배우자-재산-평가-기준,워크아웃 배우자 재산 평가 기준,workout,,재산,재산 평가 및 유지 확인,0,,258
워크아웃-배우자-재산-신고-방법,워크아웃 배우자 재산 신고 방법,workout,,재산,방법·절차 확인,0,,259
워크아웃-배우자-재산-청산가치-반영,워크아웃 배우자 재산 청산가치 반영,workout,,재산,재산 평가 및 유지 확인,1,청산가치,260
워크아웃-공동명의-부동산,워크아웃 공동명의 부동산,workout,,재산,재산 평가 및 유지 확인,0,,261
워크아웃-공동명의-부동산-평가-기준,워크아웃 공동명의 부동산 평가 기준,workout,,재산,재산 평가 및 유지 확인,0,,262
워크아웃-공동명의-부동산-신고-방법,워크아웃 공동명의 부동산 신고 방법,workout,,재산,방법·절차 확인,0,,263
워크아웃-공동명의-부동산-청산가치-반영,워크아웃 공동명의 부동산 청산가치 반영,workout,,재산,재산 평가 및 유지 확인,1,청산가치,264
워크아웃-상속재산,워크아웃 상속재산,workout,,재산,재산 평가 및 유지 확인,0,,265
워크아웃-상속재산-평가-기준,워크아웃 상속재산 평가 기준,workout,,재산,재산 평가 및 유지 확인,0,,266
워크아웃-상속재산-신고-방법,워크아웃 상속재산 신고 방법,workout,,재산,방법·절차 확인,0,,267
워크아웃-상속재산-청산가치-반영,워크아웃 상속재산 청산가치 반영,workout,,재산,재산 평가 및 유지 확인,1,청산가치,268
워크아웃-증여재산,워크아웃 증여재산,workout,,재산,재산 평가 및 유지 확인,0,,269
워크아웃-증여재산-평가-기준,워크아웃 증여재산 평가 기준,workout,,재산,재산 평가 및 유지 확인,0,,270
워크아웃-증여재산-신고-방법,워크아웃 증여재산 신고 방법,workout,,재산,방법·절차 확인,0,,271
워크아웃-증여재산-청산가치-반영,워크아웃 증여재산 청산가치 반영,workout,,재산,재산 평가 및 유지 확인,1,청산가치,272
워크아웃-보험-해약환급금,워크아웃 보험 해약환급금,workout,,재산,재산 평가 및 유지 확인,0,,273
워크아웃-보험-해약환급금-평가-기준,워크아웃 보험 해약환급금 평가 기준,workout,,재산,재산 평가 및 유지 확인,0,,274
워크아웃-보험-해약환급금-신고-방법,워크아웃 보험 해약환급금 신고 방법,workout,,재산,방법·절차 확인,0,,275
워크아웃-보험-해약환급금-청산가치-반영,워크아웃 보험 해약환급금 청산가치 반영,workout,,재산,재산 평가 및 유지 확인,1,청산가치,276
워크아웃-예금-잔액,워크아웃 예금 잔액,workout,,재산,재산 평가 및 유지 확인,0,,277
워크아웃-예금-잔액-평가-기준,워크아웃 예금 잔액 평가 기준,workout,,재산,재산 평가 및 유지 확인,0,,278
워크아웃-예금-잔액-신고-방법,워크아웃 예금 잔액 신고 방법,workout,,재산,방법·절차 확인,0,,279
워크아웃-예금-잔액-청산가치-반영,워크아웃 예금 잔액 청산가치 반영,workout,,재산,재산 평가 및 유지 확인,1,청산가치,280
워크아웃-적금,워크아웃 적금,workout,,재산,재산 평가 및 유지 확인,0,,281
워크아웃-적금-평가-기준,워크아웃 적금 평가 기준,workout,,재산,재산 평가 및 유지 확인,0,,282
워크아웃-적금-신고-방법,워크아웃 적금 신고 방법,workout,,재산,방법·절차 확인,0,,283
워크아웃-적금-청산가치-반영,워크아웃 적금 청산가치 반영,workout,,재산,재산 평가 및 유지 확인,1,청산가치,284
워크아웃-주식-보유액,워크아웃 주식 보유액,workout,,재산,재산 평가 및 유지 확인,0,,285
워크아웃-주식-보유액-평가-기준,워크아웃 주식 보유액 평가 기준,workout,,재산,재산 평가 및 유지 확인,0,,286
워크아웃-주식-보유액-신고-방법,워크아웃 주식 보유액 신고 방법,workout,,재산,방법·절차 확인,0,,287
워크아웃-주식-보유액-청산가치-반영,워크아웃 주식 보유액 청산가치 반영,workout,,재산,재산 평가 및 유지 확인,1,청산가치,288
워크아웃-가상자산-보유액,워크아웃 가상자산 보유액,workout,,재산,재산 평가 및 유지 확인,0,,289
워크아웃-가상자산-보유액-평가-기준,워크아웃 가상자산 보유액 평가 기준,workout,,재산,재산 평가 및 유지 확인,0,,290
워크아웃-가상자산-보유액-신고-방법,워크아웃 가상자산 보유액 신고 방법,workout,,재산,방법·절차 확인,0,,291
워크아웃-가상자산-보유액-청산가치-반영,워크아웃 가상자산 보유액 청산가치 반영,workout,,재산,재산 평가 및 유지 확인,1,청산가치,292
워크아웃-퇴직금-예상액,워크아웃 퇴직금 예상액,workout,,재산,재산 평가 및 유지 확인,0,,293
워크아웃-퇴직금-예상액-평가-기준,워크아웃 퇴직금 예상액 평가 기준,workout,,재산,재산 평가 및 유지 확인,0,,294
워크아웃-퇴직금-예상액-신고-방법,워크아웃 퇴직금 예상액 신고 방법,workout,,재산,방법·절차 확인,0,,295
워크아웃-퇴직금-예상액-청산가치-반영,워크아웃 퇴직금 예상액 청산가치 반영,workout,,재산,재산 평가 및 유지 확인,1,청산가치,296
워크아웃-사업장-보증금,워크아웃 사업장 보증금,workout,,재산,재산 평가 및 유지 확인,0,,297
워크아웃-사업장-보증금-평가-기준,워크아웃 사업장 보증금 평가 기준,workout,,재산,재산 평가 및 유지 확인,0,,298
워크아웃-사업장-보증금-신고-방법,워크아웃 사업장 보증금 신고 방법,workout,,재산,방법·절차 확인,0,,299
워크아웃-사업장-보증금-청산가치-반영,워크아웃 사업장 보증금 청산가치 반영,workout,,재산,재산 평가 및 유지 확인,1,청산가치,300
워크아웃-임대차보증금-반환채권,워크아웃 임대차보증금 반환채권,workout,,재산,재산 평가 및 유지 확인,0,,301
워크아웃-임대차보증금-반환채권-평가-기준,워크아웃 임대차보증금 반환채권 평가 기준,workout,,재산,재산 평가 및 유지 확인,0,,302
워크아웃-임대차보증금-반환채권-신고-방법,워크아웃 임대차보증금 반환채권 신고 방법,workout,,재산,방법·절차 확인,0,,303
워크아웃-임대차보증금-반환채권-청산가치-반영,워크아웃 임대차보증금 반환채권 청산가치 반영,workout,,재산,재산 평가 및 유지 확인,1,청산가치,304
워크아웃-부동산-지분,워크아웃 부동산 지분,workout,,재산,재산 평가 및 유지 확인,0,,305
워크아웃-부동산-지분-평가-기준,워크아웃 부동산 지분 평가 기준,workout,,재산,재산 평가 및 유지 확인,0,,306
워크아웃-부동산-지분-신고-방법,워크아웃 부동산 지분 신고 방법,workout,,재산,방법·절차 확인,0,,307
워크아웃-부동산-지분-청산가치-반영,워크아웃 부동산 지분 청산가치 반영,workout,,재산,재산 평가 및 유지 확인,1,청산가치,308
워크아웃-토지,워크아웃 토지,workout,,재산,재산 평가 및 유지 확인,0,,309
워크아웃-토지-평가-기준,워크아웃 토지 평가 기준,workout,,재산,재산 평가 및 유지 확인,0,,310
워크아웃-토지-신고-방법,워크아웃 토지 신고 방법,workout,,재산,방법·절차 확인,0,,311
워크아웃-토지-청산가치-반영,워크아웃 토지 청산가치 반영,workout,,재산,재산 평가 및 유지 확인,1,청산가치,312
워크아웃-경매-진행-부동산,워크아웃 경매 진행 부동산,workout,,재산,재산 평가 및 유지 확인,0,,313
워크아웃-경매-진행-부동산-평가-기준,워크아웃 경매 진행 부동산 평가 기준,workout,,재산,재산 평가 및 유지 확인,0,,314
워크아웃-경매-진행-부동산-신고-방법,워크아웃 경매 진행 부동산 신고 방법,workout,,재산,방법·절차 확인,0,,315
워크아웃-경매-진행-부동산-청산가치-반영,워크아웃 경매 진행 부동산 청산가치 반영,workout,,재산,재산 평가 및 유지 확인,1,청산가치,316
워크아웃-압류된-재산,워크아웃 압류된 재산,workout,,재산,재산 평가 및 유지 확인,0,,317
워크아웃-압류된-재산-평가-기준,워크아웃 압류된 재산 평가 기준,workout,,재산,재산 평가 및 유지 확인,0,,318
워크아웃-압류된-재산-신고-방법,워크아웃 압류된 재산 신고 방법,workout,,재산,방법·절차 확인,0,,319
워크아웃-압류된-재산-청산가치-반영,워크아웃 압류된 재산 청산가치 반영,workout,,재산,재산 평가 및 유지 확인,1,청산가치,320
워크아웃-월변제금-계산,워크아웃 월변제금 계산,workout,,변제금,변제금 산정 및 납부 확인,0,,321
워크아웃-월변제금-계산-방법,워크아웃 월변제금 계산 방법,workout,,변제금,방법·절차 확인,0,,322
워크아웃-월변제금-계산-상담,워크아웃 월변제금 계산 상담,workout,,변제금,상담·서비스 탐색,0,,323
워크아웃-월변제금-계산-사례,워크아웃 월변제금 계산 사례,workout,,변제금,사례·경험 탐색,0,,324
워크아웃-예상변제금-산정,워크아웃 예상변제금 산정,workout,,변제금,변제금 산정 및 납부 확인,0,,325
워크아웃-예상변제금-산정-방법,워크아웃 예상변제금 산정 방법,workout,,변제금,방법·절차 확인,0,,326
워크아웃-예상변제금-산정-상담,워크아웃 예상변제금 산정 상담,workout,,변제금,상담·서비스 탐색,0,,327
워크아웃-예상변제금-산정-사례,워크아웃 예상변제금 산정 사례,workout,,변제금,사례·경험 탐색,0,,328
워크아웃-변제율-계산,워크아웃 변제율 계산,workout,,변제금,변제금 산정 및 납부 확인,0,,329
워크아웃-변제율-계산-방법,워크아웃 변제율 계산 방법,workout,,변제금,방법·절차 확인,0,,330
워크아웃-변제율-계산-상담,워크아웃 변제율 계산 상담,workout,,변제금,상담·서비스 탐색,0,,331
워크아웃-변제율-계산-사례,워크아웃 변제율 계산 사례,workout,,변제금,사례·경험 탐색,0,,332
워크아웃-가용소득-산정,워크아웃 가용소득 산정,workout,,변제금,변제금 산정 및 납부 확인,1,가용소득,333
워크아웃-가용소득-산정-방법,워크아웃 가용소득 산정 방법,workout,,변제금,방법·절차 확인,1,가용소득,334
워크아웃-가용소득-산정-상담,워크아웃 가용소득 산정 상담,workout,,변제금,상담·서비스 탐색,1,가용소득,335
워크아웃-가용소득-산정-사례,워크아웃 가용소득 산정 사례,workout,,변제금,사례·경험 탐색,1,가용소득,336
워크아웃-청산가치-보장,워크아웃 청산가치 보장,workout,,변제금,변제금 산정 및 납부 확인,1,청산가치,337
워크아웃-청산가치-보장-방법,워크아웃 청산가치 보장 방법,workout,,변제금,방법·절차 확인,1,청산가치,338
워크아웃-청산가치-보장-상담,워크아웃 청산가치 보장 상담,workout,,변제금,상담·서비스 탐색,1,청산가치,339
워크아웃-청산가치-보장-사례,워크아웃 청산가치 보장 사례,workout,,변제금,사례·경험 탐색,1,청산가치,340
워크아웃-변제금-감액,워크아웃 변제금 감액,workout,,변제금,변제금 산정 및 납부 확인,0,,341
워크아웃-변제금-감액-방법,워크아웃 변제금 감액 방법,workout,,변제금,방법·절차 확인,0,,342
워크아웃-변제금-감액-상담,워크아웃 변제금 감액 상담,workout,,변제금,상담·서비스 탐색,0,,343
워크아웃-변제금-감액-사례,워크아웃 변제금 감액 사례,workout,,변제금,사례·경험 탐색,0,,344
워크아웃-변제금-증액,워크아웃 변제금 증액,workout,,변제금,변제금 산정 및 납부 확인,0,,345
워크아웃-변제금-증액-방법,워크아웃 변제금 증액 방법,workout,,변제금,방법·절차 확인,0,,346
워크아웃-변제금-증액-상담,워크아웃 변제금 증액 상담,workout,,변제금,상담·서비스 탐색,0,,347
워크아웃-변제금-증액-사례,워크아웃 변제금 증액 사례,workout,,변제금,사례·경험 탐색,0,,348
워크아웃-변제금-미납,워크아웃 변제금 미납,workout,,변제금,변제금 산정 및 납부 확인,0,,349
워크아웃-변제금-미납-방법,워크아웃 변제금 미납 방법,workout,,변제금,방법·절차 확인,0,,350
워크아웃-변제금-미납-상담,워크아웃 변제금 미납 상담,workout,,변제금,상담·서비스 탐색,0,,351
워크아웃-변제금-미납-사례,워크아웃 변제금 미납 사례,workout,,변제금,사례·경험 탐색,0,,352
워크아웃-변제금-연체,워크아웃 변제금 연체,workout,,변제금,변제금 산정 및 납부 확인,0,,353
워크아웃-변제금-연체-방법,워크아웃 변제금 연체 방법,workout,,변제금,방법·절차 확인,0,,354
워크아웃-변제금-연체-상담,워크아웃 변제금 연체 상담,workout,,변제금,상담·서비스 탐색,0,,355
워크아웃-변제금-연체-사례,워크아웃 변제금 연체 사례,workout,,변제금,사례·경험 탐색,0,,356
워크아웃-변제금-납부,워크아웃 변제금 납부,workout,,변제금,변제금 산정 및 납부 확인,0,,357
워크아웃-변제금-납부-방법,워크아웃 변제금 납부 방법,workout,,변제금,방법·절차 확인,0,,358
워크아웃-변제금-납부-상담,워크아웃 변제금 납부 상담,workout,,변제금,상담·서비스 탐색,0,,359
워크아웃-변제금-납부-사례,워크아웃 변제금 납부 사례,workout,,변제금,사례·경험 탐색,0,,360
워크아웃-변제금-선납,워크아웃 변제금 선납,workout,,변제금,변제금 산정 및 납부 확인,0,,361
워크아웃-변제금-선납-방법,워크아웃 변제금 선납 방법,workout,,변제금,방법·절차 확인,0,,362
워크아웃-변제금-선납-상담,워크아웃 변제금 선납 상담,workout,,변제금,상담·서비스 탐색,0,,363
워크아웃-변제금-선납-사례,워크아웃 변제금 선납 사례,workout,,변제금,사례·경험 탐색,0,,364
워크아웃-변제금-일시납,워크아웃 변제금 일시납,workout,,변제금,변제금 산정 및 납부 확인,0,,365
워크아웃-변제금-일시납-방법,워크아웃 변제금 일시납 방법,workout,,변제금,방법·절차 확인,0,,366
워크아웃-변제금-일시납-상담,워크아웃 변제금 일시납 상담,workout,,변제금,상담·서비스 탐색,0,,367
워크아웃-변제금-일시납-사례,워크아웃 변제금 일시납 사례,workout,,변제금,사례·경험 탐색,0,,368
워크아웃-변제계획-변경,워크아웃 변제계획 변경,workout,,변제금,변제금 산정 및 납부 확인,1,변제계획,369
워크아웃-변제계획-변경-방법,워크아웃 변제계획 변경 방법,workout,,변제금,방법·절차 확인,1,변제계획,370
워크아웃-변제계획-변경-상담,워크아웃 변제계획 변경 상담,workout,,변제금,상담·서비스 탐색,1,변제계획,371
워크아웃-변제계획-변경-사례,워크아웃 변제계획 변경 사례,workout,,변제금,사례·경험 탐색,1,변제계획,372
워크아웃-변제기간-단축,워크아웃 변제기간 단축,workout,,변제금,변제금 산정 및 납부 확인,0,,373
워크아웃-변제기간-단축-방법,워크아웃 변제기간 단축 방법,workout,,변제금,방법·절차 확인,0,,374
워크아웃-변제기간-단축-상담,워크아웃 변제기간 단축 상담,workout,,변제금,상담·서비스 탐색,0,,375
워크아웃-변제기간-단축-사례,워크아웃 변제기간 단축 사례,workout,,변제금,사례·경험 탐색,0,,376
워크아웃-변제기간-연장,워크아웃 변제기간 연장,workout,,변제금,변제금 산정 및 납부 확인,0,,377
워크아웃-변제기간-연장-방법,워크아웃 변제기간 연장 방법,workout,,변제금,방법·절차 확인,0,,378
워크아웃-변제기간-연장-상담,워크아웃 변제기간 연장 상담,workout,,변제금,상담·서비스 탐색,0,,379
워크아웃-변제기간-연장-사례,워크아웃 변제기간 연장 사례,workout,,변제금,사례·경험 탐색,0,,380
워크아웃-첫-변제금-납부,워크아웃 첫 변제금 납부,workout,,변제금,변제금 산정 및 납부 확인,0,,381
워크아웃-첫-변제금-납부-방법,워크아웃 첫 변제금 납부 방법,workout,,변제금,방법·절차 확인,0,,382
워크아웃-첫-변제금-납부-상담,워크아웃 첫 변제금 납부 상담,workout,,변제금,상담·서비스 탐색,0,,383
워크아웃-첫-변제금-납부-사례,워크아웃 첫 변제금 납부 사례,workout,,변제금,사례·경험 탐색,0,,384
워크아웃-인가-전-변제금-적립,워크아웃 인가 전 변제금 적립,workout,,변제금,변제금 산정 및 납부 확인,1,인가,385
워크아웃-인가-전-변제금-적립-방법,워크아웃 인가 전 변제금 적립 방법,workout,,변제금,방법·절차 확인,1,인가,386
워크아웃-인가-전-변제금-적립-상담,워크아웃 인가 전 변제금 적립 상담,workout,,변제금,상담·서비스 탐색,1,인가,387
워크아웃-인가-전-변제금-적립-사례,워크아웃 인가 전 변제금 적립 사례,workout,,변제금,사례·경험 탐색,1,인가,388
워크아웃-미납금-분할납부,워크아웃 미납금 분할납부,workout,,변제금,변제금 산정 및 납부 확인,0,,389
워크아웃-미납금-분할납부-방법,워크아웃 미납금 분할납부 방법,workout,,변제금,방법·절차 확인,0,,390
워크아웃-미납금-분할납부-상담,워크아웃 미납금 분할납부 상담,workout,,변제금,상담·서비스 탐색,0,,391
워크아웃-미납금-분할납부-사례,워크아웃 미납금 분할납부 사례,workout,,변제금,사례·경험 탐색,0,,392
워크아웃-변제금-납부계좌-변경,워크아웃 변제금 납부계좌 변경,workout,,변제금,변제금 산정 및 납부 확인,0,,393
워크아웃-변제금-납부계좌-변경-방법,워크아웃 변제금 납부계좌 변경 방법,workout,,변제금,방법·절차 확인,0,,394
워크아웃-변제금-납부계좌-변경-상담,워크아웃 변제금 납부계좌 변경 상담,workout,,변제금,상담·서비스 탐색,0,,395
워크아웃-변제금-납부계좌-변경-사례,워크아웃 변제금 납부계좌 변경 사례,workout,,변제금,사례·경험 탐색,0,,396
워크아웃-변제금-초과납부,워크아웃 변제금 초과납부,workout,,변제금,변제금 산정 및 납부 확인,0,,397
워크아웃-변제금-초과납부-방법,워크아웃 변제금 초과납부 방법,workout,,변제금,방법·절차 확인,0,,398
워크아웃-변제금-초과납부-상담,워크아웃 변제금 초과납부 상담,workout,,변제금,상담·서비스 탐색,0,,399
워크아웃-변제금-초과납부-사례,워크아웃 변제금 초과납부 사례,workout,,변제금,사례·경험 탐색,0,,400
워크아웃-최저생계비,워크아웃 최저생계비,workout,,생계비,생계비 인정 범위 확인,0,,401
워크아웃-최저생계비-인정-기준,워크아웃 최저생계비 인정 기준,workout,,생계비,생계비 인정 범위 확인,0,,402
워크아웃-최저생계비-증빙서류,워크아웃 최저생계비 증빙서류,workout,,생계비,서류·증빙 준비,0,,403
워크아웃-최저생계비-변제금-반영,워크아웃 최저생계비 변제금 반영,workout,,생계비,생계비 인정 범위 확인,0,,404
워크아웃-추가생계비,워크아웃 추가생계비,workout,,생계비,생계비 인정 범위 확인,0,,405
워크아웃-추가생계비-인정-기준,워크아웃 추가생계비 인정 기준,workout,,생계비,생계비 인정 범위 확인,0,,406
워크아웃-추가생계비-증빙서류,워크아웃 추가생계비 증빙서류,workout,,생계비,서류·증빙 준비,0,,407
워크아웃-추가생계비-변제금-반영,워크아웃 추가생계비 변제금 반영,workout,,생계비,생계비 인정 범위 확인,0,,408
워크아웃-주거비,워크아웃 주거비,workout,,생계비,생계비 인정 범위 확인,0,,409
워크아웃-주거비-인정-기준,워크아웃 주거비 인정 기준,workout,,생계비,생계비 인정 범위 확인,0,,410
워크아웃-주거비-증빙서류,워크아웃 주거비 증빙서류,workout,,생계비,서류·증빙 준비,0,,411
워크아웃-주거비-변제금-반영,워크아웃 주거비 변제금 반영,workout,,생계비,생계비 인정 범위 확인,0,,412
워크아웃-월세,워크아웃 월세,workout,,생계비,생계비 인정 범위 확인,0,,413
워크아웃-월세-인정-기준,워크아웃 월세 인정 기준,workout,,생계비,생계비 인정 범위 확인,0,,414
워크아웃-월세-증빙서류,워크아웃 월세 증빙서류,workout,,생계비,서류·증빙 준비,0,,415
워크아웃-월세-변제금-반영,워크아웃 월세 변제금 반영,workout,,생계비,생계비 인정 범위 확인,0,,416
워크아웃-의료비,워크아웃 의료비,workout,,생계비,생계비 인정 범위 확인,0,,417
워크아웃-의료비-인정-기준,워크아웃 의료비 인정 기준,workout,,생계비,생계비 인정 범위 확인,0,,418
워크아웃-의료비-증빙서류,워크아웃 의료비 증빙서류,workout,,생계비,서류·증빙 준비,0,,419
워크아웃-의료비-변제금-반영,워크아웃 의료비 변제금 반영,workout,,생계비,생계비 인정 범위 확인,0,,420
워크아웃-교육비,워크아웃 교육비,workout,,생계비,생계비 인정 범위 확인,0,,421
워크아웃-교육비-인정-기준,워크아웃 교육비 인정 기준,workout,,생계비,생계비 인정 범위 확인,0,,422
워크아웃-교육비-증빙서류,워크아웃 교육비 증빙서류,workout,,생계비,서류·증빙 준비,0,,423
워크아웃-교육비-변제금-반영,워크아웃 교육비 변제금 반영,workout,,생계비,생계비 인정 범위 확인,0,,424
워크아웃-교통비,워크아웃 교통비,workout,,생계비,생계비 인정 범위 확인,0,,425
워크아웃-교통비-인정-기준,워크아웃 교통비 인정 기준,workout,,생계비,생계비 인정 범위 확인,0,,426
워크아웃-교통비-증빙서류,워크아웃 교통비 증빙서류,workout,,생계비,서류·증빙 준비,0,,427
워크아웃-교통비-변제금-반영,워크아웃 교통비 변제금 반영,workout,,생계비,생계비 인정 범위 확인,0,,428
워크아웃-식비,워크아웃 식비,workout,,생계비,생계비 인정 범위 확인,0,,429
워크아웃-식비-인정-기준,워크아웃 식비 인정 기준,workout,,생계비,생계비 인정 범위 확인,0,,430
워크아웃-식비-증빙서류,워크아웃 식비 증빙서류,workout,,생계비,서류·증빙 준비,0,,431
워크아웃-식비-변제금-반영,워크아웃 식비 변제금 반영,workout,,생계비,생계비 인정 범위 확인,0,,432
워크아웃-통신비,워크아웃 통신비,workout,,생계비,생계비 인정 범위 확인,0,,433
워크아웃-통신비-인정-기준,워크아웃 통신비 인정 기준,workout,,생계비,생계비 인정 범위 확인,0,,434
워크아웃-통신비-증빙서류,워크아웃 통신비 증빙서류,workout,,생계비,서류·증빙 준비,0,,435
워크아웃-통신비-변제금-반영,워크아웃 통신비 변제금 반영,workout,,생계비,생계비 인정 범위 확인,0,,436
워크아웃-보험료,워크아웃 보험료,workout,,생계비,생계비 인정 범위 확인,0,,437
워크아웃-보험료-인정-기준,워크아웃 보험료 인정 기준,workout,,생계비,생계비 인정 범위 확인,0,,438
워크아웃-보험료-증빙서류,워크아웃 보험료 증빙서류,workout,,생계비,서류·증빙 준비,0,,439
워크아웃-보험료-변제금-반영,워크아웃 보험료 변제금 반영,workout,,생계비,생계비 인정 범위 확인,0,,440
워크아웃-자녀-양육비,워크아웃 자녀 양육비,workout,,생계비,생계비 인정 범위 확인,0,,441
워크아웃-자녀-양육비-인정-기준,워크아웃 자녀 양육비 인정 기준,workout,,생계비,생계비 인정 범위 확인,0,,442
워크아웃-자녀-양육비-증빙서류,워크아웃 자녀 양육비 증빙서류,workout,,생계비,서류·증빙 준비,0,,443
워크아웃-자녀-양육비-변제금-반영,워크아웃 자녀 양육비 변제금 반영,workout,,생계비,생계비 인정 범위 확인,0,,444
워크아웃-부모님-생활비,워크아웃 부모님 생활비,workout,,생계비,생계비 인정 범위 확인,0,,445
워크아웃-부모님-생활비-인정-기준,워크아웃 부모님 생활비 인정 기준,workout,,생계비,생계비 인정 범위 확인,0,,446
워크아웃-부모님-생활비-증빙서류,워크아웃 부모님 생활비 증빙서류,workout,,생계비,서류·증빙 준비,0,,447
워크아웃-부모님-생활비-변제금-반영,워크아웃 부모님 생활비 변제금 반영,workout,,생계비,생계비 인정 범위 확인,0,,448
워크아웃-간병비,워크아웃 간병비,workout,,생계비,생계비 인정 범위 확인,0,,449
워크아웃-간병비-인정-기준,워크아웃 간병비 인정 기준,workout,,생계비,생계비 인정 범위 확인,0,,450
워크아웃-간병비-증빙서류,워크아웃 간병비 증빙서류,workout,,생계비,서류·증빙 준비,0,,451
워크아웃-간병비-변제금-반영,워크아웃 간병비 변제금 반영,workout,,생계비,생계비 인정 범위 확인,0,,452
워크아웃-장애-관련-지출,워크아웃 장애 관련 지출,workout,,생계비,생계비 인정 범위 확인,0,,453
워크아웃-장애-관련-지출-인정-기준,워크아웃 장애 관련 지출 인정 기준,workout,,생계비,생계비 인정 범위 확인,0,,454
워크아웃-장애-관련-지출-증빙서류,워크아웃 장애 관련 지출 증빙서류,workout,,생계비,서류·증빙 준비,0,,455
워크아웃-장애-관련-지출-변제금-반영,워크아웃 장애 관련 지출 변제금 반영,workout,,생계비,생계비 인정 범위 확인,0,,456
워크아웃-만성질환-치료비,워크아웃 만성질환 치료비,workout,,생계비,생계비 인정 범위 확인,0,,457
워크아웃-만성질환-치료비-인정-기준,워크아웃 만성질환 치료비 인정 기준,workout,,생계비,생계비 인정 범위 확인,0,,458
워크아웃-만성질환-치료비-증빙서류,워크아웃 만성질환 치료비 증빙서류,workout,,생계비,서류·증빙 준비,0,,459
워크아웃-만성질환-치료비-변제금-반영,워크아웃 만성질환 치료비 변제금 반영,workout,,생계비,생계비 인정 범위 확인,0,,460
워크아웃-치과-치료비,워크아웃 치과 치료비,workout,,생계비,생계비 인정 범위 확인,0,,461
워크아웃-치과-치료비-인정-기준,워크아웃 치과 치료비 인정 기준,workout,,생계비,생계비 인정 범위 확인,0,,462
워크아웃-치과-치료비-증빙서류,워크아웃 치과 치료비 증빙서류,workout,,생계비,서류·증빙 준비,0,,463
워크아웃-치과-치료비-변제금-반영,워크아웃 치과 치료비 변제금 반영,workout,,생계비,생계비 인정 범위 확인,0,,464
워크아웃-난방비,워크아웃 난방비,workout,,생계비,생계비 인정 범위 확인,0,,465
워크아웃-난방비-인정-기준,워크아웃 난방비 인정 기준,workout,,생계비,생계비 인정 범위 확인,0,,466
워크아웃-난방비-증빙서류,워크아웃 난방비 증빙서류,workout,,생계비,서류·증빙 준비,0,,467
워크아웃-난방비-변제금-반영,워크아웃 난방비 변제금 반영,workout,,생계비,생계비 인정 범위 확인,0,,468
워크아웃-사업상-필수경비,워크아웃 사업상 필수경비,workout,,생계비,생계비 인정 범위 확인,0,,469
워크아웃-사업상-필수경비-인정-기준,워크아웃 사업상 필수경비 인정 기준,workout,,생계비,생계비 인정 범위 확인,0,,470
워크아웃-사업상-필수경비-증빙서류,워크아웃 사업상 필수경비 증빙서류,workout,,생계비,서류·증빙 준비,0,,471
워크아웃-사업상-필수경비-변제금-반영,워크아웃 사업상 필수경비 변제금 반영,workout,,생계비,생계비 인정 범위 확인,0,,472
워크아웃-1인-가구-생계비,워크아웃 1인 가구 생계비,workout,,생계비,생계비 인정 범위 확인,0,,473
워크아웃-1인-가구-생계비-인정-기준,워크아웃 1인 가구 생계비 인정 기준,workout,,생계비,생계비 인정 범위 확인,0,,474
워크아웃-1인-가구-생계비-증빙서류,워크아웃 1인 가구 생계비 증빙서류,workout,,생계비,서류·증빙 준비,0,,475
워크아웃-1인-가구-생계비-변제금-반영,워크아웃 1인 가구 생계비 변제금 반영,workout,,생계비,생계비 인정 범위 확인,0,,476
워크아웃-다인-가구-생계비,워크아웃 다인 가구 생계비,workout,,생계비,생계비 인정 범위 확인,0,,477
워크아웃-다인-가구-생계비-인정-기준,워크아웃 다인 가구 생계비 인정 기준,workout,,생계비,생계비 인정 범위 확인,0,,478
워크아웃-다인-가구-생계비-증빙서류,워크아웃 다인 가구 생계비 증빙서류,workout,,생계비,서류·증빙 준비,0,,479
워크아웃-다인-가구-생계비-변제금-반영,워크아웃 다인 가구 생계비 변제금 반영,workout,,생계비,생계비 인정 범위 확인,0,,480
워크아웃-미성년-자녀,워크아웃 미성년 자녀,workout,,부양가족,부양가족 인정 여부 확인,0,,481
워크아웃-미성년-자녀-부양가족-인정,워크아웃 미성년 자녀 부양가족 인정,workout,,부양가족,부양가족 인정 여부 확인,0,,482
워크아웃-미성년-자녀-부양-증빙서류,워크아웃 미성년 자녀 부양 증빙서류,workout,,부양가족,서류·증빙 준비,0,,483
워크아웃-미성년-자녀-생계비-계산,워크아웃 미성년 자녀 생계비 계산,workout,,부양가족,부양가족 인정 여부 확인,0,,484
워크아웃-성년-자녀,워크아웃 성년 자녀,workout,,부양가족,부양가족 인정 여부 확인,0,,485
워크아웃-성년-자녀-부양가족-인정,워크아웃 성년 자녀 부양가족 인정,workout,,부양가족,부양가족 인정 여부 확인,0,,486
워크아웃-성년-자녀-부양-증빙서류,워크아웃 성년 자녀 부양 증빙서류,workout,,부양가족,서류·증빙 준비,0,,487
워크아웃-성년-자녀-생계비-계산,워크아웃 성년 자녀 생계비 계산,workout,,부양가족,부양가족 인정 여부 확인,0,,488
워크아웃-대학생-자녀,워크아웃 대학생 자녀,workout,,부양가족,부양가족 인정 여부 확인,0,,489
워크아웃-대학생-자녀-부양가족-인정,워크아웃 대학생 자녀 부양가족 인정,workout,,부양가족,부양가족 인정 여부 확인,0,,490
워크아웃-대학생-자녀-부양-증빙서류,워크아웃 대학생 자녀 부양 증빙서류,workout,,부양가족,서류·증빙 준비,0,,491
워크아웃-대학생-자녀-생계비-계산,워크아웃 대학생 자녀 생계비 계산,workout,,부양가족,부양가족 인정 여부 확인,0,,492
워크아웃-고령-부모,워크아웃 고령 부모,workout,,부양가족,부양가족 인정 여부 확인,0,,493
워크아웃-고령-부모-부양가족-인정,워크아웃 고령 부모 부양가족 인정,workout,,부양가족,부양가족 인정 여부 확인,0,,494
워크아웃-고령-부모-부양-증빙서류,워크아웃 고령 부모 부양 증빙서류,workout,,부양가족,서류·증빙 준비,0,,495
워크아웃-고령-부모-생계비-계산,워크아웃 고령 부모 생계비 계산,workout,,부양가족,부양가족 인정 여부 확인,0,,496
워크아웃-장애인-부모,워크아웃 장애인 부모,workout,,부양가족,부양가족 인정 여부 확인,0,,497
워크아웃-장애인-부모-부양가족-인정,워크아웃 장애인 부모 부양가족 인정,workout,,부양가족,부양가족 인정 여부 확인,0,,498
워크아웃-장애인-부모-부양-증빙서류,워크아웃 장애인 부모 부양 증빙서류,workout,,부양가족,서류·증빙 준비,0,,499
워크아웃-장애인-부모-생계비-계산,워크아웃 장애인 부모 생계비 계산,workout,,부양가족,부양가족 인정 여부 확인,0,,500
워크아웃-배우자-부양,워크아웃 배우자 부양,workout,,부양가족,부양가족 인정 여부 확인,0,,501
워크아웃-배우자-부양-부양가족-인정,워크아웃 배우자 부양 부양가족 인정,workout,,부양가족,부양가족 인정 여부 확인,0,,502
워크아웃-배우자-부양-부양-증빙서류,워크아웃 배우자 부양 부양 증빙서류,workout,,부양가족,서류·증빙 준비,0,,503
워크아웃-배우자-부양-생계비-계산,워크아웃 배우자 부양 생계비 계산,workout,,부양가족,부양가족 인정 여부 확인,0,,504
워크아웃-무직-배우자,워크아웃 무직 배우자,workout,,부양가족,부양가족 인정 여부 확인,0,,505
워크아웃-무직-배우자-부양가족-인정,워크아웃 무직 배우자 부양가족 인정,workout,,부양가족,부양가족 인정 여부 확인,0,,506
워크아웃-무직-배우자-부양-증빙서류,워크아웃 무직 배우자 부양 증빙서류,workout,,부양가족,서류·증빙 준비,0,,507
워크아웃-무직-배우자-생계비-계산,워크아웃 무직 배우자 생계비 계산,workout,,부양가족,부양가족 인정 여부 확인,0,,508
워크아웃-맞벌이-배우자,워크아웃 맞벌이 배우자,workout,,부양가족,부양가족 인정 여부 확인,0,,509
워크아웃-맞벌이-배우자-부양가족-인정,워크아웃 맞벌이 배우자 부양가족 인정,workout,,부양가족,부양가족 인정 여부 확인,0,,510
워크아웃-맞벌이-배우자-부양-증빙서류,워크아웃 맞벌이 배우자 부양 증빙서류,workout,,부양가족,서류·증빙 준비,0,,511
워크아웃-맞벌이-배우자-생계비-계산,워크아웃 맞벌이 배우자 생계비 계산,workout,,부양가족,부양가족 인정 여부 확인,0,,512
워크아웃-임신-중-배우자,워크아웃 임신 중 배우자,workout,,부양가족,부양가족 인정 여부 확인,0,,513
워크아웃-임신-중-배우자-부양가족-인정,워크아웃 임신 중 배우자 부양가족 인정,workout,,부양가족,부양가족 인정 여부 확인,0,,514
워크아웃-임신-중-배우자-부양-증빙서류,워크아웃 임신 중 배우자 부양 증빙서류,workout,,부양가족,서류·증빙 준비,0,,515
워크아웃-임신-중-배우자-생계비-계산,워크아웃 임신 중 배우자 생계비 계산,workout,,부양가족,부양가족 인정 여부 확인,0,,516
워크아웃-태아,워크아웃 태아,workout,,부양가족,부양가족 인정 여부 확인,0,,517
워크아웃-태아-부양가족-인정,워크아웃 태아 부양가족 인정,workout,,부양가족,부양가족 인정 여부 확인,0,,518
워크아웃-태아-부양-증빙서류,워크아웃 태아 부양 증빙서류,workout,,부양가족,서류·증빙 준비,0,,519
워크아웃-태아-생계비-계산,워크아웃 태아 생계비 계산,workout,,부양가족,부양가족 인정 여부 확인,0,,520
워크아웃-신생아,워크아웃 신생아,workout,,부양가족,부양가족 인정 여부 확인,0,,521
워크아웃-신생아-부양가족-인정,워크아웃 신생아 부양가족 인정,workout,,부양가족,부양가족 인정 여부 확인,0,,522
워크아웃-신생아-부양-증빙서류,워크아웃 신생아 부양 증빙서류,workout,,부양가족,서류·증빙 준비,0,,523
워크아웃-신생아-생계비-계산,워크아웃 신생아 생계비 계산,workout,,부양가족,부양가족 인정 여부 확인,0,,524
워크아웃-손자녀,워크아웃 손자녀,workout,,부양가족,부양가족 인정 여부 확인,0,,525
워크아웃-손자녀-부양가족-인정,워크아웃 손자녀 부양가족 인정,workout,,부양가족,부양가족 인정 여부 확인,0,,526
워크아웃-손자녀-부양-증빙서류,워크아웃 손자녀 부양 증빙서류,workout,,부양가족,서류·증빙 준비,0,,527
워크아웃-손자녀-생계비-계산,워크아웃 손자녀 생계비 계산,workout,,부양가족,부양가족 인정 여부 확인,0,,528
워크아웃-형제자매,워크아웃 형제자매,workout,,부양가족,부양가족 인정 여부 확인,0,,529
워크아웃-형제자매-부양가족-인정,워크아웃 형제자매 부양가족 인정,workout,,부양가족,부양가족 인정 여부 확인,0,,530
워크아웃-형제자매-부양-증빙서류,워크아웃 형제자매 부양 증빙서류,workout,,부양가족,서류·증빙 준비,0,,531
워크아웃-형제자매-생계비-계산,워크아웃 형제자매 생계비 계산,workout,,부양가족,부양가족 인정 여부 확인,0,,532
워크아웃-별거-중-가족,워크아웃 별거 중 가족,workout,,부양가족,부양가족 인정 여부 확인,0,,533
워크아웃-별거-중-가족-부양가족-인정,워크아웃 별거 중 가족 부양가족 인정,workout,,부양가족,부양가족 인정 여부 확인,0,,534
워크아웃-별거-중-가족-부양-증빙서류,워크아웃 별거 중 가족 부양 증빙서류,workout,,부양가족,서류·증빙 준비,0,,535
워크아웃-별거-중-가족-생계비-계산,워크아웃 별거 중 가족 생계비 계산,workout,,부양가족,부양가족 인정 여부 확인,0,,536
워크아웃-동거-부모,워크아웃 동거 부모,workout,,부양가족,부양가족 인정 여부 확인,0,,537
워크아웃-동거-부모-부양가족-인정,워크아웃 동거 부모 부양가족 인정,workout,,부양가족,부양가족 인정 여부 확인,0,,538
워크아웃-동거-부모-부양-증빙서류,워크아웃 동거 부모 부양 증빙서류,workout,,부양가족,서류·증빙 준비,0,,539
워크아웃-동거-부모-생계비-계산,워크아웃 동거 부모 생계비 계산,workout,,부양가족,부양가족 인정 여부 확인,0,,540
워크아웃-비동거-부모,워크아웃 비동거 부모,workout,,부양가족,부양가족 인정 여부 확인,0,,541
워크아웃-비동거-부모-부양가족-인정,워크아웃 비동거 부모 부양가족 인정,workout,,부양가족,부양가족 인정 여부 확인,0,,542
워크아웃-비동거-부모-부양-증빙서류,워크아웃 비동거 부모 부양 증빙서류,workout,,부양가족,서류·증빙 준비,0,,543
워크아웃-비동거-부모-생계비-계산,워크아웃 비동거 부모 생계비 계산,workout,,부양가족,부양가족 인정 여부 확인,0,,544
워크아웃-이혼-후-자녀,워크아웃 이혼 후 자녀,workout,,부양가족,부양가족 인정 여부 확인,0,,545
워크아웃-이혼-후-자녀-부양가족-인정,워크아웃 이혼 후 자녀 부양가족 인정,workout,,부양가족,부양가족 인정 여부 확인,0,,546
워크아웃-이혼-후-자녀-부양-증빙서류,워크아웃 이혼 후 자녀 부양 증빙서류,workout,,부양가족,서류·증빙 준비,0,,547
워크아웃-이혼-후-자녀-생계비-계산,워크아웃 이혼 후 자녀 생계비 계산,workout,,부양가족,부양가족 인정 여부 확인,0,,548
워크아웃-공동양육-자녀,워크아웃 공동양육 자녀,workout,,부양가족,부양가족 인정 여부 확인,0,,549
워크아웃-공동양육-자녀-부양가족-인정,워크아웃 공동양육 자녀 부양가족 인정,workout,,부양가족,부양가족 인정 여부 확인,0,,550
워크아웃-공동양육-자녀-부양-증빙서류,워크아웃 공동양육 자녀 부양 증빙서류,workout,,부양가족,서류·증빙 준비,0,,551
워크아웃-공동양육-자녀-생계비-계산,워크아웃 공동양육 자녀 생계비 계산,workout,,부양가족,부양가족 인정 여부 확인,0,,552
워크아웃-재혼가정-자녀,워크아웃 재혼가정 자녀,workout,,부양가족,부양가족 인정 여부 확인,0,,553
워크아웃-재혼가정-자녀-부양가족-인정,워크아웃 재혼가정 자녀 부양가족 인정,workout,,부양가족,부양가족 인정 여부 확인,0,,554
워크아웃-재혼가정-자녀-부양-증빙서류,워크아웃 재혼가정 자녀 부양 증빙서류,workout,,부양가족,서류·증빙 준비,0,,555
워크아웃-재혼가정-자녀-생계비-계산,워크아웃 재혼가정 자녀 생계비 계산,workout,,부양가족,부양가족 인정 여부 확인,0,,556
워크아웃-소득-있는-부모,워크아웃 소득 있는 부모,workout,,부양가족,부양가족 인정 여부 확인,0,,557
워크아웃-소득-있는-부모-부양가족-인정,워크아웃 소득 있는 부모 부양가족 인정,workout,,부양가족,부양가족 인정 여부 확인,0,,558
워크아웃-소득-있는-부모-부양-증빙서류,워크아웃 소득 있는 부모 부양 증빙서류,workout,,부양가족,서류·증빙 준비,0,,559
워크아웃-소득-있는-부모-생계비-계산,워크아웃 소득 있는 부모 생계비 계산,workout,,부양가족,부양가족 인정 여부 확인,0,,560
워크아웃-신청-준비,워크아웃 신청 준비,workout,,절차,진행 순서와 기간 확인,0,,561
워크아웃-신청-준비-절차,워크아웃 신청 준비 절차,workout,,절차,방법·절차 확인,0,,562
워크아웃-신청-준비-소요기간,워크아웃 신청 준비 소요기간,workout,,절차,진행 순서와 기간 확인,0,,563
워크아웃-신청-준비-준비사항,워크아웃 신청 준비 준비사항,workout,,절차,진행 순서와 기간 확인,0,,564
워크아웃-신청서-접수,워크아웃 신청서 접수,workout,,절차,진행 순서와 기간 확인,0,,565
워크아웃-신청서-접수-절차,워크아웃 신청서 접수 절차,workout,,절차,방법·절차 확인,0,,566
워크아웃-신청서-접수-소요기간,워크아웃 신청서 접수 소요기간,workout,,절차,진행 순서와 기간 확인,0,,567
워크아웃-신청서-접수-준비사항,워크아웃 신청서 접수 준비사항,workout,,절차,진행 순서와 기간 확인,0,,568
워크아웃-사건번호-발급,워크아웃 사건번호 발급,workout,,절차,진행 순서와 기간 확인,0,,569
워크아웃-사건번호-발급-절차,워크아웃 사건번호 발급 절차,workout,,절차,방법·절차 확인,0,,570
워크아웃-사건번호-발급-소요기간,워크아웃 사건번호 발급 소요기간,workout,,절차,진행 순서와 기간 확인,0,,571
워크아웃-사건번호-발급-준비사항,워크아웃 사건번호 발급 준비사항,workout,,절차,진행 순서와 기간 확인,0,,572
워크아웃-서류-심사,워크아웃 서류 심사,workout,,절차,진행 순서와 기간 확인,0,,573
워크아웃-서류-심사-절차,워크아웃 서류 심사 절차,workout,,절차,방법·절차 확인,0,,574
워크아웃-서류-심사-소요기간,워크아웃 서류 심사 소요기간,workout,,절차,진행 순서와 기간 확인,0,,575
워크아웃-서류-심사-준비사항,워크아웃 서류 심사 준비사항,workout,,절차,진행 순서와 기간 확인,0,,576
워크아웃-회생위원-면담,워크아웃 회생위원 면담,workout,,절차,진행 순서와 기간 확인,1,회생위원,577
워크아웃-회생위원-면담-절차,워크아웃 회생위원 면담 절차,workout,,절차,방법·절차 확인,1,회생위원,578
워크아웃-회생위원-면담-소요기간,워크아웃 회생위원 면담 소요기간,workout,,절차,진행 순서와 기간 확인,1,회생위원,579
워크아웃-회생위원-면담-준비사항,워크아웃 회생위원 면담 준비사항,workout,,절차,진행 순서와 기간 확인,1,회생위원,580
워크아웃-채권자목록-제출,워크아웃 채권자목록 제출,workout,,절차,진행 순서와 기간 확인,0,,581
워크아웃-채권자목록-제출-절차,워크아웃 채권자목록 제출 절차,workout,,절차,방법·절차 확인,0,,582
워크아웃-채권자목록-제출-소요기간,워크아웃 채권자목록 제출 소요기간,workout,,절차,진행 순서와 기간 확인,0,,583
워크아웃-채권자목록-제출-준비사항,워크아웃 채권자목록 제출 준비사항,workout,,절차,진행 순서와 기간 확인,0,,584
워크아웃-변제계획안-제출,워크아웃 변제계획안 제출,workout,,절차,진행 순서와 기간 확인,1,변제계획,585
워크아웃-변제계획안-제출-절차,워크아웃 변제계획안 제출 절차,workout,,절차,방법·절차 확인,1,변제계획,586
워크아웃-변제계획안-제출-소요기간,워크아웃 변제계획안 제출 소요기간,workout,,절차,진행 순서와 기간 확인,1,변제계획,587
워크아웃-변제계획안-제출-준비사항,워크아웃 변제계획안 제출 준비사항,workout,,절차,진행 순서와 기간 확인,1,변제계획,588
워크아웃-개시결정,워크아웃 개시결정,workout,,절차,진행 순서와 기간 확인,1,개시결정,589
워크아웃-개시결정-절차,워크아웃 개시결정 절차,workout,,절차,방법·절차 확인,1,개시결정,590
워크아웃-개시결정-소요기간,워크아웃 개시결정 소요기간,workout,,절차,진행 순서와 기간 확인,1,개시결정,591
워크아웃-개시결정-준비사항,워크아웃 개시결정 준비사항,workout,,절차,진행 순서와 기간 확인,1,개시결정,592
워크아웃-채권자-이의신청,워크아웃 채권자 이의신청,workout,,절차,진행 순서와 기간 확인,0,,593
워크아웃-채권자-이의신청-절차,워크아웃 채권자 이의신청 절차,workout,,절차,방법·절차 확인,0,,594
워크아웃-채권자-이의신청-소요기간,워크아웃 채권자 이의신청 소요기간,workout,,절차,진행 순서와 기간 확인,0,,595
워크아웃-채권자-이의신청-준비사항,워크아웃 채권자 이의신청 준비사항,workout,,절차,진행 순서와 기간 확인,0,,596
워크아웃-채권조사확정재판,워크아웃 채권조사확정재판,workout,,절차,진행 순서와 기간 확인,0,,597
워크아웃-채권조사확정재판-절차,워크아웃 채권조사확정재판 절차,workout,,절차,방법·절차 확인,0,,598
워크아웃-채권조사확정재판-소요기간,워크아웃 채권조사확정재판 소요기간,workout,,절차,진행 순서와 기간 확인,0,,599
워크아웃-채권조사확정재판-준비사항,워크아웃 채권조사확정재판 준비사항,workout,,절차,진행 순서와 기간 확인,0,,600
워크아웃-채권자집회,워크아웃 채권자집회,workout,,절차,진행 순서와 기간 확인,1,채권자집회,601
워크아웃-채권자집회-절차,워크아웃 채권자집회 절차,workout,,절차,방법·절차 확인,1,채권자집회,602
워크아웃-채권자집회-소요기간,워크아웃 채권자집회 소요기간,workout,,절차,진행 순서와 기간 확인,1,채권자집회,603
워크아웃-채권자집회-준비사항,워크아웃 채권자집회 준비사항,workout,,절차,진행 순서와 기간 확인,1,채권자집회,604
워크아웃-인가결정,워크아웃 인가결정,workout,,절차,진행 순서와 기간 확인,1,인가,605
워크아웃-인가결정-절차,워크아웃 인가결정 절차,workout,,절차,방법·절차 확인,1,인가,606
워크아웃-인가결정-소요기간,워크아웃 인가결정 소요기간,workout,,절차,진행 순서와 기간 확인,1,인가,607
워크아웃-인가결정-준비사항,워크아웃 인가결정 준비사항,workout,,절차,진행 순서와 기간 확인,1,인가,608
워크아웃-변제-수행,워크아웃 변제 수행,workout,,절차,진행 순서와 기간 확인,0,,609
워크아웃-변제-수행-절차,워크아웃 변제 수행 절차,workout,,절차,방법·절차 확인,0,,610
워크아웃-변제-수행-소요기간,워크아웃 변제 수행 소요기간,workout,,절차,진행 순서와 기간 확인,0,,611
워크아웃-변제-수행-준비사항,워크아웃 변제 수행 준비사항,workout,,절차,진행 순서와 기간 확인,0,,612
워크아웃-면책신청,워크아웃 면책신청,workout,,절차,진행 순서와 기간 확인,0,,613
워크아웃-면책신청-절차,워크아웃 면책신청 절차,workout,,절차,방법·절차 확인,0,,614
워크아웃-면책신청-소요기간,워크아웃 면책신청 소요기간,workout,,절차,진행 순서와 기간 확인,0,,615
워크아웃-면책신청-준비사항,워크아웃 면책신청 준비사항,workout,,절차,진행 순서와 기간 확인,0,,616
워크아웃-신청-취하,워크아웃 신청 취하,workout,,절차,진행 순서와 기간 확인,0,,617
워크아웃-신청-취하-절차,워크아웃 신청 취하 절차,workout,,절차,방법·절차 확인,0,,618
워크아웃-신청-취하-소요기간,워크아웃 신청 취하 소요기간,workout,,절차,진행 순서와 기간 확인,0,,619
워크아웃-신청-취하-준비사항,워크아웃 신청 취하 준비사항,workout,,절차,진행 순서와 기간 확인,0,,620
워크아웃-사건-이송,워크아웃 사건 이송,workout,,절차,진행 순서와 기간 확인,0,,621
워크아웃-사건-이송-절차,워크아웃 사건 이송 절차,workout,,절차,방법·절차 확인,0,,622
워크아웃-사건-이송-소요기간,워크아웃 사건 이송 소요기간,workout,,절차,진행 순서와 기간 확인,0,,623
워크아웃-사건-이송-준비사항,워크아웃 사건 이송 준비사항,workout,,절차,진행 순서와 기간 확인,0,,624
워크아웃-채권자-추가,워크아웃 채권자 추가,workout,,절차,진행 순서와 기간 확인,0,,625
워크아웃-채권자-추가-절차,워크아웃 채권자 추가 절차,workout,,절차,방법·절차 확인,0,,626
워크아웃-채권자-추가-소요기간,워크아웃 채권자 추가 소요기간,workout,,절차,진행 순서와 기간 확인,0,,627
워크아웃-채권자-추가-준비사항,워크아웃 채권자 추가 준비사항,workout,,절차,진행 순서와 기간 확인,0,,628
워크아웃-채무-누락-정정,워크아웃 채무 누락 정정,workout,,절차,진행 순서와 기간 확인,0,,629
워크아웃-채무-누락-정정-절차,워크아웃 채무 누락 정정 절차,workout,,절차,방법·절차 확인,0,,630
워크아웃-채무-누락-정정-소요기간,워크아웃 채무 누락 정정 소요기간,workout,,절차,진행 순서와 기간 확인,0,,631
워크아웃-채무-누락-정정-준비사항,워크아웃 채무 누락 정정 준비사항,workout,,절차,진행 순서와 기간 확인,0,,632
워크아웃-주소-변경-신고,워크아웃 주소 변경 신고,workout,,절차,진행 순서와 기간 확인,0,,633
워크아웃-주소-변경-신고-절차,워크아웃 주소 변경 신고 절차,workout,,절차,방법·절차 확인,0,,634
워크아웃-주소-변경-신고-소요기간,워크아웃 주소 변경 신고 소요기간,workout,,절차,진행 순서와 기간 확인,0,,635
워크아웃-주소-변경-신고-준비사항,워크아웃 주소 변경 신고 준비사항,workout,,절차,진행 순서와 기간 확인,0,,636
워크아웃-송달장소-변경,워크아웃 송달장소 변경,workout,,절차,진행 순서와 기간 확인,0,,637
워크아웃-송달장소-변경-절차,워크아웃 송달장소 변경 절차,workout,,절차,방법·절차 확인,0,,638
워크아웃-송달장소-변경-소요기간,워크아웃 송달장소 변경 소요기간,workout,,절차,진행 순서와 기간 확인,0,,639
워크아웃-송달장소-변경-준비사항,워크아웃 송달장소 변경 준비사항,workout,,절차,진행 순서와 기간 확인,0,,640
워크아웃-관할법원,워크아웃 관할법원,workout,,법원,관할 및 법원 이용 안내,1,법원;관할,641
워크아웃-관할법원-접수-안내,워크아웃 관할법원 접수 안내,workout,,법원,관할 및 법원 이용 안내,1,법원;관할,642
워크아웃-관할법원-이용-방법,워크아웃 관할법원 이용 방법,workout,,법원,방법·절차 확인,1,법원;관할,643
워크아웃-관할법원-문의-방법,워크아웃 관할법원 문의 방법,workout,,법원,방법·절차 확인,1,법원;관할,644
워크아웃-주소지-관할,워크아웃 주소지 관할,workout,,법원,관할 및 법원 이용 안내,1,관할,645
워크아웃-주소지-관할-접수-안내,워크아웃 주소지 관할 접수 안내,workout,,법원,관할 및 법원 이용 안내,1,관할,646
워크아웃-주소지-관할-이용-방법,워크아웃 주소지 관할 이용 방법,workout,,법원,방법·절차 확인,1,관할,647
워크아웃-주소지-관할-문의-방법,워크아웃 주소지 관할 문의 방법,workout,,법원,방법·절차 확인,1,관할,648
워크아웃-직장-소재지-관할,워크아웃 직장 소재지 관할,workout,,법원,관할 및 법원 이용 안내,1,관할,649
워크아웃-직장-소재지-관할-접수-안내,워크아웃 직장 소재지 관할 접수 안내,workout,,법원,관할 및 법원 이용 안내,1,관할,650
워크아웃-직장-소재지-관할-이용-방법,워크아웃 직장 소재지 관할 이용 방법,workout,,법원,방법·절차 확인,1,관할,651
워크아웃-직장-소재지-관할-문의-방법,워크아웃 직장 소재지 관할 문의 방법,workout,,법원,방법·절차 확인,1,관할,652
워크아웃-사업장-소재지-관할,워크아웃 사업장 소재지 관할,workout,,법원,관할 및 법원 이용 안내,1,관할,653
워크아웃-사업장-소재지-관할-접수-안내,워크아웃 사업장 소재지 관할 접수 안내,workout,,법원,관할 및 법원 이용 안내,1,관할,654
워크아웃-사업장-소재지-관할-이용-방법,워크아웃 사업장 소재지 관할 이용 방법,workout,,법원,방법·절차 확인,1,관할,655
워크아웃-사업장-소재지-관할-문의-방법,워크아웃 사업장 소재지 관할 문의 방법,workout,,법원,방법·절차 확인,1,관할,656
워크아웃-서울회생법원,워크아웃 서울회생법원,workout,,법원,관할 및 법원 이용 안내,1,법원,657
워크아웃-서울회생법원-접수-안내,워크아웃 서울회생법원 접수 안내,workout,,법원,관할 및 법원 이용 안내,1,법원,658
워크아웃-서울회생법원-이용-방법,워크아웃 서울회생법원 이용 방법,workout,,법원,방법·절차 확인,1,법원,659
워크아웃-서울회생법원-문의-방법,워크아웃 서울회생법원 문의 방법,workout,,법원,방법·절차 확인,1,법원,660
워크아웃-수원회생법원,워크아웃 수원회생법원,workout,,법원,관할 및 법원 이용 안내,1,법원,661
워크아웃-수원회생법원-접수-안내,워크아웃 수원회생법원 접수 안내,workout,,법원,관할 및 법원 이용 안내,1,법원,662
워크아웃-수원회생법원-이용-방법,워크아웃 수원회생법원 이용 방법,workout,,법원,방법·절차 확인,1,법원,663
워크아웃-수원회생법원-문의-방법,워크아웃 수원회생법원 문의 방법,workout,,법원,방법·절차 확인,1,법원,664
워크아웃-부산회생법원,워크아웃 부산회생법원,workout,,법원,관할 및 법원 이용 안내,1,법원,665
워크아웃-부산회생법원-접수-안내,워크아웃 부산회생법원 접수 안내,workout,,법원,관할 및 법원 이용 안내,1,법원,666
워크아웃-부산회생법원-이용-방법,워크아웃 부산회생법원 이용 방법,workout,,법원,방법·절차 확인,1,법원,667
워크아웃-부산회생법원-문의-방법,워크아웃 부산회생법원 문의 방법,workout,,법원,방법·절차 확인,1,법원,668
워크아웃-대전-지역-법원,워크아웃 대전 지역 법원,workout,,법원,관할 및 법원 이용 안내,1,법원,669
워크아웃-대전-지역-법원-접수-안내,워크아웃 대전 지역 법원 접수 안내,workout,,법원,관할 및 법원 이용 안내,1,법원,670
워크아웃-대전-지역-법원-이용-방법,워크아웃 대전 지역 법원 이용 방법,workout,,법원,방법·절차 확인,1,법원,671
워크아웃-대전-지역-법원-문의-방법,워크아웃 대전 지역 법원 문의 방법,workout,,법원,방법·절차 확인,1,법원,672
워크아웃-대구-지역-법원,워크아웃 대구 지역 법원,workout,,법원,관할 및 법원 이용 안내,1,법원,673
워크아웃-대구-지역-법원-접수-안내,워크아웃 대구 지역 법원 접수 안내,workout,,법원,관할 및 법원 이용 안내,1,법원,674
워크아웃-대구-지역-법원-이용-방법,워크아웃 대구 지역 법원 이용 방법,workout,,법원,방법·절차 확인,1,법원,675
워크아웃-대구-지역-법원-문의-방법,워크아웃 대구 지역 법원 문의 방법,workout,,법원,방법·절차 확인,1,법원,676
워크아웃-광주-지역-법원,워크아웃 광주 지역 법원,workout,,법원,관할 및 법원 이용 안내,1,법원,677
워크아웃-광주-지역-법원-접수-안내,워크아웃 광주 지역 법원 접수 안내,workout,,법원,관할 및 법원 이용 안내,1,법원,678
워크아웃-광주-지역-법원-이용-방법,워크아웃 광주 지역 법원 이용 방법,workout,,법원,방법·절차 확인,1,법원,679
워크아웃-광주-지역-법원-문의-방법,워크아웃 광주 지역 법원 문의 방법,workout,,법원,방법·절차 확인,1,법원,680
워크아웃-인천-지역-법원,워크아웃 인천 지역 법원,workout,,법원,관할 및 법원 이용 안내,1,법원,681
워크아웃-인천-지역-법원-접수-안내,워크아웃 인천 지역 법원 접수 안내,workout,,법원,관할 및 법원 이용 안내,1,법원,682
워크아웃-인천-지역-법원-이용-방법,워크아웃 인천 지역 법원 이용 방법,workout,,법원,방법·절차 확인,1,법원,683
워크아웃-인천-지역-법원-문의-방법,워크아웃 인천 지역 법원 문의 방법,workout,,법원,방법·절차 확인,1,법원,684
워크아웃-울산-지역-법원,워크아웃 울산 지역 법원,workout,,법원,관할 및 법원 이용 안내,1,법원,685
워크아웃-울산-지역-법원-접수-안내,워크아웃 울산 지역 법원 접수 안내,workout,,법원,관할 및 법원 이용 안내,1,법원,686
워크아웃-울산-지역-법원-이용-방법,워크아웃 울산 지역 법원 이용 방법,workout,,법원,방법·절차 확인,1,법원,687
워크아웃-울산-지역-법원-문의-방법,워크아웃 울산 지역 법원 문의 방법,workout,,법원,방법·절차 확인,1,법원,688
워크아웃-창원-지역-법원,워크아웃 창원 지역 법원,workout,,법원,관할 및 법원 이용 안내,1,법원,689
워크아웃-창원-지역-법원-접수-안내,워크아웃 창원 지역 법원 접수 안내,workout,,법원,관할 및 법원 이용 안내,1,법원,690
워크아웃-창원-지역-법원-이용-방법,워크아웃 창원 지역 법원 이용 방법,workout,,법원,방법·절차 확인,1,법원,691
워크아웃-창원-지역-법원-문의-방법,워크아웃 창원 지역 법원 문의 방법,workout,,법원,방법·절차 확인,1,법원,692
워크아웃-전주-지역-법원,워크아웃 전주 지역 법원,workout,,법원,관할 및 법원 이용 안내,1,법원,693
워크아웃-전주-지역-법원-접수-안내,워크아웃 전주 지역 법원 접수 안내,workout,,법원,관할 및 법원 이용 안내,1,법원,694
워크아웃-전주-지역-법원-이용-방법,워크아웃 전주 지역 법원 이용 방법,workout,,법원,방법·절차 확인,1,법원,695
워크아웃-전주-지역-법원-문의-방법,워크아웃 전주 지역 법원 문의 방법,workout,,법원,방법·절차 확인,1,법원,696
워크아웃-청주-지역-법원,워크아웃 청주 지역 법원,workout,,법원,관할 및 법원 이용 안내,1,법원,697
워크아웃-청주-지역-법원-접수-안내,워크아웃 청주 지역 법원 접수 안내,workout,,법원,관할 및 법원 이용 안내,1,법원,698
워크아웃-청주-지역-법원-이용-방법,워크아웃 청주 지역 법원 이용 방법,workout,,법원,방법·절차 확인,1,법원,699
워크아웃-청주-지역-법원-문의-방법,워크아웃 청주 지역 법원 문의 방법,workout,,법원,방법·절차 확인,1,법원,700
워크아웃-춘천-지역-법원,워크아웃 춘천 지역 법원,workout,,법원,관할 및 법원 이용 안내,1,법원,701
워크아웃-춘천-지역-법원-접수-안내,워크아웃 춘천 지역 법원 접수 안내,workout,,법원,관할 및 법원 이용 안내,1,법원,702
워크아웃-춘천-지역-법원-이용-방법,워크아웃 춘천 지역 법원 이용 방법,workout,,법원,방법·절차 확인,1,법원,703
워크아웃-춘천-지역-법원-문의-방법,워크아웃 춘천 지역 법원 문의 방법,workout,,법원,방법·절차 확인,1,법원,704
워크아웃-제주-지역-법원,워크아웃 제주 지역 법원,workout,,법원,관할 및 법원 이용 안내,1,법원,705
워크아웃-제주-지역-법원-접수-안내,워크아웃 제주 지역 법원 접수 안내,workout,,법원,관할 및 법원 이용 안내,1,법원,706
워크아웃-제주-지역-법원-이용-방법,워크아웃 제주 지역 법원 이용 방법,workout,,법원,방법·절차 확인,1,법원,707
워크아웃-제주-지역-법원-문의-방법,워크아웃 제주 지역 법원 문의 방법,workout,,법원,방법·절차 확인,1,법원,708
워크아웃-의정부-지역-법원,워크아웃 의정부 지역 법원,workout,,법원,관할 및 법원 이용 안내,1,법원,709
워크아웃-의정부-지역-법원-접수-안내,워크아웃 의정부 지역 법원 접수 안내,workout,,법원,관할 및 법원 이용 안내,1,법원,710
워크아웃-의정부-지역-법원-이용-방법,워크아웃 의정부 지역 법원 이용 방법,workout,,법원,방법·절차 확인,1,법원,711
워크아웃-의정부-지역-법원-문의-방법,워크아웃 의정부 지역 법원 문의 방법,workout,,법원,방법·절차 확인,1,법원,712
워크아웃-법원-민원실,워크아웃 법원 민원실,workout,,법원,관할 및 법원 이용 안내,1,법원,713
워크아웃-법원-민원실-접수-안내,워크아웃 법원 민원실 접수 안내,workout,,법원,관할 및 법원 이용 안내,1,법원,714
워크아웃-법원-민원실-이용-방법,워크아웃 법원 민원실 이용 방법,workout,,법원,방법·절차 확인,1,법원,715
워크아웃-법원-민원실-문의-방법,워크아웃 법원 민원실 문의 방법,workout,,법원,방법·절차 확인,1,법원,716
워크아웃-법원-전자소송,워크아웃 법원 전자소송,workout,,법원,관할 및 법원 이용 안내,1,법원,717
워크아웃-법원-전자소송-접수-안내,워크아웃 법원 전자소송 접수 안내,workout,,법원,관할 및 법원 이용 안내,1,법원,718
워크아웃-법원-전자소송-이용-방법,워크아웃 법원 전자소송 이용 방법,workout,,법원,방법·절차 확인,1,법원,719
워크아웃-법원-전자소송-문의-방법,워크아웃 법원 전자소송 문의 방법,workout,,법원,방법·절차 확인,1,법원,720
워크아웃-주민등록등본,워크아웃 주민등록등본,workout,,서류,필요서류 준비 및 작성,0,,721
워크아웃-주민등록등본-준비-방법,워크아웃 주민등록등본 준비 방법,workout,,서류,방법·절차 확인,0,,722
워크아웃-주민등록등본-제출-방법,워크아웃 주민등록등본 제출 방법,workout,,서류,방법·절차 확인,0,,723
워크아웃-주민등록등본-누락-시-대응,워크아웃 주민등록등본 누락 시 대응,workout,,서류,필요서류 준비 및 작성,0,,724
워크아웃-주민등록초본,워크아웃 주민등록초본,workout,,서류,필요서류 준비 및 작성,0,,725
워크아웃-주민등록초본-준비-방법,워크아웃 주민등록초본 준비 방법,workout,,서류,방법·절차 확인,0,,726
워크아웃-주민등록초본-제출-방법,워크아웃 주민등록초본 제출 방법,workout,,서류,방법·절차 확인,0,,727
워크아웃-주민등록초본-누락-시-대응,워크아웃 주민등록초본 누락 시 대응,workout,,서류,필요서류 준비 및 작성,0,,728
워크아웃-가족관계증명서,워크아웃 가족관계증명서,workout,,서류,필요서류 준비 및 작성,0,,729
워크아웃-가족관계증명서-준비-방법,워크아웃 가족관계증명서 준비 방법,workout,,서류,방법·절차 확인,0,,730
워크아웃-가족관계증명서-제출-방법,워크아웃 가족관계증명서 제출 방법,workout,,서류,방법·절차 확인,0,,731
워크아웃-가족관계증명서-누락-시-대응,워크아웃 가족관계증명서 누락 시 대응,workout,,서류,필요서류 준비 및 작성,0,,732
워크아웃-혼인관계증명서,워크아웃 혼인관계증명서,workout,,서류,필요서류 준비 및 작성,0,,733
워크아웃-혼인관계증명서-준비-방법,워크아웃 혼인관계증명서 준비 방법,workout,,서류,방법·절차 확인,0,,734
워크아웃-혼인관계증명서-제출-방법,워크아웃 혼인관계증명서 제출 방법,workout,,서류,방법·절차 확인,0,,735
워크아웃-혼인관계증명서-누락-시-대응,워크아웃 혼인관계증명서 누락 시 대응,workout,,서류,필요서류 준비 및 작성,0,,736
워크아웃-급여명세서,워크아웃 급여명세서,workout,,서류,필요서류 준비 및 작성,0,,737
워크아웃-급여명세서-준비-방법,워크아웃 급여명세서 준비 방법,workout,,서류,방법·절차 확인,0,,738
워크아웃-급여명세서-제출-방법,워크아웃 급여명세서 제출 방법,workout,,서류,방법·절차 확인,0,,739
워크아웃-급여명세서-누락-시-대응,워크아웃 급여명세서 누락 시 대응,workout,,서류,필요서류 준비 및 작성,0,,740
워크아웃-재직증명서,워크아웃 재직증명서,workout,,서류,필요서류 준비 및 작성,0,,741
워크아웃-재직증명서-준비-방법,워크아웃 재직증명서 준비 방법,workout,,서류,방법·절차 확인,0,,742
워크아웃-재직증명서-제출-방법,워크아웃 재직증명서 제출 방법,workout,,서류,방법·절차 확인,0,,743
워크아웃-재직증명서-누락-시-대응,워크아웃 재직증명서 누락 시 대응,workout,,서류,필요서류 준비 및 작성,0,,744
워크아웃-원천징수영수증,워크아웃 원천징수영수증,workout,,서류,필요서류 준비 및 작성,0,,745
워크아웃-원천징수영수증-준비-방법,워크아웃 원천징수영수증 준비 방법,workout,,서류,방법·절차 확인,0,,746
워크아웃-원천징수영수증-제출-방법,워크아웃 원천징수영수증 제출 방법,workout,,서류,방법·절차 확인,0,,747
워크아웃-원천징수영수증-누락-시-대응,워크아웃 원천징수영수증 누락 시 대응,workout,,서류,필요서류 준비 및 작성,0,,748
워크아웃-소득금액증명,워크아웃 소득금액증명,workout,,서류,필요서류 준비 및 작성,0,,749
워크아웃-소득금액증명-준비-방법,워크아웃 소득금액증명 준비 방법,workout,,서류,방법·절차 확인,0,,750
워크아웃-소득금액증명-제출-방법,워크아웃 소득금액증명 제출 방법,workout,,서류,방법·절차 확인,0,,751
워크아웃-소득금액증명-누락-시-대응,워크아웃 소득금액증명 누락 시 대응,workout,,서류,필요서류 준비 및 작성,0,,752
워크아웃-사업자등록증,워크아웃 사업자등록증,workout,,서류,필요서류 준비 및 작성,0,,753
워크아웃-사업자등록증-준비-방법,워크아웃 사업자등록증 준비 방법,workout,,서류,방법·절차 확인,0,,754
워크아웃-사업자등록증-제출-방법,워크아웃 사업자등록증 제출 방법,workout,,서류,방법·절차 확인,0,,755
워크아웃-사업자등록증-누락-시-대응,워크아웃 사업자등록증 누락 시 대응,workout,,서류,필요서류 준비 및 작성,0,,756
워크아웃-부가가치세-신고자료,워크아웃 부가가치세 신고자료,workout,,서류,필요서류 준비 및 작성,0,,757
워크아웃-부가가치세-신고자료-준비-방법,워크아웃 부가가치세 신고자료 준비 방법,workout,,서류,방법·절차 확인,0,,758
워크아웃-부가가치세-신고자료-제출-방법,워크아웃 부가가치세 신고자료 제출 방법,workout,,서류,방법·절차 확인,0,,759
워크아웃-부가가치세-신고자료-누락-시-대응,워크아웃 부가가치세 신고자료 누락 시 대응,workout,,서류,필요서류 준비 및 작성,0,,760
워크아웃-통장거래내역,워크아웃 통장거래내역,workout,,서류,필요서류 준비 및 작성,0,,761
워크아웃-통장거래내역-준비-방법,워크아웃 통장거래내역 준비 방법,workout,,서류,방법·절차 확인,0,,762
워크아웃-통장거래내역-제출-방법,워크아웃 통장거래내역 제출 방법,workout,,서류,방법·절차 확인,0,,763
워크아웃-통장거래내역-누락-시-대응,워크아웃 통장거래내역 누락 시 대응,workout,,서류,필요서류 준비 및 작성,0,,764
워크아웃-부채증명서,워크아웃 부채증명서,workout,,서류,필요서류 준비 및 작성,0,,765
워크아웃-부채증명서-준비-방법,워크아웃 부채증명서 준비 방법,workout,,서류,방법·절차 확인,0,,766
워크아웃-부채증명서-제출-방법,워크아웃 부채증명서 제출 방법,workout,,서류,방법·절차 확인,0,,767
워크아웃-부채증명서-누락-시-대응,워크아웃 부채증명서 누락 시 대응,workout,,서류,필요서류 준비 및 작성,0,,768
워크아웃-신용정보조회서,워크아웃 신용정보조회서,workout,,서류,필요서류 준비 및 작성,0,,769
워크아웃-신용정보조회서-준비-방법,워크아웃 신용정보조회서 준비 방법,workout,,서류,방법·절차 확인,0,,770
워크아웃-신용정보조회서-제출-방법,워크아웃 신용정보조회서 제출 방법,workout,,서류,방법·절차 확인,0,,771
워크아웃-신용정보조회서-누락-시-대응,워크아웃 신용정보조회서 누락 시 대응,workout,,서류,필요서류 준비 및 작성,0,,772
워크아웃-임대차계약서,워크아웃 임대차계약서,workout,,서류,필요서류 준비 및 작성,0,,773
워크아웃-임대차계약서-준비-방법,워크아웃 임대차계약서 준비 방법,workout,,서류,방법·절차 확인,0,,774
워크아웃-임대차계약서-제출-방법,워크아웃 임대차계약서 제출 방법,workout,,서류,방법·절차 확인,0,,775
워크아웃-임대차계약서-누락-시-대응,워크아웃 임대차계약서 누락 시 대응,workout,,서류,필요서류 준비 및 작성,0,,776
워크아웃-부동산-등기사항증명서,워크아웃 부동산 등기사항증명서,workout,,서류,필요서류 준비 및 작성,0,,777
워크아웃-부동산-등기사항증명서-준비-방법,워크아웃 부동산 등기사항증명서 준비 방법,workout,,서류,방법·절차 확인,0,,778
워크아웃-부동산-등기사항증명서-제출-방법,워크아웃 부동산 등기사항증명서 제출 방법,workout,,서류,방법·절차 확인,0,,779
워크아웃-부동산-등기사항증명서-누락-시-대응,워크아웃 부동산 등기사항증명서 누락 시 대응,workout,,서류,필요서류 준비 및 작성,0,,780
워크아웃-자동차등록원부,워크아웃 자동차등록원부,workout,,서류,필요서류 준비 및 작성,0,,781
워크아웃-자동차등록원부-준비-방법,워크아웃 자동차등록원부 준비 방법,workout,,서류,방법·절차 확인,0,,782
워크아웃-자동차등록원부-제출-방법,워크아웃 자동차등록원부 제출 방법,workout,,서류,방법·절차 확인,0,,783
워크아웃-자동차등록원부-누락-시-대응,워크아웃 자동차등록원부 누락 시 대응,workout,,서류,필요서류 준비 및 작성,0,,784
워크아웃-보험가입내역,워크아웃 보험가입내역,workout,,서류,필요서류 준비 및 작성,0,,785
워크아웃-보험가입내역-준비-방법,워크아웃 보험가입내역 준비 방법,workout,,서류,방법·절차 확인,0,,786
워크아웃-보험가입내역-제출-방법,워크아웃 보험가입내역 제출 방법,workout,,서류,방법·절차 확인,0,,787
워크아웃-보험가입내역-누락-시-대응,워크아웃 보험가입내역 누락 시 대응,workout,,서류,필요서류 준비 및 작성,0,,788
워크아웃-보험-해약환급금-증명서,워크아웃 보험 해약환급금 증명서,workout,,서류,필요서류 준비 및 작성,0,,789
워크아웃-보험-해약환급금-증명서-준비-방법,워크아웃 보험 해약환급금 증명서 준비 방법,workout,,서류,방법·절차 확인,0,,790
워크아웃-보험-해약환급금-증명서-제출-방법,워크아웃 보험 해약환급금 증명서 제출 방법,workout,,서류,방법·절차 확인,0,,791
워크아웃-보험-해약환급금-증명서-누락-시-대응,워크아웃 보험 해약환급금 증명서 누락 시 대응,workout,,서류,필요서류 준비 및 작성,0,,792
워크아웃-진술서,워크아웃 진술서,workout,,서류,필요서류 준비 및 작성,0,,793
워크아웃-진술서-준비-방법,워크아웃 진술서 준비 방법,workout,,서류,방법·절차 확인,0,,794
워크아웃-진술서-제출-방법,워크아웃 진술서 제출 방법,workout,,서류,방법·절차 확인,0,,795
워크아웃-진술서-누락-시-대응,워크아웃 진술서 누락 시 대응,workout,,서류,필요서류 준비 및 작성,0,,796
워크아웃-재산목록,워크아웃 재산목록,workout,,서류,필요서류 준비 및 작성,0,,797
워크아웃-재산목록-준비-방법,워크아웃 재산목록 준비 방법,workout,,서류,방법·절차 확인,0,,798
워크아웃-재산목록-제출-방법,워크아웃 재산목록 제출 방법,workout,,서류,방법·절차 확인,0,,799
워크아웃-재산목록-누락-시-대응,워크아웃 재산목록 누락 시 대응,workout,,서류,필요서류 준비 및 작성,0,,800
워크아웃-보정권고,워크아웃 보정권고,workout,,보정,보정 요구 대응,1,보정,801
워크아웃-보정권고-대응-방법,워크아웃 보정권고 대응 방법,workout,,보정,방법·절차 확인,1,보정,802
워크아웃-보정권고-제출서류,워크아웃 보정권고 제출서류,workout,,보정,서류·증빙 준비,1,보정,803
워크아웃-보정권고-사례,워크아웃 보정권고 사례,workout,,보정,사례·경험 탐색,1,보정,804
워크아웃-보정명령,워크아웃 보정명령,workout,,보정,보정 요구 대응,1,보정,805
워크아웃-보정명령-대응-방법,워크아웃 보정명령 대응 방법,workout,,보정,방법·절차 확인,1,보정,806
워크아웃-보정명령-제출서류,워크아웃 보정명령 제출서류,workout,,보정,서류·증빙 준비,1,보정,807
워크아웃-보정명령-사례,워크아웃 보정명령 사례,workout,,보정,사례·경험 탐색,1,보정,808
워크아웃-보정서-작성,워크아웃 보정서 작성,workout,,보정,보정 요구 대응,1,보정,809
워크아웃-보정서-작성-대응-방법,워크아웃 보정서 작성 대응 방법,workout,,보정,방법·절차 확인,1,보정,810
워크아웃-보정서-작성-제출서류,워크아웃 보정서 작성 제출서류,workout,,보정,서류·증빙 준비,1,보정,811
워크아웃-보정서-작성-사례,워크아웃 보정서 작성 사례,workout,,보정,사례·경험 탐색,1,보정,812
워크아웃-보정기한-연장,워크아웃 보정기한 연장,workout,,보정,보정 요구 대응,1,보정,813
워크아웃-보정기한-연장-대응-방법,워크아웃 보정기한 연장 대응 방법,workout,,보정,방법·절차 확인,1,보정,814
워크아웃-보정기한-연장-제출서류,워크아웃 보정기한 연장 제출서류,workout,,보정,서류·증빙 준비,1,보정,815
워크아웃-보정기한-연장-사례,워크아웃 보정기한 연장 사례,workout,,보정,사례·경험 탐색,1,보정,816
워크아웃-소득자료-보정,워크아웃 소득자료 보정,workout,,보정,보정 요구 대응,1,보정,817
워크아웃-소득자료-보정-대응-방법,워크아웃 소득자료 보정 대응 방법,workout,,보정,방법·절차 확인,1,보정,818
워크아웃-소득자료-보정-제출서류,워크아웃 소득자료 보정 제출서류,workout,,보정,서류·증빙 준비,1,보정,819
워크아웃-소득자료-보정-사례,워크아웃 소득자료 보정 사례,workout,,보정,사례·경험 탐색,1,보정,820
워크아웃-재산자료-보정,워크아웃 재산자료 보정,workout,,보정,보정 요구 대응,1,보정,821
워크아웃-재산자료-보정-대응-방법,워크아웃 재산자료 보정 대응 방법,workout,,보정,방법·절차 확인,1,보정,822
워크아웃-재산자료-보정-제출서류,워크아웃 재산자료 보정 제출서류,workout,,보정,서류·증빙 준비,1,보정,823
워크아웃-재산자료-보정-사례,워크아웃 재산자료 보정 사례,workout,,보정,사례·경험 탐색,1,보정,824
워크아웃-채무증대-경위-보정,워크아웃 채무증대 경위 보정,workout,,보정,보정 요구 대응,1,보정,825
워크아웃-채무증대-경위-보정-대응-방법,워크아웃 채무증대 경위 보정 대응 방법,workout,,보정,방법·절차 확인,1,보정,826
워크아웃-채무증대-경위-보정-제출서류,워크아웃 채무증대 경위 보정 제출서류,workout,,보정,서류·증빙 준비,1,보정,827
워크아웃-채무증대-경위-보정-사례,워크아웃 채무증대 경위 보정 사례,workout,,보정,사례·경험 탐색,1,보정,828
워크아웃-최근대출-사용처-보정,워크아웃 최근대출 사용처 보정,workout,,보정,보정 요구 대응,1,보정,829
워크아웃-최근대출-사용처-보정-대응-방법,워크아웃 최근대출 사용처 보정 대응 방법,workout,,보정,방법·절차 확인,1,보정,830
워크아웃-최근대출-사용처-보정-제출서류,워크아웃 최근대출 사용처 보정 제출서류,workout,,보정,서류·증빙 준비,1,보정,831
워크아웃-최근대출-사용처-보정-사례,워크아웃 최근대출 사용처 보정 사례,workout,,보정,사례·경험 탐색,1,보정,832
워크아웃-현금인출-내역-보정,워크아웃 현금인출 내역 보정,workout,,보정,보정 요구 대응,1,보정,833
워크아웃-현금인출-내역-보정-대응-방법,워크아웃 현금인출 내역 보정 대응 방법,workout,,보정,방법·절차 확인,1,보정,834
워크아웃-현금인출-내역-보정-제출서류,워크아웃 현금인출 내역 보정 제출서류,workout,,보정,서류·증빙 준비,1,보정,835
워크아웃-현금인출-내역-보정-사례,워크아웃 현금인출 내역 보정 사례,workout,,보정,사례·경험 탐색,1,보정,836
워크아웃-가족-간-거래-보정,워크아웃 가족 간 거래 보정,workout,,보정,보정 요구 대응,1,보정,837
워크아웃-가족-간-거래-보정-대응-방법,워크아웃 가족 간 거래 보정 대응 방법,workout,,보정,방법·절차 확인,1,보정,838
워크아웃-가족-간-거래-보정-제출서류,워크아웃 가족 간 거래 보정 제출서류,workout,,보정,서류·증빙 준비,1,보정,839
워크아웃-가족-간-거래-보정-사례,워크아웃 가족 간 거래 보정 사례,workout,,보정,사례·경험 탐색,1,보정,840
워크아웃-배우자-재산-보정,워크아웃 배우자 재산 보정,workout,,보정,보정 요구 대응,1,보정,841
워크아웃-배우자-재산-보정-대응-방법,워크아웃 배우자 재산 보정 대응 방법,workout,,보정,방법·절차 확인,1,보정,842
워크아웃-배우자-재산-보정-제출서류,워크아웃 배우자 재산 보정 제출서류,workout,,보정,서류·증빙 준비,1,보정,843
워크아웃-배우자-재산-보정-사례,워크아웃 배우자 재산 보정 사례,workout,,보정,사례·경험 탐색,1,보정,844
워크아웃-보험자료-보정,워크아웃 보험자료 보정,workout,,보정,보정 요구 대응,1,보정,845
워크아웃-보험자료-보정-대응-방법,워크아웃 보험자료 보정 대응 방법,workout,,보정,방법·절차 확인,1,보정,846
워크아웃-보험자료-보정-제출서류,워크아웃 보험자료 보정 제출서류,workout,,보정,서류·증빙 준비,1,보정,847
워크아웃-보험자료-보정-사례,워크아웃 보험자료 보정 사례,workout,,보정,사례·경험 탐색,1,보정,848
워크아웃-가상자산-거래-보정,워크아웃 가상자산 거래 보정,workout,,보정,보정 요구 대응,1,보정,849
워크아웃-가상자산-거래-보정-대응-방법,워크아웃 가상자산 거래 보정 대응 방법,workout,,보정,방법·절차 확인,1,보정,850
워크아웃-가상자산-거래-보정-제출서류,워크아웃 가상자산 거래 보정 제출서류,workout,,보정,서류·증빙 준비,1,보정,851
워크아웃-가상자산-거래-보정-사례,워크아웃 가상자산 거래 보정 사례,workout,,보정,사례·경험 탐색,1,보정,852
워크아웃-주식-거래-보정,워크아웃 주식 거래 보정,workout,,보정,보정 요구 대응,1,보정,853
워크아웃-주식-거래-보정-대응-방법,워크아웃 주식 거래 보정 대응 방법,workout,,보정,방법·절차 확인,1,보정,854
워크아웃-주식-거래-보정-제출서류,워크아웃 주식 거래 보정 제출서류,workout,,보정,서류·증빙 준비,1,보정,855
워크아웃-주식-거래-보정-사례,워크아웃 주식 거래 보정 사례,workout,,보정,사례·경험 탐색,1,보정,856
워크아웃-사업경비-보정,워크아웃 사업경비 보정,workout,,보정,보정 요구 대응,1,보정,857
워크아웃-사업경비-보정-대응-방법,워크아웃 사업경비 보정 대응 방법,workout,,보정,방법·절차 확인,1,보정,858
워크아웃-사업경비-보정-제출서류,워크아웃 사업경비 보정 제출서류,workout,,보정,서류·증빙 준비,1,보정,859
워크아웃-사업경비-보정-사례,워크아웃 사업경비 보정 사례,workout,,보정,사례·경험 탐색,1,보정,860
워크아웃-부양가족-보정,워크아웃 부양가족 보정,workout,,보정,보정 요구 대응,1,보정,861
워크아웃-부양가족-보정-대응-방법,워크아웃 부양가족 보정 대응 방법,workout,,보정,방법·절차 확인,1,보정,862
워크아웃-부양가족-보정-제출서류,워크아웃 부양가족 보정 제출서류,workout,,보정,서류·증빙 준비,1,보정,863
워크아웃-부양가족-보정-사례,워크아웃 부양가족 보정 사례,workout,,보정,사례·경험 탐색,1,보정,864
워크아웃-주거비-보정,워크아웃 주거비 보정,workout,,보정,보정 요구 대응,1,보정,865
워크아웃-주거비-보정-대응-방법,워크아웃 주거비 보정 대응 방법,workout,,보정,방법·절차 확인,1,보정,866
워크아웃-주거비-보정-제출서류,워크아웃 주거비 보정 제출서류,workout,,보정,서류·증빙 준비,1,보정,867
워크아웃-주거비-보정-사례,워크아웃 주거비 보정 사례,workout,,보정,사례·경험 탐색,1,보정,868
워크아웃-채권자목록-보정,워크아웃 채권자목록 보정,workout,,보정,보정 요구 대응,1,보정,869
워크아웃-채권자목록-보정-대응-방법,워크아웃 채권자목록 보정 대응 방법,workout,,보정,방법·절차 확인,1,보정,870
워크아웃-채권자목록-보정-제출서류,워크아웃 채권자목록 보정 제출서류,workout,,보정,서류·증빙 준비,1,보정,871
워크아웃-채권자목록-보정-사례,워크아웃 채권자목록 보정 사례,workout,,보정,사례·경험 탐색,1,보정,872
워크아웃-변제계획안-보정,워크아웃 변제계획안 보정,workout,,보정,보정 요구 대응,1,변제계획;보정,873
워크아웃-변제계획안-보정-대응-방법,워크아웃 변제계획안 보정 대응 방법,workout,,보정,방법·절차 확인,1,변제계획;보정,874
워크아웃-변제계획안-보정-제출서류,워크아웃 변제계획안 보정 제출서류,workout,,보정,서류·증빙 준비,1,변제계획;보정,875
워크아웃-변제계획안-보정-사례,워크아웃 변제계획안 보정 사례,workout,,보정,사례·경험 탐색,1,변제계획;보정,876
워크아웃-추가-보정,워크아웃 추가 보정,workout,,보정,보정 요구 대응,1,보정,877
워크아웃-추가-보정-대응-방법,워크아웃 추가 보정 대응 방법,workout,,보정,방법·절차 확인,1,보정,878
워크아웃-추가-보정-제출서류,워크아웃 추가 보정 제출서류,workout,,보정,서류·증빙 준비,1,보정,879
워크아웃-추가-보정-사례,워크아웃 추가 보정 사례,workout,,보정,사례·경험 탐색,1,보정,880
워크아웃-금지명령-신청,워크아웃 금지명령 신청,workout,,금지명령,명령 신청 및 효력 확인,1,금지명령,881
워크아웃-금지명령-신청-확인사항,워크아웃 금지명령 신청 확인사항,workout,,금지명령,명령 신청 및 효력 확인,1,금지명령,882
워크아웃-금지명령-신청-대응-상담,워크아웃 금지명령 신청 대응 상담,workout,,금지명령,상담·서비스 탐색,1,금지명령,883
워크아웃-금지명령-신청-사례,워크아웃 금지명령 신청 사례,workout,,금지명령,사례·경험 탐색,1,금지명령,884
워크아웃-중지명령-신청,워크아웃 중지명령 신청,workout,,금지명령,명령 신청 및 효력 확인,1,중지명령,885
워크아웃-중지명령-신청-확인사항,워크아웃 중지명령 신청 확인사항,workout,,금지명령,명령 신청 및 효력 확인,1,중지명령,886
워크아웃-중지명령-신청-대응-상담,워크아웃 중지명령 신청 대응 상담,workout,,금지명령,상담·서비스 탐색,1,중지명령,887
워크아웃-중지명령-신청-사례,워크아웃 중지명령 신청 사례,workout,,금지명령,사례·경험 탐색,1,중지명령,888
워크아웃-금지명령-기각,워크아웃 금지명령 기각,workout,,금지명령,명령 신청 및 효력 확인,1,금지명령;기각,889
워크아웃-금지명령-기각-확인사항,워크아웃 금지명령 기각 확인사항,workout,,금지명령,명령 신청 및 효력 확인,1,금지명령;기각,890
워크아웃-금지명령-기각-대응-상담,워크아웃 금지명령 기각 대응 상담,workout,,금지명령,상담·서비스 탐색,1,금지명령;기각,891
워크아웃-금지명령-기각-사례,워크아웃 금지명령 기각 사례,workout,,금지명령,사례·경험 탐색,1,금지명령;기각,892
워크아웃-금지명령-지연,워크아웃 금지명령 지연,workout,,금지명령,명령 신청 및 효력 확인,1,금지명령,893
워크아웃-금지명령-지연-확인사항,워크아웃 금지명령 지연 확인사항,workout,,금지명령,명령 신청 및 효력 확인,1,금지명령,894
워크아웃-금지명령-지연-대응-상담,워크아웃 금지명령 지연 대응 상담,workout,,금지명령,상담·서비스 탐색,1,금지명령,895
워크아웃-금지명령-지연-사례,워크아웃 금지명령 지연 사례,workout,,금지명령,사례·경험 탐색,1,금지명령,896
워크아웃-금지명령-송달,워크아웃 금지명령 송달,workout,,금지명령,명령 신청 및 효력 확인,1,금지명령,897
워크아웃-금지명령-송달-확인사항,워크아웃 금지명령 송달 확인사항,workout,,금지명령,명령 신청 및 효력 확인,1,금지명령,898
워크아웃-금지명령-송달-대응-상담,워크아웃 금지명령 송달 대응 상담,workout,,금지명령,상담·서비스 탐색,1,금지명령,899
워크아웃-금지명령-송달-사례,워크아웃 금지명령 송달 사례,workout,,금지명령,사례·경험 탐색,1,금지명령,900
워크아웃-금지명령-재신청,워크아웃 금지명령 재신청,workout,,금지명령,명령 신청 및 효력 확인,1,금지명령;재신청,901
워크아웃-금지명령-재신청-확인사항,워크아웃 금지명령 재신청 확인사항,workout,,금지명령,명령 신청 및 효력 확인,1,금지명령;재신청,902
워크아웃-금지명령-재신청-대응-상담,워크아웃 금지명령 재신청 대응 상담,workout,,금지명령,상담·서비스 탐색,1,금지명령;재신청,903
워크아웃-금지명령-재신청-사례,워크아웃 금지명령 재신청 사례,workout,,금지명령,사례·경험 탐색,1,금지명령;재신청,904
워크아웃-금지명령-효력,워크아웃 금지명령 효력,workout,,금지명령,명령 신청 및 효력 확인,1,금지명령,905
워크아웃-금지명령-효력-확인사항,워크아웃 금지명령 효력 확인사항,workout,,금지명령,명령 신청 및 효력 확인,1,금지명령,906
워크아웃-금지명령-효력-대응-상담,워크아웃 금지명령 효력 대응 상담,workout,,금지명령,상담·서비스 탐색,1,금지명령,907
워크아웃-금지명령-효력-사례,워크아웃 금지명령 효력 사례,workout,,금지명령,사례·경험 탐색,1,금지명령,908
워크아웃-중지명령-효력,워크아웃 중지명령 효력,workout,,금지명령,명령 신청 및 효력 확인,1,중지명령,909
워크아웃-중지명령-효력-확인사항,워크아웃 중지명령 효력 확인사항,workout,,금지명령,명령 신청 및 효력 확인,1,중지명령,910
워크아웃-중지명령-효력-대응-상담,워크아웃 중지명령 효력 대응 상담,workout,,금지명령,상담·서비스 탐색,1,중지명령,911
워크아웃-중지명령-효력-사례,워크아웃 중지명령 효력 사례,workout,,금지명령,사례·경험 탐색,1,중지명령,912
워크아웃-금지명령-후-독촉,워크아웃 금지명령 후 독촉,workout,,금지명령,명령 신청 및 효력 확인,1,금지명령,913
워크아웃-금지명령-후-독촉-확인사항,워크아웃 금지명령 후 독촉 확인사항,workout,,금지명령,명령 신청 및 효력 확인,1,금지명령,914
워크아웃-금지명령-후-독촉-대응-상담,워크아웃 금지명령 후 독촉 대응 상담,workout,,금지명령,상담·서비스 탐색,1,금지명령,915
워크아웃-금지명령-후-독촉-사례,워크아웃 금지명령 후 독촉 사례,workout,,금지명령,사례·경험 탐색,1,금지명령,916
워크아웃-금지명령-후-압류,워크아웃 금지명령 후 압류,workout,,금지명령,명령 신청 및 효력 확인,1,금지명령,917
워크아웃-금지명령-후-압류-확인사항,워크아웃 금지명령 후 압류 확인사항,workout,,금지명령,명령 신청 및 효력 확인,1,금지명령,918
워크아웃-금지명령-후-압류-대응-상담,워크아웃 금지명령 후 압류 대응 상담,workout,,금지명령,상담·서비스 탐색,1,금지명령,919
워크아웃-금지명령-후-압류-사례,워크아웃 금지명령 후 압류 사례,workout,,금지명령,사례·경험 탐색,1,금지명령,920
워크아웃-금지명령-전-추심,워크아웃 금지명령 전 추심,workout,,금지명령,명령 신청 및 효력 확인,1,금지명령,921
워크아웃-금지명령-전-추심-확인사항,워크아웃 금지명령 전 추심 확인사항,workout,,금지명령,명령 신청 및 효력 확인,1,금지명령,922
워크아웃-금지명령-전-추심-대응-상담,워크아웃 금지명령 전 추심 대응 상담,workout,,금지명령,상담·서비스 탐색,1,금지명령,923
워크아웃-금지명령-전-추심-사례,워크아웃 금지명령 전 추심 사례,workout,,금지명령,사례·경험 탐색,1,금지명령,924
워크아웃-금지명령-누락-채권,워크아웃 금지명령 누락 채권,workout,,금지명령,명령 신청 및 효력 확인,1,금지명령,925
워크아웃-금지명령-누락-채권-확인사항,워크아웃 금지명령 누락 채권 확인사항,workout,,금지명령,명령 신청 및 효력 확인,1,금지명령,926
워크아웃-금지명령-누락-채권-대응-상담,워크아웃 금지명령 누락 채권 대응 상담,workout,,금지명령,상담·서비스 탐색,1,금지명령,927
워크아웃-금지명령-누락-채권-사례,워크아웃 금지명령 누락 채권 사례,workout,,금지명령,사례·경험 탐색,1,금지명령,928
워크아웃-금지명령-채권자-추가,워크아웃 금지명령 채권자 추가,workout,,금지명령,명령 신청 및 효력 확인,1,금지명령,929
워크아웃-금지명령-채권자-추가-확인사항,워크아웃 금지명령 채권자 추가 확인사항,workout,,금지명령,명령 신청 및 효력 확인,1,금지명령,930
워크아웃-금지명령-채권자-추가-대응-상담,워크아웃 금지명령 채권자 추가 대응 상담,workout,,금지명령,상담·서비스 탐색,1,금지명령,931
워크아웃-금지명령-채권자-추가-사례,워크아웃 금지명령 채권자 추가 사례,workout,,금지명령,사례·경험 탐색,1,금지명령,932
워크아웃-금지명령-금융회사-통지,워크아웃 금지명령 금융회사 통지,workout,,금지명령,명령 신청 및 효력 확인,1,금지명령,933
워크아웃-금지명령-금융회사-통지-확인사항,워크아웃 금지명령 금융회사 통지 확인사항,workout,,금지명령,명령 신청 및 효력 확인,1,금지명령,934
워크아웃-금지명령-금융회사-통지-대응-상담,워크아웃 금지명령 금융회사 통지 대응 상담,workout,,금지명령,상담·서비스 탐색,1,금지명령,935
워크아웃-금지명령-금융회사-통지-사례,워크아웃 금지명령 금융회사 통지 사례,workout,,금지명령,사례·경험 탐색,1,금지명령,936
워크아웃-중지명령-급여압류,워크아웃 중지명령 급여압류,workout,,금지명령,명령 신청 및 효력 확인,1,중지명령,937
워크아웃-중지명령-급여압류-확인사항,워크아웃 중지명령 급여압류 확인사항,workout,,금지명령,명령 신청 및 효력 확인,1,중지명령,938
워크아웃-중지명령-급여압류-대응-상담,워크아웃 중지명령 급여압류 대응 상담,workout,,금지명령,상담·서비스 탐색,1,중지명령,939
워크아웃-중지명령-급여압류-사례,워크아웃 중지명령 급여압류 사례,workout,,금지명령,사례·경험 탐색,1,중지명령,940
워크아웃-중지명령-통장압류,워크아웃 중지명령 통장압류,workout,,금지명령,명령 신청 및 효력 확인,1,중지명령,941
워크아웃-중지명령-통장압류-확인사항,워크아웃 중지명령 통장압류 확인사항,workout,,금지명령,명령 신청 및 효력 확인,1,중지명령,942
워크아웃-중지명령-통장압류-대응-상담,워크아웃 중지명령 통장압류 대응 상담,workout,,금지명령,상담·서비스 탐색,1,중지명령,943
워크아웃-중지명령-통장압류-사례,워크아웃 중지명령 통장압류 사례,workout,,금지명령,사례·경험 탐색,1,중지명령,944
워크아웃-중지명령-경매,워크아웃 중지명령 경매,workout,,금지명령,명령 신청 및 효력 확인,1,중지명령,945
워크아웃-중지명령-경매-확인사항,워크아웃 중지명령 경매 확인사항,workout,,금지명령,명령 신청 및 효력 확인,1,중지명령,946
워크아웃-중지명령-경매-대응-상담,워크아웃 중지명령 경매 대응 상담,workout,,금지명령,상담·서비스 탐색,1,중지명령,947
워크아웃-중지명령-경매-사례,워크아웃 중지명령 경매 사례,workout,,금지명령,사례·경험 탐색,1,중지명령,948
워크아웃-중지명령-집행사건,워크아웃 중지명령 집행사건,workout,,금지명령,명령 신청 및 효력 확인,1,중지명령,949
워크아웃-중지명령-집행사건-확인사항,워크아웃 중지명령 집행사건 확인사항,workout,,금지명령,명령 신청 및 효력 확인,1,중지명령,950
워크아웃-중지명령-집행사건-대응-상담,워크아웃 중지명령 집행사건 대응 상담,workout,,금지명령,상담·서비스 탐색,1,중지명령,951
워크아웃-중지명령-집행사건-사례,워크아웃 중지명령 집행사건 사례,workout,,금지명령,사례·경험 탐색,1,중지명령,952
워크아웃-재신청-금지명령,워크아웃 재신청 금지명령,workout,,금지명령,명령 신청 및 효력 확인,1,금지명령;재신청,953
워크아웃-재신청-금지명령-확인사항,워크아웃 재신청 금지명령 확인사항,workout,,금지명령,명령 신청 및 효력 확인,1,금지명령;재신청,954
워크아웃-재신청-금지명령-대응-상담,워크아웃 재신청 금지명령 대응 상담,workout,,금지명령,상담·서비스 탐색,1,금지명령;재신청,955
워크아웃-재신청-금지명령-사례,워크아웃 재신청 금지명령 사례,workout,,금지명령,사례·경험 탐색,1,금지명령;재신청,956
워크아웃-금지명령-위반,워크아웃 금지명령 위반,workout,,금지명령,명령 신청 및 효력 확인,1,금지명령,957
워크아웃-금지명령-위반-확인사항,워크아웃 금지명령 위반 확인사항,workout,,금지명령,명령 신청 및 효력 확인,1,금지명령,958
워크아웃-금지명령-위반-대응-상담,워크아웃 금지명령 위반 대응 상담,workout,,금지명령,상담·서비스 탐색,1,금지명령,959
워크아웃-금지명령-위반-사례,워크아웃 금지명령 위반 사례,workout,,금지명령,사례·경험 탐색,1,금지명령,960
워크아웃-통장압류,워크아웃 통장압류,workout,,압류,압류 대응 및 해제,0,,961
워크아웃-통장압류-대응-방법,워크아웃 통장압류 대응 방법,workout,,압류,방법·절차 확인,0,,962
워크아웃-통장압류-필요서류,워크아웃 통장압류 필요서류,workout,,압류,서류·증빙 준비,0,,963
워크아웃-통장압류-상담,워크아웃 통장압류 상담,workout,,압류,상담·서비스 탐색,0,,964
워크아웃-급여압류,워크아웃 급여압류,workout,,압류,압류 대응 및 해제,0,,965
워크아웃-급여압류-대응-방법,워크아웃 급여압류 대응 방법,workout,,압류,방법·절차 확인,0,,966
워크아웃-급여압류-필요서류,워크아웃 급여압류 필요서류,workout,,압류,서류·증빙 준비,0,,967
워크아웃-급여압류-상담,워크아웃 급여압류 상담,workout,,압류,상담·서비스 탐색,0,,968
워크아웃-퇴직금-압류,워크아웃 퇴직금 압류,workout,,압류,압류 대응 및 해제,0,,969
워크아웃-퇴직금-압류-대응-방법,워크아웃 퇴직금 압류 대응 방법,workout,,압류,방법·절차 확인,0,,970
워크아웃-퇴직금-압류-필요서류,워크아웃 퇴직금 압류 필요서류,workout,,압류,서류·증빙 준비,0,,971
워크아웃-퇴직금-압류-상담,워크아웃 퇴직금 압류 상담,workout,,압류,상담·서비스 탐색,0,,972
워크아웃-보증금-압류,워크아웃 보증금 압류,workout,,압류,압류 대응 및 해제,0,,973
워크아웃-보증금-압류-대응-방법,워크아웃 보증금 압류 대응 방법,workout,,압류,방법·절차 확인,0,,974
워크아웃-보증금-압류-필요서류,워크아웃 보증금 압류 필요서류,workout,,압류,서류·증빙 준비,0,,975
워크아웃-보증금-압류-상담,워크아웃 보증금 압류 상담,workout,,압류,상담·서비스 탐색,0,,976
워크아웃-자동차-압류,워크아웃 자동차 압류,workout,,압류,압류 대응 및 해제,0,,977
워크아웃-자동차-압류-대응-방법,워크아웃 자동차 압류 대응 방법,workout,,압류,방법·절차 확인,0,,978
워크아웃-자동차-압류-필요서류,워크아웃 자동차 압류 필요서류,workout,,압류,서류·증빙 준비,0,,979
워크아웃-자동차-압류-상담,워크아웃 자동차 압류 상담,workout,,압류,상담·서비스 탐색,0,,980
워크아웃-부동산-압류,워크아웃 부동산 압류,workout,,압류,압류 대응 및 해제,0,,981
워크아웃-부동산-압류-대응-방법,워크아웃 부동산 압류 대응 방법,workout,,압류,방법·절차 확인,0,,982
워크아웃-부동산-압류-필요서류,워크아웃 부동산 압류 필요서류,workout,,압류,서류·증빙 준비,0,,983
워크아웃-부동산-압류-상담,워크아웃 부동산 압류 상담,workout,,압류,상담·서비스 탐색,0,,984
워크아웃-유체동산-압류,워크아웃 유체동산 압류,workout,,압류,압류 대응 및 해제,0,,985
워크아웃-유체동산-압류-대응-방법,워크아웃 유체동산 압류 대응 방법,workout,,압류,방법·절차 확인,0,,986
워크아웃-유체동산-압류-필요서류,워크아웃 유체동산 압류 필요서류,workout,,압류,서류·증빙 준비,0,,987
워크아웃-유체동산-압류-상담,워크아웃 유체동산 압류 상담,workout,,압류,상담·서비스 탐색,0,,988
워크아웃-매출채권-압류,워크아웃 매출채권 압류,workout,,압류,압류 대응 및 해제,0,,989
워크아웃-매출채권-압류-대응-방법,워크아웃 매출채권 압류 대응 방법,workout,,압류,방법·절차 확인,0,,990
워크아웃-매출채권-압류-필요서류,워크아웃 매출채권 압류 필요서류,workout,,압류,서류·증빙 준비,0,,991
워크아웃-매출채권-압류-상담,워크아웃 매출채권 압류 상담,workout,,압류,상담·서비스 탐색,0,,992
워크아웃-카드매출-압류,워크아웃 카드매출 압류,workout,,압류,압류 대응 및 해제,0,,993
워크아웃-카드매출-압류-대응-방법,워크아웃 카드매출 압류 대응 방법,workout,,압류,방법·절차 확인,0,,994
워크아웃-카드매출-압류-필요서류,워크아웃 카드매출 압류 필요서류,workout,,압류,서류·증빙 준비,0,,995
워크아웃-카드매출-압류-상담,워크아웃 카드매출 압류 상담,workout,,압류,상담·서비스 탐색,0,,996
워크아웃-예금-가압류,워크아웃 예금 가압류,workout,,압류,압류 대응 및 해제,0,,997
워크아웃-예금-가압류-대응-방법,워크아웃 예금 가압류 대응 방법,workout,,압류,방법·절차 확인,0,,998
워크아웃-예금-가압류-필요서류,워크아웃 예금 가압류 필요서류,workout,,압류,서류·증빙 준비,0,,999
워크아웃-예금-가압류-상담,워크아웃 예금 가압류 상담,workout,,압류,상담·서비스 탐색,0,,1000
워크아웃-급여-가압류,워크아웃 급여 가압류,workout,,압류,압류 대응 및 해제,0,,1001
워크아웃-급여-가압류-대응-방법,워크아웃 급여 가압류 대응 방법,workout,,압류,방법·절차 확인,0,,1002
워크아웃-급여-가압류-필요서류,워크아웃 급여 가압류 필요서류,workout,,압류,서류·증빙 준비,0,,1003
워크아웃-급여-가압류-상담,워크아웃 급여 가압류 상담,workout,,압류,상담·서비스 탐색,0,,1004
워크아웃-압류금지채권,워크아웃 압류금지채권,workout,,압류,압류 대응 및 해제,0,,1005
워크아웃-압류금지채권-대응-방법,워크아웃 압류금지채권 대응 방법,workout,,압류,방법·절차 확인,0,,1006
워크아웃-압류금지채권-필요서류,워크아웃 압류금지채권 필요서류,workout,,압류,서류·증빙 준비,0,,1007
워크아웃-압류금지채권-상담,워크아웃 압류금지채권 상담,workout,,압류,상담·서비스 탐색,0,,1008
워크아웃-생계비-계좌-압류,워크아웃 생계비 계좌 압류,workout,,압류,압류 대응 및 해제,0,,1009
워크아웃-생계비-계좌-압류-대응-방법,워크아웃 생계비 계좌 압류 대응 방법,workout,,압류,방법·절차 확인,0,,1010
워크아웃-생계비-계좌-압류-필요서류,워크아웃 생계비 계좌 압류 필요서류,workout,,압류,서류·증빙 준비,0,,1011
워크아웃-생계비-계좌-압류-상담,워크아웃 생계비 계좌 압류 상담,workout,,압류,상담·서비스 탐색,0,,1012
워크아웃-공동명의-재산-압류,워크아웃 공동명의 재산 압류,workout,,압류,압류 대응 및 해제,0,,1013
워크아웃-공동명의-재산-압류-대응-방법,워크아웃 공동명의 재산 압류 대응 방법,workout,,압류,방법·절차 확인,0,,1014
워크아웃-공동명의-재산-압류-필요서류,워크아웃 공동명의 재산 압류 필요서류,workout,,압류,서류·증빙 준비,0,,1015
워크아웃-공동명의-재산-압류-상담,워크아웃 공동명의 재산 압류 상담,workout,,압류,상담·서비스 탐색,0,,1016
워크아웃-압류계좌-잔액,워크아웃 압류계좌 잔액,workout,,압류,압류 대응 및 해제,0,,1017
워크아웃-압류계좌-잔액-대응-방법,워크아웃 압류계좌 잔액 대응 방법,workout,,압류,방법·절차 확인,0,,1018
워크아웃-압류계좌-잔액-필요서류,워크아웃 압류계좌 잔액 필요서류,workout,,압류,서류·증빙 준비,0,,1019
워크아웃-압류계좌-잔액-상담,워크아웃 압류계좌 잔액 상담,workout,,압류,상담·서비스 탐색,0,,1020
워크아웃-추심명령,워크아웃 추심명령,workout,,압류,압류 대응 및 해제,0,,1021
워크아웃-추심명령-대응-방법,워크아웃 추심명령 대응 방법,workout,,압류,방법·절차 확인,0,,1022
워크아웃-추심명령-필요서류,워크아웃 추심명령 필요서류,workout,,압류,서류·증빙 준비,0,,1023
워크아웃-추심명령-상담,워크아웃 추심명령 상담,workout,,압류,상담·서비스 탐색,0,,1024
워크아웃-전부명령,워크아웃 전부명령,workout,,압류,압류 대응 및 해제,0,,1025
워크아웃-전부명령-대응-방법,워크아웃 전부명령 대응 방법,workout,,압류,방법·절차 확인,0,,1026
워크아웃-전부명령-필요서류,워크아웃 전부명령 필요서류,workout,,압류,서류·증빙 준비,0,,1027
워크아웃-전부명령-상담,워크아웃 전부명령 상담,workout,,압류,상담·서비스 탐색,0,,1028
워크아웃-강제경매,워크아웃 강제경매,workout,,압류,압류 대응 및 해제,0,,1029
워크아웃-강제경매-대응-방법,워크아웃 강제경매 대응 방법,workout,,압류,방법·절차 확인,0,,1030
워크아웃-강제경매-필요서류,워크아웃 강제경매 필요서류,workout,,압류,서류·증빙 준비,0,,1031
워크아웃-강제경매-상담,워크아웃 강제경매 상담,workout,,압류,상담·서비스 탐색,0,,1032
워크아웃-압류해제-신청,워크아웃 압류해제 신청,workout,,압류,압류 대응 및 해제,0,,1033
워크아웃-압류해제-신청-대응-방법,워크아웃 압류해제 신청 대응 방법,workout,,압류,방법·절차 확인,0,,1034
워크아웃-압류해제-신청-필요서류,워크아웃 압류해제 신청 필요서류,workout,,압류,서류·증빙 준비,0,,1035
워크아웃-압류해제-신청-상담,워크아웃 압류해제 신청 상담,workout,,압류,상담·서비스 탐색,0,,1036
워크아웃-압류금지채권-범위변경,워크아웃 압류금지채권 범위변경,workout,,압류,압류 대응 및 해제,0,,1037
워크아웃-압류금지채권-범위변경-대응-방법,워크아웃 압류금지채권 범위변경 대응 방법,workout,,압류,방법·절차 확인,0,,1038
워크아웃-압류금지채권-범위변경-필요서류,워크아웃 압류금지채권 범위변경 필요서류,workout,,압류,서류·증빙 준비,0,,1039
워크아웃-압류금지채권-범위변경-상담,워크아웃 압류금지채권 범위변경 상담,workout,,압류,상담·서비스 탐색,0,,1040
워크아웃-전화-독촉,워크아웃 전화 독촉,workout,,추심,독촉 및 추심 대응,0,,1041
워크아웃-전화-독촉-대응-방법,워크아웃 전화 독촉 대응 방법,workout,,추심,방법·절차 확인,0,,1042
워크아웃-전화-독촉-증거-확보,워크아웃 전화 독촉 증거 확보,workout,,추심,독촉 및 추심 대응,0,,1043
워크아웃-전화-독촉-상담,워크아웃 전화 독촉 상담,workout,,추심,상담·서비스 탐색,0,,1044
워크아웃-문자-독촉,워크아웃 문자 독촉,workout,,추심,독촉 및 추심 대응,0,,1045
워크아웃-문자-독촉-대응-방법,워크아웃 문자 독촉 대응 방법,workout,,추심,방법·절차 확인,0,,1046
워크아웃-문자-독촉-증거-확보,워크아웃 문자 독촉 증거 확보,workout,,추심,독촉 및 추심 대응,0,,1047
워크아웃-문자-독촉-상담,워크아웃 문자 독촉 상담,workout,,추심,상담·서비스 탐색,0,,1048
워크아웃-방문-추심,워크아웃 방문 추심,workout,,추심,독촉 및 추심 대응,0,,1049
워크아웃-방문-추심-대응-방법,워크아웃 방문 추심 대응 방법,workout,,추심,방법·절차 확인,0,,1050
워크아웃-방문-추심-증거-확보,워크아웃 방문 추심 증거 확보,workout,,추심,독촉 및 추심 대응,0,,1051
워크아웃-방문-추심-상담,워크아웃 방문 추심 상담,workout,,추심,상담·서비스 탐색,0,,1052
워크아웃-직장-방문-추심,워크아웃 직장 방문 추심,workout,,추심,독촉 및 추심 대응,0,,1053
워크아웃-직장-방문-추심-대응-방법,워크아웃 직장 방문 추심 대응 방법,workout,,추심,방법·절차 확인,0,,1054
워크아웃-직장-방문-추심-증거-확보,워크아웃 직장 방문 추심 증거 확보,workout,,추심,독촉 및 추심 대응,0,,1055
워크아웃-직장-방문-추심-상담,워크아웃 직장 방문 추심 상담,workout,,추심,상담·서비스 탐색,0,,1056
워크아웃-가족-연락-추심,워크아웃 가족 연락 추심,workout,,추심,독촉 및 추심 대응,0,,1057
워크아웃-가족-연락-추심-대응-방법,워크아웃 가족 연락 추심 대응 방법,workout,,추심,방법·절차 확인,0,,1058
워크아웃-가족-연락-추심-증거-확보,워크아웃 가족 연락 추심 증거 확보,workout,,추심,독촉 및 추심 대응,0,,1059
워크아웃-가족-연락-추심-상담,워크아웃 가족 연락 추심 상담,workout,,추심,상담·서비스 탐색,0,,1060
워크아웃-야간-추심,워크아웃 야간 추심,workout,,추심,독촉 및 추심 대응,0,,1061
워크아웃-야간-추심-대응-방법,워크아웃 야간 추심 대응 방법,workout,,추심,방법·절차 확인,0,,1062
워크아웃-야간-추심-증거-확보,워크아웃 야간 추심 증거 확보,workout,,추심,독촉 및 추심 대응,0,,1063
워크아웃-야간-추심-상담,워크아웃 야간 추심 상담,workout,,추심,상담·서비스 탐색,0,,1064
워크아웃-반복-추심,워크아웃 반복 추심,workout,,추심,독촉 및 추심 대응,0,,1065
워크아웃-반복-추심-대응-방법,워크아웃 반복 추심 대응 방법,workout,,추심,방법·절차 확인,0,,1066
워크아웃-반복-추심-증거-확보,워크아웃 반복 추심 증거 확보,workout,,추심,독촉 및 추심 대응,0,,1067
워크아웃-반복-추심-상담,워크아웃 반복 추심 상담,workout,,추심,상담·서비스 탐색,0,,1068
워크아웃-불법추심,워크아웃 불법추심,workout,,추심,독촉 및 추심 대응,0,,1069
워크아웃-불법추심-대응-방법,워크아웃 불법추심 대응 방법,workout,,추심,방법·절차 확인,0,,1070
워크아웃-불법추심-증거-확보,워크아웃 불법추심 증거 확보,workout,,추심,독촉 및 추심 대응,0,,1071
워크아웃-불법추심-상담,워크아웃 불법추심 상담,workout,,추심,상담·서비스 탐색,0,,1072
워크아웃-채권추심-우편,워크아웃 채권추심 우편,workout,,추심,독촉 및 추심 대응,0,,1073
워크아웃-채권추심-우편-대응-방법,워크아웃 채권추심 우편 대응 방법,workout,,추심,방법·절차 확인,0,,1074
워크아웃-채권추심-우편-증거-확보,워크아웃 채권추심 우편 증거 확보,workout,,추심,독촉 및 추심 대응,0,,1075
워크아웃-채권추심-우편-상담,워크아웃 채권추심 우편 상담,workout,,추심,상담·서비스 탐색,0,,1076
워크아웃-내용증명,워크아웃 내용증명,workout,,추심,독촉 및 추심 대응,0,,1077
워크아웃-내용증명-대응-방법,워크아웃 내용증명 대응 방법,workout,,추심,방법·절차 확인,0,,1078
워크아웃-내용증명-증거-확보,워크아웃 내용증명 증거 확보,workout,,추심,독촉 및 추심 대응,0,,1079
워크아웃-내용증명-상담,워크아웃 내용증명 상담,workout,,추심,상담·서비스 탐색,0,,1080
워크아웃-지급명령,워크아웃 지급명령,workout,,추심,독촉 및 추심 대응,0,,1081
워크아웃-지급명령-대응-방법,워크아웃 지급명령 대응 방법,workout,,추심,방법·절차 확인,0,,1082
워크아웃-지급명령-증거-확보,워크아웃 지급명령 증거 확보,workout,,추심,독촉 및 추심 대응,0,,1083
워크아웃-지급명령-상담,워크아웃 지급명령 상담,workout,,추심,상담·서비스 탐색,0,,1084
워크아웃-대여금-소송,워크아웃 대여금 소송,workout,,추심,독촉 및 추심 대응,0,,1085
워크아웃-대여금-소송-대응-방법,워크아웃 대여금 소송 대응 방법,workout,,추심,방법·절차 확인,0,,1086
워크아웃-대여금-소송-증거-확보,워크아웃 대여금 소송 증거 확보,workout,,추심,독촉 및 추심 대응,0,,1087
워크아웃-대여금-소송-상담,워크아웃 대여금 소송 상담,workout,,추심,상담·서비스 탐색,0,,1088
워크아웃-카드대금-소송,워크아웃 카드대금 소송,workout,,추심,독촉 및 추심 대응,0,,1089
워크아웃-카드대금-소송-대응-방법,워크아웃 카드대금 소송 대응 방법,workout,,추심,방법·절차 확인,0,,1090
워크아웃-카드대금-소송-증거-확보,워크아웃 카드대금 소송 증거 확보,workout,,추심,독촉 및 추심 대응,0,,1091
워크아웃-카드대금-소송-상담,워크아웃 카드대금 소송 상담,workout,,추심,상담·서비스 탐색,0,,1092
워크아웃-대부업체-추심,워크아웃 대부업체 추심,workout,,추심,독촉 및 추심 대응,0,,1093
워크아웃-대부업체-추심-대응-방법,워크아웃 대부업체 추심 대응 방법,workout,,추심,방법·절차 확인,0,,1094
워크아웃-대부업체-추심-증거-확보,워크아웃 대부업체 추심 증거 확보,workout,,추심,독촉 및 추심 대응,0,,1095
워크아웃-대부업체-추심-상담,워크아웃 대부업체 추심 상담,workout,,추심,상담·서비스 탐색,0,,1096
워크아웃-추심업체-연락,워크아웃 추심업체 연락,workout,,추심,독촉 및 추심 대응,0,,1097
워크아웃-추심업체-연락-대응-방법,워크아웃 추심업체 연락 대응 방법,workout,,추심,방법·절차 확인,0,,1098
워크아웃-추심업체-연락-증거-확보,워크아웃 추심업체 연락 증거 확보,workout,,추심,독촉 및 추심 대응,0,,1099
워크아웃-추심업체-연락-상담,워크아웃 추심업체 연락 상담,workout,,추심,상담·서비스 탐색,0,,1100
워크아웃-채권양도-통지,워크아웃 채권양도 통지,workout,,추심,독촉 및 추심 대응,0,,1101
워크아웃-채권양도-통지-대응-방법,워크아웃 채권양도 통지 대응 방법,workout,,추심,방법·절차 확인,0,,1102
워크아웃-채권양도-통지-증거-확보,워크아웃 채권양도 통지 증거 확보,workout,,추심,독촉 및 추심 대응,0,,1103
워크아웃-채권양도-통지-상담,워크아웃 채권양도 통지 상담,workout,,추심,상담·서비스 탐색,0,,1104
워크아웃-보증인-추심,워크아웃 보증인 추심,workout,,추심,독촉 및 추심 대응,0,,1105
워크아웃-보증인-추심-대응-방법,워크아웃 보증인 추심 대응 방법,workout,,추심,방법·절차 확인,0,,1106
워크아웃-보증인-추심-증거-확보,워크아웃 보증인 추심 증거 확보,workout,,추심,독촉 및 추심 대응,0,,1107
워크아웃-보증인-추심-상담,워크아웃 보증인 추심 상담,workout,,추심,상담·서비스 탐색,0,,1108
워크아웃-인가-후-추심,워크아웃 인가 후 추심,workout,,추심,독촉 및 추심 대응,1,인가,1109
워크아웃-인가-후-추심-대응-방법,워크아웃 인가 후 추심 대응 방법,workout,,추심,방법·절차 확인,1,인가,1110
워크아웃-인가-후-추심-증거-확보,워크아웃 인가 후 추심 증거 확보,workout,,추심,독촉 및 추심 대응,1,인가,1111
워크아웃-인가-후-추심-상담,워크아웃 인가 후 추심 상담,workout,,추심,상담·서비스 탐색,1,인가,1112
워크아웃-접수-후-독촉,워크아웃 접수 후 독촉,workout,,추심,독촉 및 추심 대응,0,,1113
워크아웃-접수-후-독촉-대응-방법,워크아웃 접수 후 독촉 대응 방법,workout,,추심,방법·절차 확인,0,,1114
워크아웃-접수-후-독촉-증거-확보,워크아웃 접수 후 독촉 증거 확보,workout,,추심,독촉 및 추심 대응,0,,1115
워크아웃-접수-후-독촉-상담,워크아웃 접수 후 독촉 상담,workout,,추심,상담·서비스 탐색,0,,1116
워크아웃-면책-후-독촉,워크아웃 면책 후 독촉,workout,,추심,독촉 및 추심 대응,0,,1117
워크아웃-면책-후-독촉-대응-방법,워크아웃 면책 후 독촉 대응 방법,workout,,추심,방법·절차 확인,0,,1118
워크아웃-면책-후-독촉-증거-확보,워크아웃 면책 후 독촉 증거 확보,workout,,추심,독촉 및 추심 대응,0,,1119
워크아웃-면책-후-독촉-상담,워크아웃 면책 후 독촉 상담,workout,,추심,상담·서비스 탐색,0,,1120
워크아웃-신청-직전-대출,워크아웃 신청 직전 대출,workout,,최근대출,최근 차입 심사 쟁점 확인,0,,1121
워크아웃-신청-직전-대출-심사-쟁점,워크아웃 신청 직전 대출 심사 쟁점,workout,,최근대출,최근 차입 심사 쟁점 확인,0,,1122
워크아웃-신청-직전-대출-소명자료,워크아웃 신청 직전 대출 소명자료,workout,,최근대출,서류·증빙 준비,0,,1123
워크아웃-신청-직전-대출-상담,워크아웃 신청 직전 대출 상담,workout,,최근대출,상담·서비스 탐색,0,,1124
워크아웃-1개월-이내-대출,워크아웃 1개월 이내 대출,workout,,최근대출,최근 차입 심사 쟁점 확인,0,,1125
워크아웃-1개월-이내-대출-심사-쟁점,워크아웃 1개월 이내 대출 심사 쟁점,workout,,최근대출,최근 차입 심사 쟁점 확인,0,,1126
워크아웃-1개월-이내-대출-소명자료,워크아웃 1개월 이내 대출 소명자료,workout,,최근대출,서류·증빙 준비,0,,1127
워크아웃-1개월-이내-대출-상담,워크아웃 1개월 이내 대출 상담,workout,,최근대출,상담·서비스 탐색,0,,1128
워크아웃-3개월-이내-대출,워크아웃 3개월 이내 대출,workout,,최근대출,최근 차입 심사 쟁점 확인,0,,1129
워크아웃-3개월-이내-대출-심사-쟁점,워크아웃 3개월 이내 대출 심사 쟁점,workout,,최근대출,최근 차입 심사 쟁점 확인,0,,1130
워크아웃-3개월-이내-대출-소명자료,워크아웃 3개월 이내 대출 소명자료,workout,,최근대출,서류·증빙 준비,0,,1131
워크아웃-3개월-이내-대출-상담,워크아웃 3개월 이내 대출 상담,workout,,최근대출,상담·서비스 탐색,0,,1132
워크아웃-6개월-이내-대출,워크아웃 6개월 이내 대출,workout,,최근대출,최근 차입 심사 쟁점 확인,0,,1133
워크아웃-6개월-이내-대출-심사-쟁점,워크아웃 6개월 이내 대출 심사 쟁점,workout,,최근대출,최근 차입 심사 쟁점 확인,0,,1134
워크아웃-6개월-이내-대출-소명자료,워크아웃 6개월 이내 대출 소명자료,workout,,최근대출,서류·증빙 준비,0,,1135
워크아웃-6개월-이내-대출-상담,워크아웃 6개월 이내 대출 상담,workout,,최근대출,상담·서비스 탐색,0,,1136
워크아웃-1년-이내-대출,워크아웃 1년 이내 대출,workout,,최근대출,최근 차입 심사 쟁점 확인,0,,1137
워크아웃-1년-이내-대출-심사-쟁점,워크아웃 1년 이내 대출 심사 쟁점,workout,,최근대출,최근 차입 심사 쟁점 확인,0,,1138
워크아웃-1년-이내-대출-소명자료,워크아웃 1년 이내 대출 소명자료,workout,,최근대출,서류·증빙 준비,0,,1139
워크아웃-1년-이내-대출-상담,워크아웃 1년 이내 대출 상담,workout,,최근대출,상담·서비스 탐색,0,,1140
워크아웃-최근-카드론,워크아웃 최근 카드론,workout,,최근대출,최근 차입 심사 쟁점 확인,0,,1141
워크아웃-최근-카드론-심사-쟁점,워크아웃 최근 카드론 심사 쟁점,workout,,최근대출,최근 차입 심사 쟁점 확인,0,,1142
워크아웃-최근-카드론-소명자료,워크아웃 최근 카드론 소명자료,workout,,최근대출,서류·증빙 준비,0,,1143
워크아웃-최근-카드론-상담,워크아웃 최근 카드론 상담,workout,,최근대출,상담·서비스 탐색,0,,1144
워크아웃-최근-현금서비스,워크아웃 최근 현금서비스,workout,,최근대출,최근 차입 심사 쟁점 확인,0,,1145
워크아웃-최근-현금서비스-심사-쟁점,워크아웃 최근 현금서비스 심사 쟁점,workout,,최근대출,최근 차입 심사 쟁점 확인,0,,1146
워크아웃-최근-현금서비스-소명자료,워크아웃 최근 현금서비스 소명자료,workout,,최근대출,서류·증빙 준비,0,,1147
워크아웃-최근-현금서비스-상담,워크아웃 최근 현금서비스 상담,workout,,최근대출,상담·서비스 탐색,0,,1148
워크아웃-최근-대부업-대출,워크아웃 최근 대부업 대출,workout,,최근대출,최근 차입 심사 쟁점 확인,0,,1149
워크아웃-최근-대부업-대출-심사-쟁점,워크아웃 최근 대부업 대출 심사 쟁점,workout,,최근대출,최근 차입 심사 쟁점 확인,0,,1150
워크아웃-최근-대부업-대출-소명자료,워크아웃 최근 대부업 대출 소명자료,workout,,최근대출,서류·증빙 준비,0,,1151
워크아웃-최근-대부업-대출-상담,워크아웃 최근 대부업 대출 상담,workout,,최근대출,상담·서비스 탐색,0,,1152
워크아웃-최근-생활비-대출,워크아웃 최근 생활비 대출,workout,,최근대출,최근 차입 심사 쟁점 확인,0,,1153
워크아웃-최근-생활비-대출-심사-쟁점,워크아웃 최근 생활비 대출 심사 쟁점,workout,,최근대출,최근 차입 심사 쟁점 확인,0,,1154
워크아웃-최근-생활비-대출-소명자료,워크아웃 최근 생활비 대출 소명자료,workout,,최근대출,서류·증빙 준비,0,,1155
워크아웃-최근-생활비-대출-상담,워크아웃 최근 생활비 대출 상담,workout,,최근대출,상담·서비스 탐색,0,,1156
워크아웃-최근-사업자금-대출,워크아웃 최근 사업자금 대출,workout,,최근대출,최근 차입 심사 쟁점 확인,0,,1157
워크아웃-최근-사업자금-대출-심사-쟁점,워크아웃 최근 사업자금 대출 심사 쟁점,workout,,최근대출,최근 차입 심사 쟁점 확인,0,,1158
워크아웃-최근-사업자금-대출-소명자료,워크아웃 최근 사업자금 대출 소명자료,workout,,최근대출,서류·증빙 준비,0,,1159
워크아웃-최근-사업자금-대출-상담,워크아웃 최근 사업자금 대출 상담,workout,,최근대출,상담·서비스 탐색,0,,1160
워크아웃-최근-돌려막기,워크아웃 최근 돌려막기,workout,,최근대출,최근 차입 심사 쟁점 확인,0,,1161
워크아웃-최근-돌려막기-심사-쟁점,워크아웃 최근 돌려막기 심사 쟁점,workout,,최근대출,최근 차입 심사 쟁점 확인,0,,1162
워크아웃-최근-돌려막기-소명자료,워크아웃 최근 돌려막기 소명자료,workout,,최근대출,서류·증빙 준비,0,,1163
워크아웃-최근-돌려막기-상담,워크아웃 최근 돌려막기 상담,workout,,최근대출,상담·서비스 탐색,0,,1164
워크아웃-최근-대환대출,워크아웃 최근 대환대출,workout,,최근대출,최근 차입 심사 쟁점 확인,0,,1165
워크아웃-최근-대환대출-심사-쟁점,워크아웃 최근 대환대출 심사 쟁점,workout,,최근대출,최근 차입 심사 쟁점 확인,0,,1166
워크아웃-최근-대환대출-소명자료,워크아웃 최근 대환대출 소명자료,workout,,최근대출,서류·증빙 준비,0,,1167
워크아웃-최근-대환대출-상담,워크아웃 최근 대환대출 상담,workout,,최근대출,상담·서비스 탐색,0,,1168
워크아웃-최근-가족-송금,워크아웃 최근 가족 송금,workout,,최근대출,최근 차입 심사 쟁점 확인,0,,1169
워크아웃-최근-가족-송금-심사-쟁점,워크아웃 최근 가족 송금 심사 쟁점,workout,,최근대출,최근 차입 심사 쟁점 확인,0,,1170
워크아웃-최근-가족-송금-소명자료,워크아웃 최근 가족 송금 소명자료,workout,,최근대출,서류·증빙 준비,0,,1171
워크아웃-최근-가족-송금-상담,워크아웃 최근 가족 송금 상담,workout,,최근대출,상담·서비스 탐색,0,,1172
워크아웃-최근-고액-인출,워크아웃 최근 고액 인출,workout,,최근대출,최근 차입 심사 쟁점 확인,0,,1173
워크아웃-최근-고액-인출-심사-쟁점,워크아웃 최근 고액 인출 심사 쟁점,workout,,최근대출,최근 차입 심사 쟁점 확인,0,,1174
워크아웃-최근-고액-인출-소명자료,워크아웃 최근 고액 인출 소명자료,workout,,최근대출,서류·증빙 준비,0,,1175
워크아웃-최근-고액-인출-상담,워크아웃 최근 고액 인출 상담,workout,,최근대출,상담·서비스 탐색,0,,1176
워크아웃-최근-카드-사용,워크아웃 최근 카드 사용,workout,,최근대출,최근 차입 심사 쟁점 확인,0,,1177
워크아웃-최근-카드-사용-심사-쟁점,워크아웃 최근 카드 사용 심사 쟁점,workout,,최근대출,최근 차입 심사 쟁점 확인,0,,1178
워크아웃-최근-카드-사용-소명자료,워크아웃 최근 카드 사용 소명자료,workout,,최근대출,서류·증빙 준비,0,,1179
워크아웃-최근-카드-사용-상담,워크아웃 최근 카드 사용 상담,workout,,최근대출,상담·서비스 탐색,0,,1180
워크아웃-최근-할부-구매,워크아웃 최근 할부 구매,workout,,최근대출,최근 차입 심사 쟁점 확인,0,,1181
워크아웃-최근-할부-구매-심사-쟁점,워크아웃 최근 할부 구매 심사 쟁점,workout,,최근대출,최근 차입 심사 쟁점 확인,0,,1182
워크아웃-최근-할부-구매-소명자료,워크아웃 최근 할부 구매 소명자료,workout,,최근대출,서류·증빙 준비,0,,1183
워크아웃-최근-할부-구매-상담,워크아웃 최근 할부 구매 상담,workout,,최근대출,상담·서비스 탐색,0,,1184
워크아웃-최근-차량-구입-대출,워크아웃 최근 차량 구입 대출,workout,,최근대출,최근 차입 심사 쟁점 확인,0,,1185
워크아웃-최근-차량-구입-대출-심사-쟁점,워크아웃 최근 차량 구입 대출 심사 쟁점,workout,,최근대출,최근 차입 심사 쟁점 확인,0,,1186
워크아웃-최근-차량-구입-대출-소명자료,워크아웃 최근 차량 구입 대출 소명자료,workout,,최근대출,서류·증빙 준비,0,,1187
워크아웃-최근-차량-구입-대출-상담,워크아웃 최근 차량 구입 대출 상담,workout,,최근대출,상담·서비스 탐색,0,,1188
워크아웃-최근-보증금-대출,워크아웃 최근 보증금 대출,workout,,최근대출,최근 차입 심사 쟁점 확인,0,,1189
워크아웃-최근-보증금-대출-심사-쟁점,워크아웃 최근 보증금 대출 심사 쟁점,workout,,최근대출,최근 차입 심사 쟁점 확인,0,,1190
워크아웃-최근-보증금-대출-소명자료,워크아웃 최근 보증금 대출 소명자료,workout,,최근대출,서류·증빙 준비,0,,1191
워크아웃-최근-보증금-대출-상담,워크아웃 최근 보증금 대출 상담,workout,,최근대출,상담·서비스 탐색,0,,1192
워크아웃-최근-투자금-대출,워크아웃 최근 투자금 대출,workout,,최근대출,최근 차입 심사 쟁점 확인,0,,1193
워크아웃-최근-투자금-대출-심사-쟁점,워크아웃 최근 투자금 대출 심사 쟁점,workout,,최근대출,최근 차입 심사 쟁점 확인,0,,1194
워크아웃-최근-투자금-대출-소명자료,워크아웃 최근 투자금 대출 소명자료,workout,,최근대출,서류·증빙 준비,0,,1195
워크아웃-최근-투자금-대출-상담,워크아웃 최근 투자금 대출 상담,workout,,최근대출,상담·서비스 탐색,0,,1196
워크아웃-최근-병원비-대출,워크아웃 최근 병원비 대출,workout,,최근대출,최근 차입 심사 쟁점 확인,0,,1197
워크아웃-최근-병원비-대출-심사-쟁점,워크아웃 최근 병원비 대출 심사 쟁점,workout,,최근대출,최근 차입 심사 쟁점 확인,0,,1198
워크아웃-최근-병원비-대출-소명자료,워크아웃 최근 병원비 대출 소명자료,workout,,최근대출,서류·증빙 준비,0,,1199
워크아웃-최근-병원비-대출-상담,워크아웃 최근 병원비 대출 상담,workout,,최근대출,상담·서비스 탐색,0,,1200
워크아웃-주식빚,워크아웃 주식빚,workout,,주식·코인,투자 손실 채무 검토,0,,1201
워크아웃-주식빚-심사-쟁점,워크아웃 주식빚 심사 쟁점,workout,,주식·코인,투자 손실 채무 검토,0,,1202
워크아웃-주식빚-소명-방법,워크아웃 주식빚 소명 방법,workout,,주식·코인,서류·증빙 준비,0,,1203
워크아웃-주식빚-상담,워크아웃 주식빚 상담,workout,,주식·코인,상담·서비스 탐색,0,,1204
워크아웃-코인빚,워크아웃 코인빚,workout,,주식·코인,투자 손실 채무 검토,0,,1205
워크아웃-코인빚-심사-쟁점,워크아웃 코인빚 심사 쟁점,workout,,주식·코인,투자 손실 채무 검토,0,,1206
워크아웃-코인빚-소명-방법,워크아웃 코인빚 소명 방법,workout,,주식·코인,서류·증빙 준비,0,,1207
워크아웃-코인빚-상담,워크아웃 코인빚 상담,workout,,주식·코인,상담·서비스 탐색,0,,1208
워크아웃-해외주식-손실,워크아웃 해외주식 손실,workout,,주식·코인,투자 손실 채무 검토,0,,1209
워크아웃-해외주식-손실-심사-쟁점,워크아웃 해외주식 손실 심사 쟁점,workout,,주식·코인,투자 손실 채무 검토,0,,1210
워크아웃-해외주식-손실-소명-방법,워크아웃 해외주식 손실 소명 방법,workout,,주식·코인,서류·증빙 준비,0,,1211
워크아웃-해외주식-손실-상담,워크아웃 해외주식 손실 상담,workout,,주식·코인,상담·서비스 탐색,0,,1212
워크아웃-국내주식-손실,워크아웃 국내주식 손실,workout,,주식·코인,투자 손실 채무 검토,0,,1213
워크아웃-국내주식-손실-심사-쟁점,워크아웃 국내주식 손실 심사 쟁점,workout,,주식·코인,투자 손실 채무 검토,0,,1214
워크아웃-국내주식-손실-소명-방법,워크아웃 국내주식 손실 소명 방법,workout,,주식·코인,서류·증빙 준비,0,,1215
워크아웃-국내주식-손실-상담,워크아웃 국내주식 손실 상담,workout,,주식·코인,상담·서비스 탐색,0,,1216
워크아웃-주식-미수거래,워크아웃 주식 미수거래,workout,,주식·코인,투자 손실 채무 검토,0,,1217
워크아웃-주식-미수거래-심사-쟁점,워크아웃 주식 미수거래 심사 쟁점,workout,,주식·코인,투자 손실 채무 검토,0,,1218
워크아웃-주식-미수거래-소명-방법,워크아웃 주식 미수거래 소명 방법,workout,,주식·코인,서류·증빙 준비,0,,1219
워크아웃-주식-미수거래-상담,워크아웃 주식 미수거래 상담,workout,,주식·코인,상담·서비스 탐색,0,,1220
워크아웃-주식-신용거래,워크아웃 주식 신용거래,workout,,주식·코인,투자 손실 채무 검토,0,,1221
워크아웃-주식-신용거래-심사-쟁점,워크아웃 주식 신용거래 심사 쟁점,workout,,주식·코인,투자 손실 채무 검토,0,,1222
워크아웃-주식-신용거래-소명-방법,워크아웃 주식 신용거래 소명 방법,workout,,주식·코인,서류·증빙 준비,0,,1223
워크아웃-주식-신용거래-상담,워크아웃 주식 신용거래 상담,workout,,주식·코인,상담·서비스 탐색,0,,1224
워크아웃-선물거래-손실,워크아웃 선물거래 손실,workout,,주식·코인,투자 손실 채무 검토,0,,1225
워크아웃-선물거래-손실-심사-쟁점,워크아웃 선물거래 손실 심사 쟁점,workout,,주식·코인,투자 손실 채무 검토,0,,1226
워크아웃-선물거래-손실-소명-방법,워크아웃 선물거래 손실 소명 방법,workout,,주식·코인,서류·증빙 준비,0,,1227
워크아웃-선물거래-손실-상담,워크아웃 선물거래 손실 상담,workout,,주식·코인,상담·서비스 탐색,0,,1228
워크아웃-옵션거래-손실,워크아웃 옵션거래 손실,workout,,주식·코인,투자 손실 채무 검토,0,,1229
워크아웃-옵션거래-손실-심사-쟁점,워크아웃 옵션거래 손실 심사 쟁점,workout,,주식·코인,투자 손실 채무 검토,0,,1230
워크아웃-옵션거래-손실-소명-방법,워크아웃 옵션거래 손실 소명 방법,workout,,주식·코인,서류·증빙 준비,0,,1231
워크아웃-옵션거래-손실-상담,워크아웃 옵션거래 손실 상담,workout,,주식·코인,상담·서비스 탐색,0,,1232
워크아웃-가상자산-선물-손실,워크아웃 가상자산 선물 손실,workout,,주식·코인,투자 손실 채무 검토,0,,1233
워크아웃-가상자산-선물-손실-심사-쟁점,워크아웃 가상자산 선물 손실 심사 쟁점,workout,,주식·코인,투자 손실 채무 검토,0,,1234
워크아웃-가상자산-선물-손실-소명-방법,워크아웃 가상자산 선물 손실 소명 방법,workout,,주식·코인,서류·증빙 준비,0,,1235
워크아웃-가상자산-선물-손실-상담,워크아웃 가상자산 선물 손실 상담,workout,,주식·코인,상담·서비스 탐색,0,,1236
워크아웃-레버리지-투자-손실,워크아웃 레버리지 투자 손실,workout,,주식·코인,투자 손실 채무 검토,0,,1237
워크아웃-레버리지-투자-손실-심사-쟁점,워크아웃 레버리지 투자 손실 심사 쟁점,workout,,주식·코인,투자 손실 채무 검토,0,,1238
워크아웃-레버리지-투자-손실-소명-방법,워크아웃 레버리지 투자 손실 소명 방법,workout,,주식·코인,서류·증빙 준비,0,,1239
워크아웃-레버리지-투자-손실-상담,워크아웃 레버리지 투자 손실 상담,workout,,주식·코인,상담·서비스 탐색,0,,1240
워크아웃-투자대출,워크아웃 투자대출,workout,,주식·코인,투자 손실 채무 검토,0,,1241
워크아웃-투자대출-심사-쟁점,워크아웃 투자대출 심사 쟁점,workout,,주식·코인,투자 손실 채무 검토,0,,1242
워크아웃-투자대출-소명-방법,워크아웃 투자대출 소명 방법,workout,,주식·코인,서류·증빙 준비,0,,1243
워크아웃-투자대출-상담,워크아웃 투자대출 상담,workout,,주식·코인,상담·서비스 탐색,0,,1244
워크아웃-투자사기-피해-채무,워크아웃 투자사기 피해 채무,workout,,주식·코인,투자 손실 채무 검토,0,,1245
워크아웃-투자사기-피해-채무-심사-쟁점,워크아웃 투자사기 피해 채무 심사 쟁점,workout,,주식·코인,투자 손실 채무 검토,0,,1246
워크아웃-투자사기-피해-채무-소명-방법,워크아웃 투자사기 피해 채무 소명 방법,workout,,주식·코인,서류·증빙 준비,0,,1247
워크아웃-투자사기-피해-채무-상담,워크아웃 투자사기 피해 채무 상담,workout,,주식·코인,상담·서비스 탐색,0,,1248
워크아웃-비상장주식-손실,워크아웃 비상장주식 손실,workout,,주식·코인,투자 손실 채무 검토,0,,1249
워크아웃-비상장주식-손실-심사-쟁점,워크아웃 비상장주식 손실 심사 쟁점,workout,,주식·코인,투자 손실 채무 검토,0,,1250
워크아웃-비상장주식-손실-소명-방법,워크아웃 비상장주식 손실 소명 방법,workout,,주식·코인,서류·증빙 준비,0,,1251
워크아웃-비상장주식-손실-상담,워크아웃 비상장주식 손실 상담,workout,,주식·코인,상담·서비스 탐색,0,,1252
워크아웃-상장폐지-종목-손실,워크아웃 상장폐지 종목 손실,workout,,주식·코인,투자 손실 채무 검토,1,폐지,1253
워크아웃-상장폐지-종목-손실-심사-쟁점,워크아웃 상장폐지 종목 손실 심사 쟁점,workout,,주식·코인,투자 손실 채무 검토,1,폐지,1254
워크아웃-상장폐지-종목-손실-소명-방법,워크아웃 상장폐지 종목 손실 소명 방법,workout,,주식·코인,서류·증빙 준비,1,폐지,1255
워크아웃-상장폐지-종목-손실-상담,워크아웃 상장폐지 종목 손실 상담,workout,,주식·코인,상담·서비스 탐색,1,폐지,1256
워크아웃-가상자산-상장폐지-손실,워크아웃 가상자산 상장폐지 손실,workout,,주식·코인,투자 손실 채무 검토,1,폐지,1257
워크아웃-가상자산-상장폐지-손실-심사-쟁점,워크아웃 가상자산 상장폐지 손실 심사 쟁점,workout,,주식·코인,투자 손실 채무 검토,1,폐지,1258
워크아웃-가상자산-상장폐지-손실-소명-방법,워크아웃 가상자산 상장폐지 손실 소명 방법,workout,,주식·코인,서류·증빙 준비,1,폐지,1259
워크아웃-가상자산-상장폐지-손실-상담,워크아웃 가상자산 상장폐지 손실 상담,workout,,주식·코인,상담·서비스 탐색,1,폐지,1260
워크아웃-거래소-출금내역,워크아웃 거래소 출금내역,workout,,주식·코인,투자 손실 채무 검토,0,,1261
워크아웃-거래소-출금내역-심사-쟁점,워크아웃 거래소 출금내역 심사 쟁점,workout,,주식·코인,투자 손실 채무 검토,0,,1262
워크아웃-거래소-출금내역-소명-방법,워크아웃 거래소 출금내역 소명 방법,workout,,주식·코인,서류·증빙 준비,0,,1263
워크아웃-거래소-출금내역-상담,워크아웃 거래소 출금내역 상담,workout,,주식·코인,상담·서비스 탐색,0,,1264
워크아웃-증권계좌-거래내역,워크아웃 증권계좌 거래내역,workout,,주식·코인,투자 손실 채무 검토,0,,1265
워크아웃-증권계좌-거래내역-심사-쟁점,워크아웃 증권계좌 거래내역 심사 쟁점,workout,,주식·코인,투자 손실 채무 검토,0,,1266
워크아웃-증권계좌-거래내역-소명-방법,워크아웃 증권계좌 거래내역 소명 방법,workout,,주식·코인,서류·증빙 준비,0,,1267
워크아웃-증권계좌-거래내역-상담,워크아웃 증권계좌 거래내역 상담,workout,,주식·코인,상담·서비스 탐색,0,,1268
워크아웃-가상자산-거래내역,워크아웃 가상자산 거래내역,workout,,주식·코인,투자 손실 채무 검토,0,,1269
워크아웃-가상자산-거래내역-심사-쟁점,워크아웃 가상자산 거래내역 심사 쟁점,workout,,주식·코인,투자 손실 채무 검토,0,,1270
워크아웃-가상자산-거래내역-소명-방법,워크아웃 가상자산 거래내역 소명 방법,workout,,주식·코인,서류·증빙 준비,0,,1271
워크아웃-가상자산-거래내역-상담,워크아웃 가상자산 거래내역 상담,workout,,주식·코인,상담·서비스 탐색,0,,1272
워크아웃-투자금-사용처,워크아웃 투자금 사용처,workout,,주식·코인,투자 손실 채무 검토,0,,1273
워크아웃-투자금-사용처-심사-쟁점,워크아웃 투자금 사용처 심사 쟁점,workout,,주식·코인,투자 손실 채무 검토,0,,1274
워크아웃-투자금-사용처-소명-방법,워크아웃 투자금 사용처 소명 방법,workout,,주식·코인,서류·증빙 준비,0,,1275
워크아웃-투자금-사용처-상담,워크아웃 투자금 사용처 상담,workout,,주식·코인,상담·서비스 탐색,0,,1276
워크아웃-투자-손실-진술서,워크아웃 투자 손실 진술서,workout,,주식·코인,투자 손실 채무 검토,0,,1277
워크아웃-투자-손실-진술서-심사-쟁점,워크아웃 투자 손실 진술서 심사 쟁점,workout,,주식·코인,투자 손실 채무 검토,0,,1278
워크아웃-투자-손실-진술서-소명-방법,워크아웃 투자 손실 진술서 소명 방법,workout,,주식·코인,서류·증빙 준비,0,,1279
워크아웃-투자-손실-진술서-상담,워크아웃 투자 손실 진술서 상담,workout,,주식·코인,상담·서비스 탐색,0,,1280
워크아웃-직장인,워크아웃 직장인,workout,,직업별,직업별 신청 준비,0,,1281
워크아웃-직장인-신청조건,워크아웃 직장인 신청조건,workout,,직업별,직업별 신청 준비,0,,1282
워크아웃-직장인-소득증빙,워크아웃 직장인 소득증빙,workout,,직업별,서류·증빙 준비,0,,1283
워크아웃-직장인-준비서류,워크아웃 직장인 준비서류,workout,,직업별,서류·증빙 준비,0,,1284
워크아웃-자영업자,워크아웃 자영업자,workout,,직업별,직업별 신청 준비,0,,1285
워크아웃-자영업자-신청조건,워크아웃 자영업자 신청조건,workout,,직업별,직업별 신청 준비,0,,1286
워크아웃-자영업자-소득증빙,워크아웃 자영업자 소득증빙,workout,,직업별,서류·증빙 준비,0,,1287
워크아웃-자영업자-준비서류,워크아웃 자영업자 준비서류,workout,,직업별,서류·증빙 준비,0,,1288
워크아웃-개인사업자,워크아웃 개인사업자,workout,,직업별,직업별 신청 준비,0,,1289
워크아웃-개인사업자-신청조건,워크아웃 개인사업자 신청조건,workout,,직업별,직업별 신청 준비,0,,1290
워크아웃-개인사업자-소득증빙,워크아웃 개인사업자 소득증빙,workout,,직업별,서류·증빙 준비,0,,1291
워크아웃-개인사업자-준비서류,워크아웃 개인사업자 준비서류,workout,,직업별,서류·증빙 준비,0,,1292
워크아웃-프리랜서,워크아웃 프리랜서,workout,,직업별,직업별 신청 준비,0,,1293
워크아웃-프리랜서-신청조건,워크아웃 프리랜서 신청조건,workout,,직업별,직업별 신청 준비,0,,1294
워크아웃-프리랜서-소득증빙,워크아웃 프리랜서 소득증빙,workout,,직업별,서류·증빙 준비,0,,1295
워크아웃-프리랜서-준비서류,워크아웃 프리랜서 준비서류,workout,,직업별,서류·증빙 준비,0,,1296
워크아웃-일용직,워크아웃 일용직,workout,,직업별,직업별 신청 준비,0,,1297
워크아웃-일용직-신청조건,워크아웃 일용직 신청조건,workout,,직업별,직업별 신청 준비,0,,1298
워크아웃-일용직-소득증빙,워크아웃 일용직 소득증빙,workout,,직업별,서류·증빙 준비,0,,1299
워크아웃-일용직-준비서류,워크아웃 일용직 준비서류,workout,,직업별,서류·증빙 준비,0,,1300
워크아웃-아르바이트생,워크아웃 아르바이트생,workout,,직업별,직업별 신청 준비,0,,1301
워크아웃-아르바이트생-신청조건,워크아웃 아르바이트생 신청조건,workout,,직업별,직업별 신청 준비,0,,1302
워크아웃-아르바이트생-소득증빙,워크아웃 아르바이트생 소득증빙,workout,,직업별,서류·증빙 준비,0,,1303
워크아웃-아르바이트생-준비서류,워크아웃 아르바이트생 준비서류,workout,,직업별,서류·증빙 준비,0,,1304
워크아웃-계약직,워크아웃 계약직,workout,,직업별,직업별 신청 준비,0,,1305
워크아웃-계약직-신청조건,워크아웃 계약직 신청조건,workout,,직업별,직업별 신청 준비,0,,1306
워크아웃-계약직-소득증빙,워크아웃 계약직 소득증빙,workout,,직업별,서류·증빙 준비,0,,1307
워크아웃-계약직-준비서류,워크아웃 계약직 준비서류,workout,,직업별,서류·증빙 준비,0,,1308
워크아웃-공무원,워크아웃 공무원,workout,,직업별,직업별 신청 준비,0,,1309
워크아웃-공무원-신청조건,워크아웃 공무원 신청조건,workout,,직업별,직업별 신청 준비,0,,1310
워크아웃-공무원-소득증빙,워크아웃 공무원 소득증빙,workout,,직업별,서류·증빙 준비,0,,1311
워크아웃-공무원-준비서류,워크아웃 공무원 준비서류,workout,,직업별,서류·증빙 준비,0,,1312
워크아웃-군인,워크아웃 군인,workout,,직업별,직업별 신청 준비,0,,1313
워크아웃-군인-신청조건,워크아웃 군인 신청조건,workout,,직업별,직업별 신청 준비,0,,1314
워크아웃-군인-소득증빙,워크아웃 군인 소득증빙,workout,,직업별,서류·증빙 준비,0,,1315
워크아웃-군인-준비서류,워크아웃 군인 준비서류,workout,,직업별,서류·증빙 준비,0,,1316
워크아웃-교사,워크아웃 교사,workout,,직업별,직업별 신청 준비,0,,1317
워크아웃-교사-신청조건,워크아웃 교사 신청조건,workout,,직업별,직업별 신청 준비,0,,1318
워크아웃-교사-소득증빙,워크아웃 교사 소득증빙,workout,,직업별,서류·증빙 준비,0,,1319
워크아웃-교사-준비서류,워크아웃 교사 준비서류,workout,,직업별,서류·증빙 준비,0,,1320
워크아웃-간호사,워크아웃 간호사,workout,,직업별,직업별 신청 준비,0,,1321
워크아웃-간호사-신청조건,워크아웃 간호사 신청조건,workout,,직업별,직업별 신청 준비,0,,1322
워크아웃-간호사-소득증빙,워크아웃 간호사 소득증빙,workout,,직업별,서류·증빙 준비,0,,1323
워크아웃-간호사-준비서류,워크아웃 간호사 준비서류,workout,,직업별,서류·증빙 준비,0,,1324
워크아웃-택시기사,워크아웃 택시기사,workout,,직업별,직업별 신청 준비,0,,1325
워크아웃-택시기사-신청조건,워크아웃 택시기사 신청조건,workout,,직업별,직업별 신청 준비,0,,1326
워크아웃-택시기사-소득증빙,워크아웃 택시기사 소득증빙,workout,,직업별,서류·증빙 준비,0,,1327
워크아웃-택시기사-준비서류,워크아웃 택시기사 준비서류,workout,,직업별,서류·증빙 준비,0,,1328
워크아웃-화물차기사,워크아웃 화물차기사,workout,,직업별,직업별 신청 준비,0,,1329
워크아웃-화물차기사-신청조건,워크아웃 화물차기사 신청조건,workout,,직업별,직업별 신청 준비,0,,1330
워크아웃-화물차기사-소득증빙,워크아웃 화물차기사 소득증빙,workout,,직업별,서류·증빙 준비,0,,1331
워크아웃-화물차기사-준비서류,워크아웃 화물차기사 준비서류,workout,,직업별,서류·증빙 준비,0,,1332
워크아웃-배달기사,워크아웃 배달기사,workout,,직업별,직업별 신청 준비,0,,1333
워크아웃-배달기사-신청조건,워크아웃 배달기사 신청조건,workout,,직업별,직업별 신청 준비,0,,1334
워크아웃-배달기사-소득증빙,워크아웃 배달기사 소득증빙,workout,,직업별,서류·증빙 준비,0,,1335
워크아웃-배달기사-준비서류,워크아웃 배달기사 준비서류,workout,,직업별,서류·증빙 준비,0,,1336
워크아웃-보험설계사,워크아웃 보험설계사,workout,,직업별,직업별 신청 준비,0,,1337
워크아웃-보험설계사-신청조건,워크아웃 보험설계사 신청조건,workout,,직업별,직업별 신청 준비,0,,1338
워크아웃-보험설계사-소득증빙,워크아웃 보험설계사 소득증빙,workout,,직업별,서류·증빙 준비,0,,1339
워크아웃-보험설계사-준비서류,워크아웃 보험설계사 준비서류,workout,,직업별,서류·증빙 준비,0,,1340
워크아웃-학원강사,워크아웃 학원강사,workout,,직업별,직업별 신청 준비,0,,1341
워크아웃-학원강사-신청조건,워크아웃 학원강사 신청조건,workout,,직업별,직업별 신청 준비,0,,1342
워크아웃-학원강사-소득증빙,워크아웃 학원강사 소득증빙,workout,,직업별,서류·증빙 준비,0,,1343
워크아웃-학원강사-준비서류,워크아웃 학원강사 준비서류,workout,,직업별,서류·증빙 준비,0,,1344
워크아웃-플랫폼-노동자,워크아웃 플랫폼 노동자,workout,,직업별,직업별 신청 준비,0,,1345
워크아웃-플랫폼-노동자-신청조건,워크아웃 플랫폼 노동자 신청조건,workout,,직업별,직업별 신청 준비,0,,1346
워크아웃-플랫폼-노동자-소득증빙,워크아웃 플랫폼 노동자 소득증빙,workout,,직업별,서류·증빙 준비,0,,1347
워크아웃-플랫폼-노동자-준비서류,워크아웃 플랫폼 노동자 준비서류,workout,,직업별,서류·증빙 준비,0,,1348
워크아웃-농업인,워크아웃 농업인,workout,,직업별,직업별 신청 준비,0,,1349
워크아웃-농업인-신청조건,워크아웃 농업인 신청조건,workout,,직업별,직업별 신청 준비,0,,1350
워크아웃-농업인-소득증빙,워크아웃 농업인 소득증빙,workout,,직업별,서류·증빙 준비,0,,1351
워크아웃-농업인-준비서류,워크아웃 농업인 준비서류,workout,,직업별,서류·증빙 준비,0,,1352
워크아웃-법인대표,워크아웃 법인대표,workout,,직업별,직업별 신청 준비,0,,1353
워크아웃-법인대표-신청조건,워크아웃 법인대표 신청조건,workout,,직업별,직업별 신청 준비,0,,1354
워크아웃-법인대표-소득증빙,워크아웃 법인대표 소득증빙,workout,,직업별,서류·증빙 준비,0,,1355
워크아웃-법인대표-준비서류,워크아웃 법인대표 준비서류,workout,,직업별,서류·증빙 준비,0,,1356
워크아웃-연금생활자,워크아웃 연금생활자,workout,,직업별,직업별 신청 준비,0,,1357
워크아웃-연금생활자-신청조건,워크아웃 연금생활자 신청조건,workout,,직업별,직업별 신청 준비,0,,1358
워크아웃-연금생활자-소득증빙,워크아웃 연금생활자 소득증빙,workout,,직업별,서류·증빙 준비,0,,1359
워크아웃-연금생활자-준비서류,워크아웃 연금생활자 준비서류,workout,,직업별,서류·증빙 준비,0,,1360
워크아웃-신청-기각,워크아웃 신청 기각,workout,,기각,기각 원인 및 대응,1,기각,1361
워크아웃-신청-기각-확인사항,워크아웃 신청 기각 확인사항,workout,,기각,기각 원인 및 대응,1,기각,1362
워크아웃-신청-기각-대응-방법,워크아웃 신청 기각 대응 방법,workout,,기각,방법·절차 확인,1,기각,1363
워크아웃-신청-기각-상담,워크아웃 신청 기각 상담,workout,,기각,상담·서비스 탐색,1,기각,1364
워크아웃-서류-미제출-기각,워크아웃 서류 미제출 기각,workout,,기각,기각 원인 및 대응,1,기각,1365
워크아웃-서류-미제출-기각-확인사항,워크아웃 서류 미제출 기각 확인사항,workout,,기각,기각 원인 및 대응,1,기각,1366
워크아웃-서류-미제출-기각-대응-방법,워크아웃 서류 미제출 기각 대응 방법,workout,,기각,방법·절차 확인,1,기각,1367
워크아웃-서류-미제출-기각-상담,워크아웃 서류 미제출 기각 상담,workout,,기각,상담·서비스 탐색,1,기각,1368
워크아웃-보정-불이행-기각,워크아웃 보정 불이행 기각,workout,,기각,기각 원인 및 대응,1,보정;기각,1369
워크아웃-보정-불이행-기각-확인사항,워크아웃 보정 불이행 기각 확인사항,workout,,기각,기각 원인 및 대응,1,보정;기각,1370
워크아웃-보정-불이행-기각-대응-방법,워크아웃 보정 불이행 기각 대응 방법,workout,,기각,방법·절차 확인,1,보정;기각,1371
워크아웃-보정-불이행-기각-상담,워크아웃 보정 불이행 기각 상담,workout,,기각,상담·서비스 탐색,1,보정;기각,1372
워크아웃-소득-부족-기각,워크아웃 소득 부족 기각,workout,,기각,기각 원인 및 대응,1,기각,1373
워크아웃-소득-부족-기각-확인사항,워크아웃 소득 부족 기각 확인사항,workout,,기각,기각 원인 및 대응,1,기각,1374
워크아웃-소득-부족-기각-대응-방법,워크아웃 소득 부족 기각 대응 방법,workout,,기각,방법·절차 확인,1,기각,1375
워크아웃-소득-부족-기각-상담,워크아웃 소득 부족 기각 상담,workout,,기각,상담·서비스 탐색,1,기각,1376
워크아웃-재산-누락-기각,워크아웃 재산 누락 기각,workout,,기각,기각 원인 및 대응,1,기각,1377
워크아웃-재산-누락-기각-확인사항,워크아웃 재산 누락 기각 확인사항,workout,,기각,기각 원인 및 대응,1,기각,1378
워크아웃-재산-누락-기각-대응-방법,워크아웃 재산 누락 기각 대응 방법,workout,,기각,방법·절차 확인,1,기각,1379
워크아웃-재산-누락-기각-상담,워크아웃 재산 누락 기각 상담,workout,,기각,상담·서비스 탐색,1,기각,1380
워크아웃-채권-누락-기각,워크아웃 채권 누락 기각,workout,,기각,기각 원인 및 대응,1,기각,1381
워크아웃-채권-누락-기각-확인사항,워크아웃 채권 누락 기각 확인사항,workout,,기각,기각 원인 및 대응,1,기각,1382
워크아웃-채권-누락-기각-대응-방법,워크아웃 채권 누락 기각 대응 방법,workout,,기각,방법·절차 확인,1,기각,1383
워크아웃-채권-누락-기각-상담,워크아웃 채권 누락 기각 상담,workout,,기각,상담·서비스 탐색,1,기각,1384
워크아웃-허위서류-기각,워크아웃 허위서류 기각,workout,,기각,기각 원인 및 대응,1,기각,1385
워크아웃-허위서류-기각-확인사항,워크아웃 허위서류 기각 확인사항,workout,,기각,기각 원인 및 대응,1,기각,1386
워크아웃-허위서류-기각-대응-방법,워크아웃 허위서류 기각 대응 방법,workout,,기각,방법·절차 확인,1,기각,1387
워크아웃-허위서류-기각-상담,워크아웃 허위서류 기각 상담,workout,,기각,상담·서비스 탐색,1,기각,1388
워크아웃-최근대출-관련-기각,워크아웃 최근대출 관련 기각,workout,,기각,기각 원인 및 대응,1,기각,1389
워크아웃-최근대출-관련-기각-확인사항,워크아웃 최근대출 관련 기각 확인사항,workout,,기각,기각 원인 및 대응,1,기각,1390
워크아웃-최근대출-관련-기각-대응-방법,워크아웃 최근대출 관련 기각 대응 방법,workout,,기각,방법·절차 확인,1,기각,1391
워크아웃-최근대출-관련-기각-상담,워크아웃 최근대출 관련 기각 상담,workout,,기각,상담·서비스 탐색,1,기각,1392
워크아웃-불성실-신청-기각,워크아웃 불성실 신청 기각,workout,,기각,기각 원인 및 대응,1,기각,1393
워크아웃-불성실-신청-기각-확인사항,워크아웃 불성실 신청 기각 확인사항,workout,,기각,기각 원인 및 대응,1,기각,1394
워크아웃-불성실-신청-기각-대응-방법,워크아웃 불성실 신청 기각 대응 방법,workout,,기각,방법·절차 확인,1,기각,1395
워크아웃-불성실-신청-기각-상담,워크아웃 불성실 신청 기각 상담,workout,,기각,상담·서비스 탐색,1,기각,1396
워크아웃-비용-미납-기각,워크아웃 비용 미납 기각,workout,,기각,기각 원인 및 대응,1,기각,1397
워크아웃-비용-미납-기각-확인사항,워크아웃 비용 미납 기각 확인사항,workout,,기각,기각 원인 및 대응,1,기각,1398
워크아웃-비용-미납-기각-대응-방법,워크아웃 비용 미납 기각 대응 방법,workout,,기각,방법·절차 확인,1,기각,1399
워크아웃-비용-미납-기각-상담,워크아웃 비용 미납 기각 상담,workout,,기각,상담·서비스 탐색,1,기각,1400
워크아웃-변제계획-관련-기각,워크아웃 변제계획 관련 기각,workout,,기각,기각 원인 및 대응,1,변제계획;기각,1401
워크아웃-변제계획-관련-기각-확인사항,워크아웃 변제계획 관련 기각 확인사항,workout,,기각,기각 원인 및 대응,1,변제계획;기각,1402
워크아웃-변제계획-관련-기각-대응-방법,워크아웃 변제계획 관련 기각 대응 방법,workout,,기각,방법·절차 확인,1,변제계획;기각,1403
워크아웃-변제계획-관련-기각-상담,워크아웃 변제계획 관련 기각 상담,workout,,기각,상담·서비스 탐색,1,변제계획;기각,1404
워크아웃-변제수행-가능성-심사,워크아웃 변제수행 가능성 심사,workout,,기각,기각 원인 및 대응,0,,1405
워크아웃-변제수행-가능성-심사-확인사항,워크아웃 변제수행 가능성 심사 확인사항,workout,,기각,기각 원인 및 대응,0,,1406
워크아웃-변제수행-가능성-심사-대응-방법,워크아웃 변제수행 가능성 심사 대응 방법,workout,,기각,방법·절차 확인,0,,1407
워크아웃-변제수행-가능성-심사-상담,워크아웃 변제수행 가능성 심사 상담,workout,,기각,상담·서비스 탐색,0,,1408
워크아웃-기각결정문,워크아웃 기각결정문,workout,,기각,기각 원인 및 대응,1,기각,1409
워크아웃-기각결정문-확인사항,워크아웃 기각결정문 확인사항,workout,,기각,기각 원인 및 대응,1,기각,1410
워크아웃-기각결정문-대응-방법,워크아웃 기각결정문 대응 방법,workout,,기각,방법·절차 확인,1,기각,1411
워크아웃-기각결정문-상담,워크아웃 기각결정문 상담,workout,,기각,상담·서비스 탐색,1,기각,1412
워크아웃-기각-후-즉시항고,워크아웃 기각 후 즉시항고,workout,,기각,기각 원인 및 대응,1,기각,1413
워크아웃-기각-후-즉시항고-확인사항,워크아웃 기각 후 즉시항고 확인사항,workout,,기각,기각 원인 및 대응,1,기각,1414
워크아웃-기각-후-즉시항고-대응-방법,워크아웃 기각 후 즉시항고 대응 방법,workout,,기각,방법·절차 확인,1,기각,1415
워크아웃-기각-후-즉시항고-상담,워크아웃 기각 후 즉시항고 상담,workout,,기각,상담·서비스 탐색,1,기각,1416
워크아웃-기각-후-재접수,워크아웃 기각 후 재접수,workout,,기각,기각 원인 및 대응,1,기각,1417
워크아웃-기각-후-재접수-확인사항,워크아웃 기각 후 재접수 확인사항,workout,,기각,기각 원인 및 대응,1,기각,1418
워크아웃-기각-후-재접수-대응-방법,워크아웃 기각 후 재접수 대응 방법,workout,,기각,방법·절차 확인,1,기각,1419
워크아웃-기각-후-재접수-상담,워크아웃 기각 후 재접수 상담,workout,,기각,상담·서비스 탐색,1,기각,1420
워크아웃-기각-후-추심,워크아웃 기각 후 추심,workout,,기각,기각 원인 및 대응,1,기각,1421
워크아웃-기각-후-추심-확인사항,워크아웃 기각 후 추심 확인사항,workout,,기각,기각 원인 및 대응,1,기각,1422
워크아웃-기각-후-추심-대응-방법,워크아웃 기각 후 추심 대응 방법,workout,,기각,방법·절차 확인,1,기각,1423
워크아웃-기각-후-추심-상담,워크아웃 기각 후 추심 상담,workout,,기각,상담·서비스 탐색,1,기각,1424
워크아웃-기각-후-압류,워크아웃 기각 후 압류,workout,,기각,기각 원인 및 대응,1,기각,1425
워크아웃-기각-후-압류-확인사항,워크아웃 기각 후 압류 확인사항,workout,,기각,기각 원인 및 대응,1,기각,1426
워크아웃-기각-후-압류-대응-방법,워크아웃 기각 후 압류 대응 방법,workout,,기각,방법·절차 확인,1,기각,1427
워크아웃-기각-후-압류-상담,워크아웃 기각 후 압류 상담,workout,,기각,상담·서비스 탐색,1,기각,1428
워크아웃-기각-후-납부금,워크아웃 기각 후 납부금,workout,,기각,기각 원인 및 대응,1,기각,1429
워크아웃-기각-후-납부금-확인사항,워크아웃 기각 후 납부금 확인사항,workout,,기각,기각 원인 및 대응,1,기각,1430
워크아웃-기각-후-납부금-대응-방법,워크아웃 기각 후 납부금 대응 방법,workout,,기각,방법·절차 확인,1,기각,1431
워크아웃-기각-후-납부금-상담,워크아웃 기각 후 납부금 상담,workout,,기각,상담·서비스 탐색,1,기각,1432
워크아웃-기각-후-대리인-변경,워크아웃 기각 후 대리인 변경,workout,,기각,기각 원인 및 대응,1,기각,1433
워크아웃-기각-후-대리인-변경-확인사항,워크아웃 기각 후 대리인 변경 확인사항,workout,,기각,기각 원인 및 대응,1,기각,1434
워크아웃-기각-후-대리인-변경-대응-방법,워크아웃 기각 후 대리인 변경 대응 방법,workout,,기각,방법·절차 확인,1,기각,1435
워크아웃-기각-후-대리인-변경-상담,워크아웃 기각 후 대리인 변경 상담,workout,,기각,상담·서비스 탐색,1,기각,1436
워크아웃-기각-이력,워크아웃 기각 이력,workout,,기각,기각 원인 및 대응,1,기각,1437
워크아웃-기각-이력-확인사항,워크아웃 기각 이력 확인사항,workout,,기각,기각 원인 및 대응,1,기각,1438
워크아웃-기각-이력-대응-방법,워크아웃 기각 이력 대응 방법,workout,,기각,방법·절차 확인,1,기각,1439
워크아웃-기각-이력-상담,워크아웃 기각 이력 상담,workout,,기각,상담·서비스 탐색,1,기각,1440
워크아웃-변제금-미납-폐지,워크아웃 변제금 미납 폐지,workout,,폐지,폐지 예방 및 대응,1,폐지,1441
워크아웃-변제금-미납-폐지-확인사항,워크아웃 변제금 미납 폐지 확인사항,workout,,폐지,폐지 예방 및 대응,1,폐지,1442
워크아웃-변제금-미납-폐지-대응-방법,워크아웃 변제금 미납 폐지 대응 방법,workout,,폐지,방법·절차 확인,1,폐지,1443
워크아웃-변제금-미납-폐지-상담,워크아웃 변제금 미납 폐지 상담,workout,,폐지,상담·서비스 탐색,1,폐지,1444
워크아웃-인가-전-폐지,워크아웃 인가 전 폐지,workout,,폐지,폐지 예방 및 대응,1,인가;폐지,1445
워크아웃-인가-전-폐지-확인사항,워크아웃 인가 전 폐지 확인사항,workout,,폐지,폐지 예방 및 대응,1,인가;폐지,1446
워크아웃-인가-전-폐지-대응-방법,워크아웃 인가 전 폐지 대응 방법,workout,,폐지,방법·절차 확인,1,인가;폐지,1447
워크아웃-인가-전-폐지-상담,워크아웃 인가 전 폐지 상담,workout,,폐지,상담·서비스 탐색,1,인가;폐지,1448
워크아웃-인가-후-폐지,워크아웃 인가 후 폐지,workout,,폐지,폐지 예방 및 대응,1,인가;폐지,1449
워크아웃-인가-후-폐지-확인사항,워크아웃 인가 후 폐지 확인사항,workout,,폐지,폐지 예방 및 대응,1,인가;폐지,1450
워크아웃-인가-후-폐지-대응-방법,워크아웃 인가 후 폐지 대응 방법,workout,,폐지,방법·절차 확인,1,인가;폐지,1451
워크아웃-인가-후-폐지-상담,워크아웃 인가 후 폐지 상담,workout,,폐지,상담·서비스 탐색,1,인가;폐지,1452
워크아웃-채권자집회-불참-폐지,워크아웃 채권자집회 불참 폐지,workout,,폐지,폐지 예방 및 대응,1,채권자집회;폐지,1453
워크아웃-채권자집회-불참-폐지-확인사항,워크아웃 채권자집회 불참 폐지 확인사항,workout,,폐지,폐지 예방 및 대응,1,채권자집회;폐지,1454
워크아웃-채권자집회-불참-폐지-대응-방법,워크아웃 채권자집회 불참 폐지 대응 방법,workout,,폐지,방법·절차 확인,1,채권자집회;폐지,1455
워크아웃-채권자집회-불참-폐지-상담,워크아웃 채권자집회 불참 폐지 상담,workout,,폐지,상담·서비스 탐색,1,채권자집회;폐지,1456
워크아웃-폐지예정-통지,워크아웃 폐지예정 통지,workout,,폐지,폐지 예방 및 대응,1,폐지,1457
워크아웃-폐지예정-통지-확인사항,워크아웃 폐지예정 통지 확인사항,workout,,폐지,폐지 예방 및 대응,1,폐지,1458
워크아웃-폐지예정-통지-대응-방법,워크아웃 폐지예정 통지 대응 방법,workout,,폐지,방법·절차 확인,1,폐지,1459
워크아웃-폐지예정-통지-상담,워크아웃 폐지예정 통지 상담,workout,,폐지,상담·서비스 탐색,1,폐지,1460
워크아웃-폐지결정,워크아웃 폐지결정,workout,,폐지,폐지 예방 및 대응,1,폐지,1461
워크아웃-폐지결정-확인사항,워크아웃 폐지결정 확인사항,workout,,폐지,폐지 예방 및 대응,1,폐지,1462
워크아웃-폐지결정-대응-방법,워크아웃 폐지결정 대응 방법,workout,,폐지,방법·절차 확인,1,폐지,1463
워크아웃-폐지결정-상담,워크아웃 폐지결정 상담,workout,,폐지,상담·서비스 탐색,1,폐지,1464
워크아웃-폐지결정-송달,워크아웃 폐지결정 송달,workout,,폐지,폐지 예방 및 대응,1,폐지,1465
워크아웃-폐지결정-송달-확인사항,워크아웃 폐지결정 송달 확인사항,workout,,폐지,폐지 예방 및 대응,1,폐지,1466
워크아웃-폐지결정-송달-대응-방법,워크아웃 폐지결정 송달 대응 방법,workout,,폐지,방법·절차 확인,1,폐지,1467
워크아웃-폐지결정-송달-상담,워크아웃 폐지결정 송달 상담,workout,,폐지,상담·서비스 탐색,1,폐지,1468
워크아웃-폐지-후-즉시항고,워크아웃 폐지 후 즉시항고,workout,,폐지,폐지 예방 및 대응,1,폐지,1469
워크아웃-폐지-후-즉시항고-확인사항,워크아웃 폐지 후 즉시항고 확인사항,workout,,폐지,폐지 예방 및 대응,1,폐지,1470
워크아웃-폐지-후-즉시항고-대응-방법,워크아웃 폐지 후 즉시항고 대응 방법,workout,,폐지,방법·절차 확인,1,폐지,1471
워크아웃-폐지-후-즉시항고-상담,워크아웃 폐지 후 즉시항고 상담,workout,,폐지,상담·서비스 탐색,1,폐지,1472
워크아웃-폐지-후-미납금-납부,워크아웃 폐지 후 미납금 납부,workout,,폐지,폐지 예방 및 대응,1,폐지,1473
워크아웃-폐지-후-미납금-납부-확인사항,워크아웃 폐지 후 미납금 납부 확인사항,workout,,폐지,폐지 예방 및 대응,1,폐지,1474
워크아웃-폐지-후-미납금-납부-대응-방법,워크아웃 폐지 후 미납금 납부 대응 방법,workout,,폐지,방법·절차 확인,1,폐지,1475
워크아웃-폐지-후-미납금-납부-상담,워크아웃 폐지 후 미납금 납부 상담,workout,,폐지,상담·서비스 탐색,1,폐지,1476
워크아웃-폐지-후-채권추심,워크아웃 폐지 후 채권추심,workout,,폐지,폐지 예방 및 대응,1,폐지,1477
워크아웃-폐지-후-채권추심-확인사항,워크아웃 폐지 후 채권추심 확인사항,workout,,폐지,폐지 예방 및 대응,1,폐지,1478
워크아웃-폐지-후-채권추심-대응-방법,워크아웃 폐지 후 채권추심 대응 방법,workout,,폐지,방법·절차 확인,1,폐지,1479
워크아웃-폐지-후-채권추심-상담,워크아웃 폐지 후 채권추심 상담,workout,,폐지,상담·서비스 탐색,1,폐지,1480
워크아웃-폐지-후-통장압류,워크아웃 폐지 후 통장압류,workout,,폐지,폐지 예방 및 대응,1,폐지,1481
워크아웃-폐지-후-통장압류-확인사항,워크아웃 폐지 후 통장압류 확인사항,workout,,폐지,폐지 예방 및 대응,1,폐지,1482
워크아웃-폐지-후-통장압류-대응-방법,워크아웃 폐지 후 통장압류 대응 방법,workout,,폐지,방법·절차 확인,1,폐지,1483
워크아웃-폐지-후-통장압류-상담,워크아웃 폐지 후 통장압류 상담,workout,,폐지,상담·서비스 탐색,1,폐지,1484
워크아웃-폐지-후-급여압류,워크아웃 폐지 후 급여압류,workout,,폐지,폐지 예방 및 대응,1,폐지,1485
워크아웃-폐지-후-급여압류-확인사항,워크아웃 폐지 후 급여압류 확인사항,workout,,폐지,폐지 예방 및 대응,1,폐지,1486
워크아웃-폐지-후-급여압류-대응-방법,워크아웃 폐지 후 급여압류 대응 방법,workout,,폐지,방법·절차 확인,1,폐지,1487
워크아웃-폐지-후-급여압류-상담,워크아웃 폐지 후 급여압류 상담,workout,,폐지,상담·서비스 탐색,1,폐지,1488
워크아웃-폐지-후-이자,워크아웃 폐지 후 이자,workout,,폐지,폐지 예방 및 대응,1,폐지,1489
워크아웃-폐지-후-이자-확인사항,워크아웃 폐지 후 이자 확인사항,workout,,폐지,폐지 예방 및 대응,1,폐지,1490
워크아웃-폐지-후-이자-대응-방법,워크아웃 폐지 후 이자 대응 방법,workout,,폐지,방법·절차 확인,1,폐지,1491
워크아웃-폐지-후-이자-상담,워크아웃 폐지 후 이자 상담,workout,,폐지,상담·서비스 탐색,1,폐지,1492
워크아웃-폐지-후-잔여채무,워크아웃 폐지 후 잔여채무,workout,,폐지,폐지 예방 및 대응,1,폐지,1493
워크아웃-폐지-후-잔여채무-확인사항,워크아웃 폐지 후 잔여채무 확인사항,workout,,폐지,폐지 예방 및 대응,1,폐지,1494
워크아웃-폐지-후-잔여채무-대응-방법,워크아웃 폐지 후 잔여채무 대응 방법,workout,,폐지,방법·절차 확인,1,폐지,1495
워크아웃-폐지-후-잔여채무-상담,워크아웃 폐지 후 잔여채무 상담,workout,,폐지,상담·서비스 탐색,1,폐지,1496
워크아웃-폐지-후-변제금-환급,워크아웃 폐지 후 변제금 환급,workout,,폐지,폐지 예방 및 대응,1,폐지,1497
워크아웃-폐지-후-변제금-환급-확인사항,워크아웃 폐지 후 변제금 환급 확인사항,workout,,폐지,폐지 예방 및 대응,1,폐지,1498
워크아웃-폐지-후-변제금-환급-대응-방법,워크아웃 폐지 후 변제금 환급 대응 방법,workout,,폐지,방법·절차 확인,1,폐지,1499
워크아웃-폐지-후-변제금-환급-상담,워크아웃 폐지 후 변제금 환급 상담,workout,,폐지,상담·서비스 탐색,1,폐지,1500
워크아웃-폐지-후-신용정보,워크아웃 폐지 후 신용정보,workout,,폐지,폐지 예방 및 대응,1,폐지,1501
워크아웃-폐지-후-신용정보-확인사항,워크아웃 폐지 후 신용정보 확인사항,workout,,폐지,폐지 예방 및 대응,1,폐지,1502
워크아웃-폐지-후-신용정보-대응-방법,워크아웃 폐지 후 신용정보 대응 방법,workout,,폐지,방법·절차 확인,1,폐지,1503
워크아웃-폐지-후-신용정보-상담,워크아웃 폐지 후 신용정보 상담,workout,,폐지,상담·서비스 탐색,1,폐지,1504
워크아웃-폐지-후-재접수,워크아웃 폐지 후 재접수,workout,,폐지,폐지 예방 및 대응,1,폐지,1505
워크아웃-폐지-후-재접수-확인사항,워크아웃 폐지 후 재접수 확인사항,workout,,폐지,폐지 예방 및 대응,1,폐지,1506
워크아웃-폐지-후-재접수-대응-방법,워크아웃 폐지 후 재접수 대응 방법,workout,,폐지,방법·절차 확인,1,폐지,1507
워크아웃-폐지-후-재접수-상담,워크아웃 폐지 후 재접수 상담,workout,,폐지,상담·서비스 탐색,1,폐지,1508
워크아웃-폐지-후-채무조정,워크아웃 폐지 후 채무조정,workout,,폐지,폐지 예방 및 대응,1,폐지,1509
워크아웃-폐지-후-채무조정-확인사항,워크아웃 폐지 후 채무조정 확인사항,workout,,폐지,폐지 예방 및 대응,1,폐지,1510
워크아웃-폐지-후-채무조정-대응-방법,워크아웃 폐지 후 채무조정 대응 방법,workout,,폐지,방법·절차 확인,1,폐지,1511
워크아웃-폐지-후-채무조정-상담,워크아웃 폐지 후 채무조정 상담,workout,,폐지,상담·서비스 탐색,1,폐지,1512
워크아웃-실직에-따른-폐지-위험,워크아웃 실직에 따른 폐지 위험,workout,,폐지,폐지 예방 및 대응,1,폐지,1513
워크아웃-실직에-따른-폐지-위험-확인사항,워크아웃 실직에 따른 폐지 위험 확인사항,workout,,폐지,폐지 예방 및 대응,1,폐지,1514
워크아웃-실직에-따른-폐지-위험-대응-방법,워크아웃 실직에 따른 폐지 위험 대응 방법,workout,,폐지,방법·절차 확인,1,폐지,1515
워크아웃-실직에-따른-폐지-위험-상담,워크아웃 실직에 따른 폐지 위험 상담,workout,,폐지,상담·서비스 탐색,1,폐지,1516
워크아웃-폐업에-따른-폐지-위험,워크아웃 폐업에 따른 폐지 위험,workout,,폐지,폐지 예방 및 대응,1,폐지,1517
워크아웃-폐업에-따른-폐지-위험-확인사항,워크아웃 폐업에 따른 폐지 위험 확인사항,workout,,폐지,폐지 예방 및 대응,1,폐지,1518
워크아웃-폐업에-따른-폐지-위험-대응-방법,워크아웃 폐업에 따른 폐지 위험 대응 방법,workout,,폐지,방법·절차 확인,1,폐지,1519
워크아웃-폐업에-따른-폐지-위험-상담,워크아웃 폐업에 따른 폐지 위험 상담,workout,,폐지,상담·서비스 탐색,1,폐지,1520
워크아웃-두-번째-신청,워크아웃 두 번째 신청,workout,,재신청,재신청 가능성과 준비,0,,1521
워크아웃-두-번째-신청-가능-여부,워크아웃 두 번째 신청 가능 여부,workout,,재신청,재신청 가능성과 준비,0,,1522
워크아웃-두-번째-신청-준비서류,워크아웃 두 번째 신청 준비서류,workout,,재신청,서류·증빙 준비,0,,1523
워크아웃-두-번째-신청-상담,워크아웃 두 번째 신청 상담,workout,,재신청,상담·서비스 탐색,0,,1524
워크아웃-세-번째-신청,워크아웃 세 번째 신청,workout,,재신청,재신청 가능성과 준비,0,,1525
워크아웃-세-번째-신청-가능-여부,워크아웃 세 번째 신청 가능 여부,workout,,재신청,재신청 가능성과 준비,0,,1526
워크아웃-세-번째-신청-준비서류,워크아웃 세 번째 신청 준비서류,workout,,재신청,서류·증빙 준비,0,,1527
워크아웃-세-번째-신청-상담,워크아웃 세 번째 신청 상담,workout,,재신청,상담·서비스 탐색,0,,1528
워크아웃-면책-후-재신청,워크아웃 면책 후 재신청,workout,,재신청,재신청 가능성과 준비,1,재신청,1529
워크아웃-면책-후-재신청-가능-여부,워크아웃 면책 후 재신청 가능 여부,workout,,재신청,재신청 가능성과 준비,1,재신청,1530
워크아웃-면책-후-재신청-준비서류,워크아웃 면책 후 재신청 준비서류,workout,,재신청,서류·증빙 준비,1,재신청,1531
워크아웃-면책-후-재신청-상담,워크아웃 면책 후 재신청 상담,workout,,재신청,상담·서비스 탐색,1,재신청,1532
워크아웃-기각-후-재신청,워크아웃 기각 후 재신청,workout,,재신청,재신청 가능성과 준비,1,재신청;기각,1533
워크아웃-기각-후-재신청-가능-여부,워크아웃 기각 후 재신청 가능 여부,workout,,재신청,재신청 가능성과 준비,1,재신청;기각,1534
워크아웃-기각-후-재신청-준비서류,워크아웃 기각 후 재신청 준비서류,workout,,재신청,서류·증빙 준비,1,재신청;기각,1535
워크아웃-기각-후-재신청-상담,워크아웃 기각 후 재신청 상담,workout,,재신청,상담·서비스 탐색,1,재신청;기각,1536
워크아웃-폐지-후-재신청,워크아웃 폐지 후 재신청,workout,,재신청,재신청 가능성과 준비,1,폐지;재신청,1537
워크아웃-폐지-후-재신청-가능-여부,워크아웃 폐지 후 재신청 가능 여부,workout,,재신청,재신청 가능성과 준비,1,폐지;재신청,1538
워크아웃-폐지-후-재신청-준비서류,워크아웃 폐지 후 재신청 준비서류,workout,,재신청,서류·증빙 준비,1,폐지;재신청,1539
워크아웃-폐지-후-재신청-상담,워크아웃 폐지 후 재신청 상담,workout,,재신청,상담·서비스 탐색,1,폐지;재신청,1540
워크아웃-취하-후-재신청,워크아웃 취하 후 재신청,workout,,재신청,재신청 가능성과 준비,1,재신청,1541
워크아웃-취하-후-재신청-가능-여부,워크아웃 취하 후 재신청 가능 여부,workout,,재신청,재신청 가능성과 준비,1,재신청,1542
워크아웃-취하-후-재신청-준비서류,워크아웃 취하 후 재신청 준비서류,workout,,재신청,서류·증빙 준비,1,재신청,1543
워크아웃-취하-후-재신청-상담,워크아웃 취하 후 재신청 상담,workout,,재신청,상담·서비스 탐색,1,재신청,1544
워크아웃-미납-후-재신청,워크아웃 미납 후 재신청,workout,,재신청,재신청 가능성과 준비,1,재신청,1545
워크아웃-미납-후-재신청-가능-여부,워크아웃 미납 후 재신청 가능 여부,workout,,재신청,재신청 가능성과 준비,1,재신청,1546
워크아웃-미납-후-재신청-준비서류,워크아웃 미납 후 재신청 준비서류,workout,,재신청,서류·증빙 준비,1,재신청,1547
워크아웃-미납-후-재신청-상담,워크아웃 미납 후 재신청 상담,workout,,재신청,상담·서비스 탐색,1,재신청,1548
워크아웃-실직-후-재신청,워크아웃 실직 후 재신청,workout,,재신청,재신청 가능성과 준비,1,재신청,1549
워크아웃-실직-후-재신청-가능-여부,워크아웃 실직 후 재신청 가능 여부,workout,,재신청,재신청 가능성과 준비,1,재신청,1550
워크아웃-실직-후-재신청-준비서류,워크아웃 실직 후 재신청 준비서류,workout,,재신청,서류·증빙 준비,1,재신청,1551
워크아웃-실직-후-재신청-상담,워크아웃 실직 후 재신청 상담,workout,,재신청,상담·서비스 탐색,1,재신청,1552
워크아웃-재취업-후-재신청,워크아웃 재취업 후 재신청,workout,,재신청,재신청 가능성과 준비,1,재신청,1553
워크아웃-재취업-후-재신청-가능-여부,워크아웃 재취업 후 재신청 가능 여부,workout,,재신청,재신청 가능성과 준비,1,재신청,1554
워크아웃-재취업-후-재신청-준비서류,워크아웃 재취업 후 재신청 준비서류,workout,,재신청,서류·증빙 준비,1,재신청,1555
워크아웃-재취업-후-재신청-상담,워크아웃 재취업 후 재신청 상담,workout,,재신청,상담·서비스 탐색,1,재신청,1556
워크아웃-폐업-후-재신청,워크아웃 폐업 후 재신청,workout,,재신청,재신청 가능성과 준비,1,재신청,1557
워크아웃-폐업-후-재신청-가능-여부,워크아웃 폐업 후 재신청 가능 여부,workout,,재신청,재신청 가능성과 준비,1,재신청,1558
워크아웃-폐업-후-재신청-준비서류,워크아웃 폐업 후 재신청 준비서류,workout,,재신청,서류·증빙 준비,1,재신청,1559
워크아웃-폐업-후-재신청-상담,워크아웃 폐업 후 재신청 상담,workout,,재신청,상담·서비스 탐색,1,재신청,1560
워크아웃-채무-증가-후-재신청,워크아웃 채무 증가 후 재신청,workout,,재신청,재신청 가능성과 준비,1,재신청,1561
워크아웃-채무-증가-후-재신청-가능-여부,워크아웃 채무 증가 후 재신청 가능 여부,workout,,재신청,재신청 가능성과 준비,1,재신청,1562
워크아웃-채무-증가-후-재신청-준비서류,워크아웃 채무 증가 후 재신청 준비서류,workout,,재신청,서류·증빙 준비,1,재신청,1563
워크아웃-채무-증가-후-재신청-상담,워크아웃 채무 증가 후 재신청 상담,workout,,재신청,상담·서비스 탐색,1,재신청,1564
워크아웃-소득-감소-후-재신청,워크아웃 소득 감소 후 재신청,workout,,재신청,재신청 가능성과 준비,1,재신청,1565
워크아웃-소득-감소-후-재신청-가능-여부,워크아웃 소득 감소 후 재신청 가능 여부,workout,,재신청,재신청 가능성과 준비,1,재신청,1566
워크아웃-소득-감소-후-재신청-준비서류,워크아웃 소득 감소 후 재신청 준비서류,workout,,재신청,서류·증빙 준비,1,재신청,1567
워크아웃-소득-감소-후-재신청-상담,워크아웃 소득 감소 후 재신청 상담,workout,,재신청,상담·서비스 탐색,1,재신청,1568
워크아웃-부양가족-증가-후-재신청,워크아웃 부양가족 증가 후 재신청,workout,,재신청,재신청 가능성과 준비,1,재신청,1569
워크아웃-부양가족-증가-후-재신청-가능-여부,워크아웃 부양가족 증가 후 재신청 가능 여부,workout,,재신청,재신청 가능성과 준비,1,재신청,1570
워크아웃-부양가족-증가-후-재신청-준비서류,워크아웃 부양가족 증가 후 재신청 준비서류,workout,,재신청,서류·증빙 준비,1,재신청,1571
워크아웃-부양가족-증가-후-재신청-상담,워크아웃 부양가족 증가 후 재신청 상담,workout,,재신청,상담·서비스 탐색,1,재신청,1572
워크아웃-이혼-후-재신청,워크아웃 이혼 후 재신청,workout,,재신청,재신청 가능성과 준비,1,재신청,1573
워크아웃-이혼-후-재신청-가능-여부,워크아웃 이혼 후 재신청 가능 여부,workout,,재신청,재신청 가능성과 준비,1,재신청,1574
워크아웃-이혼-후-재신청-준비서류,워크아웃 이혼 후 재신청 준비서류,workout,,재신청,서류·증빙 준비,1,재신청,1575
워크아웃-이혼-후-재신청-상담,워크아웃 이혼 후 재신청 상담,workout,,재신청,상담·서비스 탐색,1,재신청,1576
워크아웃-질병-발생-후-재신청,워크아웃 질병 발생 후 재신청,workout,,재신청,재신청 가능성과 준비,1,재신청,1577
워크아웃-질병-발생-후-재신청-가능-여부,워크아웃 질병 발생 후 재신청 가능 여부,workout,,재신청,재신청 가능성과 준비,1,재신청,1578
워크아웃-질병-발생-후-재신청-준비서류,워크아웃 질병 발생 후 재신청 준비서류,workout,,재신청,서류·증빙 준비,1,재신청,1579
워크아웃-질병-발생-후-재신청-상담,워크아웃 질병 발생 후 재신청 상담,workout,,재신청,상담·서비스 탐색,1,재신청,1580
워크아웃-투자-실패-후-재신청,워크아웃 투자 실패 후 재신청,workout,,재신청,재신청 가능성과 준비,1,재신청,1581
워크아웃-투자-실패-후-재신청-가능-여부,워크아웃 투자 실패 후 재신청 가능 여부,workout,,재신청,재신청 가능성과 준비,1,재신청,1582
워크아웃-투자-실패-후-재신청-준비서류,워크아웃 투자 실패 후 재신청 준비서류,workout,,재신청,서류·증빙 준비,1,재신청,1583
워크아웃-투자-실패-후-재신청-상담,워크아웃 투자 실패 후 재신청 상담,workout,,재신청,상담·서비스 탐색,1,재신청,1584
워크아웃-사업-재개-후-재신청,워크아웃 사업 재개 후 재신청,workout,,재신청,재신청 가능성과 준비,1,재신청,1585
워크아웃-사업-재개-후-재신청-가능-여부,워크아웃 사업 재개 후 재신청 가능 여부,workout,,재신청,재신청 가능성과 준비,1,재신청,1586
워크아웃-사업-재개-후-재신청-준비서류,워크아웃 사업 재개 후 재신청 준비서류,workout,,재신청,서류·증빙 준비,1,재신청,1587
워크아웃-사업-재개-후-재신청-상담,워크아웃 사업 재개 후 재신청 상담,workout,,재신청,상담·서비스 탐색,1,재신청,1588
워크아웃-대리인-변경-후-재신청,워크아웃 대리인 변경 후 재신청,workout,,재신청,재신청 가능성과 준비,1,재신청,1589
워크아웃-대리인-변경-후-재신청-가능-여부,워크아웃 대리인 변경 후 재신청 가능 여부,workout,,재신청,재신청 가능성과 준비,1,재신청,1590
워크아웃-대리인-변경-후-재신청-준비서류,워크아웃 대리인 변경 후 재신청 준비서류,workout,,재신청,서류·증빙 준비,1,재신청,1591
워크아웃-대리인-변경-후-재신청-상담,워크아웃 대리인 변경 후 재신청 상담,workout,,재신청,상담·서비스 탐색,1,재신청,1592
워크아웃-관할-변경-후-재신청,워크아웃 관할 변경 후 재신청,workout,,재신청,재신청 가능성과 준비,1,재신청;관할,1593
워크아웃-관할-변경-후-재신청-가능-여부,워크아웃 관할 변경 후 재신청 가능 여부,workout,,재신청,재신청 가능성과 준비,1,재신청;관할,1594
워크아웃-관할-변경-후-재신청-준비서류,워크아웃 관할 변경 후 재신청 준비서류,workout,,재신청,서류·증빙 준비,1,재신청;관할,1595
워크아웃-관할-변경-후-재신청-상담,워크아웃 관할 변경 후 재신청 상담,workout,,재신청,상담·서비스 탐색,1,재신청;관할,1596
워크아웃-누락채권-포함-재신청,워크아웃 누락채권 포함 재신청,workout,,재신청,재신청 가능성과 준비,1,재신청,1597
워크아웃-누락채권-포함-재신청-가능-여부,워크아웃 누락채권 포함 재신청 가능 여부,workout,,재신청,재신청 가능성과 준비,1,재신청,1598
워크아웃-누락채권-포함-재신청-준비서류,워크아웃 누락채권 포함 재신청 준비서류,workout,,재신청,서류·증빙 준비,1,재신청,1599
워크아웃-누락채권-포함-재신청-상담,워크아웃 누락채권 포함 재신청 상담,workout,,재신청,상담·서비스 탐색,1,재신청,1600
워크아웃-면책결정,워크아웃 면책결정,workout,,면책,면책 신청과 후속 처리,0,,1601
워크아웃-면책결정-확인-방법,워크아웃 면책결정 확인 방법,workout,,면책,방법·절차 확인,0,,1602
워크아웃-면책결정-처리-절차,워크아웃 면책결정 처리 절차,workout,,면책,방법·절차 확인,0,,1603
워크아웃-면책결정-상담,워크아웃 면책결정 상담,workout,,면책,상담·서비스 탐색,0,,1604
워크아웃-면책신청서,워크아웃 면책신청서,workout,,면책,면책 신청과 후속 처리,0,,1605
워크아웃-면책신청서-확인-방법,워크아웃 면책신청서 확인 방법,workout,,면책,방법·절차 확인,0,,1606
워크아웃-면책신청서-처리-절차,워크아웃 면책신청서 처리 절차,workout,,면책,방법·절차 확인,0,,1607
워크아웃-면책신청서-상담,워크아웃 면책신청서 상담,workout,,면책,상담·서비스 탐색,0,,1608
워크아웃-면책신청-시기,워크아웃 면책신청 시기,workout,,면책,면책 신청과 후속 처리,0,,1609
워크아웃-면책신청-시기-확인-방법,워크아웃 면책신청 시기 확인 방법,workout,,면책,방법·절차 확인,0,,1610
워크아웃-면책신청-시기-처리-절차,워크아웃 면책신청 시기 처리 절차,workout,,면책,방법·절차 확인,0,,1611
워크아웃-면책신청-시기-상담,워크아웃 면책신청 시기 상담,workout,,면책,상담·서비스 탐색,0,,1612
워크아웃-변제완료-확인,워크아웃 변제완료 확인,workout,,면책,면책 신청과 후속 처리,0,,1613
워크아웃-변제완료-확인-확인-방법,워크아웃 변제완료 확인 확인 방법,workout,,면책,방법·절차 확인,0,,1614
워크아웃-변제완료-확인-처리-절차,워크아웃 변제완료 확인 처리 절차,workout,,면책,방법·절차 확인,0,,1615
워크아웃-변제완료-확인-상담,워크아웃 변제완료 확인 상담,workout,,면책,상담·서비스 탐색,0,,1616
워크아웃-최종-변제금,워크아웃 최종 변제금,workout,,면책,면책 신청과 후속 처리,0,,1617
워크아웃-최종-변제금-확인-방법,워크아웃 최종 변제금 확인 방법,workout,,면책,방법·절차 확인,0,,1618
워크아웃-최종-변제금-처리-절차,워크아웃 최종 변제금 처리 절차,workout,,면책,방법·절차 확인,0,,1619
워크아웃-최종-변제금-상담,워크아웃 최종 변제금 상담,workout,,면책,상담·서비스 탐색,0,,1620
워크아웃-미납금-정산,워크아웃 미납금 정산,workout,,면책,면책 신청과 후속 처리,0,,1621
워크아웃-미납금-정산-확인-방법,워크아웃 미납금 정산 확인 방법,workout,,면책,방법·절차 확인,0,,1622
워크아웃-미납금-정산-처리-절차,워크아웃 미납금 정산 처리 절차,workout,,면책,방법·절차 확인,0,,1623
워크아웃-미납금-정산-상담,워크아웃 미납금 정산 상담,workout,,면책,상담·서비스 탐색,0,,1624
워크아웃-특별면책,워크아웃 특별면책,workout,,면책,면책 신청과 후속 처리,0,,1625
워크아웃-특별면책-확인-방법,워크아웃 특별면책 확인 방법,workout,,면책,방법·절차 확인,0,,1626
워크아웃-특별면책-처리-절차,워크아웃 특별면책 처리 절차,workout,,면책,방법·절차 확인,0,,1627
워크아웃-특별면책-상담,워크아웃 특별면책 상담,workout,,면책,상담·서비스 탐색,0,,1628
워크아웃-면책불허가,워크아웃 면책불허가,workout,,면책,면책 신청과 후속 처리,0,,1629
워크아웃-면책불허가-확인-방법,워크아웃 면책불허가 확인 방법,workout,,면책,방법·절차 확인,0,,1630
워크아웃-면책불허가-처리-절차,워크아웃 면책불허가 처리 절차,workout,,면책,방법·절차 확인,0,,1631
워크아웃-면책불허가-상담,워크아웃 면책불허가 상담,workout,,면책,상담·서비스 탐색,0,,1632
워크아웃-면책결정-확정,워크아웃 면책결정 확정,workout,,면책,면책 신청과 후속 처리,0,,1633
워크아웃-면책결정-확정-확인-방법,워크아웃 면책결정 확정 확인 방법,workout,,면책,방법·절차 확인,0,,1634
워크아웃-면책결정-확정-처리-절차,워크아웃 면책결정 확정 처리 절차,workout,,면책,방법·절차 확인,0,,1635
워크아웃-면책결정-확정-상담,워크아웃 면책결정 확정 상담,workout,,면책,상담·서비스 탐색,0,,1636
워크아웃-면책결정문-발급,워크아웃 면책결정문 발급,workout,,면책,면책 신청과 후속 처리,0,,1637
워크아웃-면책결정문-발급-확인-방법,워크아웃 면책결정문 발급 확인 방법,workout,,면책,방법·절차 확인,0,,1638
워크아웃-면책결정문-발급-처리-절차,워크아웃 면책결정문 발급 처리 절차,workout,,면책,방법·절차 확인,0,,1639
워크아웃-면책결정문-발급-상담,워크아웃 면책결정문 발급 상담,workout,,면책,상담·서비스 탐색,0,,1640
워크아웃-확정증명원-발급,워크아웃 확정증명원 발급,workout,,면책,면책 신청과 후속 처리,0,,1641
워크아웃-확정증명원-발급-확인-방법,워크아웃 확정증명원 발급 확인 방법,workout,,면책,방법·절차 확인,0,,1642
워크아웃-확정증명원-발급-처리-절차,워크아웃 확정증명원 발급 처리 절차,workout,,면책,방법·절차 확인,0,,1643
워크아웃-확정증명원-발급-상담,워크아웃 확정증명원 발급 상담,workout,,면책,상담·서비스 탐색,0,,1644
워크아웃-면책-후-누락채권,워크아웃 면책 후 누락채권,workout,,면책,면책 신청과 후속 처리,0,,1645
워크아웃-면책-후-누락채권-확인-방법,워크아웃 면책 후 누락채권 확인 방법,workout,,면책,방법·절차 확인,0,,1646
워크아웃-면책-후-누락채권-처리-절차,워크아웃 면책 후 누락채권 처리 절차,workout,,면책,방법·절차 확인,0,,1647
워크아웃-면책-후-누락채권-상담,워크아웃 면책 후 누락채권 상담,workout,,면책,상담·서비스 탐색,0,,1648
워크아웃-면책-후-보증채무,워크아웃 면책 후 보증채무,workout,,면책,면책 신청과 후속 처리,0,,1649
워크아웃-면책-후-보증채무-확인-방법,워크아웃 면책 후 보증채무 확인 방법,workout,,면책,방법·절차 확인,0,,1650
워크아웃-면책-후-보증채무-처리-절차,워크아웃 면책 후 보증채무 처리 절차,workout,,면책,방법·절차 확인,0,,1651
워크아웃-면책-후-보증채무-상담,워크아웃 면책 후 보증채무 상담,workout,,면책,상담·서비스 탐색,0,,1652
워크아웃-면책-후-세금,워크아웃 면책 후 세금,workout,,면책,면책 신청과 후속 처리,0,,1653
워크아웃-면책-후-세금-확인-방법,워크아웃 면책 후 세금 확인 방법,workout,,면책,방법·절차 확인,0,,1654
워크아웃-면책-후-세금-처리-절차,워크아웃 면책 후 세금 처리 절차,workout,,면책,방법·절차 확인,0,,1655
워크아웃-면책-후-세금-상담,워크아웃 면책 후 세금 상담,workout,,면책,상담·서비스 탐색,0,,1656
워크아웃-면책-후-손해배상채무,워크아웃 면책 후 손해배상채무,workout,,면책,면책 신청과 후속 처리,0,,1657
워크아웃-면책-후-손해배상채무-확인-방법,워크아웃 면책 후 손해배상채무 확인 방법,workout,,면책,방법·절차 확인,0,,1658
워크아웃-면책-후-손해배상채무-처리-절차,워크아웃 면책 후 손해배상채무 처리 절차,workout,,면책,방법·절차 확인,0,,1659
워크아웃-면책-후-손해배상채무-상담,워크아웃 면책 후 손해배상채무 상담,workout,,면책,상담·서비스 탐색,0,,1660
워크아웃-면책-후-양육비,워크아웃 면책 후 양육비,workout,,면책,면책 신청과 후속 처리,0,,1661
워크아웃-면책-후-양육비-확인-방법,워크아웃 면책 후 양육비 확인 방법,workout,,면책,방법·절차 확인,0,,1662
워크아웃-면책-후-양육비-처리-절차,워크아웃 면책 후 양육비 처리 절차,workout,,면책,방법·절차 확인,0,,1663
워크아웃-면책-후-양육비-상담,워크아웃 면책 후 양육비 상담,workout,,면책,상담·서비스 탐색,0,,1664
워크아웃-면책-후-담보채무,워크아웃 면책 후 담보채무,workout,,면책,면책 신청과 후속 처리,0,,1665
워크아웃-면책-후-담보채무-확인-방법,워크아웃 면책 후 담보채무 확인 방법,workout,,면책,방법·절차 확인,0,,1666
워크아웃-면책-후-담보채무-처리-절차,워크아웃 면책 후 담보채무 처리 절차,workout,,면책,방법·절차 확인,0,,1667
워크아웃-면책-후-담보채무-상담,워크아웃 면책 후 담보채무 상담,workout,,면책,상담·서비스 탐색,0,,1668
워크아웃-면책-후-독촉장,워크아웃 면책 후 독촉장,workout,,면책,면책 신청과 후속 처리,0,,1669
워크아웃-면책-후-독촉장-확인-방법,워크아웃 면책 후 독촉장 확인 방법,workout,,면책,방법·절차 확인,0,,1670
워크아웃-면책-후-독촉장-처리-절차,워크아웃 면책 후 독촉장 처리 절차,workout,,면책,방법·절차 확인,0,,1671
워크아웃-면책-후-독촉장-상담,워크아웃 면책 후 독촉장 상담,workout,,면책,상담·서비스 탐색,0,,1672
워크아웃-면책-후-압류해제,워크아웃 면책 후 압류해제,workout,,면책,면책 신청과 후속 처리,0,,1673
워크아웃-면책-후-압류해제-확인-방법,워크아웃 면책 후 압류해제 확인 방법,workout,,면책,방법·절차 확인,0,,1674
워크아웃-면책-후-압류해제-처리-절차,워크아웃 면책 후 압류해제 처리 절차,workout,,면책,방법·절차 확인,0,,1675
워크아웃-면책-후-압류해제-상담,워크아웃 면책 후 압류해제 상담,workout,,면책,상담·서비스 탐색,0,,1676
워크아웃-면책-후-기록-정리,워크아웃 면책 후 기록 정리,workout,,면책,면책 신청과 후속 처리,0,,1677
워크아웃-면책-후-기록-정리-확인-방법,워크아웃 면책 후 기록 정리 확인 방법,workout,,면책,방법·절차 확인,0,,1678
워크아웃-면책-후-기록-정리-처리-절차,워크아웃 면책 후 기록 정리 처리 절차,workout,,면책,방법·절차 확인,0,,1679
워크아웃-면책-후-기록-정리-상담,워크아웃 면책 후 기록 정리 상담,workout,,면책,상담·서비스 탐색,0,,1680
워크아웃-신용점수,워크아웃 신용점수,workout,,신용회복,면책 후 금융생활 확인,0,,1681
워크아웃-신용점수-면책-후-확인,워크아웃 신용점수 면책 후 확인,workout,,신용회복,면책 후 금융생활 확인,0,,1682
워크아웃-신용점수-제한-여부,워크아웃 신용점수 제한 여부,workout,,신용회복,면책 후 금융생활 확인,0,,1683
워크아웃-신용점수-상담,워크아웃 신용점수 상담,workout,,신용회복,상담·서비스 탐색,0,,1684
워크아웃-신용등급,워크아웃 신용등급,workout,,신용회복,면책 후 금융생활 확인,0,,1685
워크아웃-신용등급-면책-후-확인,워크아웃 신용등급 면책 후 확인,workout,,신용회복,면책 후 금융생활 확인,0,,1686
워크아웃-신용등급-제한-여부,워크아웃 신용등급 제한 여부,workout,,신용회복,면책 후 금융생활 확인,0,,1687
워크아웃-신용등급-상담,워크아웃 신용등급 상담,workout,,신용회복,상담·서비스 탐색,0,,1688
워크아웃-공공정보-삭제,워크아웃 공공정보 삭제,workout,,신용회복,면책 후 금융생활 확인,0,,1689
워크아웃-공공정보-삭제-면책-후-확인,워크아웃 공공정보 삭제 면책 후 확인,workout,,신용회복,면책 후 금융생활 확인,0,,1690
워크아웃-공공정보-삭제-제한-여부,워크아웃 공공정보 삭제 제한 여부,workout,,신용회복,면책 후 금융생활 확인,0,,1691
워크아웃-공공정보-삭제-상담,워크아웃 공공정보 삭제 상담,workout,,신용회복,상담·서비스 탐색,0,,1692
워크아웃-연체정보-해제,워크아웃 연체정보 해제,workout,,신용회복,면책 후 금융생활 확인,0,,1693
워크아웃-연체정보-해제-면책-후-확인,워크아웃 연체정보 해제 면책 후 확인,workout,,신용회복,면책 후 금융생활 확인,0,,1694
워크아웃-연체정보-해제-제한-여부,워크아웃 연체정보 해제 제한 여부,workout,,신용회복,면책 후 금융생활 확인,0,,1695
워크아웃-연체정보-해제-상담,워크아웃 연체정보 해제 상담,workout,,신용회복,상담·서비스 탐색,0,,1696
워크아웃-신용정보-정정,워크아웃 신용정보 정정,workout,,신용회복,면책 후 금융생활 확인,0,,1697
워크아웃-신용정보-정정-면책-후-확인,워크아웃 신용정보 정정 면책 후 확인,workout,,신용회복,면책 후 금융생활 확인,0,,1698
워크아웃-신용정보-정정-제한-여부,워크아웃 신용정보 정정 제한 여부,workout,,신용회복,면책 후 금융생활 확인,0,,1699
워크아웃-신용정보-정정-상담,워크아웃 신용정보 정정 상담,workout,,신용회복,상담·서비스 탐색,0,,1700
워크아웃-금융거래-재개,워크아웃 금융거래 재개,workout,,신용회복,면책 후 금융생활 확인,0,,1701
워크아웃-금융거래-재개-면책-후-확인,워크아웃 금융거래 재개 면책 후 확인,workout,,신용회복,면책 후 금융생활 확인,0,,1702
워크아웃-금융거래-재개-제한-여부,워크아웃 금융거래 재개 제한 여부,workout,,신용회복,면책 후 금융생활 확인,0,,1703
워크아웃-금융거래-재개-상담,워크아웃 금융거래 재개 상담,workout,,신용회복,상담·서비스 탐색,0,,1704
워크아웃-체크카드-발급,워크아웃 체크카드 발급,workout,,신용회복,면책 후 금융생활 확인,0,,1705
워크아웃-체크카드-발급-면책-후-확인,워크아웃 체크카드 발급 면책 후 확인,workout,,신용회복,면책 후 금융생활 확인,0,,1706
워크아웃-체크카드-발급-제한-여부,워크아웃 체크카드 발급 제한 여부,workout,,신용회복,면책 후 금융생활 확인,0,,1707
워크아웃-체크카드-발급-상담,워크아웃 체크카드 발급 상담,workout,,신용회복,상담·서비스 탐색,0,,1708
워크아웃-신용카드-발급,워크아웃 신용카드 발급,workout,,신용회복,면책 후 금융생활 확인,0,,1709
워크아웃-신용카드-발급-면책-후-확인,워크아웃 신용카드 발급 면책 후 확인,workout,,신용회복,면책 후 금융생활 확인,0,,1710
워크아웃-신용카드-발급-제한-여부,워크아웃 신용카드 발급 제한 여부,workout,,신용회복,면책 후 금융생활 확인,0,,1711
워크아웃-신용카드-발급-상담,워크아웃 신용카드 발급 상담,workout,,신용회복,상담·서비스 탐색,0,,1712
워크아웃-통장-신규-개설,워크아웃 통장 신규 개설,workout,,신용회복,면책 후 금융생활 확인,0,,1713
워크아웃-통장-신규-개설-면책-후-확인,워크아웃 통장 신규 개설 면책 후 확인,workout,,신용회복,면책 후 금융생활 확인,0,,1714
워크아웃-통장-신규-개설-제한-여부,워크아웃 통장 신규 개설 제한 여부,workout,,신용회복,면책 후 금융생활 확인,0,,1715
워크아웃-통장-신규-개설-상담,워크아웃 통장 신규 개설 상담,workout,,신용회복,상담·서비스 탐색,0,,1716
워크아웃-급여계좌-변경,워크아웃 급여계좌 변경,workout,,신용회복,면책 후 금융생활 확인,0,,1717
워크아웃-급여계좌-변경-면책-후-확인,워크아웃 급여계좌 변경 면책 후 확인,workout,,신용회복,면책 후 금융생활 확인,0,,1718
워크아웃-급여계좌-변경-제한-여부,워크아웃 급여계좌 변경 제한 여부,workout,,신용회복,면책 후 금융생활 확인,0,,1719
워크아웃-급여계좌-변경-상담,워크아웃 급여계좌 변경 상담,workout,,신용회복,상담·서비스 탐색,0,,1720
워크아웃-휴대폰-개통,워크아웃 휴대폰 개통,workout,,신용회복,면책 후 금융생활 확인,0,,1721
워크아웃-휴대폰-개통-면책-후-확인,워크아웃 휴대폰 개통 면책 후 확인,workout,,신용회복,면책 후 금융생활 확인,0,,1722
워크아웃-휴대폰-개통-제한-여부,워크아웃 휴대폰 개통 제한 여부,workout,,신용회복,면책 후 금융생활 확인,0,,1723
워크아웃-휴대폰-개통-상담,워크아웃 휴대폰 개통 상담,workout,,신용회복,상담·서비스 탐색,0,,1724
워크아웃-통신요금-자동이체,워크아웃 통신요금 자동이체,workout,,신용회복,면책 후 금융생활 확인,0,,1725
워크아웃-통신요금-자동이체-면책-후-확인,워크아웃 통신요금 자동이체 면책 후 확인,workout,,신용회복,면책 후 금융생활 확인,0,,1726
워크아웃-통신요금-자동이체-제한-여부,워크아웃 통신요금 자동이체 제한 여부,workout,,신용회복,면책 후 금융생활 확인,0,,1727
워크아웃-통신요금-자동이체-상담,워크아웃 통신요금 자동이체 상담,workout,,신용회복,상담·서비스 탐색,0,,1728
워크아웃-보증보험-가입,워크아웃 보증보험 가입,workout,,신용회복,면책 후 금융생활 확인,0,,1729
워크아웃-보증보험-가입-면책-후-확인,워크아웃 보증보험 가입 면책 후 확인,workout,,신용회복,면책 후 금융생활 확인,0,,1730
워크아웃-보증보험-가입-제한-여부,워크아웃 보증보험 가입 제한 여부,workout,,신용회복,면책 후 금융생활 확인,0,,1731
워크아웃-보증보험-가입-상담,워크아웃 보증보험 가입 상담,workout,,신용회복,상담·서비스 탐색,0,,1732
워크아웃-전세대출-심사,워크아웃 전세대출 심사,workout,,신용회복,면책 후 금융생활 확인,0,,1733
워크아웃-전세대출-심사-면책-후-확인,워크아웃 전세대출 심사 면책 후 확인,workout,,신용회복,면책 후 금융생활 확인,0,,1734
워크아웃-전세대출-심사-제한-여부,워크아웃 전세대출 심사 제한 여부,workout,,신용회복,면책 후 금융생활 확인,0,,1735
워크아웃-전세대출-심사-상담,워크아웃 전세대출 심사 상담,workout,,신용회복,상담·서비스 탐색,0,,1736
워크아웃-주택담보대출-심사,워크아웃 주택담보대출 심사,workout,,신용회복,면책 후 금융생활 확인,0,,1737
워크아웃-주택담보대출-심사-면책-후-확인,워크아웃 주택담보대출 심사 면책 후 확인,workout,,신용회복,면책 후 금융생활 확인,0,,1738
워크아웃-주택담보대출-심사-제한-여부,워크아웃 주택담보대출 심사 제한 여부,workout,,신용회복,면책 후 금융생활 확인,0,,1739
워크아웃-주택담보대출-심사-상담,워크아웃 주택담보대출 심사 상담,workout,,신용회복,상담·서비스 탐색,0,,1740
워크아웃-자동차-할부-심사,워크아웃 자동차 할부 심사,workout,,신용회복,면책 후 금융생활 확인,0,,1741
워크아웃-자동차-할부-심사-면책-후-확인,워크아웃 자동차 할부 심사 면책 후 확인,workout,,신용회복,면책 후 금융생활 확인,0,,1742
워크아웃-자동차-할부-심사-제한-여부,워크아웃 자동차 할부 심사 제한 여부,workout,,신용회복,면책 후 금융생활 확인,0,,1743
워크아웃-자동차-할부-심사-상담,워크아웃 자동차 할부 심사 상담,workout,,신용회복,상담·서비스 탐색,0,,1744
워크아웃-소액-신용거래,워크아웃 소액 신용거래,workout,,신용회복,면책 후 금융생활 확인,0,,1745
워크아웃-소액-신용거래-면책-후-확인,워크아웃 소액 신용거래 면책 후 확인,workout,,신용회복,면책 후 금융생활 확인,0,,1746
워크아웃-소액-신용거래-제한-여부,워크아웃 소액 신용거래 제한 여부,workout,,신용회복,면책 후 금융생활 확인,0,,1747
워크아웃-소액-신용거래-상담,워크아웃 소액 신용거래 상담,workout,,신용회복,상담·서비스 탐색,0,,1748
워크아웃-은행-거래실적,워크아웃 은행 거래실적,workout,,신용회복,면책 후 금융생활 확인,0,,1749
워크아웃-은행-거래실적-면책-후-확인,워크아웃 은행 거래실적 면책 후 확인,workout,,신용회복,면책 후 금융생활 확인,0,,1750
워크아웃-은행-거래실적-제한-여부,워크아웃 은행 거래실적 제한 여부,workout,,신용회복,면책 후 금융생활 확인,0,,1751
워크아웃-은행-거래실적-상담,워크아웃 은행 거래실적 상담,workout,,신용회복,상담·서비스 탐색,0,,1752
워크아웃-신용정보조회,워크아웃 신용정보조회,workout,,신용회복,면책 후 금융생활 확인,0,,1753
워크아웃-신용정보조회-면책-후-확인,워크아웃 신용정보조회 면책 후 확인,workout,,신용회복,면책 후 금융생활 확인,0,,1754
워크아웃-신용정보조회-제한-여부,워크아웃 신용정보조회 제한 여부,workout,,신용회복,면책 후 금융생활 확인,0,,1755
워크아웃-신용정보조회-상담,워크아웃 신용정보조회 상담,workout,,신용회복,상담·서비스 탐색,0,,1756
워크아웃-채무완제-확인,워크아웃 채무완제 확인,workout,,신용회복,면책 후 금융생활 확인,0,,1757
워크아웃-채무완제-확인-면책-후-확인,워크아웃 채무완제 확인 면책 후 확인,workout,,신용회복,면책 후 금융생활 확인,0,,1758
워크아웃-채무완제-확인-제한-여부,워크아웃 채무완제 확인 제한 여부,workout,,신용회복,면책 후 금융생활 확인,0,,1759
워크아웃-채무완제-확인-상담,워크아웃 채무완제 확인 상담,workout,,신용회복,상담·서비스 탐색,0,,1760
워크아웃-실직-상태,워크아웃 실직 상태,workout,,상황형,개인 상황에 따른 신청 검토,0,,1761
워크아웃-실직-상태-신청-가능-여부,워크아웃 실직 상태 신청 가능 여부,workout,,상황형,개인 상황에 따른 신청 검토,0,,1762
워크아웃-실직-상태-준비사항,워크아웃 실직 상태 준비사항,workout,,상황형,개인 상황에 따른 신청 검토,0,,1763
워크아웃-실직-상태-상담,워크아웃 실직 상태 상담,workout,,상황형,상담·서비스 탐색,0,,1764
워크아웃-취업-직후,워크아웃 취업 직후,workout,,상황형,개인 상황에 따른 신청 검토,0,,1765
워크아웃-취업-직후-신청-가능-여부,워크아웃 취업 직후 신청 가능 여부,workout,,상황형,개인 상황에 따른 신청 검토,0,,1766
워크아웃-취업-직후-준비사항,워크아웃 취업 직후 준비사항,workout,,상황형,개인 상황에 따른 신청 검토,0,,1767
워크아웃-취업-직후-상담,워크아웃 취업 직후 상담,workout,,상황형,상담·서비스 탐색,0,,1768
워크아웃-이직-준비-중,워크아웃 이직 준비 중,workout,,상황형,개인 상황에 따른 신청 검토,0,,1769
워크아웃-이직-준비-중-신청-가능-여부,워크아웃 이직 준비 중 신청 가능 여부,workout,,상황형,개인 상황에 따른 신청 검토,0,,1770
워크아웃-이직-준비-중-준비사항,워크아웃 이직 준비 중 준비사항,workout,,상황형,개인 상황에 따른 신청 검토,0,,1771
워크아웃-이직-준비-중-상담,워크아웃 이직 준비 중 상담,workout,,상황형,상담·서비스 탐색,0,,1772
워크아웃-휴직-중,워크아웃 휴직 중,workout,,상황형,개인 상황에 따른 신청 검토,0,,1773
워크아웃-휴직-중-신청-가능-여부,워크아웃 휴직 중 신청 가능 여부,workout,,상황형,개인 상황에 따른 신청 검토,0,,1774
워크아웃-휴직-중-준비사항,워크아웃 휴직 중 준비사항,workout,,상황형,개인 상황에 따른 신청 검토,0,,1775
워크아웃-휴직-중-상담,워크아웃 휴직 중 상담,workout,,상황형,상담·서비스 탐색,0,,1776
워크아웃-육아휴직-중,워크아웃 육아휴직 중,workout,,상황형,개인 상황에 따른 신청 검토,0,,1777
워크아웃-육아휴직-중-신청-가능-여부,워크아웃 육아휴직 중 신청 가능 여부,workout,,상황형,개인 상황에 따른 신청 검토,0,,1778
워크아웃-육아휴직-중-준비사항,워크아웃 육아휴직 중 준비사항,workout,,상황형,개인 상황에 따른 신청 검토,0,,1779
워크아웃-육아휴직-중-상담,워크아웃 육아휴직 중 상담,workout,,상황형,상담·서비스 탐색,0,,1780
워크아웃-출산-예정,워크아웃 출산 예정,workout,,상황형,개인 상황에 따른 신청 검토,0,,1781
워크아웃-출산-예정-신청-가능-여부,워크아웃 출산 예정 신청 가능 여부,workout,,상황형,개인 상황에 따른 신청 검토,0,,1782
워크아웃-출산-예정-준비사항,워크아웃 출산 예정 준비사항,workout,,상황형,개인 상황에 따른 신청 검토,0,,1783
워크아웃-출산-예정-상담,워크아웃 출산 예정 상담,workout,,상황형,상담·서비스 탐색,0,,1784
워크아웃-이혼-소송-중,워크아웃 이혼 소송 중,workout,,상황형,개인 상황에 따른 신청 검토,0,,1785
워크아웃-이혼-소송-중-신청-가능-여부,워크아웃 이혼 소송 중 신청 가능 여부,workout,,상황형,개인 상황에 따른 신청 검토,0,,1786
워크아웃-이혼-소송-중-준비사항,워크아웃 이혼 소송 중 준비사항,workout,,상황형,개인 상황에 따른 신청 검토,0,,1787
워크아웃-이혼-소송-중-상담,워크아웃 이혼 소송 중 상담,workout,,상황형,상담·서비스 탐색,0,,1788
워크아웃-별거-중,워크아웃 별거 중,workout,,상황형,개인 상황에 따른 신청 검토,0,,1789
워크아웃-별거-중-신청-가능-여부,워크아웃 별거 중 신청 가능 여부,workout,,상황형,개인 상황에 따른 신청 검토,0,,1790
워크아웃-별거-중-준비사항,워크아웃 별거 중 준비사항,workout,,상황형,개인 상황에 따른 신청 검토,0,,1791
워크아웃-별거-중-상담,워크아웃 별거 중 상담,workout,,상황형,상담·서비스 탐색,0,,1792
워크아웃-재혼-예정,워크아웃 재혼 예정,workout,,상황형,개인 상황에 따른 신청 검토,0,,1793
워크아웃-재혼-예정-신청-가능-여부,워크아웃 재혼 예정 신청 가능 여부,workout,,상황형,개인 상황에 따른 신청 검토,0,,1794
워크아웃-재혼-예정-준비사항,워크아웃 재혼 예정 준비사항,workout,,상황형,개인 상황에 따른 신청 검토,0,,1795
워크아웃-재혼-예정-상담,워크아웃 재혼 예정 상담,workout,,상황형,상담·서비스 탐색,0,,1796
워크아웃-가족-몰래-신청,워크아웃 가족 몰래 신청,workout,,상황형,개인 상황에 따른 신청 검토,0,,1797
워크아웃-가족-몰래-신청-신청-가능-여부,워크아웃 가족 몰래 신청 신청 가능 여부,workout,,상황형,개인 상황에 따른 신청 검토,0,,1798
워크아웃-가족-몰래-신청-준비사항,워크아웃 가족 몰래 신청 준비사항,workout,,상황형,개인 상황에 따른 신청 검토,0,,1799
워크아웃-가족-몰래-신청-상담,워크아웃 가족 몰래 신청 상담,workout,,상황형,상담·서비스 탐색,0,,1800
워크아웃-회사-몰래-신청,워크아웃 회사 몰래 신청,workout,,상황형,개인 상황에 따른 신청 검토,0,,1801
워크아웃-회사-몰래-신청-신청-가능-여부,워크아웃 회사 몰래 신청 신청 가능 여부,workout,,상황형,개인 상황에 따른 신청 검토,0,,1802
워크아웃-회사-몰래-신청-준비사항,워크아웃 회사 몰래 신청 준비사항,workout,,상황형,개인 상황에 따른 신청 검토,0,,1803
워크아웃-회사-몰래-신청-상담,워크아웃 회사 몰래 신청 상담,workout,,상황형,상담·서비스 탐색,0,,1804
워크아웃-사업-폐업-예정,워크아웃 사업 폐업 예정,workout,,상황형,개인 상황에 따른 신청 검토,0,,1805
워크아웃-사업-폐업-예정-신청-가능-여부,워크아웃 사업 폐업 예정 신청 가능 여부,workout,,상황형,개인 상황에 따른 신청 검토,0,,1806
워크아웃-사업-폐업-예정-준비사항,워크아웃 사업 폐업 예정 준비사항,workout,,상황형,개인 상황에 따른 신청 검토,0,,1807
워크아웃-사업-폐업-예정-상담,워크아웃 사업 폐업 예정 상담,workout,,상황형,상담·서비스 탐색,0,,1808
워크아웃-사업-계속-운영,워크아웃 사업 계속 운영,workout,,상황형,개인 상황에 따른 신청 검토,0,,1809
워크아웃-사업-계속-운영-신청-가능-여부,워크아웃 사업 계속 운영 신청 가능 여부,workout,,상황형,개인 상황에 따른 신청 검토,0,,1810
워크아웃-사업-계속-운영-준비사항,워크아웃 사업 계속 운영 준비사항,workout,,상황형,개인 상황에 따른 신청 검토,0,,1811
워크아웃-사업-계속-운영-상담,워크아웃 사업 계속 운영 상담,workout,,상황형,상담·서비스 탐색,0,,1812
워크아웃-전세-계약-만료,워크아웃 전세 계약 만료,workout,,상황형,개인 상황에 따른 신청 검토,0,,1813
워크아웃-전세-계약-만료-신청-가능-여부,워크아웃 전세 계약 만료 신청 가능 여부,workout,,상황형,개인 상황에 따른 신청 검토,0,,1814
워크아웃-전세-계약-만료-준비사항,워크아웃 전세 계약 만료 준비사항,workout,,상황형,개인 상황에 따른 신청 검토,0,,1815
워크아웃-전세-계약-만료-상담,워크아웃 전세 계약 만료 상담,workout,,상황형,상담·서비스 탐색,0,,1816
워크아웃-이사-예정,워크아웃 이사 예정,workout,,상황형,개인 상황에 따른 신청 검토,0,,1817
워크아웃-이사-예정-신청-가능-여부,워크아웃 이사 예정 신청 가능 여부,workout,,상황형,개인 상황에 따른 신청 검토,0,,1818
워크아웃-이사-예정-준비사항,워크아웃 이사 예정 준비사항,workout,,상황형,개인 상황에 따른 신청 검토,0,,1819
워크아웃-이사-예정-상담,워크아웃 이사 예정 상담,workout,,상황형,상담·서비스 탐색,0,,1820
워크아웃-해외-출국-예정,워크아웃 해외 출국 예정,workout,,상황형,개인 상황에 따른 신청 검토,0,,1821
워크아웃-해외-출국-예정-신청-가능-여부,워크아웃 해외 출국 예정 신청 가능 여부,workout,,상황형,개인 상황에 따른 신청 검토,0,,1822
워크아웃-해외-출국-예정-준비사항,워크아웃 해외 출국 예정 준비사항,workout,,상황형,개인 상황에 따른 신청 검토,0,,1823
워크아웃-해외-출국-예정-상담,워크아웃 해외 출국 예정 상담,workout,,상황형,상담·서비스 탐색,0,,1824
워크아웃-수술-예정,워크아웃 수술 예정,workout,,상황형,개인 상황에 따른 신청 검토,0,,1825
워크아웃-수술-예정-신청-가능-여부,워크아웃 수술 예정 신청 가능 여부,workout,,상황형,개인 상황에 따른 신청 검토,0,,1826
워크아웃-수술-예정-준비사항,워크아웃 수술 예정 준비사항,workout,,상황형,개인 상황에 따른 신청 검토,0,,1827
워크아웃-수술-예정-상담,워크아웃 수술 예정 상담,workout,,상황형,상담·서비스 탐색,0,,1828
워크아웃-장기-입원-중,워크아웃 장기 입원 중,workout,,상황형,개인 상황에 따른 신청 검토,0,,1829
워크아웃-장기-입원-중-신청-가능-여부,워크아웃 장기 입원 중 신청 가능 여부,workout,,상황형,개인 상황에 따른 신청 검토,0,,1830
워크아웃-장기-입원-중-준비사항,워크아웃 장기 입원 중 준비사항,workout,,상황형,개인 상황에 따른 신청 검토,0,,1831
워크아웃-장기-입원-중-상담,워크아웃 장기 입원 중 상담,workout,,상황형,상담·서비스 탐색,0,,1832
워크아웃-사기-피해-발생,워크아웃 사기 피해 발생,workout,,상황형,개인 상황에 따른 신청 검토,0,,1833
워크아웃-사기-피해-발생-신청-가능-여부,워크아웃 사기 피해 발생 신청 가능 여부,workout,,상황형,개인 상황에 따른 신청 검토,0,,1834
워크아웃-사기-피해-발생-준비사항,워크아웃 사기 피해 발생 준비사항,workout,,상황형,개인 상황에 따른 신청 검토,0,,1835
워크아웃-사기-피해-발생-상담,워크아웃 사기 피해 발생 상담,workout,,상황형,상담·서비스 탐색,0,,1836
워크아웃-보이스피싱-피해,워크아웃 보이스피싱 피해,workout,,상황형,개인 상황에 따른 신청 검토,0,,1837
워크아웃-보이스피싱-피해-신청-가능-여부,워크아웃 보이스피싱 피해 신청 가능 여부,workout,,상황형,개인 상황에 따른 신청 검토,0,,1838
워크아웃-보이스피싱-피해-준비사항,워크아웃 보이스피싱 피해 준비사항,workout,,상황형,개인 상황에 따른 신청 검토,0,,1839
워크아웃-보이스피싱-피해-상담,워크아웃 보이스피싱 피해 상담,workout,,상황형,상담·서비스 탐색,0,,1840
워크아웃-신청비용,워크아웃 신청비용,workout,,비용·상담,비용 및 대리인 선택,0,,1841
워크아웃-신청비용-안내,워크아웃 신청비용 안내,workout,,비용·상담,비용 및 대리인 선택,0,,1842
워크아웃-신청비용-확인사항,워크아웃 신청비용 확인사항,workout,,비용·상담,비용 및 대리인 선택,0,,1843
워크아웃-신청비용-비교,워크아웃 신청비용 비교,workout,,비용·상담,비교·선택 검토,0,,1844
워크아웃-법원-인지대,워크아웃 법원 인지대,workout,,비용·상담,비용 및 대리인 선택,1,법원,1845
워크아웃-법원-인지대-안내,워크아웃 법원 인지대 안내,workout,,비용·상담,비용 및 대리인 선택,1,법원,1846
워크아웃-법원-인지대-확인사항,워크아웃 법원 인지대 확인사항,workout,,비용·상담,비용 및 대리인 선택,1,법원,1847
워크아웃-법원-인지대-비교,워크아웃 법원 인지대 비교,workout,,비용·상담,비교·선택 검토,1,법원,1848
워크아웃-송달료,워크아웃 송달료,workout,,비용·상담,비용 및 대리인 선택,0,,1849
워크아웃-송달료-안내,워크아웃 송달료 안내,workout,,비용·상담,비용 및 대리인 선택,0,,1850
워크아웃-송달료-확인사항,워크아웃 송달료 확인사항,workout,,비용·상담,비용 및 대리인 선택,0,,1851
워크아웃-송달료-비교,워크아웃 송달료 비교,workout,,비용·상담,비교·선택 검토,0,,1852
워크아웃-회생위원-보수,워크아웃 회생위원 보수,workout,,비용·상담,비용 및 대리인 선택,1,회생위원,1853
워크아웃-회생위원-보수-안내,워크아웃 회생위원 보수 안내,workout,,비용·상담,비용 및 대리인 선택,1,회생위원,1854
워크아웃-회생위원-보수-확인사항,워크아웃 회생위원 보수 확인사항,workout,,비용·상담,비용 및 대리인 선택,1,회생위원,1855
워크아웃-회생위원-보수-비교,워크아웃 회생위원 보수 비교,workout,,비용·상담,비교·선택 검토,1,회생위원,1856
워크아웃-변호사-수임료,워크아웃 변호사 수임료,workout,,비용·상담,비용 및 대리인 선택,0,,1857
워크아웃-변호사-수임료-안내,워크아웃 변호사 수임료 안내,workout,,비용·상담,비용 및 대리인 선택,0,,1858
워크아웃-변호사-수임료-확인사항,워크아웃 변호사 수임료 확인사항,workout,,비용·상담,비용 및 대리인 선택,0,,1859
워크아웃-변호사-수임료-비교,워크아웃 변호사 수임료 비교,workout,,비용·상담,비교·선택 검토,0,,1860
워크아웃-법무사-보수,워크아웃 법무사 보수,workout,,비용·상담,비용 및 대리인 선택,0,,1861
워크아웃-법무사-보수-안내,워크아웃 법무사 보수 안내,workout,,비용·상담,비용 및 대리인 선택,0,,1862
워크아웃-법무사-보수-확인사항,워크아웃 법무사 보수 확인사항,workout,,비용·상담,비용 및 대리인 선택,0,,1863
워크아웃-법무사-보수-비교,워크아웃 법무사 보수 비교,workout,,비용·상담,비교·선택 검토,0,,1864
워크아웃-부채증명서-발급비,워크아웃 부채증명서 발급비,workout,,비용·상담,비용 및 대리인 선택,0,,1865
워크아웃-부채증명서-발급비-안내,워크아웃 부채증명서 발급비 안내,workout,,비용·상담,비용 및 대리인 선택,0,,1866
워크아웃-부채증명서-발급비-확인사항,워크아웃 부채증명서 발급비 확인사항,workout,,비용·상담,비용 및 대리인 선택,0,,1867
워크아웃-부채증명서-발급비-비교,워크아웃 부채증명서 발급비 비교,workout,,비용·상담,비교·선택 검토,0,,1868
워크아웃-추가-보정-비용,워크아웃 추가 보정 비용,workout,,비용·상담,비용 및 대리인 선택,1,보정,1869
워크아웃-추가-보정-비용-안내,워크아웃 추가 보정 비용 안내,workout,,비용·상담,비용 및 대리인 선택,1,보정,1870
워크아웃-추가-보정-비용-확인사항,워크아웃 추가 보정 비용 확인사항,workout,,비용·상담,비용 및 대리인 선택,1,보정,1871
워크아웃-추가-보정-비용-비교,워크아웃 추가 보정 비용 비교,workout,,비용·상담,비교·선택 검토,1,보정,1872
워크아웃-재신청-비용,워크아웃 재신청 비용,workout,,비용·상담,비용 및 대리인 선택,1,재신청,1873
워크아웃-재신청-비용-안내,워크아웃 재신청 비용 안내,workout,,비용·상담,비용 및 대리인 선택,1,재신청,1874
워크아웃-재신청-비용-확인사항,워크아웃 재신청 비용 확인사항,workout,,비용·상담,비용 및 대리인 선택,1,재신청,1875
워크아웃-재신청-비용-비교,워크아웃 재신청 비용 비교,workout,,비용·상담,비교·선택 검토,1,재신청,1876
워크아웃-항고-비용,워크아웃 항고 비용,workout,,비용·상담,비용 및 대리인 선택,0,,1877
워크아웃-항고-비용-안내,워크아웃 항고 비용 안내,workout,,비용·상담,비용 및 대리인 선택,0,,1878
워크아웃-항고-비용-확인사항,워크아웃 항고 비용 확인사항,workout,,비용·상담,비용 및 대리인 선택,0,,1879
워크아웃-항고-비용-비교,워크아웃 항고 비용 비교,workout,,비용·상담,비교·선택 검토,0,,1880
워크아웃-수임료-분납,워크아웃 수임료 분납,workout,,비용·상담,비용 및 대리인 선택,0,,1881
워크아웃-수임료-분납-안내,워크아웃 수임료 분납 안내,workout,,비용·상담,비용 및 대리인 선택,0,,1882
워크아웃-수임료-분납-확인사항,워크아웃 수임료 분납 확인사항,workout,,비용·상담,비용 및 대리인 선택,0,,1883
워크아웃-수임료-분납-비교,워크아웃 수임료 분납 비교,workout,,비용·상담,비교·선택 검토,0,,1884
워크아웃-수임료-환불,워크아웃 수임료 환불,workout,,비용·상담,비용 및 대리인 선택,0,,1885
워크아웃-수임료-환불-안내,워크아웃 수임료 환불 안내,workout,,비용·상담,비용 및 대리인 선택,0,,1886
워크아웃-수임료-환불-확인사항,워크아웃 수임료 환불 확인사항,workout,,비용·상담,비용 및 대리인 선택,0,,1887
워크아웃-수임료-환불-비교,워크아웃 수임료 환불 비교,workout,,비용·상담,비교·선택 검토,0,,1888
워크아웃-무료상담,워크아웃 무료상담,workout,,비용·상담,비용 및 대리인 선택,0,,1889
워크아웃-무료상담-안내,워크아웃 무료상담 안내,workout,,비용·상담,비용 및 대리인 선택,0,,1890
워크아웃-무료상담-확인사항,워크아웃 무료상담 확인사항,workout,,비용·상담,비용 및 대리인 선택,0,,1891
워크아웃-무료상담-비교,워크아웃 무료상담 비교,workout,,비용·상담,비교·선택 검토,0,,1892
워크아웃-방문상담,워크아웃 방문상담,workout,,비용·상담,비용 및 대리인 선택,0,,1893
워크아웃-방문상담-안내,워크아웃 방문상담 안내,workout,,비용·상담,비용 및 대리인 선택,0,,1894
워크아웃-방문상담-확인사항,워크아웃 방문상담 확인사항,workout,,비용·상담,비용 및 대리인 선택,0,,1895
워크아웃-방문상담-비교,워크아웃 방문상담 비교,workout,,비용·상담,비교·선택 검토,0,,1896
워크아웃-전화상담,워크아웃 전화상담,workout,,비용·상담,비용 및 대리인 선택,0,,1897
워크아웃-전화상담-안내,워크아웃 전화상담 안내,workout,,비용·상담,비용 및 대리인 선택,0,,1898
워크아웃-전화상담-확인사항,워크아웃 전화상담 확인사항,workout,,비용·상담,비용 및 대리인 선택,0,,1899
워크아웃-전화상담-비교,워크아웃 전화상담 비교,workout,,비용·상담,비교·선택 검토,0,,1900
워크아웃-온라인상담,워크아웃 온라인상담,workout,,비용·상담,비용 및 대리인 선택,0,,1901
워크아웃-온라인상담-안내,워크아웃 온라인상담 안내,workout,,비용·상담,비용 및 대리인 선택,0,,1902
워크아웃-온라인상담-확인사항,워크아웃 온라인상담 확인사항,workout,,비용·상담,비용 및 대리인 선택,0,,1903
워크아웃-온라인상담-비교,워크아웃 온라인상담 비교,workout,,비용·상담,비교·선택 검토,0,,1904
워크아웃-법률구조-지원,워크아웃 법률구조 지원,workout,,비용·상담,비용 및 대리인 선택,0,,1905
워크아웃-법률구조-지원-안내,워크아웃 법률구조 지원 안내,workout,,비용·상담,비용 및 대리인 선택,0,,1906
워크아웃-법률구조-지원-확인사항,워크아웃 법률구조 지원 확인사항,workout,,비용·상담,비용 및 대리인 선택,0,,1907
워크아웃-법률구조-지원-비교,워크아웃 법률구조 지원 비교,workout,,비용·상담,비교·선택 검토,0,,1908
워크아웃-변호사-선임,워크아웃 변호사 선임,workout,,비용·상담,비용 및 대리인 선택,0,,1909
워크아웃-변호사-선임-안내,워크아웃 변호사 선임 안내,workout,,비용·상담,비용 및 대리인 선택,0,,1910
워크아웃-변호사-선임-확인사항,워크아웃 변호사 선임 확인사항,workout,,비용·상담,비용 및 대리인 선택,0,,1911
워크아웃-변호사-선임-비교,워크아웃 변호사 선임 비교,workout,,비용·상담,비교·선택 검토,0,,1912
워크아웃-법무사-선임,워크아웃 법무사 선임,workout,,비용·상담,비용 및 대리인 선택,0,,1913
워크아웃-법무사-선임-안내,워크아웃 법무사 선임 안내,workout,,비용·상담,비용 및 대리인 선택,0,,1914
워크아웃-법무사-선임-확인사항,워크아웃 법무사 선임 확인사항,workout,,비용·상담,비용 및 대리인 선택,0,,1915
워크아웃-법무사-선임-비교,워크아웃 법무사 선임 비교,workout,,비용·상담,비교·선택 검토,0,,1916
워크아웃-대리인-변경,워크아웃 대리인 변경,workout,,비용·상담,비용 및 대리인 선택,0,,1917
워크아웃-대리인-변경-안내,워크아웃 대리인 변경 안내,workout,,비용·상담,비용 및 대리인 선택,0,,1918
워크아웃-대리인-변경-확인사항,워크아웃 대리인 변경 확인사항,workout,,비용·상담,비용 및 대리인 선택,0,,1919
워크아웃-대리인-변경-비교,워크아웃 대리인 변경 비교,workout,,비용·상담,비교·선택 검토,0,,1920
워크아웃-개인파산-차이,워크아웃 개인파산 차이,workout,,제도비교,채무조정 제도 및 대안 비교,0,,1921
워크아웃-개인파산-차이-선택-기준,워크아웃 개인파산 차이 선택 기준,workout,,제도비교,비교·선택 검토,0,,1922
워크아웃-개인파산-차이-장단점,워크아웃 개인파산 차이 장단점,workout,,제도비교,비교·선택 검토,0,,1923
워크아웃-개인파산-차이-상담,워크아웃 개인파산 차이 상담,workout,,제도비교,상담·서비스 탐색,0,,1924
워크아웃-신속채무조정-차이,워크아웃 신속채무조정 차이,workout,,제도비교,채무조정 제도 및 대안 비교,0,,1933
워크아웃-신속채무조정-차이-선택-기준,워크아웃 신속채무조정 차이 선택 기준,workout,,제도비교,비교·선택 검토,0,,1934
워크아웃-신속채무조정-차이-장단점,워크아웃 신속채무조정 차이 장단점,workout,,제도비교,비교·선택 검토,0,,1935
워크아웃-신속채무조정-차이-상담,워크아웃 신속채무조정 차이 상담,workout,,제도비교,상담·서비스 탐색,0,,1936
워크아웃-신용회복위원회-비교,워크아웃 신용회복위원회 비교,workout,,제도비교,채무조정 제도 및 대안 비교,0,,1937
워크아웃-신용회복위원회-비교-선택-기준,워크아웃 신용회복위원회 비교 선택 기준,workout,,제도비교,비교·선택 검토,0,,1938
워크아웃-신용회복위원회-비교-장단점,워크아웃 신용회복위원회 비교 장단점,workout,,제도비교,비교·선택 검토,0,,1939
워크아웃-신용회복위원회-비교-상담,워크아웃 신용회복위원회 비교 상담,workout,,제도비교,상담·서비스 탐색,0,,1940
워크아웃-파산면책-비교,워크아웃 파산면책 비교,workout,,제도비교,채무조정 제도 및 대안 비교,0,,1941
워크아웃-파산면책-비교-선택-기준,워크아웃 파산면책 비교 선택 기준,workout,,제도비교,비교·선택 검토,0,,1942
워크아웃-파산면책-비교-장단점,워크아웃 파산면책 비교 장단점,workout,,제도비교,비교·선택 검토,0,,1943
워크아웃-파산면책-비교-상담,워크아웃 파산면책 비교 상담,workout,,제도비교,상담·서비스 탐색,0,,1944
워크아웃-법인회생-차이,워크아웃 법인회생 차이,workout,,제도비교,채무조정 제도 및 대안 비교,0,,1945
워크아웃-법인회생-차이-선택-기준,워크아웃 법인회생 차이 선택 기준,workout,,제도비교,비교·선택 검토,0,,1946
워크아웃-법인회생-차이-장단점,워크아웃 법인회생 차이 장단점,workout,,제도비교,비교·선택 검토,0,,1947
워크아웃-법인회생-차이-상담,워크아웃 법인회생 차이 상담,workout,,제도비교,상담·서비스 탐색,0,,1948
워크아웃-일반회생-차이,워크아웃 일반회생 차이,workout,,제도비교,채무조정 제도 및 대안 비교,0,,1949
워크아웃-일반회생-차이-선택-기준,워크아웃 일반회생 차이 선택 기준,workout,,제도비교,비교·선택 검토,0,,1950
워크아웃-일반회생-차이-장단점,워크아웃 일반회생 차이 장단점,workout,,제도비교,비교·선택 검토,0,,1951
워크아웃-일반회생-차이-상담,워크아웃 일반회생 차이 상담,workout,,제도비교,상담·서비스 탐색,0,,1952
워크아웃-채무통합대출-비교,워크아웃 채무통합대출 비교,workout,,제도비교,채무조정 제도 및 대안 비교,0,,1953
워크아웃-채무통합대출-비교-선택-기준,워크아웃 채무통합대출 비교 선택 기준,workout,,제도비교,비교·선택 검토,0,,1954
워크아웃-채무통합대출-비교-장단점,워크아웃 채무통합대출 비교 장단점,workout,,제도비교,비교·선택 검토,0,,1955
워크아웃-채무통합대출-비교-상담,워크아웃 채무통합대출 비교 상담,workout,,제도비교,상담·서비스 탐색,0,,1956
워크아웃-대환대출-비교,워크아웃 대환대출 비교,workout,,제도비교,채무조정 제도 및 대안 비교,0,,1957
워크아웃-대환대출-비교-선택-기준,워크아웃 대환대출 비교 선택 기준,workout,,제도비교,비교·선택 검토,0,,1958
워크아웃-대환대출-비교-장단점,워크아웃 대환대출 비교 장단점,workout,,제도비교,비교·선택 검토,0,,1959
워크아웃-대환대출-비교-상담,워크아웃 대환대출 비교 상담,workout,,제도비교,상담·서비스 탐색,0,,1960
워크아웃-새출발기금-비교,워크아웃 새출발기금 비교,workout,,제도비교,채무조정 제도 및 대안 비교,0,,1961
워크아웃-새출발기금-비교-선택-기준,워크아웃 새출발기금 비교 선택 기준,workout,,제도비교,비교·선택 검토,0,,1962
워크아웃-새출발기금-비교-장단점,워크아웃 새출발기금 비교 장단점,workout,,제도비교,비교·선택 검토,0,,1963
워크아웃-새출발기금-비교-상담,워크아웃 새출발기금 비교 상담,workout,,제도비교,상담·서비스 탐색,0,,1964
워크아웃-사적-채무조정-비교,워크아웃 사적 채무조정 비교,workout,,제도비교,채무조정 제도 및 대안 비교,0,,1965
워크아웃-사적-채무조정-비교-선택-기준,워크아웃 사적 채무조정 비교 선택 기준,workout,,제도비교,비교·선택 검토,0,,1966
워크아웃-사적-채무조정-비교-장단점,워크아웃 사적 채무조정 비교 장단점,workout,,제도비교,비교·선택 검토,0,,1967
워크아웃-사적-채무조정-비교-상담,워크아웃 사적 채무조정 비교 상담,workout,,제도비교,상담·서비스 탐색,0,,1968
워크아웃-배드뱅크-채무조정-비교,워크아웃 배드뱅크 채무조정 비교,workout,,제도비교,채무조정 제도 및 대안 비교,0,,1969
워크아웃-배드뱅크-채무조정-비교-선택-기준,워크아웃 배드뱅크 채무조정 비교 선택 기준,workout,,제도비교,비교·선택 검토,0,,1970
워크아웃-배드뱅크-채무조정-비교-장단점,워크아웃 배드뱅크 채무조정 비교 장단점,workout,,제도비교,비교·선택 검토,0,,1971
워크아웃-배드뱅크-채무조정-비교-상담,워크아웃 배드뱅크 채무조정 비교 상담,workout,,제도비교,상담·서비스 탐색,0,,1972
워크아웃-장기연체-채무조정-비교,워크아웃 장기연체 채무조정 비교,workout,,제도비교,채무조정 제도 및 대안 비교,0,,1973
워크아웃-장기연체-채무조정-비교-선택-기준,워크아웃 장기연체 채무조정 비교 선택 기준,workout,,제도비교,비교·선택 검토,0,,1974
워크아웃-장기연체-채무조정-비교-장단점,워크아웃 장기연체 채무조정 비교 장단점,workout,,제도비교,비교·선택 검토,0,,1975
워크아웃-장기연체-채무조정-비교-상담,워크아웃 장기연체 채무조정 비교 상담,workout,,제도비교,상담·서비스 탐색,0,,1976
워크아웃-담보대출-채무조정-비교,워크아웃 담보대출 채무조정 비교,workout,,제도비교,채무조정 제도 및 대안 비교,0,,1977
워크아웃-담보대출-채무조정-비교-선택-기준,워크아웃 담보대출 채무조정 비교 선택 기준,workout,,제도비교,비교·선택 검토,0,,1978
워크아웃-담보대출-채무조정-비교-장단점,워크아웃 담보대출 채무조정 비교 장단점,workout,,제도비교,비교·선택 검토,0,,1979
워크아웃-담보대출-채무조정-비교-상담,워크아웃 담보대출 채무조정 비교 상담,workout,,제도비교,상담·서비스 탐색,0,,1980
워크아웃-은행-자체-채무조정-비교,워크아웃 은행 자체 채무조정 비교,workout,,제도비교,채무조정 제도 및 대안 비교,0,,1981
워크아웃-은행-자체-채무조정-비교-선택-기준,워크아웃 은행 자체 채무조정 비교 선택 기준,workout,,제도비교,비교·선택 검토,0,,1982
워크아웃-은행-자체-채무조정-비교-장단점,워크아웃 은행 자체 채무조정 비교 장단점,workout,,제도비교,비교·선택 검토,0,,1983
워크아웃-은행-자체-채무조정-비교-상담,워크아웃 은행 자체 채무조정 비교 상담,workout,,제도비교,상담·서비스 탐색,0,,1984
워크아웃-분할상환-협의-비교,워크아웃 분할상환 협의 비교,workout,,제도비교,채무조정 제도 및 대안 비교,0,,1985
워크아웃-분할상환-협의-비교-선택-기준,워크아웃 분할상환 협의 비교 선택 기준,workout,,제도비교,비교·선택 검토,0,,1986
워크아웃-분할상환-협의-비교-장단점,워크아웃 분할상환 협의 비교 장단점,workout,,제도비교,비교·선택 검토,0,,1987
워크아웃-분할상환-협의-비교-상담,워크아웃 분할상환 협의 비교 상담,workout,,제도비교,상담·서비스 탐색,0,,1988
워크아웃-이자-감면-협의-비교,워크아웃 이자 감면 협의 비교,workout,,제도비교,채무조정 제도 및 대안 비교,0,,1989
워크아웃-이자-감면-협의-비교-선택-기준,워크아웃 이자 감면 협의 비교 선택 기준,workout,,제도비교,비교·선택 검토,0,,1990
워크아웃-이자-감면-협의-비교-장단점,워크아웃 이자 감면 협의 비교 장단점,workout,,제도비교,비교·선택 검토,0,,1991
워크아웃-이자-감면-협의-비교-상담,워크아웃 이자 감면 협의 비교 상담,workout,,제도비교,상담·서비스 탐색,0,,1992
워크아웃-원금-감면-협의-비교,워크아웃 원금 감면 협의 비교,workout,,제도비교,채무조정 제도 및 대안 비교,0,,1993
워크아웃-원금-감면-협의-비교-선택-기준,워크아웃 원금 감면 협의 비교 선택 기준,workout,,제도비교,비교·선택 검토,0,,1994
워크아웃-원금-감면-협의-비교-장단점,워크아웃 원금 감면 협의 비교 장단점,workout,,제도비교,비교·선택 검토,0,,1995
워크아웃-원금-감면-협의-비교-상담,워크아웃 원금 감면 협의 비교 상담,workout,,제도비교,상담·서비스 탐색,0,,1996
워크아웃-채무조정-전환,워크아웃 채무조정 전환,workout,,제도비교,채무조정 제도 및 대안 비교,0,,1997
워크아웃-채무조정-전환-선택-기준,워크아웃 채무조정 전환 선택 기준,workout,,제도비교,비교·선택 검토,0,,1998
워크아웃-채무조정-전환-장단점,워크아웃 채무조정 전환 장단점,workout,,제도비교,비교·선택 검토,0,,1999
워크아웃-채무조정-전환-상담,워크아웃 채무조정 전환 상담,workout,,제도비교,상담·서비스 탐색,0,,2000
채무조정-신청자격,채무조정 신청자격,adjust,,신청자격,신청 가능 여부,0,,1
채무조정-신청자격-확인,채무조정 신청자격 확인,adjust,,신청자격,신청 가능 여부,0,,2
채무조정-신청자격-상담,채무조정 신청자격 상담,adjust,,신청자격,상담·서비스 탐색,0,,3
채무조정-신청자격-사례,채무조정 신청자격 사례,adjust,,신청자격,사례·경험 탐색,0,,4
채무조정-자격조건,채무조정 자격조건,adjust,,신청자격,신청 가능 여부,0,,5
채무조정-자격조건-확인,채무조정 자격조건 확인,adjust,,신청자격,신청 가능 여부,0,,6
채무조정-자격조건-상담,채무조정 자격조건 상담,adjust,,신청자격,상담·서비스 탐색,0,,7
채무조정-자격조건-사례,채무조정 자격조건 사례,adjust,,신청자격,사례·경험 탐색,0,,8
채무조정-신청대상,채무조정 신청대상,adjust,,신청자격,신청 가능 여부,0,,9
채무조정-신청대상-확인,채무조정 신청대상 확인,adjust,,신청자격,신청 가능 여부,0,,10
채무조정-신청대상-상담,채무조정 신청대상 상담,adjust,,신청자격,상담·서비스 탐색,0,,11
채무조정-신청대상-사례,채무조정 신청대상 사례,adjust,,신청자격,사례·경험 탐색,0,,12
채무조정-소득-요건,채무조정 소득 요건,adjust,,신청자격,신청 가능 여부,0,,13
채무조정-소득-요건-확인,채무조정 소득 요건 확인,adjust,,신청자격,신청 가능 여부,0,,14
채무조정-소득-요건-상담,채무조정 소득 요건 상담,adjust,,신청자격,상담·서비스 탐색,0,,15
채무조정-소득-요건-사례,채무조정 소득 요건 사례,adjust,,신청자격,사례·경험 탐색,0,,16
채무조정-채무-한도,채무조정 채무 한도,adjust,,신청자격,신청 가능 여부,0,,17
채무조정-채무-한도-확인,채무조정 채무 한도 확인,adjust,,신청자격,신청 가능 여부,0,,18
채무조정-채무-한도-상담,채무조정 채무 한도 상담,adjust,,신청자격,상담·서비스 탐색,0,,19
채무조정-채무-한도-사례,채무조정 채무 한도 사례,adjust,,신청자격,사례·경험 탐색,0,,20
채무조정-재산-요건,채무조정 재산 요건,adjust,,신청자격,신청 가능 여부,0,,21
채무조정-재산-요건-확인,채무조정 재산 요건 확인,adjust,,신청자격,신청 가능 여부,0,,22
채무조정-재산-요건-상담,채무조정 재산 요건 상담,adjust,,신청자격,상담·서비스 탐색,0,,23
채무조정-재산-요건-사례,채무조정 재산 요건 사례,adjust,,신청자격,사례·경험 탐색,0,,24
채무조정-연체-전-신청,채무조정 연체 전 신청,adjust,,신청자격,신청 가능 여부,0,,25
채무조정-연체-전-신청-확인,채무조정 연체 전 신청 확인,adjust,,신청자격,신청 가능 여부,0,,26
채무조정-연체-전-신청-상담,채무조정 연체 전 신청 상담,adjust,,신청자격,상담·서비스 탐색,0,,27
채무조정-연체-전-신청-사례,채무조정 연체 전 신청 사례,adjust,,신청자격,사례·경험 탐색,0,,28
채무조정-연체-후-신청,채무조정 연체 후 신청,adjust,,신청자격,신청 가능 여부,0,,29
채무조정-연체-후-신청-확인,채무조정 연체 후 신청 확인,adjust,,신청자격,신청 가능 여부,0,,30
채무조정-연체-후-신청-상담,채무조정 연체 후 신청 상담,adjust,,신청자격,상담·서비스 탐색,0,,31
채무조정-연체-후-신청-사례,채무조정 연체 후 신청 사례,adjust,,신청자격,사례·경험 탐색,0,,32
채무조정-신용불량-상태-신청,채무조정 신용불량 상태 신청,adjust,,신청자격,신청 가능 여부,0,,33
채무조정-신용불량-상태-신청-확인,채무조정 신용불량 상태 신청 확인,adjust,,신청자격,신청 가능 여부,0,,34
채무조정-신용불량-상태-신청-상담,채무조정 신용불량 상태 신청 상담,adjust,,신청자격,상담·서비스 탐색,0,,35
채무조정-신용불량-상태-신청-사례,채무조정 신용불량 상태 신청 사례,adjust,,신청자격,사례·경험 탐색,0,,36
채무조정-신규-취업자-신청,채무조정 신규 취업자 신청,adjust,,신청자격,신청 가능 여부,0,,37
채무조정-신규-취업자-신청-확인,채무조정 신규 취업자 신청 확인,adjust,,신청자격,신청 가능 여부,0,,38
채무조정-신규-취업자-신청-상담,채무조정 신규 취업자 신청 상담,adjust,,신청자격,상담·서비스 탐색,0,,39
채무조정-신규-취업자-신청-사례,채무조정 신규 취업자 신청 사례,adjust,,신청자격,사례·경험 탐색,0,,40
채무조정-단기-근무자-신청,채무조정 단기 근무자 신청,adjust,,신청자격,신청 가능 여부,0,,41
채무조정-단기-근무자-신청-확인,채무조정 단기 근무자 신청 확인,adjust,,신청자격,신청 가능 여부,0,,42
채무조정-단기-근무자-신청-상담,채무조정 단기 근무자 신청 상담,adjust,,신청자격,상담·서비스 탐색,0,,43
채무조정-단기-근무자-신청-사례,채무조정 단기 근무자 신청 사례,adjust,,신청자격,사례·경험 탐색,0,,44
채무조정-고령자-신청,채무조정 고령자 신청,adjust,,신청자격,신청 가능 여부,0,,45
채무조정-고령자-신청-확인,채무조정 고령자 신청 확인,adjust,,신청자격,신청 가능 여부,0,,46
채무조정-고령자-신청-상담,채무조정 고령자 신청 상담,adjust,,신청자격,상담·서비스 탐색,0,,47
채무조정-고령자-신청-사례,채무조정 고령자 신청 사례,adjust,,신청자격,사례·경험 탐색,0,,48
채무조정-청년-신청,채무조정 청년 신청,adjust,,신청자격,신청 가능 여부,0,,49
채무조정-청년-신청-확인,채무조정 청년 신청 확인,adjust,,신청자격,신청 가능 여부,0,,50
채무조정-청년-신청-상담,채무조정 청년 신청 상담,adjust,,신청자격,상담·서비스 탐색,0,,51
채무조정-청년-신청-사례,채무조정 청년 신청 사례,adjust,,신청자격,사례·경험 탐색,0,,52
채무조정-외국인-신청,채무조정 외국인 신청,adjust,,신청자격,신청 가능 여부,0,,53
채무조정-외국인-신청-확인,채무조정 외국인 신청 확인,adjust,,신청자격,신청 가능 여부,0,,54
채무조정-외국인-신청-상담,채무조정 외국인 신청 상담,adjust,,신청자격,상담·서비스 탐색,0,,55
채무조정-외국인-신청-사례,채무조정 외국인 신청 사례,adjust,,신청자격,사례·경험 탐색,0,,56
채무조정-해외-거주자-신청,채무조정 해외 거주자 신청,adjust,,신청자격,신청 가능 여부,0,,57
채무조정-해외-거주자-신청-확인,채무조정 해외 거주자 신청 확인,adjust,,신청자격,신청 가능 여부,0,,58
채무조정-해외-거주자-신청-상담,채무조정 해외 거주자 신청 상담,adjust,,신청자격,상담·서비스 탐색,0,,59
채무조정-해외-거주자-신청-사례,채무조정 해외 거주자 신청 사례,adjust,,신청자격,사례·경험 탐색,0,,60
채무조정-미성년자-신청,채무조정 미성년자 신청,adjust,,신청자격,신청 가능 여부,0,,61
채무조정-미성년자-신청-확인,채무조정 미성년자 신청 확인,adjust,,신청자격,신청 가능 여부,0,,62
채무조정-미성년자-신청-상담,채무조정 미성년자 신청 상담,adjust,,신청자격,상담·서비스 탐색,0,,63
채무조정-미성년자-신청-사례,채무조정 미성년자 신청 사례,adjust,,신청자격,사례·경험 탐색,0,,64
채무조정-기초생활수급자-신청,채무조정 기초생활수급자 신청,adjust,,신청자격,신청 가능 여부,0,,65
채무조정-기초생활수급자-신청-확인,채무조정 기초생활수급자 신청 확인,adjust,,신청자격,신청 가능 여부,0,,66
채무조정-기초생활수급자-신청-상담,채무조정 기초생활수급자 신청 상담,adjust,,신청자격,상담·서비스 탐색,0,,67
채무조정-기초생활수급자-신청-사례,채무조정 기초생활수급자 신청 사례,adjust,,신청자격,사례·경험 탐색,0,,68
채무조정-차상위계층-신청,채무조정 차상위계층 신청,adjust,,신청자격,신청 가능 여부,0,,69
채무조정-차상위계층-신청-확인,채무조정 차상위계층 신청 확인,adjust,,신청자격,신청 가능 여부,0,,70
채무조정-차상위계층-신청-상담,채무조정 차상위계층 신청 상담,adjust,,신청자격,상담·서비스 탐색,0,,71
채무조정-차상위계층-신청-사례,채무조정 차상위계층 신청 사례,adjust,,신청자격,사례·경험 탐색,0,,72
채무조정-과거-면책-이력,채무조정 과거 면책 이력,adjust,,신청자격,신청 가능 여부,0,,73
채무조정-과거-면책-이력-확인,채무조정 과거 면책 이력 확인,adjust,,신청자격,신청 가능 여부,0,,74
채무조정-과거-면책-이력-상담,채무조정 과거 면책 이력 상담,adjust,,신청자격,상담·서비스 탐색,0,,75
채무조정-과거-면책-이력-사례,채무조정 과거 면책 이력 사례,adjust,,신청자격,사례·경험 탐색,0,,76
채무조정-지급불능-상태,채무조정 지급불능 상태,adjust,,신청자격,신청 가능 여부,0,,77
채무조정-지급불능-상태-확인,채무조정 지급불능 상태 확인,adjust,,신청자격,신청 가능 여부,0,,78
채무조정-지급불능-상태-상담,채무조정 지급불능 상태 상담,adjust,,신청자격,상담·서비스 탐색,0,,79
채무조정-지급불능-상태-사례,채무조정 지급불능 상태 사례,adjust,,신청자격,사례·경험 탐색,0,,80
채무조정-월급,채무조정 월급,adjust,,소득,소득 반영 방식 확인,0,,81
채무조정-월급-산정-기준,채무조정 월급 산정 기준,adjust,,소득,소득 반영 방식 확인,0,,82
채무조정-월급-증빙-방법,채무조정 월급 증빙 방법,adjust,,소득,서류·증빙 준비,0,,83
채무조정-월급-변제금-영향,채무조정 월급 변제금 영향,adjust,,소득,소득 반영 방식 확인,0,,84
채무조정-상여금,채무조정 상여금,adjust,,소득,소득 반영 방식 확인,0,,85
채무조정-상여금-산정-기준,채무조정 상여금 산정 기준,adjust,,소득,소득 반영 방식 확인,0,,86
채무조정-상여금-증빙-방법,채무조정 상여금 증빙 방법,adjust,,소득,서류·증빙 준비,0,,87
채무조정-상여금-변제금-영향,채무조정 상여금 변제금 영향,adjust,,소득,소득 반영 방식 확인,0,,88
채무조정-성과급,채무조정 성과급,adjust,,소득,소득 반영 방식 확인,0,,89
채무조정-성과급-산정-기준,채무조정 성과급 산정 기준,adjust,,소득,소득 반영 방식 확인,0,,90
채무조정-성과급-증빙-방법,채무조정 성과급 증빙 방법,adjust,,소득,서류·증빙 준비,0,,91
채무조정-성과급-변제금-영향,채무조정 성과급 변제금 영향,adjust,,소득,소득 반영 방식 확인,0,,92
채무조정-퇴직금,채무조정 퇴직금,adjust,,소득,소득 반영 방식 확인,0,,93
채무조정-퇴직금-산정-기준,채무조정 퇴직금 산정 기준,adjust,,소득,소득 반영 방식 확인,0,,94
채무조정-퇴직금-증빙-방법,채무조정 퇴직금 증빙 방법,adjust,,소득,서류·증빙 준비,0,,95
채무조정-퇴직금-변제금-영향,채무조정 퇴직금 변제금 영향,adjust,,소득,소득 반영 방식 확인,0,,96
채무조정-퇴직연금,채무조정 퇴직연금,adjust,,소득,소득 반영 방식 확인,0,,97
채무조정-퇴직연금-산정-기준,채무조정 퇴직연금 산정 기준,adjust,,소득,소득 반영 방식 확인,0,,98
채무조정-퇴직연금-증빙-방법,채무조정 퇴직연금 증빙 방법,adjust,,소득,서류·증빙 준비,0,,99
채무조정-퇴직연금-변제금-영향,채무조정 퇴직연금 변제금 영향,adjust,,소득,소득 반영 방식 확인,0,,100
채무조정-국민연금,채무조정 국민연금,adjust,,소득,소득 반영 방식 확인,0,,101
채무조정-국민연금-산정-기준,채무조정 국민연금 산정 기준,adjust,,소득,소득 반영 방식 확인,0,,102
채무조정-국민연금-증빙-방법,채무조정 국민연금 증빙 방법,adjust,,소득,서류·증빙 준비,0,,103
채무조정-국민연금-변제금-영향,채무조정 국민연금 변제금 영향,adjust,,소득,소득 반영 방식 확인,0,,104
채무조정-일용근로소득,채무조정 일용근로소득,adjust,,소득,소득 반영 방식 확인,0,,105
채무조정-일용근로소득-산정-기준,채무조정 일용근로소득 산정 기준,adjust,,소득,소득 반영 방식 확인,0,,106
채무조정-일용근로소득-증빙-방법,채무조정 일용근로소득 증빙 방법,adjust,,소득,서류·증빙 준비,0,,107
채무조정-일용근로소득-변제금-영향,채무조정 일용근로소득 변제금 영향,adjust,,소득,소득 반영 방식 확인,0,,108
채무조정-사업소득,채무조정 사업소득,adjust,,소득,소득 반영 방식 확인,0,,109
채무조정-사업소득-산정-기준,채무조정 사업소득 산정 기준,adjust,,소득,소득 반영 방식 확인,0,,110
채무조정-사업소득-증빙-방법,채무조정 사업소득 증빙 방법,adjust,,소득,서류·증빙 준비,0,,111
채무조정-사업소득-변제금-영향,채무조정 사업소득 변제금 영향,adjust,,소득,소득 반영 방식 확인,0,,112
채무조정-프리랜서-소득,채무조정 프리랜서 소득,adjust,,소득,소득 반영 방식 확인,0,,113
채무조정-프리랜서-소득-산정-기준,채무조정 프리랜서 소득 산정 기준,adjust,,소득,소득 반영 방식 확인,0,,114
채무조정-프리랜서-소득-증빙-방법,채무조정 프리랜서 소득 증빙 방법,adjust,,소득,서류·증빙 준비,0,,115
채무조정-프리랜서-소득-변제금-영향,채무조정 프리랜서 소득 변제금 영향,adjust,,소득,소득 반영 방식 확인,0,,116
채무조정-부업소득,채무조정 부업소득,adjust,,소득,소득 반영 방식 확인,0,,117
채무조정-부업소득-산정-기준,채무조정 부업소득 산정 기준,adjust,,소득,소득 반영 방식 확인,0,,118
채무조정-부업소득-증빙-방법,채무조정 부업소득 증빙 방법,adjust,,소득,서류·증빙 준비,0,,119
채무조정-부업소득-변제금-영향,채무조정 부업소득 변제금 영향,adjust,,소득,소득 반영 방식 확인,0,,120
채무조정-임대소득,채무조정 임대소득,adjust,,소득,소득 반영 방식 확인,0,,121
채무조정-임대소득-산정-기준,채무조정 임대소득 산정 기준,adjust,,소득,소득 반영 방식 확인,0,,122
채무조정-임대소득-증빙-방법,채무조정 임대소득 증빙 방법,adjust,,소득,서류·증빙 준비,0,,123
채무조정-임대소득-변제금-영향,채무조정 임대소득 변제금 영향,adjust,,소득,소득 반영 방식 확인,0,,124
채무조정-현금-급여,채무조정 현금 급여,adjust,,소득,소득 반영 방식 확인,0,,125
채무조정-현금-급여-산정-기준,채무조정 현금 급여 산정 기준,adjust,,소득,소득 반영 방식 확인,0,,126
채무조정-현금-급여-증빙-방법,채무조정 현금 급여 증빙 방법,adjust,,소득,서류·증빙 준비,0,,127
채무조정-현금-급여-변제금-영향,채무조정 현금 급여 변제금 영향,adjust,,소득,소득 반영 방식 확인,0,,128
채무조정-급여-실수령액,채무조정 급여 실수령액,adjust,,소득,소득 반영 방식 확인,0,,129
채무조정-급여-실수령액-산정-기준,채무조정 급여 실수령액 산정 기준,adjust,,소득,소득 반영 방식 확인,0,,130
채무조정-급여-실수령액-증빙-방법,채무조정 급여 실수령액 증빙 방법,adjust,,소득,서류·증빙 준비,0,,131
채무조정-급여-실수령액-변제금-영향,채무조정 급여 실수령액 변제금 영향,adjust,,소득,소득 반영 방식 확인,0,,132
채무조정-세전-급여,채무조정 세전 급여,adjust,,소득,소득 반영 방식 확인,0,,133
채무조정-세전-급여-산정-기준,채무조정 세전 급여 산정 기준,adjust,,소득,소득 반영 방식 확인,0,,134
채무조정-세전-급여-증빙-방법,채무조정 세전 급여 증빙 방법,adjust,,소득,서류·증빙 준비,0,,135
채무조정-세전-급여-변제금-영향,채무조정 세전 급여 변제금 영향,adjust,,소득,소득 반영 방식 확인,0,,136
채무조정-비정기-소득,채무조정 비정기 소득,adjust,,소득,소득 반영 방식 확인,0,,137
채무조정-비정기-소득-산정-기준,채무조정 비정기 소득 산정 기준,adjust,,소득,소득 반영 방식 확인,0,,138
채무조정-비정기-소득-증빙-방법,채무조정 비정기 소득 증빙 방법,adjust,,소득,서류·증빙 준비,0,,139
채무조정-비정기-소득-변제금-영향,채무조정 비정기 소득 변제금 영향,adjust,,소득,소득 반영 방식 확인,0,,140
채무조정-수습기간-급여,채무조정 수습기간 급여,adjust,,소득,소득 반영 방식 확인,0,,141
채무조정-수습기간-급여-산정-기준,채무조정 수습기간 급여 산정 기준,adjust,,소득,소득 반영 방식 확인,0,,142
채무조정-수습기간-급여-증빙-방법,채무조정 수습기간 급여 증빙 방법,adjust,,소득,서류·증빙 준비,0,,143
채무조정-수습기간-급여-변제금-영향,채무조정 수습기간 급여 변제금 영향,adjust,,소득,소득 반영 방식 확인,0,,144
채무조정-육아휴직-급여,채무조정 육아휴직 급여,adjust,,소득,소득 반영 방식 확인,0,,145
채무조정-육아휴직-급여-산정-기준,채무조정 육아휴직 급여 산정 기준,adjust,,소득,소득 반영 방식 확인,0,,146
채무조정-육아휴직-급여-증빙-방법,채무조정 육아휴직 급여 증빙 방법,adjust,,소득,서류·증빙 준비,0,,147
채무조정-육아휴직-급여-변제금-영향,채무조정 육아휴직 급여 변제금 영향,adjust,,소득,소득 반영 방식 확인,0,,148
채무조정-실업급여,채무조정 실업급여,adjust,,소득,소득 반영 방식 확인,0,,149
채무조정-실업급여-산정-기준,채무조정 실업급여 산정 기준,adjust,,소득,소득 반영 방식 확인,0,,150
채무조정-실업급여-증빙-방법,채무조정 실업급여 증빙 방법,adjust,,소득,서류·증빙 준비,0,,151
채무조정-실업급여-변제금-영향,채무조정 실업급여 변제금 영향,adjust,,소득,소득 반영 방식 확인,0,,152
채무조정-소득-감소,채무조정 소득 감소,adjust,,소득,소득 반영 방식 확인,0,,153
채무조정-소득-감소-산정-기준,채무조정 소득 감소 산정 기준,adjust,,소득,소득 반영 방식 확인,0,,154
채무조정-소득-감소-증빙-방법,채무조정 소득 감소 증빙 방법,adjust,,소득,서류·증빙 준비,0,,155
채무조정-소득-감소-변제금-영향,채무조정 소득 감소 변제금 영향,adjust,,소득,소득 반영 방식 확인,0,,156
채무조정-소득-증가,채무조정 소득 증가,adjust,,소득,소득 반영 방식 확인,0,,157
채무조정-소득-증가-산정-기준,채무조정 소득 증가 산정 기준,adjust,,소득,소득 반영 방식 확인,0,,158
채무조정-소득-증가-증빙-방법,채무조정 소득 증가 증빙 방법,adjust,,소득,서류·증빙 준비,0,,159
채무조정-소득-증가-변제금-영향,채무조정 소득 증가 변제금 영향,adjust,,소득,소득 반영 방식 확인,0,,160
채무조정-신용대출,채무조정 신용대출,adjust,,채무,채무 포함 여부 확인,0,,161
채무조정-신용대출-포함-여부,채무조정 신용대출 포함 여부,adjust,,채무,채무 포함 여부 확인,0,,162
채무조정-신용대출-처리-방법,채무조정 신용대출 처리 방법,adjust,,채무,방법·절차 확인,0,,163
채무조정-신용대출-상담,채무조정 신용대출 상담,adjust,,채무,상담·서비스 탐색,0,,164
채무조정-카드론,채무조정 카드론,adjust,,채무,채무 포함 여부 확인,0,,165
채무조정-카드론-포함-여부,채무조정 카드론 포함 여부,adjust,,채무,채무 포함 여부 확인,0,,166
채무조정-카드론-처리-방법,채무조정 카드론 처리 방법,adjust,,채무,방법·절차 확인,0,,167
채무조정-카드론-상담,채무조정 카드론 상담,adjust,,채무,상담·서비스 탐색,0,,168
채무조정-현금서비스,채무조정 현금서비스,adjust,,채무,채무 포함 여부 확인,0,,169
채무조정-현금서비스-포함-여부,채무조정 현금서비스 포함 여부,adjust,,채무,채무 포함 여부 확인,0,,170
채무조정-현금서비스-처리-방법,채무조정 현금서비스 처리 방법,adjust,,채무,방법·절차 확인,0,,171
채무조정-현금서비스-상담,채무조정 현금서비스 상담,adjust,,채무,상담·서비스 탐색,0,,172
채무조정-카드대금,채무조정 카드대금,adjust,,채무,채무 포함 여부 확인,0,,173
채무조정-카드대금-포함-여부,채무조정 카드대금 포함 여부,adjust,,채무,채무 포함 여부 확인,0,,174
채무조정-카드대금-처리-방법,채무조정 카드대금 처리 방법,adjust,,채무,방법·절차 확인,0,,175
채무조정-카드대금-상담,채무조정 카드대금 상담,adjust,,채무,상담·서비스 탐색,0,,176
채무조정-리볼빙,채무조정 리볼빙,adjust,,채무,채무 포함 여부 확인,0,,177
채무조정-리볼빙-포함-여부,채무조정 리볼빙 포함 여부,adjust,,채무,채무 포함 여부 확인,0,,178
채무조정-리볼빙-처리-방법,채무조정 리볼빙 처리 방법,adjust,,채무,방법·절차 확인,0,,179
채무조정-리볼빙-상담,채무조정 리볼빙 상담,adjust,,채무,상담·서비스 탐색,0,,180
채무조정-대부업-대출,채무조정 대부업 대출,adjust,,채무,채무 포함 여부 확인,0,,181
채무조정-대부업-대출-포함-여부,채무조정 대부업 대출 포함 여부,adjust,,채무,채무 포함 여부 확인,0,,182
채무조정-대부업-대출-처리-방법,채무조정 대부업 대출 처리 방법,adjust,,채무,방법·절차 확인,0,,183
채무조정-대부업-대출-상담,채무조정 대부업 대출 상담,adjust,,채무,상담·서비스 탐색,0,,184
채무조정-저축은행-대출,채무조정 저축은행 대출,adjust,,채무,채무 포함 여부 확인,0,,185
채무조정-저축은행-대출-포함-여부,채무조정 저축은행 대출 포함 여부,adjust,,채무,채무 포함 여부 확인,0,,186
채무조정-저축은행-대출-처리-방법,채무조정 저축은행 대출 처리 방법,adjust,,채무,방법·절차 확인,0,,187
채무조정-저축은행-대출-상담,채무조정 저축은행 대출 상담,adjust,,채무,상담·서비스 탐색,0,,188
채무조정-인터넷은행-대출,채무조정 인터넷은행 대출,adjust,,채무,채무 포함 여부 확인,0,,189
채무조정-인터넷은행-대출-포함-여부,채무조정 인터넷은행 대출 포함 여부,adjust,,채무,채무 포함 여부 확인,0,,190
채무조정-인터넷은행-대출-처리-방법,채무조정 인터넷은행 대출 처리 방법,adjust,,채무,방법·절차 확인,0,,191
채무조정-인터넷은행-대출-상담,채무조정 인터넷은행 대출 상담,adjust,,채무,상담·서비스 탐색,0,,192
채무조정-학자금대출,채무조정 학자금대출,adjust,,채무,채무 포함 여부 확인,0,,193
채무조정-학자금대출-포함-여부,채무조정 학자금대출 포함 여부,adjust,,채무,채무 포함 여부 확인,0,,194
채무조정-학자금대출-처리-방법,채무조정 학자금대출 처리 방법,adjust,,채무,방법·절차 확인,0,,195
채무조정-학자금대출-상담,채무조정 학자금대출 상담,adjust,,채무,상담·서비스 탐색,0,,196
채무조정-보증채무,채무조정 보증채무,adjust,,채무,채무 포함 여부 확인,0,,197
채무조정-보증채무-포함-여부,채무조정 보증채무 포함 여부,adjust,,채무,채무 포함 여부 확인,0,,198
채무조정-보증채무-처리-방법,채무조정 보증채무 처리 방법,adjust,,채무,방법·절차 확인,0,,199
채무조정-보증채무-상담,채무조정 보증채무 상담,adjust,,채무,상담·서비스 탐색,0,,200
채무조정-연대보증,채무조정 연대보증,adjust,,채무,채무 포함 여부 확인,0,,201
채무조정-연대보증-포함-여부,채무조정 연대보증 포함 여부,adjust,,채무,채무 포함 여부 확인,0,,202
채무조정-연대보증-처리-방법,채무조정 연대보증 처리 방법,adjust,,채무,방법·절차 확인,0,,203
채무조정-연대보증-상담,채무조정 연대보증 상담,adjust,,채무,상담·서비스 탐색,0,,204
채무조정-개인-간-차용금,채무조정 개인 간 차용금,adjust,,채무,채무 포함 여부 확인,0,,205
채무조정-개인-간-차용금-포함-여부,채무조정 개인 간 차용금 포함 여부,adjust,,채무,채무 포함 여부 확인,0,,206
채무조정-개인-간-차용금-처리-방법,채무조정 개인 간 차용금 처리 방법,adjust,,채무,방법·절차 확인,0,,207
채무조정-개인-간-차용금-상담,채무조정 개인 간 차용금 상담,adjust,,채무,상담·서비스 탐색,0,,208
채무조정-가족에게-빌린-돈,채무조정 가족에게 빌린 돈,adjust,,채무,채무 포함 여부 확인,0,,209
채무조정-가족에게-빌린-돈-포함-여부,채무조정 가족에게 빌린 돈 포함 여부,adjust,,채무,채무 포함 여부 확인,0,,210
채무조정-가족에게-빌린-돈-처리-방법,채무조정 가족에게 빌린 돈 처리 방법,adjust,,채무,방법·절차 확인,0,,211
채무조정-가족에게-빌린-돈-상담,채무조정 가족에게 빌린 돈 상담,adjust,,채무,상담·서비스 탐색,0,,212
채무조정-사업자대출,채무조정 사업자대출,adjust,,채무,채무 포함 여부 확인,0,,213
채무조정-사업자대출-포함-여부,채무조정 사업자대출 포함 여부,adjust,,채무,채무 포함 여부 확인,0,,214
채무조정-사업자대출-처리-방법,채무조정 사업자대출 처리 방법,adjust,,채무,방법·절차 확인,0,,215
채무조정-사업자대출-상담,채무조정 사업자대출 상담,adjust,,채무,상담·서비스 탐색,0,,216
채무조정-통신요금-미납,채무조정 통신요금 미납,adjust,,채무,채무 포함 여부 확인,0,,217
채무조정-통신요금-미납-포함-여부,채무조정 통신요금 미납 포함 여부,adjust,,채무,채무 포함 여부 확인,0,,218
채무조정-통신요금-미납-처리-방법,채무조정 통신요금 미납 처리 방법,adjust,,채무,방법·절차 확인,0,,219
채무조정-통신요금-미납-상담,채무조정 통신요금 미납 상담,adjust,,채무,상담·서비스 탐색,0,,220
채무조정-렌탈료-미납,채무조정 렌탈료 미납,adjust,,채무,채무 포함 여부 확인,0,,221
채무조정-렌탈료-미납-포함-여부,채무조정 렌탈료 미납 포함 여부,adjust,,채무,채무 포함 여부 확인,0,,222
채무조정-렌탈료-미납-처리-방법,채무조정 렌탈료 미납 처리 방법,adjust,,채무,방법·절차 확인,0,,223
채무조정-렌탈료-미납-상담,채무조정 렌탈료 미납 상담,adjust,,채무,상담·서비스 탐색,0,,224
채무조정-세금-체납,채무조정 세금 체납,adjust,,채무,채무 포함 여부 확인,0,,225
채무조정-세금-체납-포함-여부,채무조정 세금 체납 포함 여부,adjust,,채무,채무 포함 여부 확인,0,,226
채무조정-세금-체납-처리-방법,채무조정 세금 체납 처리 방법,adjust,,채무,방법·절차 확인,0,,227
채무조정-세금-체납-상담,채무조정 세금 체납 상담,adjust,,채무,상담·서비스 탐색,0,,228
채무조정-건강보험료-체납,채무조정 건강보험료 체납,adjust,,채무,채무 포함 여부 확인,0,,229
채무조정-건강보험료-체납-포함-여부,채무조정 건강보험료 체납 포함 여부,adjust,,채무,채무 포함 여부 확인,0,,230
채무조정-건강보험료-체납-처리-방법,채무조정 건강보험료 체납 처리 방법,adjust,,채무,방법·절차 확인,0,,231
채무조정-건강보험료-체납-상담,채무조정 건강보험료 체납 상담,adjust,,채무,상담·서비스 탐색,0,,232
채무조정-손해배상채무,채무조정 손해배상채무,adjust,,채무,채무 포함 여부 확인,0,,233
채무조정-손해배상채무-포함-여부,채무조정 손해배상채무 포함 여부,adjust,,채무,채무 포함 여부 확인,0,,234
채무조정-손해배상채무-처리-방법,채무조정 손해배상채무 처리 방법,adjust,,채무,방법·절차 확인,0,,235
채무조정-손해배상채무-상담,채무조정 손해배상채무 상담,adjust,,채무,상담·서비스 탐색,0,,236
채무조정-양육비-채무,채무조정 양육비 채무,adjust,,채무,채무 포함 여부 확인,0,,237
채무조정-양육비-채무-포함-여부,채무조정 양육비 채무 포함 여부,adjust,,채무,채무 포함 여부 확인,0,,238
채무조정-양육비-채무-처리-방법,채무조정 양육비 채무 처리 방법,adjust,,채무,방법·절차 확인,0,,239
채무조정-양육비-채무-상담,채무조정 양육비 채무 상담,adjust,,채무,상담·서비스 탐색,0,,240
채무조정-자가주택,채무조정 자가주택,adjust,,재산,재산 평가 및 유지 확인,0,,241
채무조정-자가주택-평가-기준,채무조정 자가주택 평가 기준,adjust,,재산,재산 평가 및 유지 확인,0,,242
채무조정-자가주택-신고-방법,채무조정 자가주택 신고 방법,adjust,,재산,방법·절차 확인,0,,243
채무조정-자가주택-청산가치-반영,채무조정 자가주택 청산가치 반영,adjust,,재산,재산 평가 및 유지 확인,1,청산가치,244
채무조정-전세보증금,채무조정 전세보증금,adjust,,재산,재산 평가 및 유지 확인,0,,245
채무조정-전세보증금-평가-기준,채무조정 전세보증금 평가 기준,adjust,,재산,재산 평가 및 유지 확인,0,,246
채무조정-전세보증금-신고-방법,채무조정 전세보증금 신고 방법,adjust,,재산,방법·절차 확인,0,,247
채무조정-전세보증금-청산가치-반영,채무조정 전세보증금 청산가치 반영,adjust,,재산,재산 평가 및 유지 확인,1,청산가치,248
채무조정-월세보증금,채무조정 월세보증금,adjust,,재산,재산 평가 및 유지 확인,0,,249
채무조정-월세보증금-평가-기준,채무조정 월세보증금 평가 기준,adjust,,재산,재산 평가 및 유지 확인,0,,250
채무조정-월세보증금-신고-방법,채무조정 월세보증금 신고 방법,adjust,,재산,방법·절차 확인,0,,251
채무조정-월세보증금-청산가치-반영,채무조정 월세보증금 청산가치 반영,adjust,,재산,재산 평가 및 유지 확인,1,청산가치,252
채무조정-자동차,채무조정 자동차,adjust,,재산,재산 평가 및 유지 확인,0,,253
채무조정-자동차-평가-기준,채무조정 자동차 평가 기준,adjust,,재산,재산 평가 및 유지 확인,0,,254
채무조정-자동차-신고-방법,채무조정 자동차 신고 방법,adjust,,재산,방법·절차 확인,0,,255
채무조정-자동차-청산가치-반영,채무조정 자동차 청산가치 반영,adjust,,재산,재산 평가 및 유지 확인,1,청산가치,256
채무조정-배우자-재산,채무조정 배우자 재산,adjust,,재산,재산 평가 및 유지 확인,0,,257
채무조정-배우자-재산-평가-기준,채무조정 배우자 재산 평가 기준,adjust,,재산,재산 평가 및 유지 확인,0,,258
채무조정-배우자-재산-신고-방법,채무조정 배우자 재산 신고 방법,adjust,,재산,방법·절차 확인,0,,259
채무조정-배우자-재산-청산가치-반영,채무조정 배우자 재산 청산가치 반영,adjust,,재산,재산 평가 및 유지 확인,1,청산가치,260
채무조정-공동명의-부동산,채무조정 공동명의 부동산,adjust,,재산,재산 평가 및 유지 확인,0,,261
채무조정-공동명의-부동산-평가-기준,채무조정 공동명의 부동산 평가 기준,adjust,,재산,재산 평가 및 유지 확인,0,,262
채무조정-공동명의-부동산-신고-방법,채무조정 공동명의 부동산 신고 방법,adjust,,재산,방법·절차 확인,0,,263
채무조정-공동명의-부동산-청산가치-반영,채무조정 공동명의 부동산 청산가치 반영,adjust,,재산,재산 평가 및 유지 확인,1,청산가치,264
채무조정-상속재산,채무조정 상속재산,adjust,,재산,재산 평가 및 유지 확인,0,,265
채무조정-상속재산-평가-기준,채무조정 상속재산 평가 기준,adjust,,재산,재산 평가 및 유지 확인,0,,266
채무조정-상속재산-신고-방법,채무조정 상속재산 신고 방법,adjust,,재산,방법·절차 확인,0,,267
채무조정-상속재산-청산가치-반영,채무조정 상속재산 청산가치 반영,adjust,,재산,재산 평가 및 유지 확인,1,청산가치,268
채무조정-증여재산,채무조정 증여재산,adjust,,재산,재산 평가 및 유지 확인,0,,269
채무조정-증여재산-평가-기준,채무조정 증여재산 평가 기준,adjust,,재산,재산 평가 및 유지 확인,0,,270
채무조정-증여재산-신고-방법,채무조정 증여재산 신고 방법,adjust,,재산,방법·절차 확인,0,,271
채무조정-증여재산-청산가치-반영,채무조정 증여재산 청산가치 반영,adjust,,재산,재산 평가 및 유지 확인,1,청산가치,272
채무조정-보험-해약환급금,채무조정 보험 해약환급금,adjust,,재산,재산 평가 및 유지 확인,0,,273
채무조정-보험-해약환급금-평가-기준,채무조정 보험 해약환급금 평가 기준,adjust,,재산,재산 평가 및 유지 확인,0,,274
채무조정-보험-해약환급금-신고-방법,채무조정 보험 해약환급금 신고 방법,adjust,,재산,방법·절차 확인,0,,275
채무조정-보험-해약환급금-청산가치-반영,채무조정 보험 해약환급금 청산가치 반영,adjust,,재산,재산 평가 및 유지 확인,1,청산가치,276
채무조정-예금-잔액,채무조정 예금 잔액,adjust,,재산,재산 평가 및 유지 확인,0,,277
채무조정-예금-잔액-평가-기준,채무조정 예금 잔액 평가 기준,adjust,,재산,재산 평가 및 유지 확인,0,,278
채무조정-예금-잔액-신고-방법,채무조정 예금 잔액 신고 방법,adjust,,재산,방법·절차 확인,0,,279
채무조정-예금-잔액-청산가치-반영,채무조정 예금 잔액 청산가치 반영,adjust,,재산,재산 평가 및 유지 확인,1,청산가치,280
채무조정-적금,채무조정 적금,adjust,,재산,재산 평가 및 유지 확인,0,,281
채무조정-적금-평가-기준,채무조정 적금 평가 기준,adjust,,재산,재산 평가 및 유지 확인,0,,282
채무조정-적금-신고-방법,채무조정 적금 신고 방법,adjust,,재산,방법·절차 확인,0,,283
채무조정-적금-청산가치-반영,채무조정 적금 청산가치 반영,adjust,,재산,재산 평가 및 유지 확인,1,청산가치,284
채무조정-주식-보유액,채무조정 주식 보유액,adjust,,재산,재산 평가 및 유지 확인,0,,285
채무조정-주식-보유액-평가-기준,채무조정 주식 보유액 평가 기준,adjust,,재산,재산 평가 및 유지 확인,0,,286
채무조정-주식-보유액-신고-방법,채무조정 주식 보유액 신고 방법,adjust,,재산,방법·절차 확인,0,,287
채무조정-주식-보유액-청산가치-반영,채무조정 주식 보유액 청산가치 반영,adjust,,재산,재산 평가 및 유지 확인,1,청산가치,288
채무조정-가상자산-보유액,채무조정 가상자산 보유액,adjust,,재산,재산 평가 및 유지 확인,0,,289
채무조정-가상자산-보유액-평가-기준,채무조정 가상자산 보유액 평가 기준,adjust,,재산,재산 평가 및 유지 확인,0,,290
채무조정-가상자산-보유액-신고-방법,채무조정 가상자산 보유액 신고 방법,adjust,,재산,방법·절차 확인,0,,291
채무조정-가상자산-보유액-청산가치-반영,채무조정 가상자산 보유액 청산가치 반영,adjust,,재산,재산 평가 및 유지 확인,1,청산가치,292
채무조정-퇴직금-예상액,채무조정 퇴직금 예상액,adjust,,재산,재산 평가 및 유지 확인,0,,293
채무조정-퇴직금-예상액-평가-기준,채무조정 퇴직금 예상액 평가 기준,adjust,,재산,재산 평가 및 유지 확인,0,,294
채무조정-퇴직금-예상액-신고-방법,채무조정 퇴직금 예상액 신고 방법,adjust,,재산,방법·절차 확인,0,,295
채무조정-퇴직금-예상액-청산가치-반영,채무조정 퇴직금 예상액 청산가치 반영,adjust,,재산,재산 평가 및 유지 확인,1,청산가치,296
채무조정-사업장-보증금,채무조정 사업장 보증금,adjust,,재산,재산 평가 및 유지 확인,0,,297
채무조정-사업장-보증금-평가-기준,채무조정 사업장 보증금 평가 기준,adjust,,재산,재산 평가 및 유지 확인,0,,298
채무조정-사업장-보증금-신고-방법,채무조정 사업장 보증금 신고 방법,adjust,,재산,방법·절차 확인,0,,299
채무조정-사업장-보증금-청산가치-반영,채무조정 사업장 보증금 청산가치 반영,adjust,,재산,재산 평가 및 유지 확인,1,청산가치,300
채무조정-임대차보증금-반환채권,채무조정 임대차보증금 반환채권,adjust,,재산,재산 평가 및 유지 확인,0,,301
채무조정-임대차보증금-반환채권-평가-기준,채무조정 임대차보증금 반환채권 평가 기준,adjust,,재산,재산 평가 및 유지 확인,0,,302
채무조정-임대차보증금-반환채권-신고-방법,채무조정 임대차보증금 반환채권 신고 방법,adjust,,재산,방법·절차 확인,0,,303
채무조정-임대차보증금-반환채권-청산가치-반영,채무조정 임대차보증금 반환채권 청산가치 반영,adjust,,재산,재산 평가 및 유지 확인,1,청산가치,304
채무조정-부동산-지분,채무조정 부동산 지분,adjust,,재산,재산 평가 및 유지 확인,0,,305
채무조정-부동산-지분-평가-기준,채무조정 부동산 지분 평가 기준,adjust,,재산,재산 평가 및 유지 확인,0,,306
채무조정-부동산-지분-신고-방법,채무조정 부동산 지분 신고 방법,adjust,,재산,방법·절차 확인,0,,307
채무조정-부동산-지분-청산가치-반영,채무조정 부동산 지분 청산가치 반영,adjust,,재산,재산 평가 및 유지 확인,1,청산가치,308
채무조정-토지,채무조정 토지,adjust,,재산,재산 평가 및 유지 확인,0,,309
채무조정-토지-평가-기준,채무조정 토지 평가 기준,adjust,,재산,재산 평가 및 유지 확인,0,,310
채무조정-토지-신고-방법,채무조정 토지 신고 방법,adjust,,재산,방법·절차 확인,0,,311
채무조정-토지-청산가치-반영,채무조정 토지 청산가치 반영,adjust,,재산,재산 평가 및 유지 확인,1,청산가치,312
채무조정-경매-진행-부동산,채무조정 경매 진행 부동산,adjust,,재산,재산 평가 및 유지 확인,0,,313
채무조정-경매-진행-부동산-평가-기준,채무조정 경매 진행 부동산 평가 기준,adjust,,재산,재산 평가 및 유지 확인,0,,314
채무조정-경매-진행-부동산-신고-방법,채무조정 경매 진행 부동산 신고 방법,adjust,,재산,방법·절차 확인,0,,315
채무조정-경매-진행-부동산-청산가치-반영,채무조정 경매 진행 부동산 청산가치 반영,adjust,,재산,재산 평가 및 유지 확인,1,청산가치,316
채무조정-압류된-재산,채무조정 압류된 재산,adjust,,재산,재산 평가 및 유지 확인,0,,317
채무조정-압류된-재산-평가-기준,채무조정 압류된 재산 평가 기준,adjust,,재산,재산 평가 및 유지 확인,0,,318
채무조정-압류된-재산-신고-방법,채무조정 압류된 재산 신고 방법,adjust,,재산,방법·절차 확인,0,,319
채무조정-압류된-재산-청산가치-반영,채무조정 압류된 재산 청산가치 반영,adjust,,재산,재산 평가 및 유지 확인,1,청산가치,320
채무조정-월변제금-계산,채무조정 월변제금 계산,adjust,,변제금,변제금 산정 및 납부 확인,0,,321
채무조정-월변제금-계산-방법,채무조정 월변제금 계산 방법,adjust,,변제금,방법·절차 확인,0,,322
채무조정-월변제금-계산-상담,채무조정 월변제금 계산 상담,adjust,,변제금,상담·서비스 탐색,0,,323
채무조정-월변제금-계산-사례,채무조정 월변제금 계산 사례,adjust,,변제금,사례·경험 탐색,0,,324
채무조정-예상변제금-산정,채무조정 예상변제금 산정,adjust,,변제금,변제금 산정 및 납부 확인,0,,325
채무조정-예상변제금-산정-방법,채무조정 예상변제금 산정 방법,adjust,,변제금,방법·절차 확인,0,,326
채무조정-예상변제금-산정-상담,채무조정 예상변제금 산정 상담,adjust,,변제금,상담·서비스 탐색,0,,327
채무조정-예상변제금-산정-사례,채무조정 예상변제금 산정 사례,adjust,,변제금,사례·경험 탐색,0,,328
채무조정-변제율-계산,채무조정 변제율 계산,adjust,,변제금,변제금 산정 및 납부 확인,0,,329
채무조정-변제율-계산-방법,채무조정 변제율 계산 방법,adjust,,변제금,방법·절차 확인,0,,330
채무조정-변제율-계산-상담,채무조정 변제율 계산 상담,adjust,,변제금,상담·서비스 탐색,0,,331
채무조정-변제율-계산-사례,채무조정 변제율 계산 사례,adjust,,변제금,사례·경험 탐색,0,,332
채무조정-가용소득-산정,채무조정 가용소득 산정,adjust,,변제금,변제금 산정 및 납부 확인,1,가용소득,333
채무조정-가용소득-산정-방법,채무조정 가용소득 산정 방법,adjust,,변제금,방법·절차 확인,1,가용소득,334
채무조정-가용소득-산정-상담,채무조정 가용소득 산정 상담,adjust,,변제금,상담·서비스 탐색,1,가용소득,335
채무조정-가용소득-산정-사례,채무조정 가용소득 산정 사례,adjust,,변제금,사례·경험 탐색,1,가용소득,336
채무조정-청산가치-보장,채무조정 청산가치 보장,adjust,,변제금,변제금 산정 및 납부 확인,1,청산가치,337
채무조정-청산가치-보장-방법,채무조정 청산가치 보장 방법,adjust,,변제금,방법·절차 확인,1,청산가치,338
채무조정-청산가치-보장-상담,채무조정 청산가치 보장 상담,adjust,,변제금,상담·서비스 탐색,1,청산가치,339
채무조정-청산가치-보장-사례,채무조정 청산가치 보장 사례,adjust,,변제금,사례·경험 탐색,1,청산가치,340
채무조정-변제금-감액,채무조정 변제금 감액,adjust,,변제금,변제금 산정 및 납부 확인,0,,341
채무조정-변제금-감액-방법,채무조정 변제금 감액 방법,adjust,,변제금,방법·절차 확인,0,,342
채무조정-변제금-감액-상담,채무조정 변제금 감액 상담,adjust,,변제금,상담·서비스 탐색,0,,343
채무조정-변제금-감액-사례,채무조정 변제금 감액 사례,adjust,,변제금,사례·경험 탐색,0,,344
채무조정-변제금-증액,채무조정 변제금 증액,adjust,,변제금,변제금 산정 및 납부 확인,0,,345
채무조정-변제금-증액-방법,채무조정 변제금 증액 방법,adjust,,변제금,방법·절차 확인,0,,346
채무조정-변제금-증액-상담,채무조정 변제금 증액 상담,adjust,,변제금,상담·서비스 탐색,0,,347
채무조정-변제금-증액-사례,채무조정 변제금 증액 사례,adjust,,변제금,사례·경험 탐색,0,,348
채무조정-변제금-미납,채무조정 변제금 미납,adjust,,변제금,변제금 산정 및 납부 확인,0,,349
채무조정-변제금-미납-방법,채무조정 변제금 미납 방법,adjust,,변제금,방법·절차 확인,0,,350
채무조정-변제금-미납-상담,채무조정 변제금 미납 상담,adjust,,변제금,상담·서비스 탐색,0,,351
채무조정-변제금-미납-사례,채무조정 변제금 미납 사례,adjust,,변제금,사례·경험 탐색,0,,352
채무조정-변제금-연체,채무조정 변제금 연체,adjust,,변제금,변제금 산정 및 납부 확인,0,,353
채무조정-변제금-연체-방법,채무조정 변제금 연체 방법,adjust,,변제금,방법·절차 확인,0,,354
채무조정-변제금-연체-상담,채무조정 변제금 연체 상담,adjust,,변제금,상담·서비스 탐색,0,,355
채무조정-변제금-연체-사례,채무조정 변제금 연체 사례,adjust,,변제금,사례·경험 탐색,0,,356
채무조정-변제금-납부,채무조정 변제금 납부,adjust,,변제금,변제금 산정 및 납부 확인,0,,357
채무조정-변제금-납부-방법,채무조정 변제금 납부 방법,adjust,,변제금,방법·절차 확인,0,,358
채무조정-변제금-납부-상담,채무조정 변제금 납부 상담,adjust,,변제금,상담·서비스 탐색,0,,359
채무조정-변제금-납부-사례,채무조정 변제금 납부 사례,adjust,,변제금,사례·경험 탐색,0,,360
채무조정-변제금-선납,채무조정 변제금 선납,adjust,,변제금,변제금 산정 및 납부 확인,0,,361
채무조정-변제금-선납-방법,채무조정 변제금 선납 방법,adjust,,변제금,방법·절차 확인,0,,362
채무조정-변제금-선납-상담,채무조정 변제금 선납 상담,adjust,,변제금,상담·서비스 탐색,0,,363
채무조정-변제금-선납-사례,채무조정 변제금 선납 사례,adjust,,변제금,사례·경험 탐색,0,,364
채무조정-변제금-일시납,채무조정 변제금 일시납,adjust,,변제금,변제금 산정 및 납부 확인,0,,365
채무조정-변제금-일시납-방법,채무조정 변제금 일시납 방법,adjust,,변제금,방법·절차 확인,0,,366
채무조정-변제금-일시납-상담,채무조정 변제금 일시납 상담,adjust,,변제금,상담·서비스 탐색,0,,367
채무조정-변제금-일시납-사례,채무조정 변제금 일시납 사례,adjust,,변제금,사례·경험 탐색,0,,368
채무조정-변제계획-변경,채무조정 변제계획 변경,adjust,,변제금,변제금 산정 및 납부 확인,1,변제계획,369
채무조정-변제계획-변경-방법,채무조정 변제계획 변경 방법,adjust,,변제금,방법·절차 확인,1,변제계획,370
채무조정-변제계획-변경-상담,채무조정 변제계획 변경 상담,adjust,,변제금,상담·서비스 탐색,1,변제계획,371
채무조정-변제계획-변경-사례,채무조정 변제계획 변경 사례,adjust,,변제금,사례·경험 탐색,1,변제계획,372
채무조정-변제기간-단축,채무조정 변제기간 단축,adjust,,변제금,변제금 산정 및 납부 확인,0,,373
채무조정-변제기간-단축-방법,채무조정 변제기간 단축 방법,adjust,,변제금,방법·절차 확인,0,,374
채무조정-변제기간-단축-상담,채무조정 변제기간 단축 상담,adjust,,변제금,상담·서비스 탐색,0,,375
채무조정-변제기간-단축-사례,채무조정 변제기간 단축 사례,adjust,,변제금,사례·경험 탐색,0,,376
채무조정-변제기간-연장,채무조정 변제기간 연장,adjust,,변제금,변제금 산정 및 납부 확인,0,,377
채무조정-변제기간-연장-방법,채무조정 변제기간 연장 방법,adjust,,변제금,방법·절차 확인,0,,378
채무조정-변제기간-연장-상담,채무조정 변제기간 연장 상담,adjust,,변제금,상담·서비스 탐색,0,,379
채무조정-변제기간-연장-사례,채무조정 변제기간 연장 사례,adjust,,변제금,사례·경험 탐색,0,,380
채무조정-첫-변제금-납부,채무조정 첫 변제금 납부,adjust,,변제금,변제금 산정 및 납부 확인,0,,381
채무조정-첫-변제금-납부-방법,채무조정 첫 변제금 납부 방법,adjust,,변제금,방법·절차 확인,0,,382
채무조정-첫-변제금-납부-상담,채무조정 첫 변제금 납부 상담,adjust,,변제금,상담·서비스 탐색,0,,383
채무조정-첫-변제금-납부-사례,채무조정 첫 변제금 납부 사례,adjust,,변제금,사례·경험 탐색,0,,384
채무조정-인가-전-변제금-적립,채무조정 인가 전 변제금 적립,adjust,,변제금,변제금 산정 및 납부 확인,1,인가,385
채무조정-인가-전-변제금-적립-방법,채무조정 인가 전 변제금 적립 방법,adjust,,변제금,방법·절차 확인,1,인가,386
채무조정-인가-전-변제금-적립-상담,채무조정 인가 전 변제금 적립 상담,adjust,,변제금,상담·서비스 탐색,1,인가,387
채무조정-인가-전-변제금-적립-사례,채무조정 인가 전 변제금 적립 사례,adjust,,변제금,사례·경험 탐색,1,인가,388
채무조정-미납금-분할납부,채무조정 미납금 분할납부,adjust,,변제금,변제금 산정 및 납부 확인,0,,389
채무조정-미납금-분할납부-방법,채무조정 미납금 분할납부 방법,adjust,,변제금,방법·절차 확인,0,,390
채무조정-미납금-분할납부-상담,채무조정 미납금 분할납부 상담,adjust,,변제금,상담·서비스 탐색,0,,391
채무조정-미납금-분할납부-사례,채무조정 미납금 분할납부 사례,adjust,,변제금,사례·경험 탐색,0,,392
채무조정-변제금-납부계좌-변경,채무조정 변제금 납부계좌 변경,adjust,,변제금,변제금 산정 및 납부 확인,0,,393
채무조정-변제금-납부계좌-변경-방법,채무조정 변제금 납부계좌 변경 방법,adjust,,변제금,방법·절차 확인,0,,394
채무조정-변제금-납부계좌-변경-상담,채무조정 변제금 납부계좌 변경 상담,adjust,,변제금,상담·서비스 탐색,0,,395
채무조정-변제금-납부계좌-변경-사례,채무조정 변제금 납부계좌 변경 사례,adjust,,변제금,사례·경험 탐색,0,,396
채무조정-변제금-초과납부,채무조정 변제금 초과납부,adjust,,변제금,변제금 산정 및 납부 확인,0,,397
채무조정-변제금-초과납부-방법,채무조정 변제금 초과납부 방법,adjust,,변제금,방법·절차 확인,0,,398
채무조정-변제금-초과납부-상담,채무조정 변제금 초과납부 상담,adjust,,변제금,상담·서비스 탐색,0,,399
채무조정-변제금-초과납부-사례,채무조정 변제금 초과납부 사례,adjust,,변제금,사례·경험 탐색,0,,400
채무조정-최저생계비,채무조정 최저생계비,adjust,,생계비,생계비 인정 범위 확인,0,,401
채무조정-최저생계비-인정-기준,채무조정 최저생계비 인정 기준,adjust,,생계비,생계비 인정 범위 확인,0,,402
채무조정-최저생계비-증빙서류,채무조정 최저생계비 증빙서류,adjust,,생계비,서류·증빙 준비,0,,403
채무조정-최저생계비-변제금-반영,채무조정 최저생계비 변제금 반영,adjust,,생계비,생계비 인정 범위 확인,0,,404
채무조정-추가생계비,채무조정 추가생계비,adjust,,생계비,생계비 인정 범위 확인,0,,405
채무조정-추가생계비-인정-기준,채무조정 추가생계비 인정 기준,adjust,,생계비,생계비 인정 범위 확인,0,,406
채무조정-추가생계비-증빙서류,채무조정 추가생계비 증빙서류,adjust,,생계비,서류·증빙 준비,0,,407
채무조정-추가생계비-변제금-반영,채무조정 추가생계비 변제금 반영,adjust,,생계비,생계비 인정 범위 확인,0,,408
채무조정-주거비,채무조정 주거비,adjust,,생계비,생계비 인정 범위 확인,0,,409
채무조정-주거비-인정-기준,채무조정 주거비 인정 기준,adjust,,생계비,생계비 인정 범위 확인,0,,410
채무조정-주거비-증빙서류,채무조정 주거비 증빙서류,adjust,,생계비,서류·증빙 준비,0,,411
채무조정-주거비-변제금-반영,채무조정 주거비 변제금 반영,adjust,,생계비,생계비 인정 범위 확인,0,,412
채무조정-월세,채무조정 월세,adjust,,생계비,생계비 인정 범위 확인,0,,413
채무조정-월세-인정-기준,채무조정 월세 인정 기준,adjust,,생계비,생계비 인정 범위 확인,0,,414
채무조정-월세-증빙서류,채무조정 월세 증빙서류,adjust,,생계비,서류·증빙 준비,0,,415
채무조정-월세-변제금-반영,채무조정 월세 변제금 반영,adjust,,생계비,생계비 인정 범위 확인,0,,416
채무조정-의료비,채무조정 의료비,adjust,,생계비,생계비 인정 범위 확인,0,,417
채무조정-의료비-인정-기준,채무조정 의료비 인정 기준,adjust,,생계비,생계비 인정 범위 확인,0,,418
채무조정-의료비-증빙서류,채무조정 의료비 증빙서류,adjust,,생계비,서류·증빙 준비,0,,419
채무조정-의료비-변제금-반영,채무조정 의료비 변제금 반영,adjust,,생계비,생계비 인정 범위 확인,0,,420
채무조정-교육비,채무조정 교육비,adjust,,생계비,생계비 인정 범위 확인,0,,421
채무조정-교육비-인정-기준,채무조정 교육비 인정 기준,adjust,,생계비,생계비 인정 범위 확인,0,,422
채무조정-교육비-증빙서류,채무조정 교육비 증빙서류,adjust,,생계비,서류·증빙 준비,0,,423
채무조정-교육비-변제금-반영,채무조정 교육비 변제금 반영,adjust,,생계비,생계비 인정 범위 확인,0,,424
채무조정-교통비,채무조정 교통비,adjust,,생계비,생계비 인정 범위 확인,0,,425
채무조정-교통비-인정-기준,채무조정 교통비 인정 기준,adjust,,생계비,생계비 인정 범위 확인,0,,426
채무조정-교통비-증빙서류,채무조정 교통비 증빙서류,adjust,,생계비,서류·증빙 준비,0,,427
채무조정-교통비-변제금-반영,채무조정 교통비 변제금 반영,adjust,,생계비,생계비 인정 범위 확인,0,,428
채무조정-식비,채무조정 식비,adjust,,생계비,생계비 인정 범위 확인,0,,429
채무조정-식비-인정-기준,채무조정 식비 인정 기준,adjust,,생계비,생계비 인정 범위 확인,0,,430
채무조정-식비-증빙서류,채무조정 식비 증빙서류,adjust,,생계비,서류·증빙 준비,0,,431
채무조정-식비-변제금-반영,채무조정 식비 변제금 반영,adjust,,생계비,생계비 인정 범위 확인,0,,432
채무조정-통신비,채무조정 통신비,adjust,,생계비,생계비 인정 범위 확인,0,,433
채무조정-통신비-인정-기준,채무조정 통신비 인정 기준,adjust,,생계비,생계비 인정 범위 확인,0,,434
채무조정-통신비-증빙서류,채무조정 통신비 증빙서류,adjust,,생계비,서류·증빙 준비,0,,435
채무조정-통신비-변제금-반영,채무조정 통신비 변제금 반영,adjust,,생계비,생계비 인정 범위 확인,0,,436
채무조정-보험료,채무조정 보험료,adjust,,생계비,생계비 인정 범위 확인,0,,437
채무조정-보험료-인정-기준,채무조정 보험료 인정 기준,adjust,,생계비,생계비 인정 범위 확인,0,,438
채무조정-보험료-증빙서류,채무조정 보험료 증빙서류,adjust,,생계비,서류·증빙 준비,0,,439
채무조정-보험료-변제금-반영,채무조정 보험료 변제금 반영,adjust,,생계비,생계비 인정 범위 확인,0,,440
채무조정-자녀-양육비,채무조정 자녀 양육비,adjust,,생계비,생계비 인정 범위 확인,0,,441
채무조정-자녀-양육비-인정-기준,채무조정 자녀 양육비 인정 기준,adjust,,생계비,생계비 인정 범위 확인,0,,442
채무조정-자녀-양육비-증빙서류,채무조정 자녀 양육비 증빙서류,adjust,,생계비,서류·증빙 준비,0,,443
채무조정-자녀-양육비-변제금-반영,채무조정 자녀 양육비 변제금 반영,adjust,,생계비,생계비 인정 범위 확인,0,,444
채무조정-부모님-생활비,채무조정 부모님 생활비,adjust,,생계비,생계비 인정 범위 확인,0,,445
채무조정-부모님-생활비-인정-기준,채무조정 부모님 생활비 인정 기준,adjust,,생계비,생계비 인정 범위 확인,0,,446
채무조정-부모님-생활비-증빙서류,채무조정 부모님 생활비 증빙서류,adjust,,생계비,서류·증빙 준비,0,,447
채무조정-부모님-생활비-변제금-반영,채무조정 부모님 생활비 변제금 반영,adjust,,생계비,생계비 인정 범위 확인,0,,448
채무조정-간병비,채무조정 간병비,adjust,,생계비,생계비 인정 범위 확인,0,,449
채무조정-간병비-인정-기준,채무조정 간병비 인정 기준,adjust,,생계비,생계비 인정 범위 확인,0,,450
채무조정-간병비-증빙서류,채무조정 간병비 증빙서류,adjust,,생계비,서류·증빙 준비,0,,451
채무조정-간병비-변제금-반영,채무조정 간병비 변제금 반영,adjust,,생계비,생계비 인정 범위 확인,0,,452
채무조정-장애-관련-지출,채무조정 장애 관련 지출,adjust,,생계비,생계비 인정 범위 확인,0,,453
채무조정-장애-관련-지출-인정-기준,채무조정 장애 관련 지출 인정 기준,adjust,,생계비,생계비 인정 범위 확인,0,,454
채무조정-장애-관련-지출-증빙서류,채무조정 장애 관련 지출 증빙서류,adjust,,생계비,서류·증빙 준비,0,,455
채무조정-장애-관련-지출-변제금-반영,채무조정 장애 관련 지출 변제금 반영,adjust,,생계비,생계비 인정 범위 확인,0,,456
채무조정-만성질환-치료비,채무조정 만성질환 치료비,adjust,,생계비,생계비 인정 범위 확인,0,,457
채무조정-만성질환-치료비-인정-기준,채무조정 만성질환 치료비 인정 기준,adjust,,생계비,생계비 인정 범위 확인,0,,458
채무조정-만성질환-치료비-증빙서류,채무조정 만성질환 치료비 증빙서류,adjust,,생계비,서류·증빙 준비,0,,459
채무조정-만성질환-치료비-변제금-반영,채무조정 만성질환 치료비 변제금 반영,adjust,,생계비,생계비 인정 범위 확인,0,,460
채무조정-치과-치료비,채무조정 치과 치료비,adjust,,생계비,생계비 인정 범위 확인,0,,461
채무조정-치과-치료비-인정-기준,채무조정 치과 치료비 인정 기준,adjust,,생계비,생계비 인정 범위 확인,0,,462
채무조정-치과-치료비-증빙서류,채무조정 치과 치료비 증빙서류,adjust,,생계비,서류·증빙 준비,0,,463
채무조정-치과-치료비-변제금-반영,채무조정 치과 치료비 변제금 반영,adjust,,생계비,생계비 인정 범위 확인,0,,464
채무조정-난방비,채무조정 난방비,adjust,,생계비,생계비 인정 범위 확인,0,,465
채무조정-난방비-인정-기준,채무조정 난방비 인정 기준,adjust,,생계비,생계비 인정 범위 확인,0,,466
채무조정-난방비-증빙서류,채무조정 난방비 증빙서류,adjust,,생계비,서류·증빙 준비,0,,467
채무조정-난방비-변제금-반영,채무조정 난방비 변제금 반영,adjust,,생계비,생계비 인정 범위 확인,0,,468
채무조정-사업상-필수경비,채무조정 사업상 필수경비,adjust,,생계비,생계비 인정 범위 확인,0,,469
채무조정-사업상-필수경비-인정-기준,채무조정 사업상 필수경비 인정 기준,adjust,,생계비,생계비 인정 범위 확인,0,,470
채무조정-사업상-필수경비-증빙서류,채무조정 사업상 필수경비 증빙서류,adjust,,생계비,서류·증빙 준비,0,,471
채무조정-사업상-필수경비-변제금-반영,채무조정 사업상 필수경비 변제금 반영,adjust,,생계비,생계비 인정 범위 확인,0,,472
채무조정-1인-가구-생계비,채무조정 1인 가구 생계비,adjust,,생계비,생계비 인정 범위 확인,0,,473
채무조정-1인-가구-생계비-인정-기준,채무조정 1인 가구 생계비 인정 기준,adjust,,생계비,생계비 인정 범위 확인,0,,474
채무조정-1인-가구-생계비-증빙서류,채무조정 1인 가구 생계비 증빙서류,adjust,,생계비,서류·증빙 준비,0,,475
채무조정-1인-가구-생계비-변제금-반영,채무조정 1인 가구 생계비 변제금 반영,adjust,,생계비,생계비 인정 범위 확인,0,,476
채무조정-다인-가구-생계비,채무조정 다인 가구 생계비,adjust,,생계비,생계비 인정 범위 확인,0,,477
채무조정-다인-가구-생계비-인정-기준,채무조정 다인 가구 생계비 인정 기준,adjust,,생계비,생계비 인정 범위 확인,0,,478
채무조정-다인-가구-생계비-증빙서류,채무조정 다인 가구 생계비 증빙서류,adjust,,생계비,서류·증빙 준비,0,,479
채무조정-다인-가구-생계비-변제금-반영,채무조정 다인 가구 생계비 변제금 반영,adjust,,생계비,생계비 인정 범위 확인,0,,480
채무조정-미성년-자녀,채무조정 미성년 자녀,adjust,,부양가족,부양가족 인정 여부 확인,0,,481
채무조정-미성년-자녀-부양가족-인정,채무조정 미성년 자녀 부양가족 인정,adjust,,부양가족,부양가족 인정 여부 확인,0,,482
채무조정-미성년-자녀-부양-증빙서류,채무조정 미성년 자녀 부양 증빙서류,adjust,,부양가족,서류·증빙 준비,0,,483
채무조정-미성년-자녀-생계비-계산,채무조정 미성년 자녀 생계비 계산,adjust,,부양가족,부양가족 인정 여부 확인,0,,484
채무조정-성년-자녀,채무조정 성년 자녀,adjust,,부양가족,부양가족 인정 여부 확인,0,,485
채무조정-성년-자녀-부양가족-인정,채무조정 성년 자녀 부양가족 인정,adjust,,부양가족,부양가족 인정 여부 확인,0,,486
채무조정-성년-자녀-부양-증빙서류,채무조정 성년 자녀 부양 증빙서류,adjust,,부양가족,서류·증빙 준비,0,,487
채무조정-성년-자녀-생계비-계산,채무조정 성년 자녀 생계비 계산,adjust,,부양가족,부양가족 인정 여부 확인,0,,488
채무조정-대학생-자녀,채무조정 대학생 자녀,adjust,,부양가족,부양가족 인정 여부 확인,0,,489
채무조정-대학생-자녀-부양가족-인정,채무조정 대학생 자녀 부양가족 인정,adjust,,부양가족,부양가족 인정 여부 확인,0,,490
채무조정-대학생-자녀-부양-증빙서류,채무조정 대학생 자녀 부양 증빙서류,adjust,,부양가족,서류·증빙 준비,0,,491
채무조정-대학생-자녀-생계비-계산,채무조정 대학생 자녀 생계비 계산,adjust,,부양가족,부양가족 인정 여부 확인,0,,492
채무조정-고령-부모,채무조정 고령 부모,adjust,,부양가족,부양가족 인정 여부 확인,0,,493
채무조정-고령-부모-부양가족-인정,채무조정 고령 부모 부양가족 인정,adjust,,부양가족,부양가족 인정 여부 확인,0,,494
채무조정-고령-부모-부양-증빙서류,채무조정 고령 부모 부양 증빙서류,adjust,,부양가족,서류·증빙 준비,0,,495
채무조정-고령-부모-생계비-계산,채무조정 고령 부모 생계비 계산,adjust,,부양가족,부양가족 인정 여부 확인,0,,496
채무조정-장애인-부모,채무조정 장애인 부모,adjust,,부양가족,부양가족 인정 여부 확인,0,,497
채무조정-장애인-부모-부양가족-인정,채무조정 장애인 부모 부양가족 인정,adjust,,부양가족,부양가족 인정 여부 확인,0,,498
채무조정-장애인-부모-부양-증빙서류,채무조정 장애인 부모 부양 증빙서류,adjust,,부양가족,서류·증빙 준비,0,,499
채무조정-장애인-부모-생계비-계산,채무조정 장애인 부모 생계비 계산,adjust,,부양가족,부양가족 인정 여부 확인,0,,500
채무조정-배우자-부양,채무조정 배우자 부양,adjust,,부양가족,부양가족 인정 여부 확인,0,,501
채무조정-배우자-부양-부양가족-인정,채무조정 배우자 부양 부양가족 인정,adjust,,부양가족,부양가족 인정 여부 확인,0,,502
채무조정-배우자-부양-부양-증빙서류,채무조정 배우자 부양 부양 증빙서류,adjust,,부양가족,서류·증빙 준비,0,,503
채무조정-배우자-부양-생계비-계산,채무조정 배우자 부양 생계비 계산,adjust,,부양가족,부양가족 인정 여부 확인,0,,504
채무조정-무직-배우자,채무조정 무직 배우자,adjust,,부양가족,부양가족 인정 여부 확인,0,,505
채무조정-무직-배우자-부양가족-인정,채무조정 무직 배우자 부양가족 인정,adjust,,부양가족,부양가족 인정 여부 확인,0,,506
채무조정-무직-배우자-부양-증빙서류,채무조정 무직 배우자 부양 증빙서류,adjust,,부양가족,서류·증빙 준비,0,,507
채무조정-무직-배우자-생계비-계산,채무조정 무직 배우자 생계비 계산,adjust,,부양가족,부양가족 인정 여부 확인,0,,508
채무조정-맞벌이-배우자,채무조정 맞벌이 배우자,adjust,,부양가족,부양가족 인정 여부 확인,0,,509
채무조정-맞벌이-배우자-부양가족-인정,채무조정 맞벌이 배우자 부양가족 인정,adjust,,부양가족,부양가족 인정 여부 확인,0,,510
채무조정-맞벌이-배우자-부양-증빙서류,채무조정 맞벌이 배우자 부양 증빙서류,adjust,,부양가족,서류·증빙 준비,0,,511
채무조정-맞벌이-배우자-생계비-계산,채무조정 맞벌이 배우자 생계비 계산,adjust,,부양가족,부양가족 인정 여부 확인,0,,512
채무조정-임신-중-배우자,채무조정 임신 중 배우자,adjust,,부양가족,부양가족 인정 여부 확인,0,,513
채무조정-임신-중-배우자-부양가족-인정,채무조정 임신 중 배우자 부양가족 인정,adjust,,부양가족,부양가족 인정 여부 확인,0,,514
채무조정-임신-중-배우자-부양-증빙서류,채무조정 임신 중 배우자 부양 증빙서류,adjust,,부양가족,서류·증빙 준비,0,,515
채무조정-임신-중-배우자-생계비-계산,채무조정 임신 중 배우자 생계비 계산,adjust,,부양가족,부양가족 인정 여부 확인,0,,516
채무조정-태아,채무조정 태아,adjust,,부양가족,부양가족 인정 여부 확인,0,,517
채무조정-태아-부양가족-인정,채무조정 태아 부양가족 인정,adjust,,부양가족,부양가족 인정 여부 확인,0,,518
채무조정-태아-부양-증빙서류,채무조정 태아 부양 증빙서류,adjust,,부양가족,서류·증빙 준비,0,,519
채무조정-태아-생계비-계산,채무조정 태아 생계비 계산,adjust,,부양가족,부양가족 인정 여부 확인,0,,520
채무조정-신생아,채무조정 신생아,adjust,,부양가족,부양가족 인정 여부 확인,0,,521
채무조정-신생아-부양가족-인정,채무조정 신생아 부양가족 인정,adjust,,부양가족,부양가족 인정 여부 확인,0,,522
채무조정-신생아-부양-증빙서류,채무조정 신생아 부양 증빙서류,adjust,,부양가족,서류·증빙 준비,0,,523
채무조정-신생아-생계비-계산,채무조정 신생아 생계비 계산,adjust,,부양가족,부양가족 인정 여부 확인,0,,524
채무조정-손자녀,채무조정 손자녀,adjust,,부양가족,부양가족 인정 여부 확인,0,,525
채무조정-손자녀-부양가족-인정,채무조정 손자녀 부양가족 인정,adjust,,부양가족,부양가족 인정 여부 확인,0,,526
채무조정-손자녀-부양-증빙서류,채무조정 손자녀 부양 증빙서류,adjust,,부양가족,서류·증빙 준비,0,,527
채무조정-손자녀-생계비-계산,채무조정 손자녀 생계비 계산,adjust,,부양가족,부양가족 인정 여부 확인,0,,528
채무조정-형제자매,채무조정 형제자매,adjust,,부양가족,부양가족 인정 여부 확인,0,,529
채무조정-형제자매-부양가족-인정,채무조정 형제자매 부양가족 인정,adjust,,부양가족,부양가족 인정 여부 확인,0,,530
채무조정-형제자매-부양-증빙서류,채무조정 형제자매 부양 증빙서류,adjust,,부양가족,서류·증빙 준비,0,,531
채무조정-형제자매-생계비-계산,채무조정 형제자매 생계비 계산,adjust,,부양가족,부양가족 인정 여부 확인,0,,532
채무조정-별거-중-가족,채무조정 별거 중 가족,adjust,,부양가족,부양가족 인정 여부 확인,0,,533
채무조정-별거-중-가족-부양가족-인정,채무조정 별거 중 가족 부양가족 인정,adjust,,부양가족,부양가족 인정 여부 확인,0,,534
채무조정-별거-중-가족-부양-증빙서류,채무조정 별거 중 가족 부양 증빙서류,adjust,,부양가족,서류·증빙 준비,0,,535
채무조정-별거-중-가족-생계비-계산,채무조정 별거 중 가족 생계비 계산,adjust,,부양가족,부양가족 인정 여부 확인,0,,536
채무조정-동거-부모,채무조정 동거 부모,adjust,,부양가족,부양가족 인정 여부 확인,0,,537
채무조정-동거-부모-부양가족-인정,채무조정 동거 부모 부양가족 인정,adjust,,부양가족,부양가족 인정 여부 확인,0,,538
채무조정-동거-부모-부양-증빙서류,채무조정 동거 부모 부양 증빙서류,adjust,,부양가족,서류·증빙 준비,0,,539
채무조정-동거-부모-생계비-계산,채무조정 동거 부모 생계비 계산,adjust,,부양가족,부양가족 인정 여부 확인,0,,540
채무조정-비동거-부모,채무조정 비동거 부모,adjust,,부양가족,부양가족 인정 여부 확인,0,,541
채무조정-비동거-부모-부양가족-인정,채무조정 비동거 부모 부양가족 인정,adjust,,부양가족,부양가족 인정 여부 확인,0,,542
채무조정-비동거-부모-부양-증빙서류,채무조정 비동거 부모 부양 증빙서류,adjust,,부양가족,서류·증빙 준비,0,,543
채무조정-비동거-부모-생계비-계산,채무조정 비동거 부모 생계비 계산,adjust,,부양가족,부양가족 인정 여부 확인,0,,544
채무조정-이혼-후-자녀,채무조정 이혼 후 자녀,adjust,,부양가족,부양가족 인정 여부 확인,0,,545
채무조정-이혼-후-자녀-부양가족-인정,채무조정 이혼 후 자녀 부양가족 인정,adjust,,부양가족,부양가족 인정 여부 확인,0,,546
채무조정-이혼-후-자녀-부양-증빙서류,채무조정 이혼 후 자녀 부양 증빙서류,adjust,,부양가족,서류·증빙 준비,0,,547
채무조정-이혼-후-자녀-생계비-계산,채무조정 이혼 후 자녀 생계비 계산,adjust,,부양가족,부양가족 인정 여부 확인,0,,548
채무조정-공동양육-자녀,채무조정 공동양육 자녀,adjust,,부양가족,부양가족 인정 여부 확인,0,,549
채무조정-공동양육-자녀-부양가족-인정,채무조정 공동양육 자녀 부양가족 인정,adjust,,부양가족,부양가족 인정 여부 확인,0,,550
채무조정-공동양육-자녀-부양-증빙서류,채무조정 공동양육 자녀 부양 증빙서류,adjust,,부양가족,서류·증빙 준비,0,,551
채무조정-공동양육-자녀-생계비-계산,채무조정 공동양육 자녀 생계비 계산,adjust,,부양가족,부양가족 인정 여부 확인,0,,552
채무조정-재혼가정-자녀,채무조정 재혼가정 자녀,adjust,,부양가족,부양가족 인정 여부 확인,0,,553
채무조정-재혼가정-자녀-부양가족-인정,채무조정 재혼가정 자녀 부양가족 인정,adjust,,부양가족,부양가족 인정 여부 확인,0,,554
채무조정-재혼가정-자녀-부양-증빙서류,채무조정 재혼가정 자녀 부양 증빙서류,adjust,,부양가족,서류·증빙 준비,0,,555
채무조정-재혼가정-자녀-생계비-계산,채무조정 재혼가정 자녀 생계비 계산,adjust,,부양가족,부양가족 인정 여부 확인,0,,556
채무조정-소득-있는-부모,채무조정 소득 있는 부모,adjust,,부양가족,부양가족 인정 여부 확인,0,,557
채무조정-소득-있는-부모-부양가족-인정,채무조정 소득 있는 부모 부양가족 인정,adjust,,부양가족,부양가족 인정 여부 확인,0,,558
채무조정-소득-있는-부모-부양-증빙서류,채무조정 소득 있는 부모 부양 증빙서류,adjust,,부양가족,서류·증빙 준비,0,,559
채무조정-소득-있는-부모-생계비-계산,채무조정 소득 있는 부모 생계비 계산,adjust,,부양가족,부양가족 인정 여부 확인,0,,560
채무조정-신청-준비,채무조정 신청 준비,adjust,,절차,진행 순서와 기간 확인,0,,561
채무조정-신청-준비-절차,채무조정 신청 준비 절차,adjust,,절차,방법·절차 확인,0,,562
채무조정-신청-준비-소요기간,채무조정 신청 준비 소요기간,adjust,,절차,진행 순서와 기간 확인,0,,563
채무조정-신청-준비-준비사항,채무조정 신청 준비 준비사항,adjust,,절차,진행 순서와 기간 확인,0,,564
채무조정-신청서-접수,채무조정 신청서 접수,adjust,,절차,진행 순서와 기간 확인,0,,565
채무조정-신청서-접수-절차,채무조정 신청서 접수 절차,adjust,,절차,방법·절차 확인,0,,566
채무조정-신청서-접수-소요기간,채무조정 신청서 접수 소요기간,adjust,,절차,진행 순서와 기간 확인,0,,567
채무조정-신청서-접수-준비사항,채무조정 신청서 접수 준비사항,adjust,,절차,진행 순서와 기간 확인,0,,568
채무조정-사건번호-발급,채무조정 사건번호 발급,adjust,,절차,진행 순서와 기간 확인,0,,569
채무조정-사건번호-발급-절차,채무조정 사건번호 발급 절차,adjust,,절차,방법·절차 확인,0,,570
채무조정-사건번호-발급-소요기간,채무조정 사건번호 발급 소요기간,adjust,,절차,진행 순서와 기간 확인,0,,571
채무조정-사건번호-발급-준비사항,채무조정 사건번호 발급 준비사항,adjust,,절차,진행 순서와 기간 확인,0,,572
채무조정-서류-심사,채무조정 서류 심사,adjust,,절차,진행 순서와 기간 확인,0,,573
채무조정-서류-심사-절차,채무조정 서류 심사 절차,adjust,,절차,방법·절차 확인,0,,574
채무조정-서류-심사-소요기간,채무조정 서류 심사 소요기간,adjust,,절차,진행 순서와 기간 확인,0,,575
채무조정-서류-심사-준비사항,채무조정 서류 심사 준비사항,adjust,,절차,진행 순서와 기간 확인,0,,576
채무조정-회생위원-면담,채무조정 회생위원 면담,adjust,,절차,진행 순서와 기간 확인,1,회생위원,577
채무조정-회생위원-면담-절차,채무조정 회생위원 면담 절차,adjust,,절차,방법·절차 확인,1,회생위원,578
채무조정-회생위원-면담-소요기간,채무조정 회생위원 면담 소요기간,adjust,,절차,진행 순서와 기간 확인,1,회생위원,579
채무조정-회생위원-면담-준비사항,채무조정 회생위원 면담 준비사항,adjust,,절차,진행 순서와 기간 확인,1,회생위원,580
채무조정-채권자목록-제출,채무조정 채권자목록 제출,adjust,,절차,진행 순서와 기간 확인,0,,581
채무조정-채권자목록-제출-절차,채무조정 채권자목록 제출 절차,adjust,,절차,방법·절차 확인,0,,582
채무조정-채권자목록-제출-소요기간,채무조정 채권자목록 제출 소요기간,adjust,,절차,진행 순서와 기간 확인,0,,583
채무조정-채권자목록-제출-준비사항,채무조정 채권자목록 제출 준비사항,adjust,,절차,진행 순서와 기간 확인,0,,584
채무조정-변제계획안-제출,채무조정 변제계획안 제출,adjust,,절차,진행 순서와 기간 확인,1,변제계획,585
채무조정-변제계획안-제출-절차,채무조정 변제계획안 제출 절차,adjust,,절차,방법·절차 확인,1,변제계획,586
채무조정-변제계획안-제출-소요기간,채무조정 변제계획안 제출 소요기간,adjust,,절차,진행 순서와 기간 확인,1,변제계획,587
채무조정-변제계획안-제출-준비사항,채무조정 변제계획안 제출 준비사항,adjust,,절차,진행 순서와 기간 확인,1,변제계획,588
채무조정-개시결정,채무조정 개시결정,adjust,,절차,진행 순서와 기간 확인,1,개시결정,589
채무조정-개시결정-절차,채무조정 개시결정 절차,adjust,,절차,방법·절차 확인,1,개시결정,590
채무조정-개시결정-소요기간,채무조정 개시결정 소요기간,adjust,,절차,진행 순서와 기간 확인,1,개시결정,591
채무조정-개시결정-준비사항,채무조정 개시결정 준비사항,adjust,,절차,진행 순서와 기간 확인,1,개시결정,592
채무조정-채권자-이의신청,채무조정 채권자 이의신청,adjust,,절차,진행 순서와 기간 확인,0,,593
채무조정-채권자-이의신청-절차,채무조정 채권자 이의신청 절차,adjust,,절차,방법·절차 확인,0,,594
채무조정-채권자-이의신청-소요기간,채무조정 채권자 이의신청 소요기간,adjust,,절차,진행 순서와 기간 확인,0,,595
채무조정-채권자-이의신청-준비사항,채무조정 채권자 이의신청 준비사항,adjust,,절차,진행 순서와 기간 확인,0,,596
채무조정-채권조사확정재판,채무조정 채권조사확정재판,adjust,,절차,진행 순서와 기간 확인,0,,597
채무조정-채권조사확정재판-절차,채무조정 채권조사확정재판 절차,adjust,,절차,방법·절차 확인,0,,598
채무조정-채권조사확정재판-소요기간,채무조정 채권조사확정재판 소요기간,adjust,,절차,진행 순서와 기간 확인,0,,599
채무조정-채권조사확정재판-준비사항,채무조정 채권조사확정재판 준비사항,adjust,,절차,진행 순서와 기간 확인,0,,600
채무조정-채권자집회,채무조정 채권자집회,adjust,,절차,진행 순서와 기간 확인,1,채권자집회,601
채무조정-채권자집회-절차,채무조정 채권자집회 절차,adjust,,절차,방법·절차 확인,1,채권자집회,602
채무조정-채권자집회-소요기간,채무조정 채권자집회 소요기간,adjust,,절차,진행 순서와 기간 확인,1,채권자집회,603
채무조정-채권자집회-준비사항,채무조정 채권자집회 준비사항,adjust,,절차,진행 순서와 기간 확인,1,채권자집회,604
채무조정-인가결정,채무조정 인가결정,adjust,,절차,진행 순서와 기간 확인,1,인가,605
채무조정-인가결정-절차,채무조정 인가결정 절차,adjust,,절차,방법·절차 확인,1,인가,606
채무조정-인가결정-소요기간,채무조정 인가결정 소요기간,adjust,,절차,진행 순서와 기간 확인,1,인가,607
채무조정-인가결정-준비사항,채무조정 인가결정 준비사항,adjust,,절차,진행 순서와 기간 확인,1,인가,608
채무조정-변제-수행,채무조정 변제 수행,adjust,,절차,진행 순서와 기간 확인,0,,609
채무조정-변제-수행-절차,채무조정 변제 수행 절차,adjust,,절차,방법·절차 확인,0,,610
채무조정-변제-수행-소요기간,채무조정 변제 수행 소요기간,adjust,,절차,진행 순서와 기간 확인,0,,611
채무조정-변제-수행-준비사항,채무조정 변제 수행 준비사항,adjust,,절차,진행 순서와 기간 확인,0,,612
채무조정-면책신청,채무조정 면책신청,adjust,,절차,진행 순서와 기간 확인,0,,613
채무조정-면책신청-절차,채무조정 면책신청 절차,adjust,,절차,방법·절차 확인,0,,614
채무조정-면책신청-소요기간,채무조정 면책신청 소요기간,adjust,,절차,진행 순서와 기간 확인,0,,615
채무조정-면책신청-준비사항,채무조정 면책신청 준비사항,adjust,,절차,진행 순서와 기간 확인,0,,616
채무조정-신청-취하,채무조정 신청 취하,adjust,,절차,진행 순서와 기간 확인,0,,617
채무조정-신청-취하-절차,채무조정 신청 취하 절차,adjust,,절차,방법·절차 확인,0,,618
채무조정-신청-취하-소요기간,채무조정 신청 취하 소요기간,adjust,,절차,진행 순서와 기간 확인,0,,619
채무조정-신청-취하-준비사항,채무조정 신청 취하 준비사항,adjust,,절차,진행 순서와 기간 확인,0,,620
채무조정-사건-이송,채무조정 사건 이송,adjust,,절차,진행 순서와 기간 확인,0,,621
채무조정-사건-이송-절차,채무조정 사건 이송 절차,adjust,,절차,방법·절차 확인,0,,622
채무조정-사건-이송-소요기간,채무조정 사건 이송 소요기간,adjust,,절차,진행 순서와 기간 확인,0,,623
채무조정-사건-이송-준비사항,채무조정 사건 이송 준비사항,adjust,,절차,진행 순서와 기간 확인,0,,624
채무조정-채권자-추가,채무조정 채권자 추가,adjust,,절차,진행 순서와 기간 확인,0,,625
채무조정-채권자-추가-절차,채무조정 채권자 추가 절차,adjust,,절차,방법·절차 확인,0,,626
채무조정-채권자-추가-소요기간,채무조정 채권자 추가 소요기간,adjust,,절차,진행 순서와 기간 확인,0,,627
채무조정-채권자-추가-준비사항,채무조정 채권자 추가 준비사항,adjust,,절차,진행 순서와 기간 확인,0,,628
채무조정-채무-누락-정정,채무조정 채무 누락 정정,adjust,,절차,진행 순서와 기간 확인,0,,629
채무조정-채무-누락-정정-절차,채무조정 채무 누락 정정 절차,adjust,,절차,방법·절차 확인,0,,630
채무조정-채무-누락-정정-소요기간,채무조정 채무 누락 정정 소요기간,adjust,,절차,진행 순서와 기간 확인,0,,631
채무조정-채무-누락-정정-준비사항,채무조정 채무 누락 정정 준비사항,adjust,,절차,진행 순서와 기간 확인,0,,632
채무조정-주소-변경-신고,채무조정 주소 변경 신고,adjust,,절차,진행 순서와 기간 확인,0,,633
채무조정-주소-변경-신고-절차,채무조정 주소 변경 신고 절차,adjust,,절차,방법·절차 확인,0,,634
채무조정-주소-변경-신고-소요기간,채무조정 주소 변경 신고 소요기간,adjust,,절차,진행 순서와 기간 확인,0,,635
채무조정-주소-변경-신고-준비사항,채무조정 주소 변경 신고 준비사항,adjust,,절차,진행 순서와 기간 확인,0,,636
채무조정-송달장소-변경,채무조정 송달장소 변경,adjust,,절차,진행 순서와 기간 확인,0,,637
채무조정-송달장소-변경-절차,채무조정 송달장소 변경 절차,adjust,,절차,방법·절차 확인,0,,638
채무조정-송달장소-변경-소요기간,채무조정 송달장소 변경 소요기간,adjust,,절차,진행 순서와 기간 확인,0,,639
채무조정-송달장소-변경-준비사항,채무조정 송달장소 변경 준비사항,adjust,,절차,진행 순서와 기간 확인,0,,640
채무조정-관할법원,채무조정 관할법원,adjust,,법원,관할 및 법원 이용 안내,0,,641
채무조정-관할법원-접수-안내,채무조정 관할법원 접수 안내,adjust,,법원,관할 및 법원 이용 안내,0,,642
채무조정-관할법원-이용-방법,채무조정 관할법원 이용 방법,adjust,,법원,방법·절차 확인,0,,643
채무조정-관할법원-문의-방법,채무조정 관할법원 문의 방법,adjust,,법원,방법·절차 확인,0,,644
채무조정-주소지-관할,채무조정 주소지 관할,adjust,,법원,관할 및 법원 이용 안내,0,,645
채무조정-주소지-관할-접수-안내,채무조정 주소지 관할 접수 안내,adjust,,법원,관할 및 법원 이용 안내,0,,646
채무조정-주소지-관할-이용-방법,채무조정 주소지 관할 이용 방법,adjust,,법원,방법·절차 확인,0,,647
채무조정-주소지-관할-문의-방법,채무조정 주소지 관할 문의 방법,adjust,,법원,방법·절차 확인,0,,648
채무조정-직장-소재지-관할,채무조정 직장 소재지 관할,adjust,,법원,관할 및 법원 이용 안내,0,,649
채무조정-직장-소재지-관할-접수-안내,채무조정 직장 소재지 관할 접수 안내,adjust,,법원,관할 및 법원 이용 안내,0,,650
채무조정-직장-소재지-관할-이용-방법,채무조정 직장 소재지 관할 이용 방법,adjust,,법원,방법·절차 확인,0,,651
채무조정-직장-소재지-관할-문의-방법,채무조정 직장 소재지 관할 문의 방법,adjust,,법원,방법·절차 확인,0,,652
채무조정-사업장-소재지-관할,채무조정 사업장 소재지 관할,adjust,,법원,관할 및 법원 이용 안내,0,,653
채무조정-사업장-소재지-관할-접수-안내,채무조정 사업장 소재지 관할 접수 안내,adjust,,법원,관할 및 법원 이용 안내,0,,654
채무조정-사업장-소재지-관할-이용-방법,채무조정 사업장 소재지 관할 이용 방법,adjust,,법원,방법·절차 확인,0,,655
채무조정-사업장-소재지-관할-문의-방법,채무조정 사업장 소재지 관할 문의 방법,adjust,,법원,방법·절차 확인,0,,656
채무조정-서울회생법원,채무조정 서울회생법원,adjust,,법원,관할 및 법원 이용 안내,0,,657
채무조정-서울회생법원-접수-안내,채무조정 서울회생법원 접수 안내,adjust,,법원,관할 및 법원 이용 안내,0,,658
채무조정-서울회생법원-이용-방법,채무조정 서울회생법원 이용 방법,adjust,,법원,방법·절차 확인,0,,659
채무조정-서울회생법원-문의-방법,채무조정 서울회생법원 문의 방법,adjust,,법원,방법·절차 확인,0,,660
채무조정-수원회생법원,채무조정 수원회생법원,adjust,,법원,관할 및 법원 이용 안내,0,,661
채무조정-수원회생법원-접수-안내,채무조정 수원회생법원 접수 안내,adjust,,법원,관할 및 법원 이용 안내,0,,662
채무조정-수원회생법원-이용-방법,채무조정 수원회생법원 이용 방법,adjust,,법원,방법·절차 확인,0,,663
채무조정-수원회생법원-문의-방법,채무조정 수원회생법원 문의 방법,adjust,,법원,방법·절차 확인,0,,664
채무조정-부산회생법원,채무조정 부산회생법원,adjust,,법원,관할 및 법원 이용 안내,0,,665
채무조정-부산회생법원-접수-안내,채무조정 부산회생법원 접수 안내,adjust,,법원,관할 및 법원 이용 안내,0,,666
채무조정-부산회생법원-이용-방법,채무조정 부산회생법원 이용 방법,adjust,,법원,방법·절차 확인,0,,667
채무조정-부산회생법원-문의-방법,채무조정 부산회생법원 문의 방법,adjust,,법원,방법·절차 확인,0,,668
채무조정-대전-지역-법원,채무조정 대전 지역 법원,adjust,,법원,관할 및 법원 이용 안내,0,,669
채무조정-대전-지역-법원-접수-안내,채무조정 대전 지역 법원 접수 안내,adjust,,법원,관할 및 법원 이용 안내,0,,670
채무조정-대전-지역-법원-이용-방법,채무조정 대전 지역 법원 이용 방법,adjust,,법원,방법·절차 확인,0,,671
채무조정-대전-지역-법원-문의-방법,채무조정 대전 지역 법원 문의 방법,adjust,,법원,방법·절차 확인,0,,672
채무조정-대구-지역-법원,채무조정 대구 지역 법원,adjust,,법원,관할 및 법원 이용 안내,0,,673
채무조정-대구-지역-법원-접수-안내,채무조정 대구 지역 법원 접수 안내,adjust,,법원,관할 및 법원 이용 안내,0,,674
채무조정-대구-지역-법원-이용-방법,채무조정 대구 지역 법원 이용 방법,adjust,,법원,방법·절차 확인,0,,675
채무조정-대구-지역-법원-문의-방법,채무조정 대구 지역 법원 문의 방법,adjust,,법원,방법·절차 확인,0,,676
채무조정-광주-지역-법원,채무조정 광주 지역 법원,adjust,,법원,관할 및 법원 이용 안내,0,,677
채무조정-광주-지역-법원-접수-안내,채무조정 광주 지역 법원 접수 안내,adjust,,법원,관할 및 법원 이용 안내,0,,678
채무조정-광주-지역-법원-이용-방법,채무조정 광주 지역 법원 이용 방법,adjust,,법원,방법·절차 확인,0,,679
채무조정-광주-지역-법원-문의-방법,채무조정 광주 지역 법원 문의 방법,adjust,,법원,방법·절차 확인,0,,680
채무조정-인천-지역-법원,채무조정 인천 지역 법원,adjust,,법원,관할 및 법원 이용 안내,0,,681
채무조정-인천-지역-법원-접수-안내,채무조정 인천 지역 법원 접수 안내,adjust,,법원,관할 및 법원 이용 안내,0,,682
채무조정-인천-지역-법원-이용-방법,채무조정 인천 지역 법원 이용 방법,adjust,,법원,방법·절차 확인,0,,683
채무조정-인천-지역-법원-문의-방법,채무조정 인천 지역 법원 문의 방법,adjust,,법원,방법·절차 확인,0,,684
채무조정-울산-지역-법원,채무조정 울산 지역 법원,adjust,,법원,관할 및 법원 이용 안내,0,,685
채무조정-울산-지역-법원-접수-안내,채무조정 울산 지역 법원 접수 안내,adjust,,법원,관할 및 법원 이용 안내,0,,686
채무조정-울산-지역-법원-이용-방법,채무조정 울산 지역 법원 이용 방법,adjust,,법원,방법·절차 확인,0,,687
채무조정-울산-지역-법원-문의-방법,채무조정 울산 지역 법원 문의 방법,adjust,,법원,방법·절차 확인,0,,688
채무조정-창원-지역-법원,채무조정 창원 지역 법원,adjust,,법원,관할 및 법원 이용 안내,0,,689
채무조정-창원-지역-법원-접수-안내,채무조정 창원 지역 법원 접수 안내,adjust,,법원,관할 및 법원 이용 안내,0,,690
채무조정-창원-지역-법원-이용-방법,채무조정 창원 지역 법원 이용 방법,adjust,,법원,방법·절차 확인,0,,691
채무조정-창원-지역-법원-문의-방법,채무조정 창원 지역 법원 문의 방법,adjust,,법원,방법·절차 확인,0,,692
채무조정-전주-지역-법원,채무조정 전주 지역 법원,adjust,,법원,관할 및 법원 이용 안내,0,,693
채무조정-전주-지역-법원-접수-안내,채무조정 전주 지역 법원 접수 안내,adjust,,법원,관할 및 법원 이용 안내,0,,694
채무조정-전주-지역-법원-이용-방법,채무조정 전주 지역 법원 이용 방법,adjust,,법원,방법·절차 확인,0,,695
채무조정-전주-지역-법원-문의-방법,채무조정 전주 지역 법원 문의 방법,adjust,,법원,방법·절차 확인,0,,696
채무조정-청주-지역-법원,채무조정 청주 지역 법원,adjust,,법원,관할 및 법원 이용 안내,0,,697
채무조정-청주-지역-법원-접수-안내,채무조정 청주 지역 법원 접수 안내,adjust,,법원,관할 및 법원 이용 안내,0,,698
채무조정-청주-지역-법원-이용-방법,채무조정 청주 지역 법원 이용 방법,adjust,,법원,방법·절차 확인,0,,699
채무조정-청주-지역-법원-문의-방법,채무조정 청주 지역 법원 문의 방법,adjust,,법원,방법·절차 확인,0,,700
채무조정-춘천-지역-법원,채무조정 춘천 지역 법원,adjust,,법원,관할 및 법원 이용 안내,0,,701
채무조정-춘천-지역-법원-접수-안내,채무조정 춘천 지역 법원 접수 안내,adjust,,법원,관할 및 법원 이용 안내,0,,702
채무조정-춘천-지역-법원-이용-방법,채무조정 춘천 지역 법원 이용 방법,adjust,,법원,방법·절차 확인,0,,703
채무조정-춘천-지역-법원-문의-방법,채무조정 춘천 지역 법원 문의 방법,adjust,,법원,방법·절차 확인,0,,704
채무조정-제주-지역-법원,채무조정 제주 지역 법원,adjust,,법원,관할 및 법원 이용 안내,0,,705
채무조정-제주-지역-법원-접수-안내,채무조정 제주 지역 법원 접수 안내,adjust,,법원,관할 및 법원 이용 안내,0,,706
채무조정-제주-지역-법원-이용-방법,채무조정 제주 지역 법원 이용 방법,adjust,,법원,방법·절차 확인,0,,707
채무조정-제주-지역-법원-문의-방법,채무조정 제주 지역 법원 문의 방법,adjust,,법원,방법·절차 확인,0,,708
채무조정-의정부-지역-법원,채무조정 의정부 지역 법원,adjust,,법원,관할 및 법원 이용 안내,0,,709
채무조정-의정부-지역-법원-접수-안내,채무조정 의정부 지역 법원 접수 안내,adjust,,법원,관할 및 법원 이용 안내,0,,710
채무조정-의정부-지역-법원-이용-방법,채무조정 의정부 지역 법원 이용 방법,adjust,,법원,방법·절차 확인,0,,711
채무조정-의정부-지역-법원-문의-방법,채무조정 의정부 지역 법원 문의 방법,adjust,,법원,방법·절차 확인,0,,712
채무조정-법원-민원실,채무조정 법원 민원실,adjust,,법원,관할 및 법원 이용 안내,0,,713
채무조정-법원-민원실-접수-안내,채무조정 법원 민원실 접수 안내,adjust,,법원,관할 및 법원 이용 안내,0,,714
채무조정-법원-민원실-이용-방법,채무조정 법원 민원실 이용 방법,adjust,,법원,방법·절차 확인,0,,715
채무조정-법원-민원실-문의-방법,채무조정 법원 민원실 문의 방법,adjust,,법원,방법·절차 확인,0,,716
채무조정-법원-전자소송,채무조정 법원 전자소송,adjust,,법원,관할 및 법원 이용 안내,0,,717
채무조정-법원-전자소송-접수-안내,채무조정 법원 전자소송 접수 안내,adjust,,법원,관할 및 법원 이용 안내,0,,718
채무조정-법원-전자소송-이용-방법,채무조정 법원 전자소송 이용 방법,adjust,,법원,방법·절차 확인,0,,719
채무조정-법원-전자소송-문의-방법,채무조정 법원 전자소송 문의 방법,adjust,,법원,방법·절차 확인,0,,720
채무조정-주민등록등본,채무조정 주민등록등본,adjust,,서류,필요서류 준비 및 작성,0,,721
채무조정-주민등록등본-준비-방법,채무조정 주민등록등본 준비 방법,adjust,,서류,방법·절차 확인,0,,722
채무조정-주민등록등본-제출-방법,채무조정 주민등록등본 제출 방법,adjust,,서류,방법·절차 확인,0,,723
채무조정-주민등록등본-누락-시-대응,채무조정 주민등록등본 누락 시 대응,adjust,,서류,필요서류 준비 및 작성,0,,724
채무조정-주민등록초본,채무조정 주민등록초본,adjust,,서류,필요서류 준비 및 작성,0,,725
채무조정-주민등록초본-준비-방법,채무조정 주민등록초본 준비 방법,adjust,,서류,방법·절차 확인,0,,726
채무조정-주민등록초본-제출-방법,채무조정 주민등록초본 제출 방법,adjust,,서류,방법·절차 확인,0,,727
채무조정-주민등록초본-누락-시-대응,채무조정 주민등록초본 누락 시 대응,adjust,,서류,필요서류 준비 및 작성,0,,728
채무조정-가족관계증명서,채무조정 가족관계증명서,adjust,,서류,필요서류 준비 및 작성,0,,729
채무조정-가족관계증명서-준비-방법,채무조정 가족관계증명서 준비 방법,adjust,,서류,방법·절차 확인,0,,730
채무조정-가족관계증명서-제출-방법,채무조정 가족관계증명서 제출 방법,adjust,,서류,방법·절차 확인,0,,731
채무조정-가족관계증명서-누락-시-대응,채무조정 가족관계증명서 누락 시 대응,adjust,,서류,필요서류 준비 및 작성,0,,732
채무조정-혼인관계증명서,채무조정 혼인관계증명서,adjust,,서류,필요서류 준비 및 작성,0,,733
채무조정-혼인관계증명서-준비-방법,채무조정 혼인관계증명서 준비 방법,adjust,,서류,방법·절차 확인,0,,734
채무조정-혼인관계증명서-제출-방법,채무조정 혼인관계증명서 제출 방법,adjust,,서류,방법·절차 확인,0,,735
채무조정-혼인관계증명서-누락-시-대응,채무조정 혼인관계증명서 누락 시 대응,adjust,,서류,필요서류 준비 및 작성,0,,736
채무조정-급여명세서,채무조정 급여명세서,adjust,,서류,필요서류 준비 및 작성,0,,737
채무조정-급여명세서-준비-방법,채무조정 급여명세서 준비 방법,adjust,,서류,방법·절차 확인,0,,738
채무조정-급여명세서-제출-방법,채무조정 급여명세서 제출 방법,adjust,,서류,방법·절차 확인,0,,739
채무조정-급여명세서-누락-시-대응,채무조정 급여명세서 누락 시 대응,adjust,,서류,필요서류 준비 및 작성,0,,740
채무조정-재직증명서,채무조정 재직증명서,adjust,,서류,필요서류 준비 및 작성,0,,741
채무조정-재직증명서-준비-방법,채무조정 재직증명서 준비 방법,adjust,,서류,방법·절차 확인,0,,742
채무조정-재직증명서-제출-방법,채무조정 재직증명서 제출 방법,adjust,,서류,방법·절차 확인,0,,743
채무조정-재직증명서-누락-시-대응,채무조정 재직증명서 누락 시 대응,adjust,,서류,필요서류 준비 및 작성,0,,744
채무조정-원천징수영수증,채무조정 원천징수영수증,adjust,,서류,필요서류 준비 및 작성,0,,745
채무조정-원천징수영수증-준비-방법,채무조정 원천징수영수증 준비 방법,adjust,,서류,방법·절차 확인,0,,746
채무조정-원천징수영수증-제출-방법,채무조정 원천징수영수증 제출 방법,adjust,,서류,방법·절차 확인,0,,747
채무조정-원천징수영수증-누락-시-대응,채무조정 원천징수영수증 누락 시 대응,adjust,,서류,필요서류 준비 및 작성,0,,748
채무조정-소득금액증명,채무조정 소득금액증명,adjust,,서류,필요서류 준비 및 작성,0,,749
채무조정-소득금액증명-준비-방법,채무조정 소득금액증명 준비 방법,adjust,,서류,방법·절차 확인,0,,750
채무조정-소득금액증명-제출-방법,채무조정 소득금액증명 제출 방법,adjust,,서류,방법·절차 확인,0,,751
채무조정-소득금액증명-누락-시-대응,채무조정 소득금액증명 누락 시 대응,adjust,,서류,필요서류 준비 및 작성,0,,752
채무조정-사업자등록증,채무조정 사업자등록증,adjust,,서류,필요서류 준비 및 작성,0,,753
채무조정-사업자등록증-준비-방법,채무조정 사업자등록증 준비 방법,adjust,,서류,방법·절차 확인,0,,754
채무조정-사업자등록증-제출-방법,채무조정 사업자등록증 제출 방법,adjust,,서류,방법·절차 확인,0,,755
채무조정-사업자등록증-누락-시-대응,채무조정 사업자등록증 누락 시 대응,adjust,,서류,필요서류 준비 및 작성,0,,756
채무조정-부가가치세-신고자료,채무조정 부가가치세 신고자료,adjust,,서류,필요서류 준비 및 작성,0,,757
채무조정-부가가치세-신고자료-준비-방법,채무조정 부가가치세 신고자료 준비 방법,adjust,,서류,방법·절차 확인,0,,758
채무조정-부가가치세-신고자료-제출-방법,채무조정 부가가치세 신고자료 제출 방법,adjust,,서류,방법·절차 확인,0,,759
채무조정-부가가치세-신고자료-누락-시-대응,채무조정 부가가치세 신고자료 누락 시 대응,adjust,,서류,필요서류 준비 및 작성,0,,760
채무조정-통장거래내역,채무조정 통장거래내역,adjust,,서류,필요서류 준비 및 작성,0,,761
채무조정-통장거래내역-준비-방법,채무조정 통장거래내역 준비 방법,adjust,,서류,방법·절차 확인,0,,762
채무조정-통장거래내역-제출-방법,채무조정 통장거래내역 제출 방법,adjust,,서류,방법·절차 확인,0,,763
채무조정-통장거래내역-누락-시-대응,채무조정 통장거래내역 누락 시 대응,adjust,,서류,필요서류 준비 및 작성,0,,764
채무조정-부채증명서,채무조정 부채증명서,adjust,,서류,필요서류 준비 및 작성,0,,765
채무조정-부채증명서-준비-방법,채무조정 부채증명서 준비 방법,adjust,,서류,방법·절차 확인,0,,766
채무조정-부채증명서-제출-방법,채무조정 부채증명서 제출 방법,adjust,,서류,방법·절차 확인,0,,767
채무조정-부채증명서-누락-시-대응,채무조정 부채증명서 누락 시 대응,adjust,,서류,필요서류 준비 및 작성,0,,768
채무조정-신용정보조회서,채무조정 신용정보조회서,adjust,,서류,필요서류 준비 및 작성,0,,769
채무조정-신용정보조회서-준비-방법,채무조정 신용정보조회서 준비 방법,adjust,,서류,방법·절차 확인,0,,770
채무조정-신용정보조회서-제출-방법,채무조정 신용정보조회서 제출 방법,adjust,,서류,방법·절차 확인,0,,771
채무조정-신용정보조회서-누락-시-대응,채무조정 신용정보조회서 누락 시 대응,adjust,,서류,필요서류 준비 및 작성,0,,772
채무조정-임대차계약서,채무조정 임대차계약서,adjust,,서류,필요서류 준비 및 작성,0,,773
채무조정-임대차계약서-준비-방법,채무조정 임대차계약서 준비 방법,adjust,,서류,방법·절차 확인,0,,774
채무조정-임대차계약서-제출-방법,채무조정 임대차계약서 제출 방법,adjust,,서류,방법·절차 확인,0,,775
채무조정-임대차계약서-누락-시-대응,채무조정 임대차계약서 누락 시 대응,adjust,,서류,필요서류 준비 및 작성,0,,776
채무조정-부동산-등기사항증명서,채무조정 부동산 등기사항증명서,adjust,,서류,필요서류 준비 및 작성,0,,777
채무조정-부동산-등기사항증명서-준비-방법,채무조정 부동산 등기사항증명서 준비 방법,adjust,,서류,방법·절차 확인,0,,778
채무조정-부동산-등기사항증명서-제출-방법,채무조정 부동산 등기사항증명서 제출 방법,adjust,,서류,방법·절차 확인,0,,779
채무조정-부동산-등기사항증명서-누락-시-대응,채무조정 부동산 등기사항증명서 누락 시 대응,adjust,,서류,필요서류 준비 및 작성,0,,780
채무조정-자동차등록원부,채무조정 자동차등록원부,adjust,,서류,필요서류 준비 및 작성,0,,781
채무조정-자동차등록원부-준비-방법,채무조정 자동차등록원부 준비 방법,adjust,,서류,방법·절차 확인,0,,782
채무조정-자동차등록원부-제출-방법,채무조정 자동차등록원부 제출 방법,adjust,,서류,방법·절차 확인,0,,783
채무조정-자동차등록원부-누락-시-대응,채무조정 자동차등록원부 누락 시 대응,adjust,,서류,필요서류 준비 및 작성,0,,784
채무조정-보험가입내역,채무조정 보험가입내역,adjust,,서류,필요서류 준비 및 작성,0,,785
채무조정-보험가입내역-준비-방법,채무조정 보험가입내역 준비 방법,adjust,,서류,방법·절차 확인,0,,786
채무조정-보험가입내역-제출-방법,채무조정 보험가입내역 제출 방법,adjust,,서류,방법·절차 확인,0,,787
채무조정-보험가입내역-누락-시-대응,채무조정 보험가입내역 누락 시 대응,adjust,,서류,필요서류 준비 및 작성,0,,788
채무조정-보험-해약환급금-증명서,채무조정 보험 해약환급금 증명서,adjust,,서류,필요서류 준비 및 작성,0,,789
채무조정-보험-해약환급금-증명서-준비-방법,채무조정 보험 해약환급금 증명서 준비 방법,adjust,,서류,방법·절차 확인,0,,790
채무조정-보험-해약환급금-증명서-제출-방법,채무조정 보험 해약환급금 증명서 제출 방법,adjust,,서류,방법·절차 확인,0,,791
채무조정-보험-해약환급금-증명서-누락-시-대응,채무조정 보험 해약환급금 증명서 누락 시 대응,adjust,,서류,필요서류 준비 및 작성,0,,792
채무조정-진술서,채무조정 진술서,adjust,,서류,필요서류 준비 및 작성,0,,793
채무조정-진술서-준비-방법,채무조정 진술서 준비 방법,adjust,,서류,방법·절차 확인,0,,794
채무조정-진술서-제출-방법,채무조정 진술서 제출 방법,adjust,,서류,방법·절차 확인,0,,795
채무조정-진술서-누락-시-대응,채무조정 진술서 누락 시 대응,adjust,,서류,필요서류 준비 및 작성,0,,796
채무조정-재산목록,채무조정 재산목록,adjust,,서류,필요서류 준비 및 작성,0,,797
채무조정-재산목록-준비-방법,채무조정 재산목록 준비 방법,adjust,,서류,방법·절차 확인,0,,798
채무조정-재산목록-제출-방법,채무조정 재산목록 제출 방법,adjust,,서류,방법·절차 확인,0,,799
채무조정-재산목록-누락-시-대응,채무조정 재산목록 누락 시 대응,adjust,,서류,필요서류 준비 및 작성,0,,800
채무조정-보정권고,채무조정 보정권고,adjust,,보정,보정 요구 대응,1,보정,801
채무조정-보정권고-대응-방법,채무조정 보정권고 대응 방법,adjust,,보정,방법·절차 확인,1,보정,802
채무조정-보정권고-제출서류,채무조정 보정권고 제출서류,adjust,,보정,서류·증빙 준비,1,보정,803
채무조정-보정권고-사례,채무조정 보정권고 사례,adjust,,보정,사례·경험 탐색,1,보정,804
채무조정-보정명령,채무조정 보정명령,adjust,,보정,보정 요구 대응,1,보정,805
채무조정-보정명령-대응-방법,채무조정 보정명령 대응 방법,adjust,,보정,방법·절차 확인,1,보정,806
채무조정-보정명령-제출서류,채무조정 보정명령 제출서류,adjust,,보정,서류·증빙 준비,1,보정,807
채무조정-보정명령-사례,채무조정 보정명령 사례,adjust,,보정,사례·경험 탐색,1,보정,808
채무조정-보정서-작성,채무조정 보정서 작성,adjust,,보정,보정 요구 대응,1,보정,809
채무조정-보정서-작성-대응-방법,채무조정 보정서 작성 대응 방법,adjust,,보정,방법·절차 확인,1,보정,810
채무조정-보정서-작성-제출서류,채무조정 보정서 작성 제출서류,adjust,,보정,서류·증빙 준비,1,보정,811
채무조정-보정서-작성-사례,채무조정 보정서 작성 사례,adjust,,보정,사례·경험 탐색,1,보정,812
채무조정-보정기한-연장,채무조정 보정기한 연장,adjust,,보정,보정 요구 대응,1,보정,813
채무조정-보정기한-연장-대응-방법,채무조정 보정기한 연장 대응 방법,adjust,,보정,방법·절차 확인,1,보정,814
채무조정-보정기한-연장-제출서류,채무조정 보정기한 연장 제출서류,adjust,,보정,서류·증빙 준비,1,보정,815
채무조정-보정기한-연장-사례,채무조정 보정기한 연장 사례,adjust,,보정,사례·경험 탐색,1,보정,816
채무조정-소득자료-보정,채무조정 소득자료 보정,adjust,,보정,보정 요구 대응,1,보정,817
채무조정-소득자료-보정-대응-방법,채무조정 소득자료 보정 대응 방법,adjust,,보정,방법·절차 확인,1,보정,818
채무조정-소득자료-보정-제출서류,채무조정 소득자료 보정 제출서류,adjust,,보정,서류·증빙 준비,1,보정,819
채무조정-소득자료-보정-사례,채무조정 소득자료 보정 사례,adjust,,보정,사례·경험 탐색,1,보정,820
채무조정-재산자료-보정,채무조정 재산자료 보정,adjust,,보정,보정 요구 대응,1,보정,821
채무조정-재산자료-보정-대응-방법,채무조정 재산자료 보정 대응 방법,adjust,,보정,방법·절차 확인,1,보정,822
채무조정-재산자료-보정-제출서류,채무조정 재산자료 보정 제출서류,adjust,,보정,서류·증빙 준비,1,보정,823
채무조정-재산자료-보정-사례,채무조정 재산자료 보정 사례,adjust,,보정,사례·경험 탐색,1,보정,824
채무조정-채무증대-경위-보정,채무조정 채무증대 경위 보정,adjust,,보정,보정 요구 대응,1,보정,825
채무조정-채무증대-경위-보정-대응-방법,채무조정 채무증대 경위 보정 대응 방법,adjust,,보정,방법·절차 확인,1,보정,826
채무조정-채무증대-경위-보정-제출서류,채무조정 채무증대 경위 보정 제출서류,adjust,,보정,서류·증빙 준비,1,보정,827
채무조정-채무증대-경위-보정-사례,채무조정 채무증대 경위 보정 사례,adjust,,보정,사례·경험 탐색,1,보정,828
채무조정-최근대출-사용처-보정,채무조정 최근대출 사용처 보정,adjust,,보정,보정 요구 대응,1,보정,829
채무조정-최근대출-사용처-보정-대응-방법,채무조정 최근대출 사용처 보정 대응 방법,adjust,,보정,방법·절차 확인,1,보정,830
채무조정-최근대출-사용처-보정-제출서류,채무조정 최근대출 사용처 보정 제출서류,adjust,,보정,서류·증빙 준비,1,보정,831
채무조정-최근대출-사용처-보정-사례,채무조정 최근대출 사용처 보정 사례,adjust,,보정,사례·경험 탐색,1,보정,832
채무조정-현금인출-내역-보정,채무조정 현금인출 내역 보정,adjust,,보정,보정 요구 대응,1,보정,833
채무조정-현금인출-내역-보정-대응-방법,채무조정 현금인출 내역 보정 대응 방법,adjust,,보정,방법·절차 확인,1,보정,834
채무조정-현금인출-내역-보정-제출서류,채무조정 현금인출 내역 보정 제출서류,adjust,,보정,서류·증빙 준비,1,보정,835
채무조정-현금인출-내역-보정-사례,채무조정 현금인출 내역 보정 사례,adjust,,보정,사례·경험 탐색,1,보정,836
채무조정-가족-간-거래-보정,채무조정 가족 간 거래 보정,adjust,,보정,보정 요구 대응,1,보정,837
채무조정-가족-간-거래-보정-대응-방법,채무조정 가족 간 거래 보정 대응 방법,adjust,,보정,방법·절차 확인,1,보정,838
채무조정-가족-간-거래-보정-제출서류,채무조정 가족 간 거래 보정 제출서류,adjust,,보정,서류·증빙 준비,1,보정,839
채무조정-가족-간-거래-보정-사례,채무조정 가족 간 거래 보정 사례,adjust,,보정,사례·경험 탐색,1,보정,840
채무조정-배우자-재산-보정,채무조정 배우자 재산 보정,adjust,,보정,보정 요구 대응,1,보정,841
채무조정-배우자-재산-보정-대응-방법,채무조정 배우자 재산 보정 대응 방법,adjust,,보정,방법·절차 확인,1,보정,842
채무조정-배우자-재산-보정-제출서류,채무조정 배우자 재산 보정 제출서류,adjust,,보정,서류·증빙 준비,1,보정,843
채무조정-배우자-재산-보정-사례,채무조정 배우자 재산 보정 사례,adjust,,보정,사례·경험 탐색,1,보정,844
채무조정-보험자료-보정,채무조정 보험자료 보정,adjust,,보정,보정 요구 대응,1,보정,845
채무조정-보험자료-보정-대응-방법,채무조정 보험자료 보정 대응 방법,adjust,,보정,방법·절차 확인,1,보정,846
채무조정-보험자료-보정-제출서류,채무조정 보험자료 보정 제출서류,adjust,,보정,서류·증빙 준비,1,보정,847
채무조정-보험자료-보정-사례,채무조정 보험자료 보정 사례,adjust,,보정,사례·경험 탐색,1,보정,848
채무조정-가상자산-거래-보정,채무조정 가상자산 거래 보정,adjust,,보정,보정 요구 대응,1,보정,849
채무조정-가상자산-거래-보정-대응-방법,채무조정 가상자산 거래 보정 대응 방법,adjust,,보정,방법·절차 확인,1,보정,850
채무조정-가상자산-거래-보정-제출서류,채무조정 가상자산 거래 보정 제출서류,adjust,,보정,서류·증빙 준비,1,보정,851
채무조정-가상자산-거래-보정-사례,채무조정 가상자산 거래 보정 사례,adjust,,보정,사례·경험 탐색,1,보정,852
채무조정-주식-거래-보정,채무조정 주식 거래 보정,adjust,,보정,보정 요구 대응,1,보정,853
채무조정-주식-거래-보정-대응-방법,채무조정 주식 거래 보정 대응 방법,adjust,,보정,방법·절차 확인,1,보정,854
채무조정-주식-거래-보정-제출서류,채무조정 주식 거래 보정 제출서류,adjust,,보정,서류·증빙 준비,1,보정,855
채무조정-주식-거래-보정-사례,채무조정 주식 거래 보정 사례,adjust,,보정,사례·경험 탐색,1,보정,856
채무조정-사업경비-보정,채무조정 사업경비 보정,adjust,,보정,보정 요구 대응,1,보정,857
채무조정-사업경비-보정-대응-방법,채무조정 사업경비 보정 대응 방법,adjust,,보정,방법·절차 확인,1,보정,858
채무조정-사업경비-보정-제출서류,채무조정 사업경비 보정 제출서류,adjust,,보정,서류·증빙 준비,1,보정,859
채무조정-사업경비-보정-사례,채무조정 사업경비 보정 사례,adjust,,보정,사례·경험 탐색,1,보정,860
채무조정-부양가족-보정,채무조정 부양가족 보정,adjust,,보정,보정 요구 대응,1,보정,861
채무조정-부양가족-보정-대응-방법,채무조정 부양가족 보정 대응 방법,adjust,,보정,방법·절차 확인,1,보정,862
채무조정-부양가족-보정-제출서류,채무조정 부양가족 보정 제출서류,adjust,,보정,서류·증빙 준비,1,보정,863
채무조정-부양가족-보정-사례,채무조정 부양가족 보정 사례,adjust,,보정,사례·경험 탐색,1,보정,864
채무조정-주거비-보정,채무조정 주거비 보정,adjust,,보정,보정 요구 대응,1,보정,865
채무조정-주거비-보정-대응-방법,채무조정 주거비 보정 대응 방법,adjust,,보정,방법·절차 확인,1,보정,866
채무조정-주거비-보정-제출서류,채무조정 주거비 보정 제출서류,adjust,,보정,서류·증빙 준비,1,보정,867
채무조정-주거비-보정-사례,채무조정 주거비 보정 사례,adjust,,보정,사례·경험 탐색,1,보정,868
채무조정-채권자목록-보정,채무조정 채권자목록 보정,adjust,,보정,보정 요구 대응,1,보정,869
채무조정-채권자목록-보정-대응-방법,채무조정 채권자목록 보정 대응 방법,adjust,,보정,방법·절차 확인,1,보정,870
채무조정-채권자목록-보정-제출서류,채무조정 채권자목록 보정 제출서류,adjust,,보정,서류·증빙 준비,1,보정,871
채무조정-채권자목록-보정-사례,채무조정 채권자목록 보정 사례,adjust,,보정,사례·경험 탐색,1,보정,872
채무조정-변제계획안-보정,채무조정 변제계획안 보정,adjust,,보정,보정 요구 대응,1,변제계획;보정,873
채무조정-변제계획안-보정-대응-방법,채무조정 변제계획안 보정 대응 방법,adjust,,보정,방법·절차 확인,1,변제계획;보정,874
채무조정-변제계획안-보정-제출서류,채무조정 변제계획안 보정 제출서류,adjust,,보정,서류·증빙 준비,1,변제계획;보정,875
채무조정-변제계획안-보정-사례,채무조정 변제계획안 보정 사례,adjust,,보정,사례·경험 탐색,1,변제계획;보정,876
채무조정-추가-보정,채무조정 추가 보정,adjust,,보정,보정 요구 대응,1,보정,877
채무조정-추가-보정-대응-방법,채무조정 추가 보정 대응 방법,adjust,,보정,방법·절차 확인,1,보정,878
채무조정-추가-보정-제출서류,채무조정 추가 보정 제출서류,adjust,,보정,서류·증빙 준비,1,보정,879
채무조정-추가-보정-사례,채무조정 추가 보정 사례,adjust,,보정,사례·경험 탐색,1,보정,880
채무조정-금지명령-신청,채무조정 금지명령 신청,adjust,,금지명령,명령 신청 및 효력 확인,1,금지명령,881
채무조정-금지명령-신청-확인사항,채무조정 금지명령 신청 확인사항,adjust,,금지명령,명령 신청 및 효력 확인,1,금지명령,882
채무조정-금지명령-신청-대응-상담,채무조정 금지명령 신청 대응 상담,adjust,,금지명령,상담·서비스 탐색,1,금지명령,883
채무조정-금지명령-신청-사례,채무조정 금지명령 신청 사례,adjust,,금지명령,사례·경험 탐색,1,금지명령,884
채무조정-중지명령-신청,채무조정 중지명령 신청,adjust,,금지명령,명령 신청 및 효력 확인,1,중지명령,885
채무조정-중지명령-신청-확인사항,채무조정 중지명령 신청 확인사항,adjust,,금지명령,명령 신청 및 효력 확인,1,중지명령,886
채무조정-중지명령-신청-대응-상담,채무조정 중지명령 신청 대응 상담,adjust,,금지명령,상담·서비스 탐색,1,중지명령,887
채무조정-중지명령-신청-사례,채무조정 중지명령 신청 사례,adjust,,금지명령,사례·경험 탐색,1,중지명령,888
채무조정-금지명령-기각,채무조정 금지명령 기각,adjust,,금지명령,명령 신청 및 효력 확인,1,금지명령,889
채무조정-금지명령-기각-확인사항,채무조정 금지명령 기각 확인사항,adjust,,금지명령,명령 신청 및 효력 확인,1,금지명령,890
채무조정-금지명령-기각-대응-상담,채무조정 금지명령 기각 대응 상담,adjust,,금지명령,상담·서비스 탐색,1,금지명령,891
채무조정-금지명령-기각-사례,채무조정 금지명령 기각 사례,adjust,,금지명령,사례·경험 탐색,1,금지명령,892
채무조정-금지명령-지연,채무조정 금지명령 지연,adjust,,금지명령,명령 신청 및 효력 확인,1,금지명령,893
채무조정-금지명령-지연-확인사항,채무조정 금지명령 지연 확인사항,adjust,,금지명령,명령 신청 및 효력 확인,1,금지명령,894
채무조정-금지명령-지연-대응-상담,채무조정 금지명령 지연 대응 상담,adjust,,금지명령,상담·서비스 탐색,1,금지명령,895
채무조정-금지명령-지연-사례,채무조정 금지명령 지연 사례,adjust,,금지명령,사례·경험 탐색,1,금지명령,896
채무조정-금지명령-송달,채무조정 금지명령 송달,adjust,,금지명령,명령 신청 및 효력 확인,1,금지명령,897
채무조정-금지명령-송달-확인사항,채무조정 금지명령 송달 확인사항,adjust,,금지명령,명령 신청 및 효력 확인,1,금지명령,898
채무조정-금지명령-송달-대응-상담,채무조정 금지명령 송달 대응 상담,adjust,,금지명령,상담·서비스 탐색,1,금지명령,899
채무조정-금지명령-송달-사례,채무조정 금지명령 송달 사례,adjust,,금지명령,사례·경험 탐색,1,금지명령,900
채무조정-금지명령-재신청,채무조정 금지명령 재신청,adjust,,금지명령,명령 신청 및 효력 확인,1,금지명령;재신청,901
채무조정-금지명령-재신청-확인사항,채무조정 금지명령 재신청 확인사항,adjust,,금지명령,명령 신청 및 효력 확인,1,금지명령;재신청,902
채무조정-금지명령-재신청-대응-상담,채무조정 금지명령 재신청 대응 상담,adjust,,금지명령,상담·서비스 탐색,1,금지명령;재신청,903
채무조정-금지명령-재신청-사례,채무조정 금지명령 재신청 사례,adjust,,금지명령,사례·경험 탐색,1,금지명령;재신청,904
채무조정-금지명령-효력,채무조정 금지명령 효력,adjust,,금지명령,명령 신청 및 효력 확인,1,금지명령,905
채무조정-금지명령-효력-확인사항,채무조정 금지명령 효력 확인사항,adjust,,금지명령,명령 신청 및 효력 확인,1,금지명령,906
채무조정-금지명령-효력-대응-상담,채무조정 금지명령 효력 대응 상담,adjust,,금지명령,상담·서비스 탐색,1,금지명령,907
채무조정-금지명령-효력-사례,채무조정 금지명령 효력 사례,adjust,,금지명령,사례·경험 탐색,1,금지명령,908
채무조정-중지명령-효력,채무조정 중지명령 효력,adjust,,금지명령,명령 신청 및 효력 확인,1,중지명령,909
채무조정-중지명령-효력-확인사항,채무조정 중지명령 효력 확인사항,adjust,,금지명령,명령 신청 및 효력 확인,1,중지명령,910
채무조정-중지명령-효력-대응-상담,채무조정 중지명령 효력 대응 상담,adjust,,금지명령,상담·서비스 탐색,1,중지명령,911
채무조정-중지명령-효력-사례,채무조정 중지명령 효력 사례,adjust,,금지명령,사례·경험 탐색,1,중지명령,912
채무조정-금지명령-후-독촉,채무조정 금지명령 후 독촉,adjust,,금지명령,명령 신청 및 효력 확인,1,금지명령,913
채무조정-금지명령-후-독촉-확인사항,채무조정 금지명령 후 독촉 확인사항,adjust,,금지명령,명령 신청 및 효력 확인,1,금지명령,914
채무조정-금지명령-후-독촉-대응-상담,채무조정 금지명령 후 독촉 대응 상담,adjust,,금지명령,상담·서비스 탐색,1,금지명령,915
채무조정-금지명령-후-독촉-사례,채무조정 금지명령 후 독촉 사례,adjust,,금지명령,사례·경험 탐색,1,금지명령,916
채무조정-금지명령-후-압류,채무조정 금지명령 후 압류,adjust,,금지명령,명령 신청 및 효력 확인,1,금지명령,917
채무조정-금지명령-후-압류-확인사항,채무조정 금지명령 후 압류 확인사항,adjust,,금지명령,명령 신청 및 효력 확인,1,금지명령,918
채무조정-금지명령-후-압류-대응-상담,채무조정 금지명령 후 압류 대응 상담,adjust,,금지명령,상담·서비스 탐색,1,금지명령,919
채무조정-금지명령-후-압류-사례,채무조정 금지명령 후 압류 사례,adjust,,금지명령,사례·경험 탐색,1,금지명령,920
채무조정-금지명령-전-추심,채무조정 금지명령 전 추심,adjust,,금지명령,명령 신청 및 효력 확인,1,금지명령,921
채무조정-금지명령-전-추심-확인사항,채무조정 금지명령 전 추심 확인사항,adjust,,금지명령,명령 신청 및 효력 확인,1,금지명령,922
채무조정-금지명령-전-추심-대응-상담,채무조정 금지명령 전 추심 대응 상담,adjust,,금지명령,상담·서비스 탐색,1,금지명령,923
채무조정-금지명령-전-추심-사례,채무조정 금지명령 전 추심 사례,adjust,,금지명령,사례·경험 탐색,1,금지명령,924
채무조정-금지명령-누락-채권,채무조정 금지명령 누락 채권,adjust,,금지명령,명령 신청 및 효력 확인,1,금지명령,925
채무조정-금지명령-누락-채권-확인사항,채무조정 금지명령 누락 채권 확인사항,adjust,,금지명령,명령 신청 및 효력 확인,1,금지명령,926
채무조정-금지명령-누락-채권-대응-상담,채무조정 금지명령 누락 채권 대응 상담,adjust,,금지명령,상담·서비스 탐색,1,금지명령,927
채무조정-금지명령-누락-채권-사례,채무조정 금지명령 누락 채권 사례,adjust,,금지명령,사례·경험 탐색,1,금지명령,928
채무조정-금지명령-채권자-추가,채무조정 금지명령 채권자 추가,adjust,,금지명령,명령 신청 및 효력 확인,1,금지명령,929
채무조정-금지명령-채권자-추가-확인사항,채무조정 금지명령 채권자 추가 확인사항,adjust,,금지명령,명령 신청 및 효력 확인,1,금지명령,930
채무조정-금지명령-채권자-추가-대응-상담,채무조정 금지명령 채권자 추가 대응 상담,adjust,,금지명령,상담·서비스 탐색,1,금지명령,931
채무조정-금지명령-채권자-추가-사례,채무조정 금지명령 채권자 추가 사례,adjust,,금지명령,사례·경험 탐색,1,금지명령,932
채무조정-금지명령-금융회사-통지,채무조정 금지명령 금융회사 통지,adjust,,금지명령,명령 신청 및 효력 확인,1,금지명령,933
채무조정-금지명령-금융회사-통지-확인사항,채무조정 금지명령 금융회사 통지 확인사항,adjust,,금지명령,명령 신청 및 효력 확인,1,금지명령,934
채무조정-금지명령-금융회사-통지-대응-상담,채무조정 금지명령 금융회사 통지 대응 상담,adjust,,금지명령,상담·서비스 탐색,1,금지명령,935
채무조정-금지명령-금융회사-통지-사례,채무조정 금지명령 금융회사 통지 사례,adjust,,금지명령,사례·경험 탐색,1,금지명령,936
채무조정-중지명령-급여압류,채무조정 중지명령 급여압류,adjust,,금지명령,명령 신청 및 효력 확인,1,중지명령,937
채무조정-중지명령-급여압류-확인사항,채무조정 중지명령 급여압류 확인사항,adjust,,금지명령,명령 신청 및 효력 확인,1,중지명령,938
채무조정-중지명령-급여압류-대응-상담,채무조정 중지명령 급여압류 대응 상담,adjust,,금지명령,상담·서비스 탐색,1,중지명령,939
채무조정-중지명령-급여압류-사례,채무조정 중지명령 급여압류 사례,adjust,,금지명령,사례·경험 탐색,1,중지명령,940
채무조정-중지명령-통장압류,채무조정 중지명령 통장압류,adjust,,금지명령,명령 신청 및 효력 확인,1,중지명령,941
채무조정-중지명령-통장압류-확인사항,채무조정 중지명령 통장압류 확인사항,adjust,,금지명령,명령 신청 및 효력 확인,1,중지명령,942
채무조정-중지명령-통장압류-대응-상담,채무조정 중지명령 통장압류 대응 상담,adjust,,금지명령,상담·서비스 탐색,1,중지명령,943
채무조정-중지명령-통장압류-사례,채무조정 중지명령 통장압류 사례,adjust,,금지명령,사례·경험 탐색,1,중지명령,944
채무조정-중지명령-경매,채무조정 중지명령 경매,adjust,,금지명령,명령 신청 및 효력 확인,1,중지명령,945
채무조정-중지명령-경매-확인사항,채무조정 중지명령 경매 확인사항,adjust,,금지명령,명령 신청 및 효력 확인,1,중지명령,946
채무조정-중지명령-경매-대응-상담,채무조정 중지명령 경매 대응 상담,adjust,,금지명령,상담·서비스 탐색,1,중지명령,947
채무조정-중지명령-경매-사례,채무조정 중지명령 경매 사례,adjust,,금지명령,사례·경험 탐색,1,중지명령,948
채무조정-중지명령-집행사건,채무조정 중지명령 집행사건,adjust,,금지명령,명령 신청 및 효력 확인,1,중지명령,949
채무조정-중지명령-집행사건-확인사항,채무조정 중지명령 집행사건 확인사항,adjust,,금지명령,명령 신청 및 효력 확인,1,중지명령,950
채무조정-중지명령-집행사건-대응-상담,채무조정 중지명령 집행사건 대응 상담,adjust,,금지명령,상담·서비스 탐색,1,중지명령,951
채무조정-중지명령-집행사건-사례,채무조정 중지명령 집행사건 사례,adjust,,금지명령,사례·경험 탐색,1,중지명령,952
채무조정-재신청-금지명령,채무조정 재신청 금지명령,adjust,,금지명령,명령 신청 및 효력 확인,1,금지명령;재신청,953
채무조정-재신청-금지명령-확인사항,채무조정 재신청 금지명령 확인사항,adjust,,금지명령,명령 신청 및 효력 확인,1,금지명령;재신청,954
채무조정-재신청-금지명령-대응-상담,채무조정 재신청 금지명령 대응 상담,adjust,,금지명령,상담·서비스 탐색,1,금지명령;재신청,955
채무조정-재신청-금지명령-사례,채무조정 재신청 금지명령 사례,adjust,,금지명령,사례·경험 탐색,1,금지명령;재신청,956
채무조정-금지명령-위반,채무조정 금지명령 위반,adjust,,금지명령,명령 신청 및 효력 확인,1,금지명령,957
채무조정-금지명령-위반-확인사항,채무조정 금지명령 위반 확인사항,adjust,,금지명령,명령 신청 및 효력 확인,1,금지명령,958
채무조정-금지명령-위반-대응-상담,채무조정 금지명령 위반 대응 상담,adjust,,금지명령,상담·서비스 탐색,1,금지명령,959
채무조정-금지명령-위반-사례,채무조정 금지명령 위반 사례,adjust,,금지명령,사례·경험 탐색,1,금지명령,960
채무조정-통장압류,채무조정 통장압류,adjust,,압류,압류 대응 및 해제,0,,961
채무조정-통장압류-대응-방법,채무조정 통장압류 대응 방법,adjust,,압류,방법·절차 확인,0,,962
채무조정-통장압류-필요서류,채무조정 통장압류 필요서류,adjust,,압류,서류·증빙 준비,0,,963
채무조정-통장압류-상담,채무조정 통장압류 상담,adjust,,압류,상담·서비스 탐색,0,,964
채무조정-급여압류,채무조정 급여압류,adjust,,압류,압류 대응 및 해제,0,,965
채무조정-급여압류-대응-방법,채무조정 급여압류 대응 방법,adjust,,압류,방법·절차 확인,0,,966
채무조정-급여압류-필요서류,채무조정 급여압류 필요서류,adjust,,압류,서류·증빙 준비,0,,967
채무조정-급여압류-상담,채무조정 급여압류 상담,adjust,,압류,상담·서비스 탐색,0,,968
채무조정-퇴직금-압류,채무조정 퇴직금 압류,adjust,,압류,압류 대응 및 해제,0,,969
채무조정-퇴직금-압류-대응-방법,채무조정 퇴직금 압류 대응 방법,adjust,,압류,방법·절차 확인,0,,970
채무조정-퇴직금-압류-필요서류,채무조정 퇴직금 압류 필요서류,adjust,,압류,서류·증빙 준비,0,,971
채무조정-퇴직금-압류-상담,채무조정 퇴직금 압류 상담,adjust,,압류,상담·서비스 탐색,0,,972
채무조정-보증금-압류,채무조정 보증금 압류,adjust,,압류,압류 대응 및 해제,0,,973
채무조정-보증금-압류-대응-방법,채무조정 보증금 압류 대응 방법,adjust,,압류,방법·절차 확인,0,,974
채무조정-보증금-압류-필요서류,채무조정 보증금 압류 필요서류,adjust,,압류,서류·증빙 준비,0,,975
채무조정-보증금-압류-상담,채무조정 보증금 압류 상담,adjust,,압류,상담·서비스 탐색,0,,976
채무조정-자동차-압류,채무조정 자동차 압류,adjust,,압류,압류 대응 및 해제,0,,977
채무조정-자동차-압류-대응-방법,채무조정 자동차 압류 대응 방법,adjust,,압류,방법·절차 확인,0,,978
채무조정-자동차-압류-필요서류,채무조정 자동차 압류 필요서류,adjust,,압류,서류·증빙 준비,0,,979
채무조정-자동차-압류-상담,채무조정 자동차 압류 상담,adjust,,압류,상담·서비스 탐색,0,,980
채무조정-부동산-압류,채무조정 부동산 압류,adjust,,압류,압류 대응 및 해제,0,,981
채무조정-부동산-압류-대응-방법,채무조정 부동산 압류 대응 방법,adjust,,압류,방법·절차 확인,0,,982
채무조정-부동산-압류-필요서류,채무조정 부동산 압류 필요서류,adjust,,압류,서류·증빙 준비,0,,983
채무조정-부동산-압류-상담,채무조정 부동산 압류 상담,adjust,,압류,상담·서비스 탐색,0,,984
채무조정-유체동산-압류,채무조정 유체동산 압류,adjust,,압류,압류 대응 및 해제,0,,985
채무조정-유체동산-압류-대응-방법,채무조정 유체동산 압류 대응 방법,adjust,,압류,방법·절차 확인,0,,986
채무조정-유체동산-압류-필요서류,채무조정 유체동산 압류 필요서류,adjust,,압류,서류·증빙 준비,0,,987
채무조정-유체동산-압류-상담,채무조정 유체동산 압류 상담,adjust,,압류,상담·서비스 탐색,0,,988
채무조정-매출채권-압류,채무조정 매출채권 압류,adjust,,압류,압류 대응 및 해제,0,,989
채무조정-매출채권-압류-대응-방법,채무조정 매출채권 압류 대응 방법,adjust,,압류,방법·절차 확인,0,,990
채무조정-매출채권-압류-필요서류,채무조정 매출채권 압류 필요서류,adjust,,압류,서류·증빙 준비,0,,991
채무조정-매출채권-압류-상담,채무조정 매출채권 압류 상담,adjust,,압류,상담·서비스 탐색,0,,992
채무조정-카드매출-압류,채무조정 카드매출 압류,adjust,,압류,압류 대응 및 해제,0,,993
채무조정-카드매출-압류-대응-방법,채무조정 카드매출 압류 대응 방법,adjust,,압류,방법·절차 확인,0,,994
채무조정-카드매출-압류-필요서류,채무조정 카드매출 압류 필요서류,adjust,,압류,서류·증빙 준비,0,,995
채무조정-카드매출-압류-상담,채무조정 카드매출 압류 상담,adjust,,압류,상담·서비스 탐색,0,,996
채무조정-예금-가압류,채무조정 예금 가압류,adjust,,압류,압류 대응 및 해제,0,,997
채무조정-예금-가압류-대응-방법,채무조정 예금 가압류 대응 방법,adjust,,압류,방법·절차 확인,0,,998
채무조정-예금-가압류-필요서류,채무조정 예금 가압류 필요서류,adjust,,압류,서류·증빙 준비,0,,999
채무조정-예금-가압류-상담,채무조정 예금 가압류 상담,adjust,,압류,상담·서비스 탐색,0,,1000
채무조정-급여-가압류,채무조정 급여 가압류,adjust,,압류,압류 대응 및 해제,0,,1001
채무조정-급여-가압류-대응-방법,채무조정 급여 가압류 대응 방법,adjust,,압류,방법·절차 확인,0,,1002
채무조정-급여-가압류-필요서류,채무조정 급여 가압류 필요서류,adjust,,압류,서류·증빙 준비,0,,1003
채무조정-급여-가압류-상담,채무조정 급여 가압류 상담,adjust,,압류,상담·서비스 탐색,0,,1004
채무조정-압류금지채권,채무조정 압류금지채권,adjust,,압류,압류 대응 및 해제,0,,1005
채무조정-압류금지채권-대응-방법,채무조정 압류금지채권 대응 방법,adjust,,압류,방법·절차 확인,0,,1006
채무조정-압류금지채권-필요서류,채무조정 압류금지채권 필요서류,adjust,,압류,서류·증빙 준비,0,,1007
채무조정-압류금지채권-상담,채무조정 압류금지채권 상담,adjust,,압류,상담·서비스 탐색,0,,1008
채무조정-생계비-계좌-압류,채무조정 생계비 계좌 압류,adjust,,압류,압류 대응 및 해제,0,,1009
채무조정-생계비-계좌-압류-대응-방법,채무조정 생계비 계좌 압류 대응 방법,adjust,,압류,방법·절차 확인,0,,1010
채무조정-생계비-계좌-압류-필요서류,채무조정 생계비 계좌 압류 필요서류,adjust,,압류,서류·증빙 준비,0,,1011
채무조정-생계비-계좌-압류-상담,채무조정 생계비 계좌 압류 상담,adjust,,압류,상담·서비스 탐색,0,,1012
채무조정-공동명의-재산-압류,채무조정 공동명의 재산 압류,adjust,,압류,압류 대응 및 해제,0,,1013
채무조정-공동명의-재산-압류-대응-방법,채무조정 공동명의 재산 압류 대응 방법,adjust,,압류,방법·절차 확인,0,,1014
채무조정-공동명의-재산-압류-필요서류,채무조정 공동명의 재산 압류 필요서류,adjust,,압류,서류·증빙 준비,0,,1015
채무조정-공동명의-재산-압류-상담,채무조정 공동명의 재산 압류 상담,adjust,,압류,상담·서비스 탐색,0,,1016
채무조정-압류계좌-잔액,채무조정 압류계좌 잔액,adjust,,압류,압류 대응 및 해제,0,,1017
채무조정-압류계좌-잔액-대응-방법,채무조정 압류계좌 잔액 대응 방법,adjust,,압류,방법·절차 확인,0,,1018
채무조정-압류계좌-잔액-필요서류,채무조정 압류계좌 잔액 필요서류,adjust,,압류,서류·증빙 준비,0,,1019
채무조정-압류계좌-잔액-상담,채무조정 압류계좌 잔액 상담,adjust,,압류,상담·서비스 탐색,0,,1020
채무조정-추심명령,채무조정 추심명령,adjust,,압류,압류 대응 및 해제,0,,1021
채무조정-추심명령-대응-방법,채무조정 추심명령 대응 방법,adjust,,압류,방법·절차 확인,0,,1022
채무조정-추심명령-필요서류,채무조정 추심명령 필요서류,adjust,,압류,서류·증빙 준비,0,,1023
채무조정-추심명령-상담,채무조정 추심명령 상담,adjust,,압류,상담·서비스 탐색,0,,1024
채무조정-전부명령,채무조정 전부명령,adjust,,압류,압류 대응 및 해제,0,,1025
채무조정-전부명령-대응-방법,채무조정 전부명령 대응 방법,adjust,,압류,방법·절차 확인,0,,1026
채무조정-전부명령-필요서류,채무조정 전부명령 필요서류,adjust,,압류,서류·증빙 준비,0,,1027
채무조정-전부명령-상담,채무조정 전부명령 상담,adjust,,압류,상담·서비스 탐색,0,,1028
채무조정-강제경매,채무조정 강제경매,adjust,,압류,압류 대응 및 해제,0,,1029
채무조정-강제경매-대응-방법,채무조정 강제경매 대응 방법,adjust,,압류,방법·절차 확인,0,,1030
채무조정-강제경매-필요서류,채무조정 강제경매 필요서류,adjust,,압류,서류·증빙 준비,0,,1031
채무조정-강제경매-상담,채무조정 강제경매 상담,adjust,,압류,상담·서비스 탐색,0,,1032
채무조정-압류해제-신청,채무조정 압류해제 신청,adjust,,압류,압류 대응 및 해제,0,,1033
채무조정-압류해제-신청-대응-방법,채무조정 압류해제 신청 대응 방법,adjust,,압류,방법·절차 확인,0,,1034
채무조정-압류해제-신청-필요서류,채무조정 압류해제 신청 필요서류,adjust,,압류,서류·증빙 준비,0,,1035
채무조정-압류해제-신청-상담,채무조정 압류해제 신청 상담,adjust,,압류,상담·서비스 탐색,0,,1036
채무조정-압류금지채권-범위변경,채무조정 압류금지채권 범위변경,adjust,,압류,압류 대응 및 해제,0,,1037
채무조정-압류금지채권-범위변경-대응-방법,채무조정 압류금지채권 범위변경 대응 방법,adjust,,압류,방법·절차 확인,0,,1038
채무조정-압류금지채권-범위변경-필요서류,채무조정 압류금지채권 범위변경 필요서류,adjust,,압류,서류·증빙 준비,0,,1039
채무조정-압류금지채권-범위변경-상담,채무조정 압류금지채권 범위변경 상담,adjust,,압류,상담·서비스 탐색,0,,1040
채무조정-전화-독촉,채무조정 전화 독촉,adjust,,추심,독촉 및 추심 대응,0,,1041
채무조정-전화-독촉-대응-방법,채무조정 전화 독촉 대응 방법,adjust,,추심,방법·절차 확인,0,,1042
채무조정-전화-독촉-증거-확보,채무조정 전화 독촉 증거 확보,adjust,,추심,독촉 및 추심 대응,0,,1043
채무조정-전화-독촉-상담,채무조정 전화 독촉 상담,adjust,,추심,상담·서비스 탐색,0,,1044
채무조정-문자-독촉,채무조정 문자 독촉,adjust,,추심,독촉 및 추심 대응,0,,1045
채무조정-문자-독촉-대응-방법,채무조정 문자 독촉 대응 방법,adjust,,추심,방법·절차 확인,0,,1046
채무조정-문자-독촉-증거-확보,채무조정 문자 독촉 증거 확보,adjust,,추심,독촉 및 추심 대응,0,,1047
채무조정-문자-독촉-상담,채무조정 문자 독촉 상담,adjust,,추심,상담·서비스 탐색,0,,1048
채무조정-방문-추심,채무조정 방문 추심,adjust,,추심,독촉 및 추심 대응,0,,1049
채무조정-방문-추심-대응-방법,채무조정 방문 추심 대응 방법,adjust,,추심,방법·절차 확인,0,,1050
채무조정-방문-추심-증거-확보,채무조정 방문 추심 증거 확보,adjust,,추심,독촉 및 추심 대응,0,,1051
채무조정-방문-추심-상담,채무조정 방문 추심 상담,adjust,,추심,상담·서비스 탐색,0,,1052
채무조정-직장-방문-추심,채무조정 직장 방문 추심,adjust,,추심,독촉 및 추심 대응,0,,1053
채무조정-직장-방문-추심-대응-방법,채무조정 직장 방문 추심 대응 방법,adjust,,추심,방법·절차 확인,0,,1054
채무조정-직장-방문-추심-증거-확보,채무조정 직장 방문 추심 증거 확보,adjust,,추심,독촉 및 추심 대응,0,,1055
채무조정-직장-방문-추심-상담,채무조정 직장 방문 추심 상담,adjust,,추심,상담·서비스 탐색,0,,1056
채무조정-가족-연락-추심,채무조정 가족 연락 추심,adjust,,추심,독촉 및 추심 대응,0,,1057
채무조정-가족-연락-추심-대응-방법,채무조정 가족 연락 추심 대응 방법,adjust,,추심,방법·절차 확인,0,,1058
채무조정-가족-연락-추심-증거-확보,채무조정 가족 연락 추심 증거 확보,adjust,,추심,독촉 및 추심 대응,0,,1059
채무조정-가족-연락-추심-상담,채무조정 가족 연락 추심 상담,adjust,,추심,상담·서비스 탐색,0,,1060
채무조정-야간-추심,채무조정 야간 추심,adjust,,추심,독촉 및 추심 대응,0,,1061
채무조정-야간-추심-대응-방법,채무조정 야간 추심 대응 방법,adjust,,추심,방법·절차 확인,0,,1062
채무조정-야간-추심-증거-확보,채무조정 야간 추심 증거 확보,adjust,,추심,독촉 및 추심 대응,0,,1063
채무조정-야간-추심-상담,채무조정 야간 추심 상담,adjust,,추심,상담·서비스 탐색,0,,1064
채무조정-반복-추심,채무조정 반복 추심,adjust,,추심,독촉 및 추심 대응,0,,1065
채무조정-반복-추심-대응-방법,채무조정 반복 추심 대응 방법,adjust,,추심,방법·절차 확인,0,,1066
채무조정-반복-추심-증거-확보,채무조정 반복 추심 증거 확보,adjust,,추심,독촉 및 추심 대응,0,,1067
채무조정-반복-추심-상담,채무조정 반복 추심 상담,adjust,,추심,상담·서비스 탐색,0,,1068
채무조정-불법추심,채무조정 불법추심,adjust,,추심,독촉 및 추심 대응,0,,1069
채무조정-불법추심-대응-방법,채무조정 불법추심 대응 방법,adjust,,추심,방법·절차 확인,0,,1070
채무조정-불법추심-증거-확보,채무조정 불법추심 증거 확보,adjust,,추심,독촉 및 추심 대응,0,,1071
채무조정-불법추심-상담,채무조정 불법추심 상담,adjust,,추심,상담·서비스 탐색,0,,1072
채무조정-채권추심-우편,채무조정 채권추심 우편,adjust,,추심,독촉 및 추심 대응,0,,1073
채무조정-채권추심-우편-대응-방법,채무조정 채권추심 우편 대응 방법,adjust,,추심,방법·절차 확인,0,,1074
채무조정-채권추심-우편-증거-확보,채무조정 채권추심 우편 증거 확보,adjust,,추심,독촉 및 추심 대응,0,,1075
채무조정-채권추심-우편-상담,채무조정 채권추심 우편 상담,adjust,,추심,상담·서비스 탐색,0,,1076
채무조정-내용증명,채무조정 내용증명,adjust,,추심,독촉 및 추심 대응,0,,1077
채무조정-내용증명-대응-방법,채무조정 내용증명 대응 방법,adjust,,추심,방법·절차 확인,0,,1078
채무조정-내용증명-증거-확보,채무조정 내용증명 증거 확보,adjust,,추심,독촉 및 추심 대응,0,,1079
채무조정-내용증명-상담,채무조정 내용증명 상담,adjust,,추심,상담·서비스 탐색,0,,1080
채무조정-지급명령,채무조정 지급명령,adjust,,추심,독촉 및 추심 대응,0,,1081
채무조정-지급명령-대응-방법,채무조정 지급명령 대응 방법,adjust,,추심,방법·절차 확인,0,,1082
채무조정-지급명령-증거-확보,채무조정 지급명령 증거 확보,adjust,,추심,독촉 및 추심 대응,0,,1083
채무조정-지급명령-상담,채무조정 지급명령 상담,adjust,,추심,상담·서비스 탐색,0,,1084
채무조정-대여금-소송,채무조정 대여금 소송,adjust,,추심,독촉 및 추심 대응,0,,1085
채무조정-대여금-소송-대응-방법,채무조정 대여금 소송 대응 방법,adjust,,추심,방법·절차 확인,0,,1086
채무조정-대여금-소송-증거-확보,채무조정 대여금 소송 증거 확보,adjust,,추심,독촉 및 추심 대응,0,,1087
채무조정-대여금-소송-상담,채무조정 대여금 소송 상담,adjust,,추심,상담·서비스 탐색,0,,1088
채무조정-카드대금-소송,채무조정 카드대금 소송,adjust,,추심,독촉 및 추심 대응,0,,1089
채무조정-카드대금-소송-대응-방법,채무조정 카드대금 소송 대응 방법,adjust,,추심,방법·절차 확인,0,,1090
채무조정-카드대금-소송-증거-확보,채무조정 카드대금 소송 증거 확보,adjust,,추심,독촉 및 추심 대응,0,,1091
채무조정-카드대금-소송-상담,채무조정 카드대금 소송 상담,adjust,,추심,상담·서비스 탐색,0,,1092
채무조정-대부업체-추심,채무조정 대부업체 추심,adjust,,추심,독촉 및 추심 대응,0,,1093
채무조정-대부업체-추심-대응-방법,채무조정 대부업체 추심 대응 방법,adjust,,추심,방법·절차 확인,0,,1094
채무조정-대부업체-추심-증거-확보,채무조정 대부업체 추심 증거 확보,adjust,,추심,독촉 및 추심 대응,0,,1095
채무조정-대부업체-추심-상담,채무조정 대부업체 추심 상담,adjust,,추심,상담·서비스 탐색,0,,1096
채무조정-추심업체-연락,채무조정 추심업체 연락,adjust,,추심,독촉 및 추심 대응,0,,1097
채무조정-추심업체-연락-대응-방법,채무조정 추심업체 연락 대응 방법,adjust,,추심,방법·절차 확인,0,,1098
채무조정-추심업체-연락-증거-확보,채무조정 추심업체 연락 증거 확보,adjust,,추심,독촉 및 추심 대응,0,,1099
채무조정-추심업체-연락-상담,채무조정 추심업체 연락 상담,adjust,,추심,상담·서비스 탐색,0,,1100
채무조정-채권양도-통지,채무조정 채권양도 통지,adjust,,추심,독촉 및 추심 대응,0,,1101
채무조정-채권양도-통지-대응-방법,채무조정 채권양도 통지 대응 방법,adjust,,추심,방법·절차 확인,0,,1102
채무조정-채권양도-통지-증거-확보,채무조정 채권양도 통지 증거 확보,adjust,,추심,독촉 및 추심 대응,0,,1103
채무조정-채권양도-통지-상담,채무조정 채권양도 통지 상담,adjust,,추심,상담·서비스 탐색,0,,1104
채무조정-보증인-추심,채무조정 보증인 추심,adjust,,추심,독촉 및 추심 대응,0,,1105
채무조정-보증인-추심-대응-방법,채무조정 보증인 추심 대응 방법,adjust,,추심,방법·절차 확인,0,,1106
채무조정-보증인-추심-증거-확보,채무조정 보증인 추심 증거 확보,adjust,,추심,독촉 및 추심 대응,0,,1107
채무조정-보증인-추심-상담,채무조정 보증인 추심 상담,adjust,,추심,상담·서비스 탐색,0,,1108
채무조정-인가-후-추심,채무조정 인가 후 추심,adjust,,추심,독촉 및 추심 대응,1,인가,1109
채무조정-인가-후-추심-대응-방법,채무조정 인가 후 추심 대응 방법,adjust,,추심,방법·절차 확인,1,인가,1110
채무조정-인가-후-추심-증거-확보,채무조정 인가 후 추심 증거 확보,adjust,,추심,독촉 및 추심 대응,1,인가,1111
채무조정-인가-후-추심-상담,채무조정 인가 후 추심 상담,adjust,,추심,상담·서비스 탐색,1,인가,1112
채무조정-접수-후-독촉,채무조정 접수 후 독촉,adjust,,추심,독촉 및 추심 대응,0,,1113
채무조정-접수-후-독촉-대응-방법,채무조정 접수 후 독촉 대응 방법,adjust,,추심,방법·절차 확인,0,,1114
채무조정-접수-후-독촉-증거-확보,채무조정 접수 후 독촉 증거 확보,adjust,,추심,독촉 및 추심 대응,0,,1115
채무조정-접수-후-독촉-상담,채무조정 접수 후 독촉 상담,adjust,,추심,상담·서비스 탐색,0,,1116
채무조정-면책-후-독촉,채무조정 면책 후 독촉,adjust,,추심,독촉 및 추심 대응,0,,1117
채무조정-면책-후-독촉-대응-방법,채무조정 면책 후 독촉 대응 방법,adjust,,추심,방법·절차 확인,0,,1118
채무조정-면책-후-독촉-증거-확보,채무조정 면책 후 독촉 증거 확보,adjust,,추심,독촉 및 추심 대응,0,,1119
채무조정-면책-후-독촉-상담,채무조정 면책 후 독촉 상담,adjust,,추심,상담·서비스 탐색,0,,1120
채무조정-신청-직전-대출,채무조정 신청 직전 대출,adjust,,최근대출,최근 차입 심사 쟁점 확인,0,,1121
채무조정-신청-직전-대출-심사-쟁점,채무조정 신청 직전 대출 심사 쟁점,adjust,,최근대출,최근 차입 심사 쟁점 확인,0,,1122
채무조정-신청-직전-대출-소명자료,채무조정 신청 직전 대출 소명자료,adjust,,최근대출,서류·증빙 준비,0,,1123
채무조정-신청-직전-대출-상담,채무조정 신청 직전 대출 상담,adjust,,최근대출,상담·서비스 탐색,0,,1124
채무조정-1개월-이내-대출,채무조정 1개월 이내 대출,adjust,,최근대출,최근 차입 심사 쟁점 확인,0,,1125
채무조정-1개월-이내-대출-심사-쟁점,채무조정 1개월 이내 대출 심사 쟁점,adjust,,최근대출,최근 차입 심사 쟁점 확인,0,,1126
채무조정-1개월-이내-대출-소명자료,채무조정 1개월 이내 대출 소명자료,adjust,,최근대출,서류·증빙 준비,0,,1127
채무조정-1개월-이내-대출-상담,채무조정 1개월 이내 대출 상담,adjust,,최근대출,상담·서비스 탐색,0,,1128
채무조정-3개월-이내-대출,채무조정 3개월 이내 대출,adjust,,최근대출,최근 차입 심사 쟁점 확인,0,,1129
채무조정-3개월-이내-대출-심사-쟁점,채무조정 3개월 이내 대출 심사 쟁점,adjust,,최근대출,최근 차입 심사 쟁점 확인,0,,1130
채무조정-3개월-이내-대출-소명자료,채무조정 3개월 이내 대출 소명자료,adjust,,최근대출,서류·증빙 준비,0,,1131
채무조정-3개월-이내-대출-상담,채무조정 3개월 이내 대출 상담,adjust,,최근대출,상담·서비스 탐색,0,,1132
채무조정-6개월-이내-대출,채무조정 6개월 이내 대출,adjust,,최근대출,최근 차입 심사 쟁점 확인,0,,1133
채무조정-6개월-이내-대출-심사-쟁점,채무조정 6개월 이내 대출 심사 쟁점,adjust,,최근대출,최근 차입 심사 쟁점 확인,0,,1134
채무조정-6개월-이내-대출-소명자료,채무조정 6개월 이내 대출 소명자료,adjust,,최근대출,서류·증빙 준비,0,,1135
채무조정-6개월-이내-대출-상담,채무조정 6개월 이내 대출 상담,adjust,,최근대출,상담·서비스 탐색,0,,1136
채무조정-1년-이내-대출,채무조정 1년 이내 대출,adjust,,최근대출,최근 차입 심사 쟁점 확인,0,,1137
채무조정-1년-이내-대출-심사-쟁점,채무조정 1년 이내 대출 심사 쟁점,adjust,,최근대출,최근 차입 심사 쟁점 확인,0,,1138
채무조정-1년-이내-대출-소명자료,채무조정 1년 이내 대출 소명자료,adjust,,최근대출,서류·증빙 준비,0,,1139
채무조정-1년-이내-대출-상담,채무조정 1년 이내 대출 상담,adjust,,최근대출,상담·서비스 탐색,0,,1140
채무조정-최근-카드론,채무조정 최근 카드론,adjust,,최근대출,최근 차입 심사 쟁점 확인,0,,1141
채무조정-최근-카드론-심사-쟁점,채무조정 최근 카드론 심사 쟁점,adjust,,최근대출,최근 차입 심사 쟁점 확인,0,,1142
채무조정-최근-카드론-소명자료,채무조정 최근 카드론 소명자료,adjust,,최근대출,서류·증빙 준비,0,,1143
채무조정-최근-카드론-상담,채무조정 최근 카드론 상담,adjust,,최근대출,상담·서비스 탐색,0,,1144
채무조정-최근-현금서비스,채무조정 최근 현금서비스,adjust,,최근대출,최근 차입 심사 쟁점 확인,0,,1145
채무조정-최근-현금서비스-심사-쟁점,채무조정 최근 현금서비스 심사 쟁점,adjust,,최근대출,최근 차입 심사 쟁점 확인,0,,1146
채무조정-최근-현금서비스-소명자료,채무조정 최근 현금서비스 소명자료,adjust,,최근대출,서류·증빙 준비,0,,1147
채무조정-최근-현금서비스-상담,채무조정 최근 현금서비스 상담,adjust,,최근대출,상담·서비스 탐색,0,,1148
채무조정-최근-대부업-대출,채무조정 최근 대부업 대출,adjust,,최근대출,최근 차입 심사 쟁점 확인,0,,1149
채무조정-최근-대부업-대출-심사-쟁점,채무조정 최근 대부업 대출 심사 쟁점,adjust,,최근대출,최근 차입 심사 쟁점 확인,0,,1150
채무조정-최근-대부업-대출-소명자료,채무조정 최근 대부업 대출 소명자료,adjust,,최근대출,서류·증빙 준비,0,,1151
채무조정-최근-대부업-대출-상담,채무조정 최근 대부업 대출 상담,adjust,,최근대출,상담·서비스 탐색,0,,1152
채무조정-최근-생활비-대출,채무조정 최근 생활비 대출,adjust,,최근대출,최근 차입 심사 쟁점 확인,0,,1153
채무조정-최근-생활비-대출-심사-쟁점,채무조정 최근 생활비 대출 심사 쟁점,adjust,,최근대출,최근 차입 심사 쟁점 확인,0,,1154
채무조정-최근-생활비-대출-소명자료,채무조정 최근 생활비 대출 소명자료,adjust,,최근대출,서류·증빙 준비,0,,1155
채무조정-최근-생활비-대출-상담,채무조정 최근 생활비 대출 상담,adjust,,최근대출,상담·서비스 탐색,0,,1156
채무조정-최근-사업자금-대출,채무조정 최근 사업자금 대출,adjust,,최근대출,최근 차입 심사 쟁점 확인,0,,1157
채무조정-최근-사업자금-대출-심사-쟁점,채무조정 최근 사업자금 대출 심사 쟁점,adjust,,최근대출,최근 차입 심사 쟁점 확인,0,,1158
채무조정-최근-사업자금-대출-소명자료,채무조정 최근 사업자금 대출 소명자료,adjust,,최근대출,서류·증빙 준비,0,,1159
채무조정-최근-사업자금-대출-상담,채무조정 최근 사업자금 대출 상담,adjust,,최근대출,상담·서비스 탐색,0,,1160
채무조정-최근-돌려막기,채무조정 최근 돌려막기,adjust,,최근대출,최근 차입 심사 쟁점 확인,0,,1161
채무조정-최근-돌려막기-심사-쟁점,채무조정 최근 돌려막기 심사 쟁점,adjust,,최근대출,최근 차입 심사 쟁점 확인,0,,1162
채무조정-최근-돌려막기-소명자료,채무조정 최근 돌려막기 소명자료,adjust,,최근대출,서류·증빙 준비,0,,1163
채무조정-최근-돌려막기-상담,채무조정 최근 돌려막기 상담,adjust,,최근대출,상담·서비스 탐색,0,,1164
채무조정-최근-대환대출,채무조정 최근 대환대출,adjust,,최근대출,최근 차입 심사 쟁점 확인,0,,1165
채무조정-최근-대환대출-심사-쟁점,채무조정 최근 대환대출 심사 쟁점,adjust,,최근대출,최근 차입 심사 쟁점 확인,0,,1166
채무조정-최근-대환대출-소명자료,채무조정 최근 대환대출 소명자료,adjust,,최근대출,서류·증빙 준비,0,,1167
채무조정-최근-대환대출-상담,채무조정 최근 대환대출 상담,adjust,,최근대출,상담·서비스 탐색,0,,1168
채무조정-최근-가족-송금,채무조정 최근 가족 송금,adjust,,최근대출,최근 차입 심사 쟁점 확인,0,,1169
채무조정-최근-가족-송금-심사-쟁점,채무조정 최근 가족 송금 심사 쟁점,adjust,,최근대출,최근 차입 심사 쟁점 확인,0,,1170
채무조정-최근-가족-송금-소명자료,채무조정 최근 가족 송금 소명자료,adjust,,최근대출,서류·증빙 준비,0,,1171
채무조정-최근-가족-송금-상담,채무조정 최근 가족 송금 상담,adjust,,최근대출,상담·서비스 탐색,0,,1172
채무조정-최근-고액-인출,채무조정 최근 고액 인출,adjust,,최근대출,최근 차입 심사 쟁점 확인,0,,1173
채무조정-최근-고액-인출-심사-쟁점,채무조정 최근 고액 인출 심사 쟁점,adjust,,최근대출,최근 차입 심사 쟁점 확인,0,,1174
채무조정-최근-고액-인출-소명자료,채무조정 최근 고액 인출 소명자료,adjust,,최근대출,서류·증빙 준비,0,,1175
채무조정-최근-고액-인출-상담,채무조정 최근 고액 인출 상담,adjust,,최근대출,상담·서비스 탐색,0,,1176
채무조정-최근-카드-사용,채무조정 최근 카드 사용,adjust,,최근대출,최근 차입 심사 쟁점 확인,0,,1177
채무조정-최근-카드-사용-심사-쟁점,채무조정 최근 카드 사용 심사 쟁점,adjust,,최근대출,최근 차입 심사 쟁점 확인,0,,1178
채무조정-최근-카드-사용-소명자료,채무조정 최근 카드 사용 소명자료,adjust,,최근대출,서류·증빙 준비,0,,1179
채무조정-최근-카드-사용-상담,채무조정 최근 카드 사용 상담,adjust,,최근대출,상담·서비스 탐색,0,,1180
채무조정-최근-할부-구매,채무조정 최근 할부 구매,adjust,,최근대출,최근 차입 심사 쟁점 확인,0,,1181
채무조정-최근-할부-구매-심사-쟁점,채무조정 최근 할부 구매 심사 쟁점,adjust,,최근대출,최근 차입 심사 쟁점 확인,0,,1182
채무조정-최근-할부-구매-소명자료,채무조정 최근 할부 구매 소명자료,adjust,,최근대출,서류·증빙 준비,0,,1183
채무조정-최근-할부-구매-상담,채무조정 최근 할부 구매 상담,adjust,,최근대출,상담·서비스 탐색,0,,1184
채무조정-최근-차량-구입-대출,채무조정 최근 차량 구입 대출,adjust,,최근대출,최근 차입 심사 쟁점 확인,0,,1185
채무조정-최근-차량-구입-대출-심사-쟁점,채무조정 최근 차량 구입 대출 심사 쟁점,adjust,,최근대출,최근 차입 심사 쟁점 확인,0,,1186
채무조정-최근-차량-구입-대출-소명자료,채무조정 최근 차량 구입 대출 소명자료,adjust,,최근대출,서류·증빙 준비,0,,1187
채무조정-최근-차량-구입-대출-상담,채무조정 최근 차량 구입 대출 상담,adjust,,최근대출,상담·서비스 탐색,0,,1188
채무조정-최근-보증금-대출,채무조정 최근 보증금 대출,adjust,,최근대출,최근 차입 심사 쟁점 확인,0,,1189
채무조정-최근-보증금-대출-심사-쟁점,채무조정 최근 보증금 대출 심사 쟁점,adjust,,최근대출,최근 차입 심사 쟁점 확인,0,,1190
채무조정-최근-보증금-대출-소명자료,채무조정 최근 보증금 대출 소명자료,adjust,,최근대출,서류·증빙 준비,0,,1191
채무조정-최근-보증금-대출-상담,채무조정 최근 보증금 대출 상담,adjust,,최근대출,상담·서비스 탐색,0,,1192
채무조정-최근-투자금-대출,채무조정 최근 투자금 대출,adjust,,최근대출,최근 차입 심사 쟁점 확인,0,,1193
채무조정-최근-투자금-대출-심사-쟁점,채무조정 최근 투자금 대출 심사 쟁점,adjust,,최근대출,최근 차입 심사 쟁점 확인,0,,1194
채무조정-최근-투자금-대출-소명자료,채무조정 최근 투자금 대출 소명자료,adjust,,최근대출,서류·증빙 준비,0,,1195
채무조정-최근-투자금-대출-상담,채무조정 최근 투자금 대출 상담,adjust,,최근대출,상담·서비스 탐색,0,,1196
채무조정-최근-병원비-대출,채무조정 최근 병원비 대출,adjust,,최근대출,최근 차입 심사 쟁점 확인,0,,1197
채무조정-최근-병원비-대출-심사-쟁점,채무조정 최근 병원비 대출 심사 쟁점,adjust,,최근대출,최근 차입 심사 쟁점 확인,0,,1198
채무조정-최근-병원비-대출-소명자료,채무조정 최근 병원비 대출 소명자료,adjust,,최근대출,서류·증빙 준비,0,,1199
채무조정-최근-병원비-대출-상담,채무조정 최근 병원비 대출 상담,adjust,,최근대출,상담·서비스 탐색,0,,1200
채무조정-주식빚,채무조정 주식빚,adjust,,주식·코인,투자 손실 채무 검토,0,,1201
채무조정-주식빚-심사-쟁점,채무조정 주식빚 심사 쟁점,adjust,,주식·코인,투자 손실 채무 검토,0,,1202
채무조정-주식빚-소명-방법,채무조정 주식빚 소명 방법,adjust,,주식·코인,서류·증빙 준비,0,,1203
채무조정-주식빚-상담,채무조정 주식빚 상담,adjust,,주식·코인,상담·서비스 탐색,0,,1204
채무조정-코인빚,채무조정 코인빚,adjust,,주식·코인,투자 손실 채무 검토,0,,1205
채무조정-코인빚-심사-쟁점,채무조정 코인빚 심사 쟁점,adjust,,주식·코인,투자 손실 채무 검토,0,,1206
채무조정-코인빚-소명-방법,채무조정 코인빚 소명 방법,adjust,,주식·코인,서류·증빙 준비,0,,1207
채무조정-코인빚-상담,채무조정 코인빚 상담,adjust,,주식·코인,상담·서비스 탐색,0,,1208
채무조정-해외주식-손실,채무조정 해외주식 손실,adjust,,주식·코인,투자 손실 채무 검토,0,,1209
채무조정-해외주식-손실-심사-쟁점,채무조정 해외주식 손실 심사 쟁점,adjust,,주식·코인,투자 손실 채무 검토,0,,1210
채무조정-해외주식-손실-소명-방법,채무조정 해외주식 손실 소명 방법,adjust,,주식·코인,서류·증빙 준비,0,,1211
채무조정-해외주식-손실-상담,채무조정 해외주식 손실 상담,adjust,,주식·코인,상담·서비스 탐색,0,,1212
채무조정-국내주식-손실,채무조정 국내주식 손실,adjust,,주식·코인,투자 손실 채무 검토,0,,1213
채무조정-국내주식-손실-심사-쟁점,채무조정 국내주식 손실 심사 쟁점,adjust,,주식·코인,투자 손실 채무 검토,0,,1214
채무조정-국내주식-손실-소명-방법,채무조정 국내주식 손실 소명 방법,adjust,,주식·코인,서류·증빙 준비,0,,1215
채무조정-국내주식-손실-상담,채무조정 국내주식 손실 상담,adjust,,주식·코인,상담·서비스 탐색,0,,1216
채무조정-주식-미수거래,채무조정 주식 미수거래,adjust,,주식·코인,투자 손실 채무 검토,0,,1217
채무조정-주식-미수거래-심사-쟁점,채무조정 주식 미수거래 심사 쟁점,adjust,,주식·코인,투자 손실 채무 검토,0,,1218
채무조정-주식-미수거래-소명-방법,채무조정 주식 미수거래 소명 방법,adjust,,주식·코인,서류·증빙 준비,0,,1219
채무조정-주식-미수거래-상담,채무조정 주식 미수거래 상담,adjust,,주식·코인,상담·서비스 탐색,0,,1220
채무조정-주식-신용거래,채무조정 주식 신용거래,adjust,,주식·코인,투자 손실 채무 검토,0,,1221
채무조정-주식-신용거래-심사-쟁점,채무조정 주식 신용거래 심사 쟁점,adjust,,주식·코인,투자 손실 채무 검토,0,,1222
채무조정-주식-신용거래-소명-방법,채무조정 주식 신용거래 소명 방법,adjust,,주식·코인,서류·증빙 준비,0,,1223
채무조정-주식-신용거래-상담,채무조정 주식 신용거래 상담,adjust,,주식·코인,상담·서비스 탐색,0,,1224
채무조정-선물거래-손실,채무조정 선물거래 손실,adjust,,주식·코인,투자 손실 채무 검토,0,,1225
채무조정-선물거래-손실-심사-쟁점,채무조정 선물거래 손실 심사 쟁점,adjust,,주식·코인,투자 손실 채무 검토,0,,1226
채무조정-선물거래-손실-소명-방법,채무조정 선물거래 손실 소명 방법,adjust,,주식·코인,서류·증빙 준비,0,,1227
채무조정-선물거래-손실-상담,채무조정 선물거래 손실 상담,adjust,,주식·코인,상담·서비스 탐색,0,,1228
채무조정-옵션거래-손실,채무조정 옵션거래 손실,adjust,,주식·코인,투자 손실 채무 검토,0,,1229
채무조정-옵션거래-손실-심사-쟁점,채무조정 옵션거래 손실 심사 쟁점,adjust,,주식·코인,투자 손실 채무 검토,0,,1230
채무조정-옵션거래-손실-소명-방법,채무조정 옵션거래 손실 소명 방법,adjust,,주식·코인,서류·증빙 준비,0,,1231
채무조정-옵션거래-손실-상담,채무조정 옵션거래 손실 상담,adjust,,주식·코인,상담·서비스 탐색,0,,1232
채무조정-가상자산-선물-손실,채무조정 가상자산 선물 손실,adjust,,주식·코인,투자 손실 채무 검토,0,,1233
채무조정-가상자산-선물-손실-심사-쟁점,채무조정 가상자산 선물 손실 심사 쟁점,adjust,,주식·코인,투자 손실 채무 검토,0,,1234
채무조정-가상자산-선물-손실-소명-방법,채무조정 가상자산 선물 손실 소명 방법,adjust,,주식·코인,서류·증빙 준비,0,,1235
채무조정-가상자산-선물-손실-상담,채무조정 가상자산 선물 손실 상담,adjust,,주식·코인,상담·서비스 탐색,0,,1236
채무조정-레버리지-투자-손실,채무조정 레버리지 투자 손실,adjust,,주식·코인,투자 손실 채무 검토,0,,1237
채무조정-레버리지-투자-손실-심사-쟁점,채무조정 레버리지 투자 손실 심사 쟁점,adjust,,주식·코인,투자 손실 채무 검토,0,,1238
채무조정-레버리지-투자-손실-소명-방법,채무조정 레버리지 투자 손실 소명 방법,adjust,,주식·코인,서류·증빙 준비,0,,1239
채무조정-레버리지-투자-손실-상담,채무조정 레버리지 투자 손실 상담,adjust,,주식·코인,상담·서비스 탐색,0,,1240
채무조정-투자대출,채무조정 투자대출,adjust,,주식·코인,투자 손실 채무 검토,0,,1241
채무조정-투자대출-심사-쟁점,채무조정 투자대출 심사 쟁점,adjust,,주식·코인,투자 손실 채무 검토,0,,1242
채무조정-투자대출-소명-방법,채무조정 투자대출 소명 방법,adjust,,주식·코인,서류·증빙 준비,0,,1243
채무조정-투자대출-상담,채무조정 투자대출 상담,adjust,,주식·코인,상담·서비스 탐색,0,,1244
채무조정-투자사기-피해-채무,채무조정 투자사기 피해 채무,adjust,,주식·코인,투자 손실 채무 검토,0,,1245
채무조정-투자사기-피해-채무-심사-쟁점,채무조정 투자사기 피해 채무 심사 쟁점,adjust,,주식·코인,투자 손실 채무 검토,0,,1246
채무조정-투자사기-피해-채무-소명-방법,채무조정 투자사기 피해 채무 소명 방법,adjust,,주식·코인,서류·증빙 준비,0,,1247
채무조정-투자사기-피해-채무-상담,채무조정 투자사기 피해 채무 상담,adjust,,주식·코인,상담·서비스 탐색,0,,1248
채무조정-비상장주식-손실,채무조정 비상장주식 손실,adjust,,주식·코인,투자 손실 채무 검토,0,,1249
채무조정-비상장주식-손실-심사-쟁점,채무조정 비상장주식 손실 심사 쟁점,adjust,,주식·코인,투자 손실 채무 검토,0,,1250
채무조정-비상장주식-손실-소명-방법,채무조정 비상장주식 손실 소명 방법,adjust,,주식·코인,서류·증빙 준비,0,,1251
채무조정-비상장주식-손실-상담,채무조정 비상장주식 손실 상담,adjust,,주식·코인,상담·서비스 탐색,0,,1252
채무조정-상장폐지-종목-손실,채무조정 상장폐지 종목 손실,adjust,,주식·코인,투자 손실 채무 검토,1,폐지,1253
채무조정-상장폐지-종목-손실-심사-쟁점,채무조정 상장폐지 종목 손실 심사 쟁점,adjust,,주식·코인,투자 손실 채무 검토,1,폐지,1254
채무조정-상장폐지-종목-손실-소명-방법,채무조정 상장폐지 종목 손실 소명 방법,adjust,,주식·코인,서류·증빙 준비,1,폐지,1255
채무조정-상장폐지-종목-손실-상담,채무조정 상장폐지 종목 손실 상담,adjust,,주식·코인,상담·서비스 탐색,1,폐지,1256
채무조정-가상자산-상장폐지-손실,채무조정 가상자산 상장폐지 손실,adjust,,주식·코인,투자 손실 채무 검토,1,폐지,1257
채무조정-가상자산-상장폐지-손실-심사-쟁점,채무조정 가상자산 상장폐지 손실 심사 쟁점,adjust,,주식·코인,투자 손실 채무 검토,1,폐지,1258
채무조정-가상자산-상장폐지-손실-소명-방법,채무조정 가상자산 상장폐지 손실 소명 방법,adjust,,주식·코인,서류·증빙 준비,1,폐지,1259
채무조정-가상자산-상장폐지-손실-상담,채무조정 가상자산 상장폐지 손실 상담,adjust,,주식·코인,상담·서비스 탐색,1,폐지,1260
채무조정-거래소-출금내역,채무조정 거래소 출금내역,adjust,,주식·코인,투자 손실 채무 검토,0,,1261
채무조정-거래소-출금내역-심사-쟁점,채무조정 거래소 출금내역 심사 쟁점,adjust,,주식·코인,투자 손실 채무 검토,0,,1262
채무조정-거래소-출금내역-소명-방법,채무조정 거래소 출금내역 소명 방법,adjust,,주식·코인,서류·증빙 준비,0,,1263
채무조정-거래소-출금내역-상담,채무조정 거래소 출금내역 상담,adjust,,주식·코인,상담·서비스 탐색,0,,1264
채무조정-증권계좌-거래내역,채무조정 증권계좌 거래내역,adjust,,주식·코인,투자 손실 채무 검토,0,,1265
채무조정-증권계좌-거래내역-심사-쟁점,채무조정 증권계좌 거래내역 심사 쟁점,adjust,,주식·코인,투자 손실 채무 검토,0,,1266
채무조정-증권계좌-거래내역-소명-방법,채무조정 증권계좌 거래내역 소명 방법,adjust,,주식·코인,서류·증빙 준비,0,,1267
채무조정-증권계좌-거래내역-상담,채무조정 증권계좌 거래내역 상담,adjust,,주식·코인,상담·서비스 탐색,0,,1268
채무조정-가상자산-거래내역,채무조정 가상자산 거래내역,adjust,,주식·코인,투자 손실 채무 검토,0,,1269
채무조정-가상자산-거래내역-심사-쟁점,채무조정 가상자산 거래내역 심사 쟁점,adjust,,주식·코인,투자 손실 채무 검토,0,,1270
채무조정-가상자산-거래내역-소명-방법,채무조정 가상자산 거래내역 소명 방법,adjust,,주식·코인,서류·증빙 준비,0,,1271
채무조정-가상자산-거래내역-상담,채무조정 가상자산 거래내역 상담,adjust,,주식·코인,상담·서비스 탐색,0,,1272
채무조정-투자금-사용처,채무조정 투자금 사용처,adjust,,주식·코인,투자 손실 채무 검토,0,,1273
채무조정-투자금-사용처-심사-쟁점,채무조정 투자금 사용처 심사 쟁점,adjust,,주식·코인,투자 손실 채무 검토,0,,1274
채무조정-투자금-사용처-소명-방법,채무조정 투자금 사용처 소명 방법,adjust,,주식·코인,서류·증빙 준비,0,,1275
채무조정-투자금-사용처-상담,채무조정 투자금 사용처 상담,adjust,,주식·코인,상담·서비스 탐색,0,,1276
채무조정-투자-손실-진술서,채무조정 투자 손실 진술서,adjust,,주식·코인,투자 손실 채무 검토,0,,1277
채무조정-투자-손실-진술서-심사-쟁점,채무조정 투자 손실 진술서 심사 쟁점,adjust,,주식·코인,투자 손실 채무 검토,0,,1278
채무조정-투자-손실-진술서-소명-방법,채무조정 투자 손실 진술서 소명 방법,adjust,,주식·코인,서류·증빙 준비,0,,1279
채무조정-투자-손실-진술서-상담,채무조정 투자 손실 진술서 상담,adjust,,주식·코인,상담·서비스 탐색,0,,1280
채무조정-직장인,채무조정 직장인,adjust,,직업별,직업별 신청 준비,0,,1281
채무조정-직장인-신청조건,채무조정 직장인 신청조건,adjust,,직업별,직업별 신청 준비,0,,1282
채무조정-직장인-소득증빙,채무조정 직장인 소득증빙,adjust,,직업별,서류·증빙 준비,0,,1283
채무조정-직장인-준비서류,채무조정 직장인 준비서류,adjust,,직업별,서류·증빙 준비,0,,1284
채무조정-자영업자,채무조정 자영업자,adjust,,직업별,직업별 신청 준비,0,,1285
채무조정-자영업자-신청조건,채무조정 자영업자 신청조건,adjust,,직업별,직업별 신청 준비,0,,1286
채무조정-자영업자-소득증빙,채무조정 자영업자 소득증빙,adjust,,직업별,서류·증빙 준비,0,,1287
채무조정-자영업자-준비서류,채무조정 자영업자 준비서류,adjust,,직업별,서류·증빙 준비,0,,1288
채무조정-개인사업자,채무조정 개인사업자,adjust,,직업별,직업별 신청 준비,0,,1289
채무조정-개인사업자-신청조건,채무조정 개인사업자 신청조건,adjust,,직업별,직업별 신청 준비,0,,1290
채무조정-개인사업자-소득증빙,채무조정 개인사업자 소득증빙,adjust,,직업별,서류·증빙 준비,0,,1291
채무조정-개인사업자-준비서류,채무조정 개인사업자 준비서류,adjust,,직업별,서류·증빙 준비,0,,1292
채무조정-프리랜서,채무조정 프리랜서,adjust,,직업별,직업별 신청 준비,0,,1293
채무조정-프리랜서-신청조건,채무조정 프리랜서 신청조건,adjust,,직업별,직업별 신청 준비,0,,1294
채무조정-프리랜서-소득증빙,채무조정 프리랜서 소득증빙,adjust,,직업별,서류·증빙 준비,0,,1295
채무조정-프리랜서-준비서류,채무조정 프리랜서 준비서류,adjust,,직업별,서류·증빙 준비,0,,1296
채무조정-일용직,채무조정 일용직,adjust,,직업별,직업별 신청 준비,0,,1297
채무조정-일용직-신청조건,채무조정 일용직 신청조건,adjust,,직업별,직업별 신청 준비,0,,1298
채무조정-일용직-소득증빙,채무조정 일용직 소득증빙,adjust,,직업별,서류·증빙 준비,0,,1299
채무조정-일용직-준비서류,채무조정 일용직 준비서류,adjust,,직업별,서류·증빙 준비,0,,1300
채무조정-아르바이트생,채무조정 아르바이트생,adjust,,직업별,직업별 신청 준비,0,,1301
채무조정-아르바이트생-신청조건,채무조정 아르바이트생 신청조건,adjust,,직업별,직업별 신청 준비,0,,1302
채무조정-아르바이트생-소득증빙,채무조정 아르바이트생 소득증빙,adjust,,직업별,서류·증빙 준비,0,,1303
채무조정-아르바이트생-준비서류,채무조정 아르바이트생 준비서류,adjust,,직업별,서류·증빙 준비,0,,1304
채무조정-계약직,채무조정 계약직,adjust,,직업별,직업별 신청 준비,0,,1305
채무조정-계약직-신청조건,채무조정 계약직 신청조건,adjust,,직업별,직업별 신청 준비,0,,1306
채무조정-계약직-소득증빙,채무조정 계약직 소득증빙,adjust,,직업별,서류·증빙 준비,0,,1307
채무조정-계약직-준비서류,채무조정 계약직 준비서류,adjust,,직업별,서류·증빙 준비,0,,1308
채무조정-공무원,채무조정 공무원,adjust,,직업별,직업별 신청 준비,0,,1309
채무조정-공무원-신청조건,채무조정 공무원 신청조건,adjust,,직업별,직업별 신청 준비,0,,1310
채무조정-공무원-소득증빙,채무조정 공무원 소득증빙,adjust,,직업별,서류·증빙 준비,0,,1311
채무조정-공무원-준비서류,채무조정 공무원 준비서류,adjust,,직업별,서류·증빙 준비,0,,1312
채무조정-군인,채무조정 군인,adjust,,직업별,직업별 신청 준비,0,,1313
채무조정-군인-신청조건,채무조정 군인 신청조건,adjust,,직업별,직업별 신청 준비,0,,1314
채무조정-군인-소득증빙,채무조정 군인 소득증빙,adjust,,직업별,서류·증빙 준비,0,,1315
채무조정-군인-준비서류,채무조정 군인 준비서류,adjust,,직업별,서류·증빙 준비,0,,1316
채무조정-교사,채무조정 교사,adjust,,직업별,직업별 신청 준비,0,,1317
채무조정-교사-신청조건,채무조정 교사 신청조건,adjust,,직업별,직업별 신청 준비,0,,1318
채무조정-교사-소득증빙,채무조정 교사 소득증빙,adjust,,직업별,서류·증빙 준비,0,,1319
채무조정-교사-준비서류,채무조정 교사 준비서류,adjust,,직업별,서류·증빙 준비,0,,1320
채무조정-간호사,채무조정 간호사,adjust,,직업별,직업별 신청 준비,0,,1321
채무조정-간호사-신청조건,채무조정 간호사 신청조건,adjust,,직업별,직업별 신청 준비,0,,1322
채무조정-간호사-소득증빙,채무조정 간호사 소득증빙,adjust,,직업별,서류·증빙 준비,0,,1323
채무조정-간호사-준비서류,채무조정 간호사 준비서류,adjust,,직업별,서류·증빙 준비,0,,1324
채무조정-택시기사,채무조정 택시기사,adjust,,직업별,직업별 신청 준비,0,,1325
채무조정-택시기사-신청조건,채무조정 택시기사 신청조건,adjust,,직업별,직업별 신청 준비,0,,1326
채무조정-택시기사-소득증빙,채무조정 택시기사 소득증빙,adjust,,직업별,서류·증빙 준비,0,,1327
채무조정-택시기사-준비서류,채무조정 택시기사 준비서류,adjust,,직업별,서류·증빙 준비,0,,1328
채무조정-화물차기사,채무조정 화물차기사,adjust,,직업별,직업별 신청 준비,0,,1329
채무조정-화물차기사-신청조건,채무조정 화물차기사 신청조건,adjust,,직업별,직업별 신청 준비,0,,1330
채무조정-화물차기사-소득증빙,채무조정 화물차기사 소득증빙,adjust,,직업별,서류·증빙 준비,0,,1331
채무조정-화물차기사-준비서류,채무조정 화물차기사 준비서류,adjust,,직업별,서류·증빙 준비,0,,1332
채무조정-배달기사,채무조정 배달기사,adjust,,직업별,직업별 신청 준비,0,,1333
채무조정-배달기사-신청조건,채무조정 배달기사 신청조건,adjust,,직업별,직업별 신청 준비,0,,1334
채무조정-배달기사-소득증빙,채무조정 배달기사 소득증빙,adjust,,직업별,서류·증빙 준비,0,,1335
채무조정-배달기사-준비서류,채무조정 배달기사 준비서류,adjust,,직업별,서류·증빙 준비,0,,1336
채무조정-보험설계사,채무조정 보험설계사,adjust,,직업별,직업별 신청 준비,0,,1337
채무조정-보험설계사-신청조건,채무조정 보험설계사 신청조건,adjust,,직업별,직업별 신청 준비,0,,1338
채무조정-보험설계사-소득증빙,채무조정 보험설계사 소득증빙,adjust,,직업별,서류·증빙 준비,0,,1339
채무조정-보험설계사-준비서류,채무조정 보험설계사 준비서류,adjust,,직업별,서류·증빙 준비,0,,1340
채무조정-학원강사,채무조정 학원강사,adjust,,직업별,직업별 신청 준비,0,,1341
채무조정-학원강사-신청조건,채무조정 학원강사 신청조건,adjust,,직업별,직업별 신청 준비,0,,1342
채무조정-학원강사-소득증빙,채무조정 학원강사 소득증빙,adjust,,직업별,서류·증빙 준비,0,,1343
채무조정-학원강사-준비서류,채무조정 학원강사 준비서류,adjust,,직업별,서류·증빙 준비,0,,1344
채무조정-플랫폼-노동자,채무조정 플랫폼 노동자,adjust,,직업별,직업별 신청 준비,0,,1345
채무조정-플랫폼-노동자-신청조건,채무조정 플랫폼 노동자 신청조건,adjust,,직업별,직업별 신청 준비,0,,1346
채무조정-플랫폼-노동자-소득증빙,채무조정 플랫폼 노동자 소득증빙,adjust,,직업별,서류·증빙 준비,0,,1347
채무조정-플랫폼-노동자-준비서류,채무조정 플랫폼 노동자 준비서류,adjust,,직업별,서류·증빙 준비,0,,1348
채무조정-농업인,채무조정 농업인,adjust,,직업별,직업별 신청 준비,0,,1349
채무조정-농업인-신청조건,채무조정 농업인 신청조건,adjust,,직업별,직업별 신청 준비,0,,1350
채무조정-농업인-소득증빙,채무조정 농업인 소득증빙,adjust,,직업별,서류·증빙 준비,0,,1351
채무조정-농업인-준비서류,채무조정 농업인 준비서류,adjust,,직업별,서류·증빙 준비,0,,1352
채무조정-법인대표,채무조정 법인대표,adjust,,직업별,직업별 신청 준비,0,,1353
채무조정-법인대표-신청조건,채무조정 법인대표 신청조건,adjust,,직업별,직업별 신청 준비,0,,1354
채무조정-법인대표-소득증빙,채무조정 법인대표 소득증빙,adjust,,직업별,서류·증빙 준비,0,,1355
채무조정-법인대표-준비서류,채무조정 법인대표 준비서류,adjust,,직업별,서류·증빙 준비,0,,1356
채무조정-연금생활자,채무조정 연금생활자,adjust,,직업별,직업별 신청 준비,0,,1357
채무조정-연금생활자-신청조건,채무조정 연금생활자 신청조건,adjust,,직업별,직업별 신청 준비,0,,1358
채무조정-연금생활자-소득증빙,채무조정 연금생활자 소득증빙,adjust,,직업별,서류·증빙 준비,0,,1359
채무조정-연금생활자-준비서류,채무조정 연금생활자 준비서류,adjust,,직업별,서류·증빙 준비,0,,1360
채무조정-신청-기각,채무조정 신청 기각,adjust,,기각,기각 원인 및 대응,0,,1361
채무조정-신청-기각-확인사항,채무조정 신청 기각 확인사항,adjust,,기각,기각 원인 및 대응,0,,1362
채무조정-신청-기각-대응-방법,채무조정 신청 기각 대응 방법,adjust,,기각,방법·절차 확인,0,,1363
채무조정-신청-기각-상담,채무조정 신청 기각 상담,adjust,,기각,상담·서비스 탐색,0,,1364
채무조정-서류-미제출-기각,채무조정 서류 미제출 기각,adjust,,기각,기각 원인 및 대응,0,,1365
채무조정-서류-미제출-기각-확인사항,채무조정 서류 미제출 기각 확인사항,adjust,,기각,기각 원인 및 대응,0,,1366
채무조정-서류-미제출-기각-대응-방법,채무조정 서류 미제출 기각 대응 방법,adjust,,기각,방법·절차 확인,0,,1367
채무조정-서류-미제출-기각-상담,채무조정 서류 미제출 기각 상담,adjust,,기각,상담·서비스 탐색,0,,1368
채무조정-보정-불이행-기각,채무조정 보정 불이행 기각,adjust,,기각,기각 원인 및 대응,1,보정,1369
채무조정-보정-불이행-기각-확인사항,채무조정 보정 불이행 기각 확인사항,adjust,,기각,기각 원인 및 대응,1,보정,1370
채무조정-보정-불이행-기각-대응-방법,채무조정 보정 불이행 기각 대응 방법,adjust,,기각,방법·절차 확인,1,보정,1371
채무조정-보정-불이행-기각-상담,채무조정 보정 불이행 기각 상담,adjust,,기각,상담·서비스 탐색,1,보정,1372
채무조정-소득-부족-기각,채무조정 소득 부족 기각,adjust,,기각,기각 원인 및 대응,0,,1373
채무조정-소득-부족-기각-확인사항,채무조정 소득 부족 기각 확인사항,adjust,,기각,기각 원인 및 대응,0,,1374
채무조정-소득-부족-기각-대응-방법,채무조정 소득 부족 기각 대응 방법,adjust,,기각,방법·절차 확인,0,,1375
채무조정-소득-부족-기각-상담,채무조정 소득 부족 기각 상담,adjust,,기각,상담·서비스 탐색,0,,1376
채무조정-재산-누락-기각,채무조정 재산 누락 기각,adjust,,기각,기각 원인 및 대응,0,,1377
채무조정-재산-누락-기각-확인사항,채무조정 재산 누락 기각 확인사항,adjust,,기각,기각 원인 및 대응,0,,1378
채무조정-재산-누락-기각-대응-방법,채무조정 재산 누락 기각 대응 방법,adjust,,기각,방법·절차 확인,0,,1379
채무조정-재산-누락-기각-상담,채무조정 재산 누락 기각 상담,adjust,,기각,상담·서비스 탐색,0,,1380
채무조정-채권-누락-기각,채무조정 채권 누락 기각,adjust,,기각,기각 원인 및 대응,0,,1381
채무조정-채권-누락-기각-확인사항,채무조정 채권 누락 기각 확인사항,adjust,,기각,기각 원인 및 대응,0,,1382
채무조정-채권-누락-기각-대응-방법,채무조정 채권 누락 기각 대응 방법,adjust,,기각,방법·절차 확인,0,,1383
채무조정-채권-누락-기각-상담,채무조정 채권 누락 기각 상담,adjust,,기각,상담·서비스 탐색,0,,1384
채무조정-허위서류-기각,채무조정 허위서류 기각,adjust,,기각,기각 원인 및 대응,0,,1385
채무조정-허위서류-기각-확인사항,채무조정 허위서류 기각 확인사항,adjust,,기각,기각 원인 및 대응,0,,1386
채무조정-허위서류-기각-대응-방법,채무조정 허위서류 기각 대응 방법,adjust,,기각,방법·절차 확인,0,,1387
채무조정-허위서류-기각-상담,채무조정 허위서류 기각 상담,adjust,,기각,상담·서비스 탐색,0,,1388
채무조정-최근대출-관련-기각,채무조정 최근대출 관련 기각,adjust,,기각,기각 원인 및 대응,0,,1389
채무조정-최근대출-관련-기각-확인사항,채무조정 최근대출 관련 기각 확인사항,adjust,,기각,기각 원인 및 대응,0,,1390
채무조정-최근대출-관련-기각-대응-방법,채무조정 최근대출 관련 기각 대응 방법,adjust,,기각,방법·절차 확인,0,,1391
채무조정-최근대출-관련-기각-상담,채무조정 최근대출 관련 기각 상담,adjust,,기각,상담·서비스 탐색,0,,1392
채무조정-불성실-신청-기각,채무조정 불성실 신청 기각,adjust,,기각,기각 원인 및 대응,0,,1393
채무조정-불성실-신청-기각-확인사항,채무조정 불성실 신청 기각 확인사항,adjust,,기각,기각 원인 및 대응,0,,1394
채무조정-불성실-신청-기각-대응-방법,채무조정 불성실 신청 기각 대응 방법,adjust,,기각,방법·절차 확인,0,,1395
채무조정-불성실-신청-기각-상담,채무조정 불성실 신청 기각 상담,adjust,,기각,상담·서비스 탐색,0,,1396
채무조정-비용-미납-기각,채무조정 비용 미납 기각,adjust,,기각,기각 원인 및 대응,0,,1397
채무조정-비용-미납-기각-확인사항,채무조정 비용 미납 기각 확인사항,adjust,,기각,기각 원인 및 대응,0,,1398
채무조정-비용-미납-기각-대응-방법,채무조정 비용 미납 기각 대응 방법,adjust,,기각,방법·절차 확인,0,,1399
채무조정-비용-미납-기각-상담,채무조정 비용 미납 기각 상담,adjust,,기각,상담·서비스 탐색,0,,1400
채무조정-변제계획-관련-기각,채무조정 변제계획 관련 기각,adjust,,기각,기각 원인 및 대응,1,변제계획,1401
채무조정-변제계획-관련-기각-확인사항,채무조정 변제계획 관련 기각 확인사항,adjust,,기각,기각 원인 및 대응,1,변제계획,1402
채무조정-변제계획-관련-기각-대응-방법,채무조정 변제계획 관련 기각 대응 방법,adjust,,기각,방법·절차 확인,1,변제계획,1403
채무조정-변제계획-관련-기각-상담,채무조정 변제계획 관련 기각 상담,adjust,,기각,상담·서비스 탐색,1,변제계획,1404
채무조정-변제수행-가능성-심사,채무조정 변제수행 가능성 심사,adjust,,기각,기각 원인 및 대응,0,,1405
채무조정-변제수행-가능성-심사-확인사항,채무조정 변제수행 가능성 심사 확인사항,adjust,,기각,기각 원인 및 대응,0,,1406
채무조정-변제수행-가능성-심사-대응-방법,채무조정 변제수행 가능성 심사 대응 방법,adjust,,기각,방법·절차 확인,0,,1407
채무조정-변제수행-가능성-심사-상담,채무조정 변제수행 가능성 심사 상담,adjust,,기각,상담·서비스 탐색,0,,1408
채무조정-기각결정문,채무조정 기각결정문,adjust,,기각,기각 원인 및 대응,0,,1409
채무조정-기각결정문-확인사항,채무조정 기각결정문 확인사항,adjust,,기각,기각 원인 및 대응,0,,1410
채무조정-기각결정문-대응-방법,채무조정 기각결정문 대응 방법,adjust,,기각,방법·절차 확인,0,,1411
채무조정-기각결정문-상담,채무조정 기각결정문 상담,adjust,,기각,상담·서비스 탐색,0,,1412
채무조정-기각-후-즉시항고,채무조정 기각 후 즉시항고,adjust,,기각,기각 원인 및 대응,0,,1413
채무조정-기각-후-즉시항고-확인사항,채무조정 기각 후 즉시항고 확인사항,adjust,,기각,기각 원인 및 대응,0,,1414
채무조정-기각-후-즉시항고-대응-방법,채무조정 기각 후 즉시항고 대응 방법,adjust,,기각,방법·절차 확인,0,,1415
채무조정-기각-후-즉시항고-상담,채무조정 기각 후 즉시항고 상담,adjust,,기각,상담·서비스 탐색,0,,1416
채무조정-기각-후-재접수,채무조정 기각 후 재접수,adjust,,기각,기각 원인 및 대응,0,,1417
채무조정-기각-후-재접수-확인사항,채무조정 기각 후 재접수 확인사항,adjust,,기각,기각 원인 및 대응,0,,1418
채무조정-기각-후-재접수-대응-방법,채무조정 기각 후 재접수 대응 방법,adjust,,기각,방법·절차 확인,0,,1419
채무조정-기각-후-재접수-상담,채무조정 기각 후 재접수 상담,adjust,,기각,상담·서비스 탐색,0,,1420
채무조정-기각-후-추심,채무조정 기각 후 추심,adjust,,기각,기각 원인 및 대응,0,,1421
채무조정-기각-후-추심-확인사항,채무조정 기각 후 추심 확인사항,adjust,,기각,기각 원인 및 대응,0,,1422
채무조정-기각-후-추심-대응-방법,채무조정 기각 후 추심 대응 방법,adjust,,기각,방법·절차 확인,0,,1423
채무조정-기각-후-추심-상담,채무조정 기각 후 추심 상담,adjust,,기각,상담·서비스 탐색,0,,1424
채무조정-기각-후-압류,채무조정 기각 후 압류,adjust,,기각,기각 원인 및 대응,0,,1425
채무조정-기각-후-압류-확인사항,채무조정 기각 후 압류 확인사항,adjust,,기각,기각 원인 및 대응,0,,1426
채무조정-기각-후-압류-대응-방법,채무조정 기각 후 압류 대응 방법,adjust,,기각,방법·절차 확인,0,,1427
채무조정-기각-후-압류-상담,채무조정 기각 후 압류 상담,adjust,,기각,상담·서비스 탐색,0,,1428
채무조정-기각-후-납부금,채무조정 기각 후 납부금,adjust,,기각,기각 원인 및 대응,0,,1429
채무조정-기각-후-납부금-확인사항,채무조정 기각 후 납부금 확인사항,adjust,,기각,기각 원인 및 대응,0,,1430
채무조정-기각-후-납부금-대응-방법,채무조정 기각 후 납부금 대응 방법,adjust,,기각,방법·절차 확인,0,,1431
채무조정-기각-후-납부금-상담,채무조정 기각 후 납부금 상담,adjust,,기각,상담·서비스 탐색,0,,1432
채무조정-기각-후-대리인-변경,채무조정 기각 후 대리인 변경,adjust,,기각,기각 원인 및 대응,0,,1433
채무조정-기각-후-대리인-변경-확인사항,채무조정 기각 후 대리인 변경 확인사항,adjust,,기각,기각 원인 및 대응,0,,1434
채무조정-기각-후-대리인-변경-대응-방법,채무조정 기각 후 대리인 변경 대응 방법,adjust,,기각,방법·절차 확인,0,,1435
채무조정-기각-후-대리인-변경-상담,채무조정 기각 후 대리인 변경 상담,adjust,,기각,상담·서비스 탐색,0,,1436
채무조정-기각-이력,채무조정 기각 이력,adjust,,기각,기각 원인 및 대응,0,,1437
채무조정-기각-이력-확인사항,채무조정 기각 이력 확인사항,adjust,,기각,기각 원인 및 대응,0,,1438
채무조정-기각-이력-대응-방법,채무조정 기각 이력 대응 방법,adjust,,기각,방법·절차 확인,0,,1439
채무조정-기각-이력-상담,채무조정 기각 이력 상담,adjust,,기각,상담·서비스 탐색,0,,1440
채무조정-변제금-미납-폐지,채무조정 변제금 미납 폐지,adjust,,폐지,폐지 예방 및 대응,1,폐지,1441
채무조정-변제금-미납-폐지-확인사항,채무조정 변제금 미납 폐지 확인사항,adjust,,폐지,폐지 예방 및 대응,1,폐지,1442
채무조정-변제금-미납-폐지-대응-방법,채무조정 변제금 미납 폐지 대응 방법,adjust,,폐지,방법·절차 확인,1,폐지,1443
채무조정-변제금-미납-폐지-상담,채무조정 변제금 미납 폐지 상담,adjust,,폐지,상담·서비스 탐색,1,폐지,1444
채무조정-인가-전-폐지,채무조정 인가 전 폐지,adjust,,폐지,폐지 예방 및 대응,1,인가;폐지,1445
채무조정-인가-전-폐지-확인사항,채무조정 인가 전 폐지 확인사항,adjust,,폐지,폐지 예방 및 대응,1,인가;폐지,1446
채무조정-인가-전-폐지-대응-방법,채무조정 인가 전 폐지 대응 방법,adjust,,폐지,방법·절차 확인,1,인가;폐지,1447
채무조정-인가-전-폐지-상담,채무조정 인가 전 폐지 상담,adjust,,폐지,상담·서비스 탐색,1,인가;폐지,1448
채무조정-인가-후-폐지,채무조정 인가 후 폐지,adjust,,폐지,폐지 예방 및 대응,1,인가;폐지,1449
채무조정-인가-후-폐지-확인사항,채무조정 인가 후 폐지 확인사항,adjust,,폐지,폐지 예방 및 대응,1,인가;폐지,1450
채무조정-인가-후-폐지-대응-방법,채무조정 인가 후 폐지 대응 방법,adjust,,폐지,방법·절차 확인,1,인가;폐지,1451
채무조정-인가-후-폐지-상담,채무조정 인가 후 폐지 상담,adjust,,폐지,상담·서비스 탐색,1,인가;폐지,1452
채무조정-채권자집회-불참-폐지,채무조정 채권자집회 불참 폐지,adjust,,폐지,폐지 예방 및 대응,1,채권자집회;폐지,1453
채무조정-채권자집회-불참-폐지-확인사항,채무조정 채권자집회 불참 폐지 확인사항,adjust,,폐지,폐지 예방 및 대응,1,채권자집회;폐지,1454
채무조정-채권자집회-불참-폐지-대응-방법,채무조정 채권자집회 불참 폐지 대응 방법,adjust,,폐지,방법·절차 확인,1,채권자집회;폐지,1455
채무조정-채권자집회-불참-폐지-상담,채무조정 채권자집회 불참 폐지 상담,adjust,,폐지,상담·서비스 탐색,1,채권자집회;폐지,1456
채무조정-폐지예정-통지,채무조정 폐지예정 통지,adjust,,폐지,폐지 예방 및 대응,1,폐지,1457
채무조정-폐지예정-통지-확인사항,채무조정 폐지예정 통지 확인사항,adjust,,폐지,폐지 예방 및 대응,1,폐지,1458
채무조정-폐지예정-통지-대응-방법,채무조정 폐지예정 통지 대응 방법,adjust,,폐지,방법·절차 확인,1,폐지,1459
채무조정-폐지예정-통지-상담,채무조정 폐지예정 통지 상담,adjust,,폐지,상담·서비스 탐색,1,폐지,1460
채무조정-폐지결정,채무조정 폐지결정,adjust,,폐지,폐지 예방 및 대응,1,폐지,1461
채무조정-폐지결정-확인사항,채무조정 폐지결정 확인사항,adjust,,폐지,폐지 예방 및 대응,1,폐지,1462
채무조정-폐지결정-대응-방법,채무조정 폐지결정 대응 방법,adjust,,폐지,방법·절차 확인,1,폐지,1463
채무조정-폐지결정-상담,채무조정 폐지결정 상담,adjust,,폐지,상담·서비스 탐색,1,폐지,1464
채무조정-폐지결정-송달,채무조정 폐지결정 송달,adjust,,폐지,폐지 예방 및 대응,1,폐지,1465
채무조정-폐지결정-송달-확인사항,채무조정 폐지결정 송달 확인사항,adjust,,폐지,폐지 예방 및 대응,1,폐지,1466
채무조정-폐지결정-송달-대응-방법,채무조정 폐지결정 송달 대응 방법,adjust,,폐지,방법·절차 확인,1,폐지,1467
채무조정-폐지결정-송달-상담,채무조정 폐지결정 송달 상담,adjust,,폐지,상담·서비스 탐색,1,폐지,1468
채무조정-폐지-후-즉시항고,채무조정 폐지 후 즉시항고,adjust,,폐지,폐지 예방 및 대응,1,폐지,1469
채무조정-폐지-후-즉시항고-확인사항,채무조정 폐지 후 즉시항고 확인사항,adjust,,폐지,폐지 예방 및 대응,1,폐지,1470
채무조정-폐지-후-즉시항고-대응-방법,채무조정 폐지 후 즉시항고 대응 방법,adjust,,폐지,방법·절차 확인,1,폐지,1471
채무조정-폐지-후-즉시항고-상담,채무조정 폐지 후 즉시항고 상담,adjust,,폐지,상담·서비스 탐색,1,폐지,1472
채무조정-폐지-후-미납금-납부,채무조정 폐지 후 미납금 납부,adjust,,폐지,폐지 예방 및 대응,1,폐지,1473
채무조정-폐지-후-미납금-납부-확인사항,채무조정 폐지 후 미납금 납부 확인사항,adjust,,폐지,폐지 예방 및 대응,1,폐지,1474
채무조정-폐지-후-미납금-납부-대응-방법,채무조정 폐지 후 미납금 납부 대응 방법,adjust,,폐지,방법·절차 확인,1,폐지,1475
채무조정-폐지-후-미납금-납부-상담,채무조정 폐지 후 미납금 납부 상담,adjust,,폐지,상담·서비스 탐색,1,폐지,1476
채무조정-폐지-후-채권추심,채무조정 폐지 후 채권추심,adjust,,폐지,폐지 예방 및 대응,1,폐지,1477
채무조정-폐지-후-채권추심-확인사항,채무조정 폐지 후 채권추심 확인사항,adjust,,폐지,폐지 예방 및 대응,1,폐지,1478
채무조정-폐지-후-채권추심-대응-방법,채무조정 폐지 후 채권추심 대응 방법,adjust,,폐지,방법·절차 확인,1,폐지,1479
채무조정-폐지-후-채권추심-상담,채무조정 폐지 후 채권추심 상담,adjust,,폐지,상담·서비스 탐색,1,폐지,1480
채무조정-폐지-후-통장압류,채무조정 폐지 후 통장압류,adjust,,폐지,폐지 예방 및 대응,1,폐지,1481
채무조정-폐지-후-통장압류-확인사항,채무조정 폐지 후 통장압류 확인사항,adjust,,폐지,폐지 예방 및 대응,1,폐지,1482
채무조정-폐지-후-통장압류-대응-방법,채무조정 폐지 후 통장압류 대응 방법,adjust,,폐지,방법·절차 확인,1,폐지,1483
채무조정-폐지-후-통장압류-상담,채무조정 폐지 후 통장압류 상담,adjust,,폐지,상담·서비스 탐색,1,폐지,1484
채무조정-폐지-후-급여압류,채무조정 폐지 후 급여압류,adjust,,폐지,폐지 예방 및 대응,1,폐지,1485
채무조정-폐지-후-급여압류-확인사항,채무조정 폐지 후 급여압류 확인사항,adjust,,폐지,폐지 예방 및 대응,1,폐지,1486
채무조정-폐지-후-급여압류-대응-방법,채무조정 폐지 후 급여압류 대응 방법,adjust,,폐지,방법·절차 확인,1,폐지,1487
채무조정-폐지-후-급여압류-상담,채무조정 폐지 후 급여압류 상담,adjust,,폐지,상담·서비스 탐색,1,폐지,1488
채무조정-폐지-후-이자,채무조정 폐지 후 이자,adjust,,폐지,폐지 예방 및 대응,1,폐지,1489
채무조정-폐지-후-이자-확인사항,채무조정 폐지 후 이자 확인사항,adjust,,폐지,폐지 예방 및 대응,1,폐지,1490
채무조정-폐지-후-이자-대응-방법,채무조정 폐지 후 이자 대응 방법,adjust,,폐지,방법·절차 확인,1,폐지,1491
채무조정-폐지-후-이자-상담,채무조정 폐지 후 이자 상담,adjust,,폐지,상담·서비스 탐색,1,폐지,1492
채무조정-폐지-후-잔여채무,채무조정 폐지 후 잔여채무,adjust,,폐지,폐지 예방 및 대응,1,폐지,1493
채무조정-폐지-후-잔여채무-확인사항,채무조정 폐지 후 잔여채무 확인사항,adjust,,폐지,폐지 예방 및 대응,1,폐지,1494
채무조정-폐지-후-잔여채무-대응-방법,채무조정 폐지 후 잔여채무 대응 방법,adjust,,폐지,방법·절차 확인,1,폐지,1495
채무조정-폐지-후-잔여채무-상담,채무조정 폐지 후 잔여채무 상담,adjust,,폐지,상담·서비스 탐색,1,폐지,1496
채무조정-폐지-후-변제금-환급,채무조정 폐지 후 변제금 환급,adjust,,폐지,폐지 예방 및 대응,1,폐지,1497
채무조정-폐지-후-변제금-환급-확인사항,채무조정 폐지 후 변제금 환급 확인사항,adjust,,폐지,폐지 예방 및 대응,1,폐지,1498
채무조정-폐지-후-변제금-환급-대응-방법,채무조정 폐지 후 변제금 환급 대응 방법,adjust,,폐지,방법·절차 확인,1,폐지,1499
채무조정-폐지-후-변제금-환급-상담,채무조정 폐지 후 변제금 환급 상담,adjust,,폐지,상담·서비스 탐색,1,폐지,1500
채무조정-폐지-후-신용정보,채무조정 폐지 후 신용정보,adjust,,폐지,폐지 예방 및 대응,1,폐지,1501
채무조정-폐지-후-신용정보-확인사항,채무조정 폐지 후 신용정보 확인사항,adjust,,폐지,폐지 예방 및 대응,1,폐지,1502
채무조정-폐지-후-신용정보-대응-방법,채무조정 폐지 후 신용정보 대응 방법,adjust,,폐지,방법·절차 확인,1,폐지,1503
채무조정-폐지-후-신용정보-상담,채무조정 폐지 후 신용정보 상담,adjust,,폐지,상담·서비스 탐색,1,폐지,1504
채무조정-폐지-후-재접수,채무조정 폐지 후 재접수,adjust,,폐지,폐지 예방 및 대응,1,폐지,1505
채무조정-폐지-후-재접수-확인사항,채무조정 폐지 후 재접수 확인사항,adjust,,폐지,폐지 예방 및 대응,1,폐지,1506
채무조정-폐지-후-재접수-대응-방법,채무조정 폐지 후 재접수 대응 방법,adjust,,폐지,방법·절차 확인,1,폐지,1507
채무조정-폐지-후-재접수-상담,채무조정 폐지 후 재접수 상담,adjust,,폐지,상담·서비스 탐색,1,폐지,1508
채무조정-실직에-따른-폐지-위험,채무조정 실직에 따른 폐지 위험,adjust,,폐지,폐지 예방 및 대응,1,폐지,1513
채무조정-실직에-따른-폐지-위험-확인사항,채무조정 실직에 따른 폐지 위험 확인사항,adjust,,폐지,폐지 예방 및 대응,1,폐지,1514
채무조정-실직에-따른-폐지-위험-대응-방법,채무조정 실직에 따른 폐지 위험 대응 방법,adjust,,폐지,방법·절차 확인,1,폐지,1515
채무조정-실직에-따른-폐지-위험-상담,채무조정 실직에 따른 폐지 위험 상담,adjust,,폐지,상담·서비스 탐색,1,폐지,1516
채무조정-폐업에-따른-폐지-위험,채무조정 폐업에 따른 폐지 위험,adjust,,폐지,폐지 예방 및 대응,1,폐지,1517
채무조정-폐업에-따른-폐지-위험-확인사항,채무조정 폐업에 따른 폐지 위험 확인사항,adjust,,폐지,폐지 예방 및 대응,1,폐지,1518
채무조정-폐업에-따른-폐지-위험-대응-방법,채무조정 폐업에 따른 폐지 위험 대응 방법,adjust,,폐지,방법·절차 확인,1,폐지,1519
채무조정-폐업에-따른-폐지-위험-상담,채무조정 폐업에 따른 폐지 위험 상담,adjust,,폐지,상담·서비스 탐색,1,폐지,1520
채무조정-두-번째-신청,채무조정 두 번째 신청,adjust,,재신청,재신청 가능성과 준비,0,,1521
채무조정-두-번째-신청-가능-여부,채무조정 두 번째 신청 가능 여부,adjust,,재신청,재신청 가능성과 준비,0,,1522
채무조정-두-번째-신청-준비서류,채무조정 두 번째 신청 준비서류,adjust,,재신청,서류·증빙 준비,0,,1523
채무조정-두-번째-신청-상담,채무조정 두 번째 신청 상담,adjust,,재신청,상담·서비스 탐색,0,,1524
채무조정-세-번째-신청,채무조정 세 번째 신청,adjust,,재신청,재신청 가능성과 준비,0,,1525
채무조정-세-번째-신청-가능-여부,채무조정 세 번째 신청 가능 여부,adjust,,재신청,재신청 가능성과 준비,0,,1526
채무조정-세-번째-신청-준비서류,채무조정 세 번째 신청 준비서류,adjust,,재신청,서류·증빙 준비,0,,1527
채무조정-세-번째-신청-상담,채무조정 세 번째 신청 상담,adjust,,재신청,상담·서비스 탐색,0,,1528
채무조정-면책-후-재신청,채무조정 면책 후 재신청,adjust,,재신청,재신청 가능성과 준비,1,재신청,1529
채무조정-면책-후-재신청-가능-여부,채무조정 면책 후 재신청 가능 여부,adjust,,재신청,재신청 가능성과 준비,1,재신청,1530
채무조정-면책-후-재신청-준비서류,채무조정 면책 후 재신청 준비서류,adjust,,재신청,서류·증빙 준비,1,재신청,1531
채무조정-면책-후-재신청-상담,채무조정 면책 후 재신청 상담,adjust,,재신청,상담·서비스 탐색,1,재신청,1532
채무조정-기각-후-재신청,채무조정 기각 후 재신청,adjust,,재신청,재신청 가능성과 준비,1,재신청,1533
채무조정-기각-후-재신청-가능-여부,채무조정 기각 후 재신청 가능 여부,adjust,,재신청,재신청 가능성과 준비,1,재신청,1534
채무조정-기각-후-재신청-준비서류,채무조정 기각 후 재신청 준비서류,adjust,,재신청,서류·증빙 준비,1,재신청,1535
채무조정-기각-후-재신청-상담,채무조정 기각 후 재신청 상담,adjust,,재신청,상담·서비스 탐색,1,재신청,1536
채무조정-폐지-후-재신청,채무조정 폐지 후 재신청,adjust,,재신청,재신청 가능성과 준비,1,폐지;재신청,1537
채무조정-폐지-후-재신청-가능-여부,채무조정 폐지 후 재신청 가능 여부,adjust,,재신청,재신청 가능성과 준비,1,폐지;재신청,1538
채무조정-폐지-후-재신청-준비서류,채무조정 폐지 후 재신청 준비서류,adjust,,재신청,서류·증빙 준비,1,폐지;재신청,1539
채무조정-폐지-후-재신청-상담,채무조정 폐지 후 재신청 상담,adjust,,재신청,상담·서비스 탐색,1,폐지;재신청,1540
채무조정-취하-후-재신청,채무조정 취하 후 재신청,adjust,,재신청,재신청 가능성과 준비,1,재신청,1541
채무조정-취하-후-재신청-가능-여부,채무조정 취하 후 재신청 가능 여부,adjust,,재신청,재신청 가능성과 준비,1,재신청,1542
채무조정-취하-후-재신청-준비서류,채무조정 취하 후 재신청 준비서류,adjust,,재신청,서류·증빙 준비,1,재신청,1543
채무조정-취하-후-재신청-상담,채무조정 취하 후 재신청 상담,adjust,,재신청,상담·서비스 탐색,1,재신청,1544
채무조정-미납-후-재신청,채무조정 미납 후 재신청,adjust,,재신청,재신청 가능성과 준비,1,재신청,1545
채무조정-미납-후-재신청-가능-여부,채무조정 미납 후 재신청 가능 여부,adjust,,재신청,재신청 가능성과 준비,1,재신청,1546
채무조정-미납-후-재신청-준비서류,채무조정 미납 후 재신청 준비서류,adjust,,재신청,서류·증빙 준비,1,재신청,1547
채무조정-미납-후-재신청-상담,채무조정 미납 후 재신청 상담,adjust,,재신청,상담·서비스 탐색,1,재신청,1548
채무조정-실직-후-재신청,채무조정 실직 후 재신청,adjust,,재신청,재신청 가능성과 준비,1,재신청,1549
채무조정-실직-후-재신청-가능-여부,채무조정 실직 후 재신청 가능 여부,adjust,,재신청,재신청 가능성과 준비,1,재신청,1550
채무조정-실직-후-재신청-준비서류,채무조정 실직 후 재신청 준비서류,adjust,,재신청,서류·증빙 준비,1,재신청,1551
채무조정-실직-후-재신청-상담,채무조정 실직 후 재신청 상담,adjust,,재신청,상담·서비스 탐색,1,재신청,1552
채무조정-재취업-후-재신청,채무조정 재취업 후 재신청,adjust,,재신청,재신청 가능성과 준비,1,재신청,1553
채무조정-재취업-후-재신청-가능-여부,채무조정 재취업 후 재신청 가능 여부,adjust,,재신청,재신청 가능성과 준비,1,재신청,1554
채무조정-재취업-후-재신청-준비서류,채무조정 재취업 후 재신청 준비서류,adjust,,재신청,서류·증빙 준비,1,재신청,1555
채무조정-재취업-후-재신청-상담,채무조정 재취업 후 재신청 상담,adjust,,재신청,상담·서비스 탐색,1,재신청,1556
채무조정-폐업-후-재신청,채무조정 폐업 후 재신청,adjust,,재신청,재신청 가능성과 준비,1,재신청,1557
채무조정-폐업-후-재신청-가능-여부,채무조정 폐업 후 재신청 가능 여부,adjust,,재신청,재신청 가능성과 준비,1,재신청,1558
채무조정-폐업-후-재신청-준비서류,채무조정 폐업 후 재신청 준비서류,adjust,,재신청,서류·증빙 준비,1,재신청,1559
채무조정-폐업-후-재신청-상담,채무조정 폐업 후 재신청 상담,adjust,,재신청,상담·서비스 탐색,1,재신청,1560
채무조정-채무-증가-후-재신청,채무조정 채무 증가 후 재신청,adjust,,재신청,재신청 가능성과 준비,1,재신청,1561
채무조정-채무-증가-후-재신청-가능-여부,채무조정 채무 증가 후 재신청 가능 여부,adjust,,재신청,재신청 가능성과 준비,1,재신청,1562
채무조정-채무-증가-후-재신청-준비서류,채무조정 채무 증가 후 재신청 준비서류,adjust,,재신청,서류·증빙 준비,1,재신청,1563
채무조정-채무-증가-후-재신청-상담,채무조정 채무 증가 후 재신청 상담,adjust,,재신청,상담·서비스 탐색,1,재신청,1564
채무조정-소득-감소-후-재신청,채무조정 소득 감소 후 재신청,adjust,,재신청,재신청 가능성과 준비,1,재신청,1565
채무조정-소득-감소-후-재신청-가능-여부,채무조정 소득 감소 후 재신청 가능 여부,adjust,,재신청,재신청 가능성과 준비,1,재신청,1566
채무조정-소득-감소-후-재신청-준비서류,채무조정 소득 감소 후 재신청 준비서류,adjust,,재신청,서류·증빙 준비,1,재신청,1567
채무조정-소득-감소-후-재신청-상담,채무조정 소득 감소 후 재신청 상담,adjust,,재신청,상담·서비스 탐색,1,재신청,1568
채무조정-부양가족-증가-후-재신청,채무조정 부양가족 증가 후 재신청,adjust,,재신청,재신청 가능성과 준비,1,재신청,1569
채무조정-부양가족-증가-후-재신청-가능-여부,채무조정 부양가족 증가 후 재신청 가능 여부,adjust,,재신청,재신청 가능성과 준비,1,재신청,1570
채무조정-부양가족-증가-후-재신청-준비서류,채무조정 부양가족 증가 후 재신청 준비서류,adjust,,재신청,서류·증빙 준비,1,재신청,1571
채무조정-부양가족-증가-후-재신청-상담,채무조정 부양가족 증가 후 재신청 상담,adjust,,재신청,상담·서비스 탐색,1,재신청,1572
채무조정-이혼-후-재신청,채무조정 이혼 후 재신청,adjust,,재신청,재신청 가능성과 준비,1,재신청,1573
채무조정-이혼-후-재신청-가능-여부,채무조정 이혼 후 재신청 가능 여부,adjust,,재신청,재신청 가능성과 준비,1,재신청,1574
채무조정-이혼-후-재신청-준비서류,채무조정 이혼 후 재신청 준비서류,adjust,,재신청,서류·증빙 준비,1,재신청,1575
채무조정-이혼-후-재신청-상담,채무조정 이혼 후 재신청 상담,adjust,,재신청,상담·서비스 탐색,1,재신청,1576
채무조정-질병-발생-후-재신청,채무조정 질병 발생 후 재신청,adjust,,재신청,재신청 가능성과 준비,1,재신청,1577
채무조정-질병-발생-후-재신청-가능-여부,채무조정 질병 발생 후 재신청 가능 여부,adjust,,재신청,재신청 가능성과 준비,1,재신청,1578
채무조정-질병-발생-후-재신청-준비서류,채무조정 질병 발생 후 재신청 준비서류,adjust,,재신청,서류·증빙 준비,1,재신청,1579
채무조정-질병-발생-후-재신청-상담,채무조정 질병 발생 후 재신청 상담,adjust,,재신청,상담·서비스 탐색,1,재신청,1580
채무조정-투자-실패-후-재신청,채무조정 투자 실패 후 재신청,adjust,,재신청,재신청 가능성과 준비,1,재신청,1581
채무조정-투자-실패-후-재신청-가능-여부,채무조정 투자 실패 후 재신청 가능 여부,adjust,,재신청,재신청 가능성과 준비,1,재신청,1582
채무조정-투자-실패-후-재신청-준비서류,채무조정 투자 실패 후 재신청 준비서류,adjust,,재신청,서류·증빙 준비,1,재신청,1583
채무조정-투자-실패-후-재신청-상담,채무조정 투자 실패 후 재신청 상담,adjust,,재신청,상담·서비스 탐색,1,재신청,1584
채무조정-사업-재개-후-재신청,채무조정 사업 재개 후 재신청,adjust,,재신청,재신청 가능성과 준비,1,재신청,1585
채무조정-사업-재개-후-재신청-가능-여부,채무조정 사업 재개 후 재신청 가능 여부,adjust,,재신청,재신청 가능성과 준비,1,재신청,1586
채무조정-사업-재개-후-재신청-준비서류,채무조정 사업 재개 후 재신청 준비서류,adjust,,재신청,서류·증빙 준비,1,재신청,1587
채무조정-사업-재개-후-재신청-상담,채무조정 사업 재개 후 재신청 상담,adjust,,재신청,상담·서비스 탐색,1,재신청,1588
채무조정-대리인-변경-후-재신청,채무조정 대리인 변경 후 재신청,adjust,,재신청,재신청 가능성과 준비,1,재신청,1589
채무조정-대리인-변경-후-재신청-가능-여부,채무조정 대리인 변경 후 재신청 가능 여부,adjust,,재신청,재신청 가능성과 준비,1,재신청,1590
채무조정-대리인-변경-후-재신청-준비서류,채무조정 대리인 변경 후 재신청 준비서류,adjust,,재신청,서류·증빙 준비,1,재신청,1591
채무조정-대리인-변경-후-재신청-상담,채무조정 대리인 변경 후 재신청 상담,adjust,,재신청,상담·서비스 탐색,1,재신청,1592
채무조정-관할-변경-후-재신청,채무조정 관할 변경 후 재신청,adjust,,재신청,재신청 가능성과 준비,1,재신청,1593
채무조정-관할-변경-후-재신청-가능-여부,채무조정 관할 변경 후 재신청 가능 여부,adjust,,재신청,재신청 가능성과 준비,1,재신청,1594
채무조정-관할-변경-후-재신청-준비서류,채무조정 관할 변경 후 재신청 준비서류,adjust,,재신청,서류·증빙 준비,1,재신청,1595
채무조정-관할-변경-후-재신청-상담,채무조정 관할 변경 후 재신청 상담,adjust,,재신청,상담·서비스 탐색,1,재신청,1596
채무조정-누락채권-포함-재신청,채무조정 누락채권 포함 재신청,adjust,,재신청,재신청 가능성과 준비,1,재신청,1597
채무조정-누락채권-포함-재신청-가능-여부,채무조정 누락채권 포함 재신청 가능 여부,adjust,,재신청,재신청 가능성과 준비,1,재신청,1598
채무조정-누락채권-포함-재신청-준비서류,채무조정 누락채권 포함 재신청 준비서류,adjust,,재신청,서류·증빙 준비,1,재신청,1599
채무조정-누락채권-포함-재신청-상담,채무조정 누락채권 포함 재신청 상담,adjust,,재신청,상담·서비스 탐색,1,재신청,1600
채무조정-면책결정,채무조정 면책결정,adjust,,면책,면책 신청과 후속 처리,0,,1601
채무조정-면책결정-확인-방법,채무조정 면책결정 확인 방법,adjust,,면책,방법·절차 확인,0,,1602
채무조정-면책결정-처리-절차,채무조정 면책결정 처리 절차,adjust,,면책,방법·절차 확인,0,,1603
채무조정-면책결정-상담,채무조정 면책결정 상담,adjust,,면책,상담·서비스 탐색,0,,1604
채무조정-면책신청서,채무조정 면책신청서,adjust,,면책,면책 신청과 후속 처리,0,,1605
채무조정-면책신청서-확인-방법,채무조정 면책신청서 확인 방법,adjust,,면책,방법·절차 확인,0,,1606
채무조정-면책신청서-처리-절차,채무조정 면책신청서 처리 절차,adjust,,면책,방법·절차 확인,0,,1607
채무조정-면책신청서-상담,채무조정 면책신청서 상담,adjust,,면책,상담·서비스 탐색,0,,1608
채무조정-면책신청-시기,채무조정 면책신청 시기,adjust,,면책,면책 신청과 후속 처리,0,,1609
채무조정-면책신청-시기-확인-방법,채무조정 면책신청 시기 확인 방법,adjust,,면책,방법·절차 확인,0,,1610
채무조정-면책신청-시기-처리-절차,채무조정 면책신청 시기 처리 절차,adjust,,면책,방법·절차 확인,0,,1611
채무조정-면책신청-시기-상담,채무조정 면책신청 시기 상담,adjust,,면책,상담·서비스 탐색,0,,1612
채무조정-변제완료-확인,채무조정 변제완료 확인,adjust,,면책,면책 신청과 후속 처리,0,,1613
채무조정-변제완료-확인-확인-방법,채무조정 변제완료 확인 확인 방법,adjust,,면책,방법·절차 확인,0,,1614
채무조정-변제완료-확인-처리-절차,채무조정 변제완료 확인 처리 절차,adjust,,면책,방법·절차 확인,0,,1615
채무조정-변제완료-확인-상담,채무조정 변제완료 확인 상담,adjust,,면책,상담·서비스 탐색,0,,1616
채무조정-최종-변제금,채무조정 최종 변제금,adjust,,면책,면책 신청과 후속 처리,0,,1617
채무조정-최종-변제금-확인-방법,채무조정 최종 변제금 확인 방법,adjust,,면책,방법·절차 확인,0,,1618
채무조정-최종-변제금-처리-절차,채무조정 최종 변제금 처리 절차,adjust,,면책,방법·절차 확인,0,,1619
채무조정-최종-변제금-상담,채무조정 최종 변제금 상담,adjust,,면책,상담·서비스 탐색,0,,1620
채무조정-미납금-정산,채무조정 미납금 정산,adjust,,면책,면책 신청과 후속 처리,0,,1621
채무조정-미납금-정산-확인-방법,채무조정 미납금 정산 확인 방법,adjust,,면책,방법·절차 확인,0,,1622
채무조정-미납금-정산-처리-절차,채무조정 미납금 정산 처리 절차,adjust,,면책,방법·절차 확인,0,,1623
채무조정-미납금-정산-상담,채무조정 미납금 정산 상담,adjust,,면책,상담·서비스 탐색,0,,1624
채무조정-특별면책,채무조정 특별면책,adjust,,면책,면책 신청과 후속 처리,0,,1625
채무조정-특별면책-확인-방법,채무조정 특별면책 확인 방법,adjust,,면책,방법·절차 확인,0,,1626
채무조정-특별면책-처리-절차,채무조정 특별면책 처리 절차,adjust,,면책,방법·절차 확인,0,,1627
채무조정-특별면책-상담,채무조정 특별면책 상담,adjust,,면책,상담·서비스 탐색,0,,1628
채무조정-면책불허가,채무조정 면책불허가,adjust,,면책,면책 신청과 후속 처리,0,,1629
채무조정-면책불허가-확인-방법,채무조정 면책불허가 확인 방법,adjust,,면책,방법·절차 확인,0,,1630
채무조정-면책불허가-처리-절차,채무조정 면책불허가 처리 절차,adjust,,면책,방법·절차 확인,0,,1631
채무조정-면책불허가-상담,채무조정 면책불허가 상담,adjust,,면책,상담·서비스 탐색,0,,1632
채무조정-면책결정-확정,채무조정 면책결정 확정,adjust,,면책,면책 신청과 후속 처리,0,,1633
채무조정-면책결정-확정-확인-방법,채무조정 면책결정 확정 확인 방법,adjust,,면책,방법·절차 확인,0,,1634
채무조정-면책결정-확정-처리-절차,채무조정 면책결정 확정 처리 절차,adjust,,면책,방법·절차 확인,0,,1635
채무조정-면책결정-확정-상담,채무조정 면책결정 확정 상담,adjust,,면책,상담·서비스 탐색,0,,1636
채무조정-면책결정문-발급,채무조정 면책결정문 발급,adjust,,면책,면책 신청과 후속 처리,0,,1637
채무조정-면책결정문-발급-확인-방법,채무조정 면책결정문 발급 확인 방법,adjust,,면책,방법·절차 확인,0,,1638
채무조정-면책결정문-발급-처리-절차,채무조정 면책결정문 발급 처리 절차,adjust,,면책,방법·절차 확인,0,,1639
채무조정-면책결정문-발급-상담,채무조정 면책결정문 발급 상담,adjust,,면책,상담·서비스 탐색,0,,1640
채무조정-확정증명원-발급,채무조정 확정증명원 발급,adjust,,면책,면책 신청과 후속 처리,0,,1641
채무조정-확정증명원-발급-확인-방법,채무조정 확정증명원 발급 확인 방법,adjust,,면책,방법·절차 확인,0,,1642
채무조정-확정증명원-발급-처리-절차,채무조정 확정증명원 발급 처리 절차,adjust,,면책,방법·절차 확인,0,,1643
채무조정-확정증명원-발급-상담,채무조정 확정증명원 발급 상담,adjust,,면책,상담·서비스 탐색,0,,1644
채무조정-면책-후-누락채권,채무조정 면책 후 누락채권,adjust,,면책,면책 신청과 후속 처리,0,,1645
채무조정-면책-후-누락채권-확인-방법,채무조정 면책 후 누락채권 확인 방법,adjust,,면책,방법·절차 확인,0,,1646
채무조정-면책-후-누락채권-처리-절차,채무조정 면책 후 누락채권 처리 절차,adjust,,면책,방법·절차 확인,0,,1647
채무조정-면책-후-누락채권-상담,채무조정 면책 후 누락채권 상담,adjust,,면책,상담·서비스 탐색,0,,1648
채무조정-면책-후-보증채무,채무조정 면책 후 보증채무,adjust,,면책,면책 신청과 후속 처리,0,,1649
채무조정-면책-후-보증채무-확인-방법,채무조정 면책 후 보증채무 확인 방법,adjust,,면책,방법·절차 확인,0,,1650
채무조정-면책-후-보증채무-처리-절차,채무조정 면책 후 보증채무 처리 절차,adjust,,면책,방법·절차 확인,0,,1651
채무조정-면책-후-보증채무-상담,채무조정 면책 후 보증채무 상담,adjust,,면책,상담·서비스 탐색,0,,1652
채무조정-면책-후-세금,채무조정 면책 후 세금,adjust,,면책,면책 신청과 후속 처리,0,,1653
채무조정-면책-후-세금-확인-방법,채무조정 면책 후 세금 확인 방법,adjust,,면책,방법·절차 확인,0,,1654
채무조정-면책-후-세금-처리-절차,채무조정 면책 후 세금 처리 절차,adjust,,면책,방법·절차 확인,0,,1655
채무조정-면책-후-세금-상담,채무조정 면책 후 세금 상담,adjust,,면책,상담·서비스 탐색,0,,1656
채무조정-면책-후-손해배상채무,채무조정 면책 후 손해배상채무,adjust,,면책,면책 신청과 후속 처리,0,,1657
채무조정-면책-후-손해배상채무-확인-방법,채무조정 면책 후 손해배상채무 확인 방법,adjust,,면책,방법·절차 확인,0,,1658
채무조정-면책-후-손해배상채무-처리-절차,채무조정 면책 후 손해배상채무 처리 절차,adjust,,면책,방법·절차 확인,0,,1659
채무조정-면책-후-손해배상채무-상담,채무조정 면책 후 손해배상채무 상담,adjust,,면책,상담·서비스 탐색,0,,1660
채무조정-면책-후-양육비,채무조정 면책 후 양육비,adjust,,면책,면책 신청과 후속 처리,0,,1661
채무조정-면책-후-양육비-확인-방법,채무조정 면책 후 양육비 확인 방법,adjust,,면책,방법·절차 확인,0,,1662
채무조정-면책-후-양육비-처리-절차,채무조정 면책 후 양육비 처리 절차,adjust,,면책,방법·절차 확인,0,,1663
채무조정-면책-후-양육비-상담,채무조정 면책 후 양육비 상담,adjust,,면책,상담·서비스 탐색,0,,1664
채무조정-면책-후-담보채무,채무조정 면책 후 담보채무,adjust,,면책,면책 신청과 후속 처리,0,,1665
채무조정-면책-후-담보채무-확인-방법,채무조정 면책 후 담보채무 확인 방법,adjust,,면책,방법·절차 확인,0,,1666
채무조정-면책-후-담보채무-처리-절차,채무조정 면책 후 담보채무 처리 절차,adjust,,면책,방법·절차 확인,0,,1667
채무조정-면책-후-담보채무-상담,채무조정 면책 후 담보채무 상담,adjust,,면책,상담·서비스 탐색,0,,1668
채무조정-면책-후-독촉장,채무조정 면책 후 독촉장,adjust,,면책,면책 신청과 후속 처리,0,,1669
채무조정-면책-후-독촉장-확인-방법,채무조정 면책 후 독촉장 확인 방법,adjust,,면책,방법·절차 확인,0,,1670
채무조정-면책-후-독촉장-처리-절차,채무조정 면책 후 독촉장 처리 절차,adjust,,면책,방법·절차 확인,0,,1671
채무조정-면책-후-독촉장-상담,채무조정 면책 후 독촉장 상담,adjust,,면책,상담·서비스 탐색,0,,1672
채무조정-면책-후-압류해제,채무조정 면책 후 압류해제,adjust,,면책,면책 신청과 후속 처리,0,,1673
채무조정-면책-후-압류해제-확인-방법,채무조정 면책 후 압류해제 확인 방법,adjust,,면책,방법·절차 확인,0,,1674
채무조정-면책-후-압류해제-처리-절차,채무조정 면책 후 압류해제 처리 절차,adjust,,면책,방법·절차 확인,0,,1675
채무조정-면책-후-압류해제-상담,채무조정 면책 후 압류해제 상담,adjust,,면책,상담·서비스 탐색,0,,1676
채무조정-면책-후-기록-정리,채무조정 면책 후 기록 정리,adjust,,면책,면책 신청과 후속 처리,0,,1677
채무조정-면책-후-기록-정리-확인-방법,채무조정 면책 후 기록 정리 확인 방법,adjust,,면책,방법·절차 확인,0,,1678
채무조정-면책-후-기록-정리-처리-절차,채무조정 면책 후 기록 정리 처리 절차,adjust,,면책,방법·절차 확인,0,,1679
채무조정-면책-후-기록-정리-상담,채무조정 면책 후 기록 정리 상담,adjust,,면책,상담·서비스 탐색,0,,1680
채무조정-신용점수,채무조정 신용점수,adjust,,신용회복,면책 후 금융생활 확인,0,,1681
채무조정-신용점수-면책-후-확인,채무조정 신용점수 면책 후 확인,adjust,,신용회복,면책 후 금융생활 확인,0,,1682
채무조정-신용점수-제한-여부,채무조정 신용점수 제한 여부,adjust,,신용회복,면책 후 금융생활 확인,0,,1683
채무조정-신용점수-상담,채무조정 신용점수 상담,adjust,,신용회복,상담·서비스 탐색,0,,1684
채무조정-신용등급,채무조정 신용등급,adjust,,신용회복,면책 후 금융생활 확인,0,,1685
채무조정-신용등급-면책-후-확인,채무조정 신용등급 면책 후 확인,adjust,,신용회복,면책 후 금융생활 확인,0,,1686
채무조정-신용등급-제한-여부,채무조정 신용등급 제한 여부,adjust,,신용회복,면책 후 금융생활 확인,0,,1687
채무조정-신용등급-상담,채무조정 신용등급 상담,adjust,,신용회복,상담·서비스 탐색,0,,1688
채무조정-공공정보-삭제,채무조정 공공정보 삭제,adjust,,신용회복,면책 후 금융생활 확인,0,,1689
채무조정-공공정보-삭제-면책-후-확인,채무조정 공공정보 삭제 면책 후 확인,adjust,,신용회복,면책 후 금융생활 확인,0,,1690
채무조정-공공정보-삭제-제한-여부,채무조정 공공정보 삭제 제한 여부,adjust,,신용회복,면책 후 금융생활 확인,0,,1691
채무조정-공공정보-삭제-상담,채무조정 공공정보 삭제 상담,adjust,,신용회복,상담·서비스 탐색,0,,1692
채무조정-연체정보-해제,채무조정 연체정보 해제,adjust,,신용회복,면책 후 금융생활 확인,0,,1693
채무조정-연체정보-해제-면책-후-확인,채무조정 연체정보 해제 면책 후 확인,adjust,,신용회복,면책 후 금융생활 확인,0,,1694
채무조정-연체정보-해제-제한-여부,채무조정 연체정보 해제 제한 여부,adjust,,신용회복,면책 후 금융생활 확인,0,,1695
채무조정-연체정보-해제-상담,채무조정 연체정보 해제 상담,adjust,,신용회복,상담·서비스 탐색,0,,1696
채무조정-신용정보-정정,채무조정 신용정보 정정,adjust,,신용회복,면책 후 금융생활 확인,0,,1697
채무조정-신용정보-정정-면책-후-확인,채무조정 신용정보 정정 면책 후 확인,adjust,,신용회복,면책 후 금융생활 확인,0,,1698
채무조정-신용정보-정정-제한-여부,채무조정 신용정보 정정 제한 여부,adjust,,신용회복,면책 후 금융생활 확인,0,,1699
채무조정-신용정보-정정-상담,채무조정 신용정보 정정 상담,adjust,,신용회복,상담·서비스 탐색,0,,1700
채무조정-금융거래-재개,채무조정 금융거래 재개,adjust,,신용회복,면책 후 금융생활 확인,0,,1701
채무조정-금융거래-재개-면책-후-확인,채무조정 금융거래 재개 면책 후 확인,adjust,,신용회복,면책 후 금융생활 확인,0,,1702
채무조정-금융거래-재개-제한-여부,채무조정 금융거래 재개 제한 여부,adjust,,신용회복,면책 후 금융생활 확인,0,,1703
채무조정-금융거래-재개-상담,채무조정 금융거래 재개 상담,adjust,,신용회복,상담·서비스 탐색,0,,1704
채무조정-체크카드-발급,채무조정 체크카드 발급,adjust,,신용회복,면책 후 금융생활 확인,0,,1705
채무조정-체크카드-발급-면책-후-확인,채무조정 체크카드 발급 면책 후 확인,adjust,,신용회복,면책 후 금융생활 확인,0,,1706
채무조정-체크카드-발급-제한-여부,채무조정 체크카드 발급 제한 여부,adjust,,신용회복,면책 후 금융생활 확인,0,,1707
채무조정-체크카드-발급-상담,채무조정 체크카드 발급 상담,adjust,,신용회복,상담·서비스 탐색,0,,1708
채무조정-신용카드-발급,채무조정 신용카드 발급,adjust,,신용회복,면책 후 금융생활 확인,0,,1709
채무조정-신용카드-발급-면책-후-확인,채무조정 신용카드 발급 면책 후 확인,adjust,,신용회복,면책 후 금융생활 확인,0,,1710
채무조정-신용카드-발급-제한-여부,채무조정 신용카드 발급 제한 여부,adjust,,신용회복,면책 후 금융생활 확인,0,,1711
채무조정-신용카드-발급-상담,채무조정 신용카드 발급 상담,adjust,,신용회복,상담·서비스 탐색,0,,1712
채무조정-통장-신규-개설,채무조정 통장 신규 개설,adjust,,신용회복,면책 후 금융생활 확인,0,,1713
채무조정-통장-신규-개설-면책-후-확인,채무조정 통장 신규 개설 면책 후 확인,adjust,,신용회복,면책 후 금융생활 확인,0,,1714
채무조정-통장-신규-개설-제한-여부,채무조정 통장 신규 개설 제한 여부,adjust,,신용회복,면책 후 금융생활 확인,0,,1715
채무조정-통장-신규-개설-상담,채무조정 통장 신규 개설 상담,adjust,,신용회복,상담·서비스 탐색,0,,1716
채무조정-급여계좌-변경,채무조정 급여계좌 변경,adjust,,신용회복,면책 후 금융생활 확인,0,,1717
채무조정-급여계좌-변경-면책-후-확인,채무조정 급여계좌 변경 면책 후 확인,adjust,,신용회복,면책 후 금융생활 확인,0,,1718
채무조정-급여계좌-변경-제한-여부,채무조정 급여계좌 변경 제한 여부,adjust,,신용회복,면책 후 금융생활 확인,0,,1719
채무조정-급여계좌-변경-상담,채무조정 급여계좌 변경 상담,adjust,,신용회복,상담·서비스 탐색,0,,1720
채무조정-휴대폰-개통,채무조정 휴대폰 개통,adjust,,신용회복,면책 후 금융생활 확인,0,,1721
채무조정-휴대폰-개통-면책-후-확인,채무조정 휴대폰 개통 면책 후 확인,adjust,,신용회복,면책 후 금융생활 확인,0,,1722
채무조정-휴대폰-개통-제한-여부,채무조정 휴대폰 개통 제한 여부,adjust,,신용회복,면책 후 금융생활 확인,0,,1723
채무조정-휴대폰-개통-상담,채무조정 휴대폰 개통 상담,adjust,,신용회복,상담·서비스 탐색,0,,1724
채무조정-통신요금-자동이체,채무조정 통신요금 자동이체,adjust,,신용회복,면책 후 금융생활 확인,0,,1725
채무조정-통신요금-자동이체-면책-후-확인,채무조정 통신요금 자동이체 면책 후 확인,adjust,,신용회복,면책 후 금융생활 확인,0,,1726
채무조정-통신요금-자동이체-제한-여부,채무조정 통신요금 자동이체 제한 여부,adjust,,신용회복,면책 후 금융생활 확인,0,,1727
채무조정-통신요금-자동이체-상담,채무조정 통신요금 자동이체 상담,adjust,,신용회복,상담·서비스 탐색,0,,1728
채무조정-보증보험-가입,채무조정 보증보험 가입,adjust,,신용회복,면책 후 금융생활 확인,0,,1729
채무조정-보증보험-가입-면책-후-확인,채무조정 보증보험 가입 면책 후 확인,adjust,,신용회복,면책 후 금융생활 확인,0,,1730
채무조정-보증보험-가입-제한-여부,채무조정 보증보험 가입 제한 여부,adjust,,신용회복,면책 후 금융생활 확인,0,,1731
채무조정-보증보험-가입-상담,채무조정 보증보험 가입 상담,adjust,,신용회복,상담·서비스 탐색,0,,1732
채무조정-전세대출-심사,채무조정 전세대출 심사,adjust,,신용회복,면책 후 금융생활 확인,0,,1733
채무조정-전세대출-심사-면책-후-확인,채무조정 전세대출 심사 면책 후 확인,adjust,,신용회복,면책 후 금융생활 확인,0,,1734
채무조정-전세대출-심사-제한-여부,채무조정 전세대출 심사 제한 여부,adjust,,신용회복,면책 후 금융생활 확인,0,,1735
채무조정-전세대출-심사-상담,채무조정 전세대출 심사 상담,adjust,,신용회복,상담·서비스 탐색,0,,1736
채무조정-주택담보대출-심사,채무조정 주택담보대출 심사,adjust,,신용회복,면책 후 금융생활 확인,0,,1737
채무조정-주택담보대출-심사-면책-후-확인,채무조정 주택담보대출 심사 면책 후 확인,adjust,,신용회복,면책 후 금융생활 확인,0,,1738
채무조정-주택담보대출-심사-제한-여부,채무조정 주택담보대출 심사 제한 여부,adjust,,신용회복,면책 후 금융생활 확인,0,,1739
채무조정-주택담보대출-심사-상담,채무조정 주택담보대출 심사 상담,adjust,,신용회복,상담·서비스 탐색,0,,1740
채무조정-자동차-할부-심사,채무조정 자동차 할부 심사,adjust,,신용회복,면책 후 금융생활 확인,0,,1741
채무조정-자동차-할부-심사-면책-후-확인,채무조정 자동차 할부 심사 면책 후 확인,adjust,,신용회복,면책 후 금융생활 확인,0,,1742
채무조정-자동차-할부-심사-제한-여부,채무조정 자동차 할부 심사 제한 여부,adjust,,신용회복,면책 후 금융생활 확인,0,,1743
채무조정-자동차-할부-심사-상담,채무조정 자동차 할부 심사 상담,adjust,,신용회복,상담·서비스 탐색,0,,1744
채무조정-소액-신용거래,채무조정 소액 신용거래,adjust,,신용회복,면책 후 금융생활 확인,0,,1745
채무조정-소액-신용거래-면책-후-확인,채무조정 소액 신용거래 면책 후 확인,adjust,,신용회복,면책 후 금융생활 확인,0,,1746
채무조정-소액-신용거래-제한-여부,채무조정 소액 신용거래 제한 여부,adjust,,신용회복,면책 후 금융생활 확인,0,,1747
채무조정-소액-신용거래-상담,채무조정 소액 신용거래 상담,adjust,,신용회복,상담·서비스 탐색,0,,1748
채무조정-은행-거래실적,채무조정 은행 거래실적,adjust,,신용회복,면책 후 금융생활 확인,0,,1749
채무조정-은행-거래실적-면책-후-확인,채무조정 은행 거래실적 면책 후 확인,adjust,,신용회복,면책 후 금융생활 확인,0,,1750
채무조정-은행-거래실적-제한-여부,채무조정 은행 거래실적 제한 여부,adjust,,신용회복,면책 후 금융생활 확인,0,,1751
채무조정-은행-거래실적-상담,채무조정 은행 거래실적 상담,adjust,,신용회복,상담·서비스 탐색,0,,1752
채무조정-신용정보조회,채무조정 신용정보조회,adjust,,신용회복,면책 후 금융생활 확인,0,,1753
채무조정-신용정보조회-면책-후-확인,채무조정 신용정보조회 면책 후 확인,adjust,,신용회복,면책 후 금융생활 확인,0,,1754
채무조정-신용정보조회-제한-여부,채무조정 신용정보조회 제한 여부,adjust,,신용회복,면책 후 금융생활 확인,0,,1755
채무조정-신용정보조회-상담,채무조정 신용정보조회 상담,adjust,,신용회복,상담·서비스 탐색,0,,1756
채무조정-채무완제-확인,채무조정 채무완제 확인,adjust,,신용회복,면책 후 금융생활 확인,0,,1757
채무조정-채무완제-확인-면책-후-확인,채무조정 채무완제 확인 면책 후 확인,adjust,,신용회복,면책 후 금융생활 확인,0,,1758
채무조정-채무완제-확인-제한-여부,채무조정 채무완제 확인 제한 여부,adjust,,신용회복,면책 후 금융생활 확인,0,,1759
채무조정-채무완제-확인-상담,채무조정 채무완제 확인 상담,adjust,,신용회복,상담·서비스 탐색,0,,1760
채무조정-실직-상태,채무조정 실직 상태,adjust,,상황형,개인 상황에 따른 신청 검토,0,,1761
채무조정-실직-상태-신청-가능-여부,채무조정 실직 상태 신청 가능 여부,adjust,,상황형,개인 상황에 따른 신청 검토,0,,1762
채무조정-실직-상태-준비사항,채무조정 실직 상태 준비사항,adjust,,상황형,개인 상황에 따른 신청 검토,0,,1763
채무조정-실직-상태-상담,채무조정 실직 상태 상담,adjust,,상황형,상담·서비스 탐색,0,,1764
채무조정-취업-직후,채무조정 취업 직후,adjust,,상황형,개인 상황에 따른 신청 검토,0,,1765
채무조정-취업-직후-신청-가능-여부,채무조정 취업 직후 신청 가능 여부,adjust,,상황형,개인 상황에 따른 신청 검토,0,,1766
채무조정-취업-직후-준비사항,채무조정 취업 직후 준비사항,adjust,,상황형,개인 상황에 따른 신청 검토,0,,1767
채무조정-취업-직후-상담,채무조정 취업 직후 상담,adjust,,상황형,상담·서비스 탐색,0,,1768
채무조정-이직-준비-중,채무조정 이직 준비 중,adjust,,상황형,개인 상황에 따른 신청 검토,0,,1769
채무조정-이직-준비-중-신청-가능-여부,채무조정 이직 준비 중 신청 가능 여부,adjust,,상황형,개인 상황에 따른 신청 검토,0,,1770
채무조정-이직-준비-중-준비사항,채무조정 이직 준비 중 준비사항,adjust,,상황형,개인 상황에 따른 신청 검토,0,,1771
채무조정-이직-준비-중-상담,채무조정 이직 준비 중 상담,adjust,,상황형,상담·서비스 탐색,0,,1772
채무조정-휴직-중,채무조정 휴직 중,adjust,,상황형,개인 상황에 따른 신청 검토,0,,1773
채무조정-휴직-중-신청-가능-여부,채무조정 휴직 중 신청 가능 여부,adjust,,상황형,개인 상황에 따른 신청 검토,0,,1774
채무조정-휴직-중-준비사항,채무조정 휴직 중 준비사항,adjust,,상황형,개인 상황에 따른 신청 검토,0,,1775
채무조정-휴직-중-상담,채무조정 휴직 중 상담,adjust,,상황형,상담·서비스 탐색,0,,1776
채무조정-육아휴직-중,채무조정 육아휴직 중,adjust,,상황형,개인 상황에 따른 신청 검토,0,,1777
채무조정-육아휴직-중-신청-가능-여부,채무조정 육아휴직 중 신청 가능 여부,adjust,,상황형,개인 상황에 따른 신청 검토,0,,1778
채무조정-육아휴직-중-준비사항,채무조정 육아휴직 중 준비사항,adjust,,상황형,개인 상황에 따른 신청 검토,0,,1779
채무조정-육아휴직-중-상담,채무조정 육아휴직 중 상담,adjust,,상황형,상담·서비스 탐색,0,,1780
채무조정-출산-예정,채무조정 출산 예정,adjust,,상황형,개인 상황에 따른 신청 검토,0,,1781
채무조정-출산-예정-신청-가능-여부,채무조정 출산 예정 신청 가능 여부,adjust,,상황형,개인 상황에 따른 신청 검토,0,,1782
채무조정-출산-예정-준비사항,채무조정 출산 예정 준비사항,adjust,,상황형,개인 상황에 따른 신청 검토,0,,1783
채무조정-출산-예정-상담,채무조정 출산 예정 상담,adjust,,상황형,상담·서비스 탐색,0,,1784
채무조정-이혼-소송-중,채무조정 이혼 소송 중,adjust,,상황형,개인 상황에 따른 신청 검토,0,,1785
채무조정-이혼-소송-중-신청-가능-여부,채무조정 이혼 소송 중 신청 가능 여부,adjust,,상황형,개인 상황에 따른 신청 검토,0,,1786
채무조정-이혼-소송-중-준비사항,채무조정 이혼 소송 중 준비사항,adjust,,상황형,개인 상황에 따른 신청 검토,0,,1787
채무조정-이혼-소송-중-상담,채무조정 이혼 소송 중 상담,adjust,,상황형,상담·서비스 탐색,0,,1788
채무조정-별거-중,채무조정 별거 중,adjust,,상황형,개인 상황에 따른 신청 검토,0,,1789
채무조정-별거-중-신청-가능-여부,채무조정 별거 중 신청 가능 여부,adjust,,상황형,개인 상황에 따른 신청 검토,0,,1790
채무조정-별거-중-준비사항,채무조정 별거 중 준비사항,adjust,,상황형,개인 상황에 따른 신청 검토,0,,1791
채무조정-별거-중-상담,채무조정 별거 중 상담,adjust,,상황형,상담·서비스 탐색,0,,1792
채무조정-재혼-예정,채무조정 재혼 예정,adjust,,상황형,개인 상황에 따른 신청 검토,0,,1793
채무조정-재혼-예정-신청-가능-여부,채무조정 재혼 예정 신청 가능 여부,adjust,,상황형,개인 상황에 따른 신청 검토,0,,1794
채무조정-재혼-예정-준비사항,채무조정 재혼 예정 준비사항,adjust,,상황형,개인 상황에 따른 신청 검토,0,,1795
채무조정-재혼-예정-상담,채무조정 재혼 예정 상담,adjust,,상황형,상담·서비스 탐색,0,,1796
채무조정-가족-몰래-신청,채무조정 가족 몰래 신청,adjust,,상황형,개인 상황에 따른 신청 검토,0,,1797
채무조정-가족-몰래-신청-신청-가능-여부,채무조정 가족 몰래 신청 신청 가능 여부,adjust,,상황형,개인 상황에 따른 신청 검토,0,,1798
채무조정-가족-몰래-신청-준비사항,채무조정 가족 몰래 신청 준비사항,adjust,,상황형,개인 상황에 따른 신청 검토,0,,1799
채무조정-가족-몰래-신청-상담,채무조정 가족 몰래 신청 상담,adjust,,상황형,상담·서비스 탐색,0,,1800
채무조정-회사-몰래-신청,채무조정 회사 몰래 신청,adjust,,상황형,개인 상황에 따른 신청 검토,0,,1801
채무조정-회사-몰래-신청-신청-가능-여부,채무조정 회사 몰래 신청 신청 가능 여부,adjust,,상황형,개인 상황에 따른 신청 검토,0,,1802
채무조정-회사-몰래-신청-준비사항,채무조정 회사 몰래 신청 준비사항,adjust,,상황형,개인 상황에 따른 신청 검토,0,,1803
채무조정-회사-몰래-신청-상담,채무조정 회사 몰래 신청 상담,adjust,,상황형,상담·서비스 탐색,0,,1804
채무조정-사업-폐업-예정,채무조정 사업 폐업 예정,adjust,,상황형,개인 상황에 따른 신청 검토,0,,1805
채무조정-사업-폐업-예정-신청-가능-여부,채무조정 사업 폐업 예정 신청 가능 여부,adjust,,상황형,개인 상황에 따른 신청 검토,0,,1806
채무조정-사업-폐업-예정-준비사항,채무조정 사업 폐업 예정 준비사항,adjust,,상황형,개인 상황에 따른 신청 검토,0,,1807
채무조정-사업-폐업-예정-상담,채무조정 사업 폐업 예정 상담,adjust,,상황형,상담·서비스 탐색,0,,1808
채무조정-사업-계속-운영,채무조정 사업 계속 운영,adjust,,상황형,개인 상황에 따른 신청 검토,0,,1809
채무조정-사업-계속-운영-신청-가능-여부,채무조정 사업 계속 운영 신청 가능 여부,adjust,,상황형,개인 상황에 따른 신청 검토,0,,1810
채무조정-사업-계속-운영-준비사항,채무조정 사업 계속 운영 준비사항,adjust,,상황형,개인 상황에 따른 신청 검토,0,,1811
채무조정-사업-계속-운영-상담,채무조정 사업 계속 운영 상담,adjust,,상황형,상담·서비스 탐색,0,,1812
채무조정-전세-계약-만료,채무조정 전세 계약 만료,adjust,,상황형,개인 상황에 따른 신청 검토,0,,1813
채무조정-전세-계약-만료-신청-가능-여부,채무조정 전세 계약 만료 신청 가능 여부,adjust,,상황형,개인 상황에 따른 신청 검토,0,,1814
채무조정-전세-계약-만료-준비사항,채무조정 전세 계약 만료 준비사항,adjust,,상황형,개인 상황에 따른 신청 검토,0,,1815
채무조정-전세-계약-만료-상담,채무조정 전세 계약 만료 상담,adjust,,상황형,상담·서비스 탐색,0,,1816
채무조정-이사-예정,채무조정 이사 예정,adjust,,상황형,개인 상황에 따른 신청 검토,0,,1817
채무조정-이사-예정-신청-가능-여부,채무조정 이사 예정 신청 가능 여부,adjust,,상황형,개인 상황에 따른 신청 검토,0,,1818
채무조정-이사-예정-준비사항,채무조정 이사 예정 준비사항,adjust,,상황형,개인 상황에 따른 신청 검토,0,,1819
채무조정-이사-예정-상담,채무조정 이사 예정 상담,adjust,,상황형,상담·서비스 탐색,0,,1820
채무조정-해외-출국-예정,채무조정 해외 출국 예정,adjust,,상황형,개인 상황에 따른 신청 검토,0,,1821
채무조정-해외-출국-예정-신청-가능-여부,채무조정 해외 출국 예정 신청 가능 여부,adjust,,상황형,개인 상황에 따른 신청 검토,0,,1822
채무조정-해외-출국-예정-준비사항,채무조정 해외 출국 예정 준비사항,adjust,,상황형,개인 상황에 따른 신청 검토,0,,1823
채무조정-해외-출국-예정-상담,채무조정 해외 출국 예정 상담,adjust,,상황형,상담·서비스 탐색,0,,1824
채무조정-수술-예정,채무조정 수술 예정,adjust,,상황형,개인 상황에 따른 신청 검토,0,,1825
채무조정-수술-예정-신청-가능-여부,채무조정 수술 예정 신청 가능 여부,adjust,,상황형,개인 상황에 따른 신청 검토,0,,1826
채무조정-수술-예정-준비사항,채무조정 수술 예정 준비사항,adjust,,상황형,개인 상황에 따른 신청 검토,0,,1827
채무조정-수술-예정-상담,채무조정 수술 예정 상담,adjust,,상황형,상담·서비스 탐색,0,,1828
채무조정-장기-입원-중,채무조정 장기 입원 중,adjust,,상황형,개인 상황에 따른 신청 검토,0,,1829
채무조정-장기-입원-중-신청-가능-여부,채무조정 장기 입원 중 신청 가능 여부,adjust,,상황형,개인 상황에 따른 신청 검토,0,,1830
채무조정-장기-입원-중-준비사항,채무조정 장기 입원 중 준비사항,adjust,,상황형,개인 상황에 따른 신청 검토,0,,1831
채무조정-장기-입원-중-상담,채무조정 장기 입원 중 상담,adjust,,상황형,상담·서비스 탐색,0,,1832
채무조정-사기-피해-발생,채무조정 사기 피해 발생,adjust,,상황형,개인 상황에 따른 신청 검토,0,,1833
채무조정-사기-피해-발생-신청-가능-여부,채무조정 사기 피해 발생 신청 가능 여부,adjust,,상황형,개인 상황에 따른 신청 검토,0,,1834
채무조정-사기-피해-발생-준비사항,채무조정 사기 피해 발생 준비사항,adjust,,상황형,개인 상황에 따른 신청 검토,0,,1835
채무조정-사기-피해-발생-상담,채무조정 사기 피해 발생 상담,adjust,,상황형,상담·서비스 탐색,0,,1836
채무조정-보이스피싱-피해,채무조정 보이스피싱 피해,adjust,,상황형,개인 상황에 따른 신청 검토,0,,1837
채무조정-보이스피싱-피해-신청-가능-여부,채무조정 보이스피싱 피해 신청 가능 여부,adjust,,상황형,개인 상황에 따른 신청 검토,0,,1838
채무조정-보이스피싱-피해-준비사항,채무조정 보이스피싱 피해 준비사항,adjust,,상황형,개인 상황에 따른 신청 검토,0,,1839
채무조정-보이스피싱-피해-상담,채무조정 보이스피싱 피해 상담,adjust,,상황형,상담·서비스 탐색,0,,1840
채무조정-신청비용,채무조정 신청비용,adjust,,비용·상담,비용 및 대리인 선택,0,,1841
채무조정-신청비용-안내,채무조정 신청비용 안내,adjust,,비용·상담,비용 및 대리인 선택,0,,1842
채무조정-신청비용-확인사항,채무조정 신청비용 확인사항,adjust,,비용·상담,비용 및 대리인 선택,0,,1843
채무조정-신청비용-비교,채무조정 신청비용 비교,adjust,,비용·상담,비교·선택 검토,0,,1844
채무조정-법원-인지대,채무조정 법원 인지대,adjust,,비용·상담,비용 및 대리인 선택,0,,1845
채무조정-법원-인지대-안내,채무조정 법원 인지대 안내,adjust,,비용·상담,비용 및 대리인 선택,0,,1846
채무조정-법원-인지대-확인사항,채무조정 법원 인지대 확인사항,adjust,,비용·상담,비용 및 대리인 선택,0,,1847
채무조정-법원-인지대-비교,채무조정 법원 인지대 비교,adjust,,비용·상담,비교·선택 검토,0,,1848
채무조정-송달료,채무조정 송달료,adjust,,비용·상담,비용 및 대리인 선택,0,,1849
채무조정-송달료-안내,채무조정 송달료 안내,adjust,,비용·상담,비용 및 대리인 선택,0,,1850
채무조정-송달료-확인사항,채무조정 송달료 확인사항,adjust,,비용·상담,비용 및 대리인 선택,0,,1851
채무조정-송달료-비교,채무조정 송달료 비교,adjust,,비용·상담,비교·선택 검토,0,,1852
채무조정-회생위원-보수,채무조정 회생위원 보수,adjust,,비용·상담,비용 및 대리인 선택,1,회생위원,1853
채무조정-회생위원-보수-안내,채무조정 회생위원 보수 안내,adjust,,비용·상담,비용 및 대리인 선택,1,회생위원,1854
채무조정-회생위원-보수-확인사항,채무조정 회생위원 보수 확인사항,adjust,,비용·상담,비용 및 대리인 선택,1,회생위원,1855
채무조정-회생위원-보수-비교,채무조정 회생위원 보수 비교,adjust,,비용·상담,비교·선택 검토,1,회생위원,1856
채무조정-변호사-수임료,채무조정 변호사 수임료,adjust,,비용·상담,비용 및 대리인 선택,0,,1857
채무조정-변호사-수임료-안내,채무조정 변호사 수임료 안내,adjust,,비용·상담,비용 및 대리인 선택,0,,1858
채무조정-변호사-수임료-확인사항,채무조정 변호사 수임료 확인사항,adjust,,비용·상담,비용 및 대리인 선택,0,,1859
채무조정-변호사-수임료-비교,채무조정 변호사 수임료 비교,adjust,,비용·상담,비교·선택 검토,0,,1860
채무조정-법무사-보수,채무조정 법무사 보수,adjust,,비용·상담,비용 및 대리인 선택,0,,1861
채무조정-법무사-보수-안내,채무조정 법무사 보수 안내,adjust,,비용·상담,비용 및 대리인 선택,0,,1862
채무조정-법무사-보수-확인사항,채무조정 법무사 보수 확인사항,adjust,,비용·상담,비용 및 대리인 선택,0,,1863
채무조정-법무사-보수-비교,채무조정 법무사 보수 비교,adjust,,비용·상담,비교·선택 검토,0,,1864
채무조정-부채증명서-발급비,채무조정 부채증명서 발급비,adjust,,비용·상담,비용 및 대리인 선택,0,,1865
채무조정-부채증명서-발급비-안내,채무조정 부채증명서 발급비 안내,adjust,,비용·상담,비용 및 대리인 선택,0,,1866
채무조정-부채증명서-발급비-확인사항,채무조정 부채증명서 발급비 확인사항,adjust,,비용·상담,비용 및 대리인 선택,0,,1867
채무조정-부채증명서-발급비-비교,채무조정 부채증명서 발급비 비교,adjust,,비용·상담,비교·선택 검토,0,,1868
채무조정-추가-보정-비용,채무조정 추가 보정 비용,adjust,,비용·상담,비용 및 대리인 선택,1,보정,1869
채무조정-추가-보정-비용-안내,채무조정 추가 보정 비용 안내,adjust,,비용·상담,비용 및 대리인 선택,1,보정,1870
채무조정-추가-보정-비용-확인사항,채무조정 추가 보정 비용 확인사항,adjust,,비용·상담,비용 및 대리인 선택,1,보정,1871
채무조정-추가-보정-비용-비교,채무조정 추가 보정 비용 비교,adjust,,비용·상담,비교·선택 검토,1,보정,1872
채무조정-재신청-비용,채무조정 재신청 비용,adjust,,비용·상담,비용 및 대리인 선택,1,재신청,1873
채무조정-재신청-비용-안내,채무조정 재신청 비용 안내,adjust,,비용·상담,비용 및 대리인 선택,1,재신청,1874
채무조정-재신청-비용-확인사항,채무조정 재신청 비용 확인사항,adjust,,비용·상담,비용 및 대리인 선택,1,재신청,1875
채무조정-재신청-비용-비교,채무조정 재신청 비용 비교,adjust,,비용·상담,비교·선택 검토,1,재신청,1876
채무조정-항고-비용,채무조정 항고 비용,adjust,,비용·상담,비용 및 대리인 선택,0,,1877
채무조정-항고-비용-안내,채무조정 항고 비용 안내,adjust,,비용·상담,비용 및 대리인 선택,0,,1878
채무조정-항고-비용-확인사항,채무조정 항고 비용 확인사항,adjust,,비용·상담,비용 및 대리인 선택,0,,1879
채무조정-항고-비용-비교,채무조정 항고 비용 비교,adjust,,비용·상담,비교·선택 검토,0,,1880
채무조정-수임료-분납,채무조정 수임료 분납,adjust,,비용·상담,비용 및 대리인 선택,0,,1881
채무조정-수임료-분납-안내,채무조정 수임료 분납 안내,adjust,,비용·상담,비용 및 대리인 선택,0,,1882
채무조정-수임료-분납-확인사항,채무조정 수임료 분납 확인사항,adjust,,비용·상담,비용 및 대리인 선택,0,,1883
채무조정-수임료-분납-비교,채무조정 수임료 분납 비교,adjust,,비용·상담,비교·선택 검토,0,,1884
채무조정-수임료-환불,채무조정 수임료 환불,adjust,,비용·상담,비용 및 대리인 선택,0,,1885
채무조정-수임료-환불-안내,채무조정 수임료 환불 안내,adjust,,비용·상담,비용 및 대리인 선택,0,,1886
채무조정-수임료-환불-확인사항,채무조정 수임료 환불 확인사항,adjust,,비용·상담,비용 및 대리인 선택,0,,1887
채무조정-수임료-환불-비교,채무조정 수임료 환불 비교,adjust,,비용·상담,비교·선택 검토,0,,1888
채무조정-무료상담,채무조정 무료상담,adjust,,비용·상담,비용 및 대리인 선택,0,,1889
채무조정-무료상담-안내,채무조정 무료상담 안내,adjust,,비용·상담,비용 및 대리인 선택,0,,1890
채무조정-무료상담-확인사항,채무조정 무료상담 확인사항,adjust,,비용·상담,비용 및 대리인 선택,0,,1891
채무조정-무료상담-비교,채무조정 무료상담 비교,adjust,,비용·상담,비교·선택 검토,0,,1892
채무조정-방문상담,채무조정 방문상담,adjust,,비용·상담,비용 및 대리인 선택,0,,1893
채무조정-방문상담-안내,채무조정 방문상담 안내,adjust,,비용·상담,비용 및 대리인 선택,0,,1894
채무조정-방문상담-확인사항,채무조정 방문상담 확인사항,adjust,,비용·상담,비용 및 대리인 선택,0,,1895
채무조정-방문상담-비교,채무조정 방문상담 비교,adjust,,비용·상담,비교·선택 검토,0,,1896
채무조정-전화상담,채무조정 전화상담,adjust,,비용·상담,비용 및 대리인 선택,0,,1897
채무조정-전화상담-안내,채무조정 전화상담 안내,adjust,,비용·상담,비용 및 대리인 선택,0,,1898
채무조정-전화상담-확인사항,채무조정 전화상담 확인사항,adjust,,비용·상담,비용 및 대리인 선택,0,,1899
채무조정-전화상담-비교,채무조정 전화상담 비교,adjust,,비용·상담,비교·선택 검토,0,,1900
채무조정-온라인상담,채무조정 온라인상담,adjust,,비용·상담,비용 및 대리인 선택,0,,1901
채무조정-온라인상담-안내,채무조정 온라인상담 안내,adjust,,비용·상담,비용 및 대리인 선택,0,,1902
채무조정-온라인상담-확인사항,채무조정 온라인상담 확인사항,adjust,,비용·상담,비용 및 대리인 선택,0,,1903
채무조정-온라인상담-비교,채무조정 온라인상담 비교,adjust,,비용·상담,비교·선택 검토,0,,1904
채무조정-법률구조-지원,채무조정 법률구조 지원,adjust,,비용·상담,비용 및 대리인 선택,0,,1905
채무조정-법률구조-지원-안내,채무조정 법률구조 지원 안내,adjust,,비용·상담,비용 및 대리인 선택,0,,1906
채무조정-법률구조-지원-확인사항,채무조정 법률구조 지원 확인사항,adjust,,비용·상담,비용 및 대리인 선택,0,,1907
채무조정-법률구조-지원-비교,채무조정 법률구조 지원 비교,adjust,,비용·상담,비교·선택 검토,0,,1908
채무조정-변호사-선임,채무조정 변호사 선임,adjust,,비용·상담,비용 및 대리인 선택,0,,1909
채무조정-변호사-선임-안내,채무조정 변호사 선임 안내,adjust,,비용·상담,비용 및 대리인 선택,0,,1910
채무조정-변호사-선임-확인사항,채무조정 변호사 선임 확인사항,adjust,,비용·상담,비용 및 대리인 선택,0,,1911
채무조정-변호사-선임-비교,채무조정 변호사 선임 비교,adjust,,비용·상담,비교·선택 검토,0,,1912
채무조정-법무사-선임,채무조정 법무사 선임,adjust,,비용·상담,비용 및 대리인 선택,0,,1913
채무조정-법무사-선임-안내,채무조정 법무사 선임 안내,adjust,,비용·상담,비용 및 대리인 선택,0,,1914
채무조정-법무사-선임-확인사항,채무조정 법무사 선임 확인사항,adjust,,비용·상담,비용 및 대리인 선택,0,,1915
채무조정-법무사-선임-비교,채무조정 법무사 선임 비교,adjust,,비용·상담,비교·선택 검토,0,,1916
채무조정-대리인-변경,채무조정 대리인 변경,adjust,,비용·상담,비용 및 대리인 선택,0,,1917
채무조정-대리인-변경-안내,채무조정 대리인 변경 안내,adjust,,비용·상담,비용 및 대리인 선택,0,,1918
채무조정-대리인-변경-확인사항,채무조정 대리인 변경 확인사항,adjust,,비용·상담,비용 및 대리인 선택,0,,1919
채무조정-대리인-변경-비교,채무조정 대리인 변경 비교,adjust,,비용·상담,비교·선택 검토,0,,1920
채무조정-개인파산-차이,채무조정 개인파산 차이,adjust,,제도비교,채무조정 제도 및 대안 비교,0,,1921
채무조정-개인파산-차이-선택-기준,채무조정 개인파산 차이 선택 기준,adjust,,제도비교,비교·선택 검토,0,,1922
채무조정-개인파산-차이-장단점,채무조정 개인파산 차이 장단점,adjust,,제도비교,비교·선택 검토,0,,1923
채무조정-개인파산-차이-상담,채무조정 개인파산 차이 상담,adjust,,제도비교,상담·서비스 탐색,0,,1924
채무조정-워크아웃-차이,채무조정 워크아웃 차이,adjust,,제도비교,채무조정 제도 및 대안 비교,0,,1925
채무조정-워크아웃-차이-선택-기준,채무조정 워크아웃 차이 선택 기준,adjust,,제도비교,비교·선택 검토,0,,1926
채무조정-워크아웃-차이-장단점,채무조정 워크아웃 차이 장단점,adjust,,제도비교,비교·선택 검토,0,,1927
채무조정-워크아웃-차이-상담,채무조정 워크아웃 차이 상담,adjust,,제도비교,상담·서비스 탐색,0,,1928
채무조정-프리워크아웃-차이,채무조정 프리워크아웃 차이,adjust,,제도비교,채무조정 제도 및 대안 비교,0,,1929
채무조정-프리워크아웃-차이-선택-기준,채무조정 프리워크아웃 차이 선택 기준,adjust,,제도비교,비교·선택 검토,0,,1930
채무조정-프리워크아웃-차이-장단점,채무조정 프리워크아웃 차이 장단점,adjust,,제도비교,비교·선택 검토,0,,1931
채무조정-프리워크아웃-차이-상담,채무조정 프리워크아웃 차이 상담,adjust,,제도비교,상담·서비스 탐색,0,,1932
채무조정-신용회복위원회-비교,채무조정 신용회복위원회 비교,adjust,,제도비교,채무조정 제도 및 대안 비교,0,,1937
채무조정-신용회복위원회-비교-선택-기준,채무조정 신용회복위원회 비교 선택 기준,adjust,,제도비교,비교·선택 검토,0,,1938
채무조정-신용회복위원회-비교-장단점,채무조정 신용회복위원회 비교 장단점,adjust,,제도비교,비교·선택 검토,0,,1939
채무조정-신용회복위원회-비교-상담,채무조정 신용회복위원회 비교 상담,adjust,,제도비교,상담·서비스 탐색,0,,1940
채무조정-파산면책-비교,채무조정 파산면책 비교,adjust,,제도비교,채무조정 제도 및 대안 비교,0,,1941
채무조정-파산면책-비교-선택-기준,채무조정 파산면책 비교 선택 기준,adjust,,제도비교,비교·선택 검토,0,,1942
채무조정-파산면책-비교-장단점,채무조정 파산면책 비교 장단점,adjust,,제도비교,비교·선택 검토,0,,1943
채무조정-파산면책-비교-상담,채무조정 파산면책 비교 상담,adjust,,제도비교,상담·서비스 탐색,0,,1944
채무조정-법인회생-차이,채무조정 법인회생 차이,adjust,,제도비교,채무조정 제도 및 대안 비교,0,,1945
채무조정-법인회생-차이-선택-기준,채무조정 법인회생 차이 선택 기준,adjust,,제도비교,비교·선택 검토,0,,1946
채무조정-법인회생-차이-장단점,채무조정 법인회생 차이 장단점,adjust,,제도비교,비교·선택 검토,0,,1947
채무조정-법인회생-차이-상담,채무조정 법인회생 차이 상담,adjust,,제도비교,상담·서비스 탐색,0,,1948
채무조정-일반회생-차이,채무조정 일반회생 차이,adjust,,제도비교,채무조정 제도 및 대안 비교,0,,1949
채무조정-일반회생-차이-선택-기준,채무조정 일반회생 차이 선택 기준,adjust,,제도비교,비교·선택 검토,0,,1950
채무조정-일반회생-차이-장단점,채무조정 일반회생 차이 장단점,adjust,,제도비교,비교·선택 검토,0,,1951
채무조정-일반회생-차이-상담,채무조정 일반회생 차이 상담,adjust,,제도비교,상담·서비스 탐색,0,,1952
채무조정-채무통합대출-비교,채무조정 채무통합대출 비교,adjust,,제도비교,채무조정 제도 및 대안 비교,0,,1953
채무조정-채무통합대출-비교-선택-기준,채무조정 채무통합대출 비교 선택 기준,adjust,,제도비교,비교·선택 검토,0,,1954
채무조정-채무통합대출-비교-장단점,채무조정 채무통합대출 비교 장단점,adjust,,제도비교,비교·선택 검토,0,,1955
채무조정-채무통합대출-비교-상담,채무조정 채무통합대출 비교 상담,adjust,,제도비교,상담·서비스 탐색,0,,1956
채무조정-대환대출-비교,채무조정 대환대출 비교,adjust,,제도비교,채무조정 제도 및 대안 비교,0,,1957
채무조정-대환대출-비교-선택-기준,채무조정 대환대출 비교 선택 기준,adjust,,제도비교,비교·선택 검토,0,,1958
채무조정-대환대출-비교-장단점,채무조정 대환대출 비교 장단점,adjust,,제도비교,비교·선택 검토,0,,1959
채무조정-대환대출-비교-상담,채무조정 대환대출 비교 상담,adjust,,제도비교,상담·서비스 탐색,0,,1960
채무조정-새출발기금-비교,채무조정 새출발기금 비교,adjust,,제도비교,채무조정 제도 및 대안 비교,0,,1961
채무조정-새출발기금-비교-선택-기준,채무조정 새출발기금 비교 선택 기준,adjust,,제도비교,비교·선택 검토,0,,1962
채무조정-새출발기금-비교-장단점,채무조정 새출발기금 비교 장단점,adjust,,제도비교,비교·선택 검토,0,,1963
채무조정-새출발기금-비교-상담,채무조정 새출발기금 비교 상담,adjust,,제도비교,상담·서비스 탐색,0,,1964
채무조정-분할상환-협의-비교,채무조정 분할상환 협의 비교,adjust,,제도비교,채무조정 제도 및 대안 비교,0,,1985
채무조정-분할상환-협의-비교-선택-기준,채무조정 분할상환 협의 비교 선택 기준,adjust,,제도비교,비교·선택 검토,0,,1986
채무조정-분할상환-협의-비교-장단점,채무조정 분할상환 협의 비교 장단점,adjust,,제도비교,비교·선택 검토,0,,1987
채무조정-분할상환-협의-비교-상담,채무조정 분할상환 협의 비교 상담,adjust,,제도비교,상담·서비스 탐색,0,,1988
채무조정-이자-감면-협의-비교,채무조정 이자 감면 협의 비교,adjust,,제도비교,채무조정 제도 및 대안 비교,0,,1989
채무조정-이자-감면-협의-비교-선택-기준,채무조정 이자 감면 협의 비교 선택 기준,adjust,,제도비교,비교·선택 검토,0,,1990
채무조정-이자-감면-협의-비교-장단점,채무조정 이자 감면 협의 비교 장단점,adjust,,제도비교,비교·선택 검토,0,,1991
채무조정-이자-감면-협의-비교-상담,채무조정 이자 감면 협의 비교 상담,adjust,,제도비교,상담·서비스 탐색,0,,1992
채무조정-원금-감면-협의-비교,채무조정 원금 감면 협의 비교,adjust,,제도비교,채무조정 제도 및 대안 비교,0,,1993
채무조정-원금-감면-협의-비교-선택-기준,채무조정 원금 감면 협의 비교 선택 기준,adjust,,제도비교,비교·선택 검토,0,,1994
채무조정-원금-감면-협의-비교-장단점,채무조정 원금 감면 협의 비교 장단점,adjust,,제도비교,비교·선택 검토,0,,1995
채무조정-원금-감면-협의-비교-상담,채무조정 원금 감면 협의 비교 상담,adjust,,제도비교,상담·서비스 탐색,0,,1996
